season,division,date,home,away,home_goals,away_goals,favorite_side,favorite_fair_probability,one_x_two_source,favorite_ah_line,favorite_ah_price,ah_source,ou_line,over_price,under_price,ou_source
1920,F1,2019-08-09,Monaco,Lyon,0,3,A,0.39130729131406133,Bet365,-0.0,1.72,Bet365,2.5,1.9,1.9,Bet365
1920,E0,2019-08-10,Bournemouth,Sheffield United,1,1,H,0.4775071962138203,Bet365,-0.5,2.01,Bet365,2.5,1.9,1.93,Bet365
1920,E0,2019-08-10,Burnley,Southampton,3,0,H,0.35761197845922754,Bet365,0.0,1.92,Bet365,2.5,2.12,1.73,Bet365
1920,E0,2019-08-10,Watford,Brighton,0,3,H,0.49399450459763866,Bet365,-0.5,1.95,Bet365,2.5,2.16,1.71,Bet365
1920,E0,2019-08-10,Tottenham,Aston Villa,3,1,H,0.7359580511141248,Bet365,-1.5,1.97,Bet365,2.5,1.65,2.26,Bet365
1920,F1,2019-08-11,Lille,Nantes,2,1,H,0.48745632219987794,Bet365,-0.5,1.98,Bet365,2.5,2.35,1.58,Bet365
1920,F1,2019-08-11,Strasbourg,Metz,1,1,H,0.46289525419369065,Bet365,-0.5,2.07,Bet365,2.5,2.29,1.61,Bet365
1920,F1,2019-08-11,Paris SG,Nimes,3,0,H,0.8622478290191247,Bet365,-2.5,1.95,Bet365,2.5,1.31,3.4,Bet365
1920,D1,2019-08-16,Bayern Munich,Hertha,2,2,H,0.8098813050877195,Bet365,-2.0,1.8,Bet365,2.5,1.34,3.24,Bet365
1920,F1,2019-08-16,Lyon,Angers,6,0,H,0.6363534800580941,Bet365,-1.0,1.86,Bet365,2.5,1.6,2.34,Bet365
1920,E0,2019-08-17,Arsenal,Burnley,2,1,H,0.7232990481590654,Bet365,-1.5,2.02,Bet365,2.5,1.6,2.34,Bet365
1920,D1,2019-08-17,Dortmund,Augsburg,5,1,H,0.7840241609692713,Bet365,-2.0,2.02,Bet365,2.5,1.43,2.79,Bet365
1920,D1,2019-08-17,Wolfsburg,FC Koln,2,1,H,0.5002035238704425,Bet365,-0.5,1.92,Bet365,2.5,1.67,2.21,Bet365
1920,F1,2019-08-17,Nantes,Marseille,0,0,H,0.3686922702965484,Bet365,0.0,1.84,Bet365,2.5,2.11,1.73,Bet365
1920,E0,2019-08-17,Man City,Tottenham,2,2,H,0.7060174436845078,Bet365,-1.5,2.03,Bet365,2.5,1.52,2.55,Bet365
1920,D1,2019-08-17,MGladbach,Schalke 04,0,0,H,0.4624320007066774,Bet365,-0.5,2.08,Bet365,2.5,1.78,2.04,Bet365
1920,SP1,2019-08-17,Mallorca,Eibar,2,1,A,0.3638692289949376,Bet365,-0.0,1.88,Bet365,2.5,2.34,1.6,Bet365
1920,F1,2019-08-17,Bordeaux,Montpellier,1,1,H,0.35247573211518063,Bet365,0.0,1.88,Bet365,2.5,2.52,1.52,Bet365
1920,F1,2019-08-17,Metz,Monaco,3,0,A,0.3733732115431251,Bet365,-0.0,1.82,Bet365,2.5,2.4,1.56,Bet365
1920,F1,2019-08-17,Toulouse,Dijon,1,0,H,0.47582993593476997,Bet365,-0.5,2.05,Bet365,2.5,2.09,1.75,Bet365
1920,SP1,2019-08-17,Leganes,Osasuna,0,1,H,0.46291226697953336,Bet365,-0.5,2.08,Bet365,2.5,2.59,1.49,Bet365
1920,SP1,2019-08-17,Villarreal,Granada,4,4,H,0.5934080165770899,Bet365,-1.0,2.05,Bet365,2.5,1.84,1.98,Bet365
1920,F1,2019-08-18,St Etienne,Brest,1,1,H,0.583140641724338,Bet365,-1.0,2.05,Bet365,2.5,1.81,2.0,Bet365
1920,F1,2019-08-18,Reims,Strasbourg,0,0,H,0.4665179218220278,Bet365,-0.5,2.08,Bet365,2.5,2.42,1.56,Bet365
1920,F1,2019-08-18,Rennes,Paris SG,2,1,A,0.7003308518054745,Bet365,-1.5,1.99,Bet365,2.5,1.42,2.8,Bet365
1920,SP1,2019-08-18,Ath Madrid,Getafe,1,0,H,0.6492754847703942,Bet365,-1.0,1.88,Bet365,2.5,2.23,1.66,Bet365
1920,SP1,2019-08-23,Granada,Sevilla,0,1,A,0.4918745565093986,Bet365,-0.5,1.94,Bet365,2.5,1.89,1.93,Bet365
1920,SP1,2019-08-23,Levante,Villarreal,2,1,H,0.3681303256163381,Bet365,0.0,1.94,Bet365,2.5,1.7,2.17,Bet365
1920,D1,2019-08-24,Hoffenheim,Werder Bremen,3,2,H,0.5074973972065604,Bet365,-0.5,1.88,Bet365,2.5,1.49,2.62,Bet365
1920,D1,2019-08-24,Mainz,MGladbach,1,3,A,0.38768133174791913,Bet365,-0.0,1.86,Bet365,2.5,1.8,2.03,Bet365
1920,E0,2019-08-24,Man United,Crystal Palace,1,2,H,0.7055936476233391,Bet365,-1.5,2.05,Bet365,2.5,1.76,2.09,Bet365
1920,I1,2019-08-24,Parma,Juventus,0,1,A,0.7240074999288238,Bet365,-1.5,1.99,Bet365,2.5,1.74,2.09,Bet365
1920,SP1,2019-08-24,Real Madrid,Valladolid,1,1,H,0.7901725066224452,Bet365,-2.0,1.96,Bet365,2.5,1.36,3.1,Bet365
1920,F1,2019-08-24,Amiens,Nantes,1,2,H,0.3516105237275633,Bet365,0.0,1.89,Bet365,2.5,2.66,1.47,Bet365
1920,F1,2019-08-24,Brest,Reims,1,0,H,0.3555869178376388,Bet365,0.0,1.9,Bet365,2.5,2.38,1.58,Bet365
1920,F1,2019-08-24,Dijon,Bordeaux,0,2,H,0.359847930984062,Bet365,0.0,1.92,Bet365,2.5,2.24,1.65,Bet365
1920,SP1,2019-08-24,Getafe,Ath Bilbao,1,1,H,0.3648707840560666,Bet365,0.0,1.79,Bet365,2.5,2.84,1.42,Bet365
1920,F1,2019-08-25,Monaco,Nimes,2,2,H,0.5868913168238568,Bet365,-1.0,2.02,Bet365,2.5,1.84,1.97,Bet365
1920,E0,2019-08-25,Bournemouth,Man City,1,3,A,0.8029436161388435,Bet365,-2.0,1.87,Bet365,2.5,1.37,3.08,Bet365
1920,D1,2019-08-25,RB Leipzig,Ein Frankfurt,2,1,H,0.6378816848126331,Bet365,-1.0,1.83,Bet365,2.5,1.5,2.59,Bet365
1920,SP1,2019-08-25,Alaves,Espanol,0,0,H,0.3786533881792596,Bet365,0.0,1.79,Bet365,2.5,2.47,1.55,Bet365
1920,F1,2019-08-25,Strasbourg,Rennes,0,2,H,0.3556860359238405,Bet365,0.0,1.9,Bet365,2.5,2.31,1.62,Bet365
1920,E0,2019-08-25,Wolves,Burnley,1,1,H,0.5191062535025757,Bet365,-0.5,1.86,Bet365,2.5,2.29,1.63,Bet365
1920,SP1,2019-08-25,Leganes,Ath Madrid,0,1,A,0.5264341470798106,Bet365,-0.5,1.82,Bet365,2.5,2.54,1.52,Bet365
1920,I1,2019-08-25,Roma,Genoa,3,3,H,0.6398380863667272,Bet365,-1.0,1.86,Bet365,2.5,1.75,2.08,Bet365
1920,I1,2019-08-25,Torino,Sassuolo,2,1,H,0.5040976142779093,Bet365,-0.5,1.93,Bet365,2.5,1.99,1.82,Bet365
1920,SP1,2019-08-30,Sevilla,Celta,1,1,H,0.617565949112798,Bet365,-1.0,1.97,Bet365,2.5,1.65,2.25,Bet365
1920,I1,2019-08-30,Bologna,Spal,1,0,H,0.5204502574270091,Bet365,-0.5,1.84,Bet365,2.5,2.13,1.72,Bet365
1920,D1,2019-08-31,Leverkusen,Hoffenheim,0,0,H,0.616241262391743,Bet365,-1.0,1.9,Bet365,2.5,1.35,3.17,Bet365
1920,E0,2019-08-31,Chelsea,Sheffield United,2,2,H,0.7063146458708496,Bet365,-1.5,2.05,Bet365,2.5,1.73,2.13,Bet365
1920,E0,2019-08-31,Newcastle,Watford,1,1,H,0.3661248389926272,Bet365,0.0,1.9,Bet365,2.5,2.08,1.77,Bet365
1920,E0,2019-08-31,West Ham,Norwich,2,0,H,0.5087715221785906,Bet365,-0.5,1.9,Bet365,2.5,1.48,2.64,Bet365
1920,I1,2019-08-31,Milan,Brescia,1,0,H,0.6443598113891912,Bet365,-1.0,1.72,Bet365,2.5,1.83,1.98,Bet365
1920,E0,2019-08-31,Burnley,Liverpool,0,3,A,0.7216692755249712,Bet365,-1.5,2.03,Bet365,2.5,1.61,2.33,Bet365
1920,D1,2019-08-31,Union Berlin,Dortmund,3,1,A,0.7224181389325687,Bet365,-1.5,1.99,Bet365,2.5,1.46,2.7,Bet365
1920,SP1,2019-08-31,Levante,Valladolid,2,0,H,0.47572836347785075,Bet365,-0.5,2.02,Bet365,2.5,1.85,1.96,Bet365
1920,I1,2019-08-31,Juventus,Napoli,4,3,H,0.48298360323815975,Bet365,-0.5,1.99,Bet365,2.5,2.05,1.77,Bet365
1920,SP1,2019-08-31,Betis,Leganes,2,1,H,0.4911228819996557,Bet365,-0.5,1.99,Bet365,2.5,2.42,1.56,Bet365
1920,F1,2019-09-01,Reims,Lille,2,0,A,0.3508318685361566,Bet365,-0.0,1.92,Bet365,2.5,2.64,1.48,Bet365
1920,F1,2019-09-01,Strasbourg,Monaco,2,2,H,0.360295637163731,Bet365,0.0,1.93,Bet365,2.5,2.15,1.7,Bet365
1920,SP1,2019-09-01,Ath Madrid,Eibar,3,2,H,0.6736314249895529,Bet365,-1.0,1.7,Bet365,2.5,2.27,1.64,Bet365
1920,I1,2019-09-01,Atalanta,Torino,2,3,H,0.5933937844237807,Bet365,-1.0,2.07,Bet365,2.5,1.76,2.07,Bet365
1920,I1,2019-09-01,Genoa,Fiorentina,2,1,H,0.3728002537215802,Bet365,0.0,1.91,Bet365,2.5,1.74,2.09,Bet365
1920,I1,2019-09-01,Lecce,Verona,0,1,H,0.49778658805887366,Bet365,-0.5,1.91,Bet365,2.5,1.94,1.87,Bet365
1920,I1,2019-09-01,Udinese,Parma,1,3,H,0.4705063486425494,Bet365,-0.5,2.05,Bet365,2.5,2.21,1.67,Bet365
1920,F1,2019-09-01,Marseille,St Etienne,1,0,H,0.47858022393402244,Bet365,-0.5,2.02,Bet365,2.5,1.91,1.9,Bet365
1920,SP1,2019-09-01,Villarreal,Real Madrid,2,2,A,0.5099842615896458,Bet365,-0.5,1.9,Bet365,2.5,1.41,2.88,Bet365
1920,F1,2019-09-13,Lille,Angers,2,1,H,0.4871025504524996,Bet365,-0.5,1.99,Bet365,2.5,2.2,1.67,Bet365
1920,D1,2019-09-14,Dortmund,Leverkusen,4,0,H,0.5251106918972882,Bet365,-0.5,1.8,Bet365,2.5,1.43,2.81,Bet365
1920,D1,2019-09-14,FC Koln,MGladbach,0,1,H,0.3711662140635067,Bet365,0.0,1.91,Bet365,2.5,1.65,2.24,Bet365
1920,D1,2019-09-14,Union Berlin,Werder Bremen,1,2,A,0.3849914446345637,Bet365,-0.0,1.86,Bet365,2.5,1.67,2.21,Bet365
1920,E0,2019-09-14,Man United,Leicester,1,0,H,0.4956991506754605,Bet365,-0.5,1.97,Bet365,2.5,1.85,1.98,Bet365
1920,SP1,2019-09-14,Leganes,Villarreal,0,3,H,0.38131796805625795,Bet365,0.0,1.78,Bet365,2.5,2.33,1.61,Bet365
1920,F1,2019-09-14,Paris SG,Strasbourg,1,0,H,0.7947275922671352,Bet365,-2.0,2.01,Bet365,2.5,1.46,2.7,Bet365
1920,D1,2019-09-14,RB Leipzig,Bayern Munich,1,1,A,0.5108347326941989,Bet365,-0.5,1.88,Bet365,2.5,1.47,2.68,Bet365
1920,E0,2019-09-14,Norwich,Man City,3,2,A,0.8369310699873866,Bet365,-2.5,2.04,Bet365,2.5,1.23,4.15,Bet365
1920,F1,2019-09-14,Bordeaux,Metz,2,0,H,0.5150012816061933,Bet365,-0.5,1.88,Bet365,2.5,2.51,1.53,Bet365
1920,F1,2019-09-14,Dijon,Nimes,0,0,A,0.3660319755764441,Bet365,-0.0,1.91,Bet365,2.5,1.92,1.89,Bet365
1920,F1,2019-09-14,Montpellier,Nice,2,1,H,0.4913040795760697,Bet365,-0.5,1.96,Bet365,2.5,2.43,1.56,Bet365
1920,I1,2019-09-14,Inter,Udinese,1,0,H,0.7169017193665199,Bet365,-1.5,2.06,Bet365,2.5,1.67,2.21,Bet365
1920,SP1,2019-09-15,Eibar,Espanol,1,2,H,0.4859667736885214,Bet365,-0.5,2.0,Bet365,2.5,2.2,1.68,Bet365
1920,SP1,2019-09-15,Alaves,Sevilla,0,1,A,0.4902855020275082,Bet365,-0.5,1.97,Bet365,2.5,2.27,1.64,Bet365
1920,I1,2019-09-15,Spal,Lazio,2,1,A,0.5932368088621126,Bet365,-1.0,2.09,Bet365,2.5,1.77,2.06,Bet365
1920,E0,2019-09-15,Watford,Arsenal,2,2,A,0.478553400310749,Bet365,-0.5,2.04,Bet365,2.5,1.57,2.41,Bet365
1920,I1,2019-09-16,Torino,Lecce,1,2,H,0.6377676331982329,Bet365,-1.0,1.87,Bet365,2.5,1.81,2.01,Bet365
1920,E0,2019-09-16,Aston Villa,West Ham,0,0,A,0.3656338992546023,Bet365,-0.0,1.97,Bet365,2.5,1.62,2.31,Bet365
1920,I1,2019-09-20,Cagliari,Genoa,3,1,A,0.3748981902699696,Bet365,-0.0,1.86,Bet365,2.5,1.84,1.98,Bet365
1920,F1,2019-09-20,Strasbourg,Nantes,2,1,H,0.37215860881932267,Bet365,0.0,1.79,Bet365,2.5,2.55,1.51,Bet365
1920,SP1,2019-09-21,Villarreal,Valladolid,2,0,H,0.6013600116660143,Bet365,-1.0,2.05,Bet365,2.5,1.8,2.03,Bet365
1920,I1,2019-09-21,Udinese,Brescia,0,1,H,0.5044747200336028,Bet365,-0.5,1.91,Bet365,2.5,1.88,1.93,Bet365
1920,D1,2019-09-21,Bayern Munich,FC Koln,4,0,H,0.8515617069388584,Bet365,-2.5,1.98,Bet365,2.5,1.25,3.83,Bet365
1920,D1,2019-09-21,Freiburg,Augsburg,1,1,H,0.5028479655930369,Bet365,-0.5,1.91,Bet365,2.5,1.67,2.21,Bet365
1920,D1,2019-09-21,Leverkusen,Union Berlin,2,0,H,0.6992842828514171,Bet365,-1.5,2.06,Bet365,2.5,1.44,2.74,Bet365
1920,E0,2019-09-21,Burnley,Norwich,2,0,H,0.4827443860219906,Bet365,-0.5,2.0,Bet365,2.5,1.67,2.22,Bet365
1920,E0,2019-09-21,Man City,Watford,8,0,H,0.8648853220106703,Bet365,-2.5,1.98,Bet365,2.5,1.25,3.91,Bet365
1920,F1,2019-09-21,Marseille,Montpellier,1,1,H,0.47990045941807047,Bet365,-0.5,2.02,Bet365,2.5,2.13,1.72,Bet365
1920,I1,2019-09-21,Juventus,Verona,2,1,H,0.8296985773917988,Bet365,-2.0,1.88,Bet365,2.5,1.57,2.4,Bet365
1920,F1,2019-09-21,Metz,Amiens,1,2,H,0.45539452495974236,Bet365,-0.5,2.1,Bet365,2.5,2.65,1.48,Bet365
1920,F1,2019-09-21,Nimes,Toulouse,1,0,H,0.46890201465535153,Bet365,-0.5,2.05,Bet365,2.5,1.92,1.89,Bet365
1920,F1,2019-09-21,Reims,Monaco,0,0,H,0.3658844882349128,Bet365,0.0,1.86,Bet365,2.5,2.23,1.66,Bet365
1920,SP1,2019-09-21,Granada,Barcelona,2,0,A,0.7217589082638363,Bet365,-1.5,1.96,Bet365,2.5,1.55,2.46,Bet365
1920,SP1,2019-09-22,Getafe,Mallorca,4,2,H,0.5158978923810695,Bet365,-0.5,1.88,Bet365,2.5,2.67,1.47,Bet365
1920,I1,2019-09-22,Sassuolo,Spal,3,0,H,0.4848105142004357,Bet365,-0.5,1.99,Bet365,2.5,1.79,2.04,Bet365
1920,F1,2019-09-22,Rennes,Lille,1,1,H,0.37869025517818794,Bet365,0.0,1.78,Bet365,2.5,2.3,1.62,Bet365
1920,I1,2019-09-22,Lecce,Napoli,1,4,A,0.7072872479747312,Bet365,-1.5,2.06,Bet365,2.5,1.56,2.42,Bet365
1920,I1,2019-09-22,Sampdoria,Torino,1,0,H,0.3765656064612394,Bet365,0.0,1.86,Bet365,2.5,1.85,1.96,Bet365
1920,E0,2019-09-22,Crystal Palace,Wolves,1,1,H,0.3636497870930924,Bet365,0.0,1.87,Bet365,2.5,2.37,1.59,Bet365
1920,SP1,2019-09-22,Valencia,Leganes,1,1,H,0.6003088502076493,Bet365,-1.0,2.11,Bet365,2.5,2.16,1.7,Bet365
1920,E0,2019-09-22,Chelsea,Liverpool,1,2,A,0.47110302770942547,Bet365,-0.5,2.06,Bet365,2.5,1.59,2.37,Bet365
1920,I1,2019-09-22,Atalanta,Fiorentina,2,2,H,0.4724916409070743,Bet365,-0.5,2.05,Bet365,2.5,1.58,2.38,Bet365
1920,I1,2019-09-22,Lazio,Parma,2,0,H,0.7288138355963423,Bet365,-1.5,1.92,Bet365,2.5,1.57,2.4,Bet365
1920,F1,2019-09-22,Lyon,Paris SG,0,1,A,0.5144584234651403,Bet365,-0.5,1.87,Bet365,2.5,1.42,2.85,Bet365
1920,SP1,2019-09-22,Sevilla,Real Madrid,0,1,A,0.3815360395816935,Bet365,-0.0,1.93,Bet365,2.5,1.52,2.51,Bet365
1920,D1,2019-09-23,Wolfsburg,Hoffenheim,1,1,H,0.49047544491414863,Bet365,-0.5,1.97,Bet365,2.5,1.53,2.48,Bet365
1920,SP1,2019-09-24,Betis,Levante,3,1,H,0.4855945557985027,Bet365,-0.5,2.0,Bet365,2.5,1.63,2.29,Bet365
1920,I1,2019-09-24,Brescia,Juventus,1,2,A,0.609560860992679,Bet365,-1.0,2.05,Bet365,2.5,1.89,1.94,Bet365
1920,F1,2019-09-24,Monaco,Nice,3,1,H,0.4816275203546614,Bet365,-0.5,2.01,Bet365,2.5,1.85,1.96,Bet365
1920,SP1,2019-09-25,Leganes,Ath Bilbao,1,1,A,0.34193831739215297,Bet365,-0.0,1.94,Bet365,2.5,2.98,1.39,Bet365
1920,F1,2019-09-25,Montpellier,Nimes,1,0,H,0.5027437420130798,Bet365,-0.5,1.92,Bet365,2.5,2.09,1.75,Bet365
1920,F1,2019-09-25,Toulouse,Angers,0,2,H,0.3550410209662716,Bet365,0.0,1.98,Bet365,2.5,2.13,1.72,Bet365
1920,SP1,2019-09-25,Valencia,Getafe,3,3,H,0.49607677754740637,Bet365,-0.5,1.96,Bet365,2.5,2.35,1.6,Bet365
1920,I1,2019-09-25,Inter,Lazio,1,0,H,0.472516374758346,Bet365,-0.5,2.05,Bet365,2.5,1.82,2.0,Bet365
1920,I1,2019-09-25,Napoli,Cagliari,0,1,H,0.7928745162227899,Bet365,-2.0,1.95,Bet365,2.5,1.37,3.08,Bet365
1920,I1,2019-09-25,Parma,Sassuolo,1,0,H,0.3711089571449001,Bet365,0.0,1.94,Bet365,2.5,1.79,2.03,Bet365
1920,I1,2019-09-25,Spal,Lecce,1,3,H,0.4839846944012799,Bet365,-0.5,2.02,Bet365,2.5,1.76,2.07,Bet365
1920,F1,2019-09-25,Paris SG,Reims,0,2,H,0.8210167407003748,Bet365,-2.0,1.77,Bet365,2.5,1.36,3.12,Bet365
1920,SP1,2019-09-26,Celta,Espanol,1,1,H,0.5166640988405444,Bet365,-0.5,1.89,Bet365,2.5,2.05,1.78,Bet365
1920,SP1,2019-09-27,Villarreal,Betis,5,1,H,0.5121901032159569,Bet365,-0.5,1.89,Bet365,2.5,1.64,2.27,Bet365
1920,E0,2019-09-28,Sheffield United,Liverpool,0,1,A,0.7062819847670389,Bet365,-1.5,2.07,Bet365,2.5,1.62,2.32,Bet365
1920,F1,2019-09-28,Lyon,Nantes,0,1,H,0.609307391163571,Bet365,-1.0,2.04,Bet365,2.5,1.9,1.91,Bet365
1920,D1,2019-09-28,Augsburg,Leverkusen,0,3,A,0.5859289207658921,Bet365,-1.0,2.08,Bet365,2.5,1.39,2.99,Bet365
1920,D1,2019-09-28,Paderborn,Bayern Munich,2,3,A,0.8351202682633287,Bet365,-2.5,1.98,Bet365,2.5,1.19,4.65,Bet365
1920,D1,2019-09-28,RB Leipzig,Schalke 04,1,3,H,0.612065034572977,Bet365,-1.0,1.95,Bet365,2.5,1.5,2.56,Bet365
1920,E0,2019-09-28,Crystal Palace,Norwich,2,0,H,0.49570389953734306,Bet365,-0.5,1.93,Bet365,2.5,1.72,2.14,Bet365
1920,E0,2019-09-28,Wolves,Watford,2,0,H,0.5088245197101099,Bet365,-0.5,1.9,Bet365,2.5,1.99,1.84,Bet365
1920,SP1,2019-09-28,Getafe,Barcelona,0,2,A,0.5048145542265554,Bet365,-0.5,1.93,Bet365,2.5,1.96,1.86,Bet365
1920,F1,2019-09-28,Bordeaux,Paris SG,0,1,A,0.6314042306577804,Bet365,-1.0,1.86,Bet365,2.5,1.61,2.31,Bet365
1920,E0,2019-09-28,Everton,Man City,1,3,A,0.7385759884414979,Bet365,-1.5,1.9,Bet365,2.5,1.47,2.69,Bet365
1920,F1,2019-09-28,Monaco,Brest,4,1,H,0.629838980439412,Bet365,-1.0,1.88,Bet365,2.5,1.66,2.22,Bet365
1920,F1,2019-09-28,Nice,Lille,1,1,A,0.3724686507984773,Bet365,-0.0,1.84,Bet365,2.5,2.11,1.73,Bet365
1920,SP1,2019-09-29,Espanol,Valladolid,0,2,H,0.47164284954434244,Bet365,-0.5,2.06,Bet365,2.5,2.33,1.61,Bet365
1920,I1,2019-09-29,Udinese,Bologna,1,0,A,0.3762783982368862,Bet365,-0.0,1.83,Bet365,2.5,2.03,1.8,Bet365
1920,D1,2019-09-29,Fortuna Dusseldorf,Freiburg,1,2,H,0.3907376289712141,Bet365,0.0,1.86,Bet365,2.5,1.64,2.26,Bet365
1920,E0,2019-09-29,Leicester,Newcastle,5,0,H,0.6286157148486228,Bet365,-1.0,1.98,Bet365,2.5,2.08,1.77,Bet365
1920,SP1,2019-09-29,Sevilla,Sociedad,3,2,H,0.5109466308242538,Bet365,-0.5,1.91,Bet365,2.5,1.87,1.94,Bet365
1920,F1,2019-09-29,Marseille,Rennes,1,1,H,0.4832402234636872,Bet365,-0.5,2.0,Bet365,2.5,2.06,1.77,Bet365
1920,SP1,2019-10-04,Betis,Eibar,1,1,H,0.4746255468939275,Bet365,-0.5,2.04,Bet365,2.5,1.84,1.99,Bet365
1920,SP1,2019-10-05,Leganes,Levante,1,2,H,0.48295614084348854,Bet365,-0.5,2.0,Bet365,2.5,2.1,1.74,Bet365
1920,E0,2019-10-05,Brighton,Tottenham,3,0,A,0.48959392442885896,Bet365,-0.5,1.98,Bet365,2.5,1.76,2.09,Bet365
1920,D1,2019-10-05,Freiburg,Dortmund,2,2,A,0.5995004163197335,Bet365,-1.0,2.01,Bet365,2.5,1.45,2.72,Bet365
1920,D1,2019-10-05,Paderborn,Mainz,1,2,H,0.3835559119913525,Bet365,0.0,1.9,Bet365,2.5,1.44,2.76,Bet365
1920,SP1,2019-10-05,Real Madrid,Granada,4,2,H,0.7337199963346073,Bet365,-1.5,1.85,Bet365,2.5,1.45,2.73,Bet365
1920,F1,2019-10-05,Paris SG,Angers,4,0,H,0.7943421186526916,Bet365,-2.0,1.99,Bet365,2.5,1.36,3.1,Bet365
1920,D1,2019-10-05,Schalke 04,FC Koln,1,1,H,0.5820669700048593,Bet365,-1.0,2.13,Bet365,2.5,1.59,2.35,Bet365
1920,E0,2019-10-05,West Ham,Crystal Palace,1,2,H,0.47962205612748554,Bet365,-0.5,2.02,Bet365,2.5,1.83,2.0,Bet365
1920,SP1,2019-10-05,Valencia,Alaves,2,1,H,0.6273789889493576,Bet365,-1.0,1.96,Bet365,2.5,2.11,1.74,Bet365
1920,F1,2019-10-05,Dijon,Strasbourg,1,0,H,0.35192328887909174,Bet365,0.0,1.93,Bet365,2.5,2.28,1.63,Bet365
1920,F1,2019-10-05,Montpellier,Monaco,3,1,A,0.3815719029888296,Bet365,-0.0,1.82,Bet365,2.5,1.91,1.9,Bet365
1920,F1,2019-10-05,Nantes,Nice,1,0,H,0.47565193344370976,Bet365,-0.5,2.03,Bet365,2.5,2.19,1.68,Bet365
1920,F1,2019-10-05,Toulouse,Bordeaux,1,3,H,0.3725307075423815,Bet365,0.0,1.82,Bet365,2.5,2.18,1.69,Bet365
1920,I1,2019-10-06,Fiorentina,Udinese,1,0,H,0.6113190787386588,Bet365,-1.0,2.01,Bet365,2.5,1.87,1.94,Bet365
1920,D1,2019-10-06,MGladbach,Augsburg,5,1,H,0.6235054181956583,Bet365,-1.0,1.89,Bet365,2.5,1.5,2.59,Bet365
1920,SP1,2019-10-06,Celta,Ath Bilbao,1,0,H,0.35349123645763275,Bet365,0.0,1.92,Bet365,2.5,2.5,1.53,Bet365
1920,F1,2019-10-06,Lille,Nimes,2,2,H,0.5801624531860952,Bet365,-1.0,2.07,Bet365,2.5,1.78,2.05,Bet365
1920,E0,2019-10-06,Southampton,Chelsea,1,4,A,0.5122548531607765,Bet365,-0.5,1.89,Bet365,2.5,1.7,2.18,Bet365
1920,E0,2019-10-06,Newcastle,Man United,1,0,A,0.5044925478121225,Bet365,-0.5,1.93,Bet365,2.5,2.16,1.71,Bet365
1920,I1,2019-10-06,Torino,Napoli,0,0,A,0.5147986252460875,Bet365,-0.5,1.87,Bet365,2.5,1.66,2.23,Bet365
1920,SP1,2019-10-06,Sociedad,Getafe,1,2,H,0.502137811792143,Bet365,-0.5,1.93,Bet365,2.5,2.44,1.56,Bet365
1920,I1,2019-10-06,Inter,Juventus,1,2,H,0.3618421586528708,Bet365,0.0,1.88,Bet365,2.5,2.15,1.71,Bet365
1920,SP1,2019-10-06,Barcelona,Sevilla,4,0,H,0.631908791477927,Bet365,-1.0,1.87,Bet365,2.5,1.55,2.44,Bet365
1920,E0,2019-10-19,Everton,West Ham,2,0,H,0.4882675003022504,Bet365,-0.5,1.99,Bet365,2.5,1.72,2.14,Bet365
1920,D1,2019-10-19,Fortuna Dusseldorf,Mainz,1,0,H,0.37122901170017564,Bet365,0.0,1.95,Bet365,2.5,1.66,2.22,Bet365
1920,D1,2019-10-19,RB Leipzig,Wolfsburg,1,1,H,0.6191797346200241,Bet365,-1.0,1.93,Bet365,2.5,1.61,2.32,Bet365
1920,D1,2019-10-19,Union Berlin,Freiburg,2,0,H,0.3694216553816023,Bet365,0.0,1.94,Bet365,2.5,1.85,1.97,Bet365
1920,E0,2019-10-19,Chelsea,Newcastle,1,0,H,0.7356725972185089,Bet365,-1.5,1.89,Bet365,2.5,1.59,2.38,Bet365
1920,E0,2019-10-19,Leicester,Burnley,2,1,H,0.6133724146861131,Bet365,-1.0,2.0,Bet365,2.5,1.94,1.89,Bet365
1920,E0,2019-10-19,Wolves,Southampton,1,1,H,0.5191968325065937,Bet365,-0.5,1.86,Bet365,2.5,2.09,1.76,Bet365
1920,F1,2019-10-19,Lyon,Dijon,0,0,H,0.7023437525350362,Bet365,-1.5,2.07,Bet365,2.5,1.51,2.53,Bet365
1920,I1,2019-10-19,Napoli,Verona,2,0,H,0.7888804575151301,Bet365,-2.0,2.05,Bet365,2.5,1.5,2.58,Bet365
1920,SP1,2019-10-19,Getafe,Leganes,2,0,H,0.5183742569865906,Bet365,-0.5,1.86,Bet365,2.5,2.85,1.42,Bet365
1920,F1,2019-10-19,Metz,Nantes,1,0,H,0.3489604316985923,Bet365,0.0,1.92,Bet365,2.5,2.63,1.49,Bet365
1920,F1,2019-10-19,Nimes,Amiens,1,1,H,0.4671481403442488,Bet365,-0.5,2.06,Bet365,2.5,2.07,1.76,Bet365
1920,I1,2019-10-19,Juventus,Bologna,2,1,H,0.7182105067755707,Bet365,-1.5,2.1,Bet365,2.5,1.66,2.23,Bet365
1920,SP1,2019-10-19,Mallorca,Real Madrid,1,0,A,0.6277298731065333,Bet365,-1.0,1.89,Bet365,2.5,1.6,2.33,Bet365
1920,SP1,2019-10-20,Alaves,Celta,2,0,A,0.359893004782362,Bet365,-0.0,1.86,Bet365,2.5,2.66,1.47,Bet365
1920,I1,2019-10-20,Udinese,Torino,1,0,A,0.36210799101087204,Bet365,-0.0,1.9,Bet365,2.5,2.17,1.69,Bet365
1920,D1,2019-10-20,Hoffenheim,Schalke 04,2,0,A,0.37419727081958404,Bet365,-0.0,1.9,Bet365,2.5,1.71,2.15,Bet365
1920,F1,2019-10-20,Marseille,Strasbourg,2,0,H,0.5154733207375073,Bet365,-0.5,1.88,Bet365,2.5,2.09,1.74,Bet365
1920,SP1,2019-10-20,Sevilla,Levante,1,0,H,0.7171329810147196,Bet365,-1.5,1.96,Bet365,2.5,1.44,2.76,Bet365
1920,I1,2019-10-21,Brescia,Fiorentina,0,0,A,0.47601715377130704,Bet365,-0.5,2.04,Bet365,2.5,1.78,2.04,Bet365
1920,E0,2019-10-21,Sheffield United,Arsenal,1,0,A,0.49834114469488244,Bet365,-0.5,1.93,Bet365,2.5,1.69,2.19,Bet365
1920,D1,2019-10-25,Mainz,FC Koln,3,1,H,0.37526501766784454,Bet365,0.0,1.9,Bet365,2.5,1.58,2.39,Bet365
1920,F1,2019-10-25,Nantes,Monaco,0,1,A,0.37351999136286756,Bet365,-0.0,1.81,Bet365,2.5,2.04,1.79,Bet365
1920,SP1,2019-10-25,Villarreal,Alaves,4,1,H,0.6294652302899614,Bet365,-1.0,1.93,Bet365,2.5,1.88,1.93,Bet365
1920,E0,2019-10-26,Man City,Aston Villa,3,0,H,0.8832685430032073,Bet365,-3.0,2.0,Bet365,2.5,1.21,4.45,Bet365
1920,I1,2019-10-26,Lecce,Juventus,1,1,A,0.7102605781468343,Bet365,-1.5,2.05,Bet365,2.5,1.6,2.34,Bet365
1920,D1,2019-10-26,Freiburg,RB Leipzig,2,1,A,0.5030638170677028,Bet365,-0.5,1.93,Bet365,2.5,1.63,2.27,Bet365
1920,E0,2019-10-26,Brighton,Everton,3,2,A,0.37302675111069095,Bet365,-0.0,1.88,Bet365,2.5,2.06,1.78,Bet365
1920,SP1,2019-10-26,Leganes,Mallorca,1,0,H,0.5176133447663612,Bet365,-0.5,1.85,Bet365,2.5,2.57,1.51,Bet365
1920,F1,2019-10-26,Lille,Bordeaux,3,0,H,0.5255256514014683,Bet365,-0.5,1.84,Bet365,2.5,2.08,1.75,Bet365
1920,I1,2019-10-26,Inter,Parma,2,2,H,0.7504351243613497,Bet365,-1.5,1.84,Bet365,2.5,1.56,2.41,Bet365
1920,D1,2019-10-26,Leverkusen,Werder Bremen,2,2,H,0.5898767349315733,Bet365,-1.0,2.03,Bet365,2.5,1.43,2.78,Bet365
1920,F1,2019-10-26,Reims,Nimes,0,0,H,0.5163414872479724,Bet365,-0.5,1.85,Bet365,2.5,2.24,1.65,Bet365
1920,F1,2019-10-26,Strasbourg,Nice,1,0,H,0.4809550881182491,Bet365,-0.5,2.02,Bet365,2.5,2.24,1.65,Bet365
1920,I1,2019-10-26,Genoa,Brescia,3,1,H,0.5051533804751488,Bet365,-0.5,1.91,Bet365,2.5,1.7,2.15,Bet365
1920,SP1,2019-10-27,Celta,Sociedad,0,1,A,0.37503712801740396,Bet365,-0.0,1.87,Bet365,2.5,1.95,1.86,Bet365
1920,I1,2019-10-27,Bologna,Sampdoria,2,1,H,0.498956891743953,Bet365,-0.5,1.93,Bet365,2.5,1.81,2.01,Bet365
1920,E0,2019-10-27,Newcastle,Wolves,1,1,A,0.3709469048007091,Bet365,-0.0,1.82,Bet365,2.5,2.49,1.54,Bet365
1920,I1,2019-10-27,Torino,Cagliari,1,1,H,0.5266785180604936,Bet365,-0.5,1.77,Bet365,2.5,1.93,1.88,Bet365
1920,F1,2019-10-27,Rennes,Toulouse,3,2,H,0.4852206756662238,Bet365,-0.5,1.97,Bet365,2.5,2.15,1.7,Bet365
1920,D1,2019-10-27,Wolfsburg,Augsburg,0,0,H,0.6011770402842934,Bet365,-1.0,2.0,Bet365,2.5,1.62,2.29,Bet365
1920,F1,2019-10-27,St Etienne,Amiens,2,2,H,0.5116209416556846,Bet365,-0.5,1.87,Bet365,2.5,2.05,1.78,Bet365
1920,E0,2019-10-27,Liverpool,Tottenham,2,1,H,0.6257378848796025,Bet365,-1.0,1.92,Bet365,2.5,1.53,2.51,Bet365
1920,D1,2019-10-27,MGladbach,Ein Frankfurt,4,2,H,0.49909656902728883,Bet365,-0.5,1.92,Bet365,2.5,1.5,2.58,Bet365
1920,I1,2019-10-27,Fiorentina,Lazio,1,2,H,0.38768313176019503,Bet365,0.0,1.83,Bet365,2.5,1.73,2.12,Bet365
1920,SP1,2019-10-27,Osasuna,Valencia,3,1,A,0.355940965967381,Bet365,-0.0,1.95,Bet365,2.5,2.22,1.66,Bet365
1920,I1,2019-10-29,Parma,Verona,0,1,H,0.3526347433450487,Bet365,0.0,1.94,Bet365,2.5,2.14,1.72,Bet365
1920,I1,2019-10-29,Brescia,Inter,1,2,A,0.6332062968991055,Bet365,-1.0,1.86,Bet365,2.5,1.7,2.16,Bet365
1920,I1,2019-10-30,Napoli,Atalanta,2,2,H,0.4695968994498556,Bet365,-0.5,2.05,Bet365,2.5,1.51,2.56,Bet365
1920,SP1,2019-10-30,Sociedad,Levante,1,2,H,0.6364496401662331,Bet365,-1.0,1.75,Bet365,2.5,1.51,2.53,Bet365
1920,SP1,2019-10-30,Valencia,Sevilla,1,1,A,0.38169007364051344,Bet365,-0.0,1.82,Bet365,2.5,1.95,1.86,Bet365
1920,SP1,2019-10-30,Ath Bilbao,Espanol,3,0,H,0.49999835357882577,Bet365,-0.5,1.93,Bet365,2.5,2.66,1.47,Bet365
1920,I1,2019-10-30,Cagliari,Bologna,3,2,A,0.3625940896290095,Bet365,-0.0,1.92,Bet365,2.5,1.92,1.89,Bet365
1920,I1,2019-10-30,Juventus,Genoa,2,1,H,0.7519748690355849,Bet365,-1.5,1.89,Bet365,2.5,1.61,2.32,Bet365
1920,I1,2019-10-30,Lazio,Torino,4,0,H,0.6106399383191982,Bet365,-1.0,2.01,Bet365,2.5,1.72,2.13,Bet365
1920,I1,2019-10-30,Sassuolo,Fiorentina,1,2,A,0.3844079732585758,Bet365,-0.0,1.85,Bet365,2.5,1.75,2.08,Bet365
1920,I1,2019-10-30,Udinese,Roma,0,4,A,0.49413204544587785,Bet365,-0.5,1.95,Bet365,2.5,1.95,1.86,Bet365
1920,SP1,2019-10-30,Betis,Celta,2,1,H,0.46151225034898924,Bet365,-0.5,2.08,Bet365,2.5,1.88,1.93,Bet365
1920,SP1,2019-10-30,Real Madrid,Leganes,5,0,H,0.7536992728178113,Bet365,-1.5,1.85,Bet365,2.5,1.58,2.38,Bet365
1920,SP1,2019-10-31,Eibar,Villarreal,2,1,A,0.3722638214396785,Bet365,-0.0,1.89,Bet365,2.5,1.85,1.96,Bet365
1920,I1,2019-10-31,Milan,Spal,1,0,H,0.646191676938575,Bet365,-1.0,1.75,Bet365,2.5,1.81,2.01,Bet365
1920,SP1,2019-10-31,Getafe,Granada,3,1,H,0.4972896417103885,Bet365,-0.5,1.91,Bet365,2.5,2.62,1.49,Bet365
1920,F1,2019-11-01,Dijon,Paris SG,2,1,A,0.7970667537209668,Bet365,-2.0,2.01,Bet365,2.5,1.38,3.01,Bet365
1920,SP1,2019-11-02,Espanol,Valencia,1,2,A,0.35683699800546587,Bet365,-0.0,1.94,Bet365,2.5,2.14,1.72,Bet365
1920,I1,2019-11-02,Roma,Napoli,2,1,A,0.37868552059330096,Bet365,-0.0,1.91,Bet365,2.5,1.62,2.29,Bet365
1920,D1,2019-11-02,Dortmund,Wolfsburg,3,0,H,0.6240357609082638,Bet365,-1.0,1.94,Bet365,2.5,1.64,2.28,Bet365
1920,D1,2019-11-02,Leverkusen,MGladbach,1,2,H,0.47732952516958227,Bet365,-0.5,2.02,Bet365,2.5,1.5,2.57,Bet365
1920,D1,2019-11-02,RB Leipzig,Mainz,8,0,H,0.706205206425385,Bet365,-1.5,2.01,Bet365,2.5,1.42,2.87,Bet365
1920,D1,2019-11-02,Werder Bremen,Freiburg,2,2,H,0.48919405120508336,Bet365,-0.5,1.97,Bet365,2.5,1.65,2.25,Bet365
1920,E0,2019-11-02,Aston Villa,Liverpool,1,2,A,0.7066320775998196,Bet365,-1.5,2.03,Bet365,2.5,1.47,2.71,Bet365
1920,E0,2019-11-02,Man City,Southampton,2,1,H,0.8877728770252145,Bet365,-3.0,2.0,Bet365,2.5,1.22,4.27,Bet365
1920,SP1,2019-11-02,Levante,Barcelona,3,1,A,0.724182333247489,Bet365,-1.5,1.89,Bet365,2.5,1.37,3.06,Bet365
1920,I1,2019-11-02,Bologna,Inter,1,2,A,0.4669911640246442,Bet365,-0.5,2.08,Bet365,2.5,1.81,2.0,Bet365
1920,E0,2019-11-02,Watford,Chelsea,1,2,A,0.5814588137004598,Bet365,-1.0,2.05,Bet365,2.5,1.63,2.29,Bet365
1920,D1,2019-11-02,Union Berlin,Hertha,1,0,A,0.3762452445189197,Bet365,-0.0,1.87,Bet365,2.5,1.9,1.91,Bet365
1920,F1,2019-11-02,Angers,Strasbourg,1,0,H,0.4623103935126525,Bet365,-0.5,2.09,Bet365,2.5,2.4,1.57,Bet365
1920,F1,2019-11-02,Metz,Montpellier,2,2,H,0.3524257058857063,Bet365,0.0,1.95,Bet365,2.5,2.44,1.55,Bet365
1920,I1,2019-11-02,Torino,Juventus,0,1,A,0.6189701088097159,Bet365,-1.0,1.98,Bet365,2.5,1.95,1.86,Bet365
1920,SP1,2019-11-03,Valladolid,Mallorca,3,0,H,0.4617980429019742,Bet365,-0.5,2.07,Bet365,2.5,2.47,1.54,Bet365
1920,I1,2019-11-03,Atalanta,Cagliari,0,2,H,0.7291944399340127,Bet365,-1.5,1.88,Bet365,2.5,1.41,2.87,Bet365
1920,SP1,2019-11-03,Villarreal,Ath Bilbao,0,0,H,0.5080434666808714,Bet365,-0.5,1.91,Bet365,2.5,2.07,1.76,Bet365
1920,I1,2019-11-03,Genoa,Udinese,1,3,H,0.49367356203929297,Bet365,-0.5,1.96,Bet365,2.5,2.04,1.79,Bet365
1920,I1,2019-11-03,Lecce,Sassuolo,2,2,A,0.3687463782113192,Bet365,-0.0,1.9,Bet365,2.5,1.83,1.98,Bet365
1920,D1,2019-11-03,Fortuna Dusseldorf,FC Koln,2,0,A,0.3872820126615048,Bet365,-0.0,1.87,Bet365,2.5,1.57,2.4,Bet365
1920,F1,2019-11-03,Nice,Reims,2,0,H,0.3611162145058893,Bet365,0.0,1.85,Bet365,2.5,2.5,1.53,Bet365
1920,E0,2019-11-03,Everton,Tottenham,1,1,A,0.3734434466999307,Bet365,-0.0,1.93,Bet365,2.5,1.74,2.11,Bet365
1920,D1,2019-11-03,Augsburg,Schalke 04,2,3,A,0.4940951930665016,Bet365,-0.5,1.96,Bet365,2.5,1.71,2.14,Bet365
1920,I1,2019-11-03,Fiorentina,Parma,1,1,H,0.6347402597402597,Bet365,-1.0,1.84,Bet365,2.5,1.7,2.15,Bet365
1920,SP1,2019-11-03,Celta,Getafe,0,1,H,0.37124812078562236,Bet365,0.0,1.81,Bet365,2.5,2.41,1.56,Bet365
1920,I1,2019-11-04,Spal,Sampdoria,0,1,H,0.3630435661987783,Bet365,0.0,1.9,Bet365,2.5,2.06,1.76,Bet365
1920,D1,2019-11-08,FC Koln,Hoffenheim,1,2,H,0.37092873077374655,Bet365,0.0,1.93,Bet365,2.5,1.61,2.33,Bet365
1920,I1,2019-11-08,Sassuolo,Bologna,3,1,A,0.3722565422056749,Bet365,-0.0,1.9,Bet365,2.5,1.69,2.19,Bet365
1920,SP1,2019-11-08,Sociedad,Leganes,1,1,H,0.5201248324765781,Bet365,-0.5,1.89,Bet365,2.5,2.29,1.63,Bet365
1920,E0,2019-11-08,Norwich,Watford,0,2,A,0.3705844075359445,Bet365,-0.0,1.94,Bet365,2.5,1.69,2.21,Bet365
1920,E0,2019-11-09,Chelsea,Crystal Palace,2,0,H,0.716995748646477,Bet365,-1.5,2.0,Bet365,2.5,1.58,2.4,Bet365
1920,I1,2019-11-09,Brescia,Torino,0,4,A,0.36779732582688246,Bet365,-0.0,1.86,Bet365,2.5,1.95,1.86,Bet365
1920,D1,2019-11-09,Hertha,RB Leipzig,2,4,A,0.5188259162648539,Bet365,-0.5,1.87,Bet365,2.5,1.59,2.36,Bet365
1920,D1,2019-11-09,Paderborn,Augsburg,0,1,A,0.37621871622747044,Bet365,-0.0,1.95,Bet365,2.5,1.44,2.77,Bet365
1920,D1,2019-11-09,Schalke 04,Fortuna Dusseldorf,3,3,H,0.6272260127389123,Bet365,-1.0,1.9,Bet365,2.5,1.71,2.15,Bet365
1920,E0,2019-11-09,Newcastle,Bournemouth,2,1,H,0.36337111972066777,Bet365,0.0,1.88,Bet365,2.5,2.07,1.77,Bet365
1920,E0,2019-11-09,Tottenham,Sheffield United,1,1,H,0.6082351448178915,Bet365,-1.0,2.0,Bet365,2.5,1.79,2.04,Bet365
1920,F1,2019-11-09,Brest,Paris SG,1,2,A,0.7819142600557735,Bet365,-2.0,2.03,Bet365,2.5,1.43,2.81,Bet365
1920,I1,2019-11-09,Inter,Verona,2,1,H,0.7157656885194636,Bet365,-1.5,2.05,Bet365,2.5,1.63,2.27,Bet365
1920,SP1,2019-11-09,Eibar,Real Madrid,0,4,A,0.5954578461603225,Bet365,-1.0,2.04,Bet365,2.5,1.62,2.29,Bet365
1920,E0,2019-11-09,Leicester,Arsenal,2,0,H,0.4816540887587294,Bet365,-0.5,2.0,Bet365,2.5,1.57,2.42,Bet365
1920,D1,2019-11-09,Bayern Munich,Dortmund,4,0,H,0.6117742974474595,Bet365,-1.0,1.88,Bet365,2.5,1.41,2.87,Bet365
1920,F1,2019-11-09,Lille,Metz,0,0,H,0.59900340672192,Bet365,-1.0,2.13,Bet365,2.5,2.14,1.71,Bet365
1920,F1,2019-11-09,Strasbourg,Nimes,4,1,H,0.5034570340059265,Bet365,-0.5,1.91,Bet365,2.5,2.22,1.66,Bet365
1920,I1,2019-11-09,Napoli,Genoa,0,0,H,0.6889067268284575,Bet365,-1.5,1.99,Bet365,2.5,1.49,2.59,Bet365
1920,SP1,2019-11-09,Barcelona,Celta,4,1,H,0.7898075883585741,Bet365,-2.0,2.08,Bet365,2.5,1.41,2.86,Bet365
1920,I1,2019-11-10,Cagliari,Fiorentina,5,2,A,0.38064236807081125,Bet365,-0.0,1.77,Bet365,2.5,1.94,1.87,Bet365
1920,I1,2019-11-10,Lazio,Lecce,4,2,H,0.7664780911605097,Bet365,-2.0,2.05,Bet365,2.5,1.36,3.14,Bet365
1920,I1,2019-11-10,Sampdoria,Atalanta,0,0,A,0.5065197360144437,Bet365,-0.5,1.93,Bet365,2.5,1.64,2.25,Bet365
1920,E0,2019-11-10,Wolves,Aston Villa,2,1,H,0.5061007957559681,Bet365,-0.5,1.91,Bet365,2.5,1.87,1.96,Bet365
1920,SP1,2019-11-10,Ath Madrid,Espanol,3,1,H,0.652670981126119,Bet365,-1.0,1.87,Bet365,2.5,2.38,1.58,Bet365
1920,E0,2019-11-10,Liverpool,Man City,3,1,H,0.3744886807181889,Bet365,0.0,1.9,Bet365,2.5,1.63,2.3,Bet365
1920,D1,2019-11-10,Freiburg,Ein Frankfurt,1,0,A,0.3837777953628234,Bet365,-0.0,1.9,Bet365,2.5,1.66,2.23,Bet365
1920,I1,2019-11-10,Parma,Roma,2,0,A,0.5039979523931406,Bet365,-0.5,1.93,Bet365,2.5,1.72,2.12,Bet365
1920,SP1,2019-11-10,Getafe,Osasuna,0,0,H,0.4886545717682328,Bet365,-0.5,1.97,Bet365,2.5,2.52,1.52,Bet365
1920,F1,2019-11-10,Marseille,Lyon,2,1,H,0.36211671093948394,Bet365,0.0,1.95,Bet365,2.5,1.84,1.98,Bet365
1920,D1,2019-11-22,Dortmund,Paderborn,3,3,H,0.8296025678296025,Bet365,-2.5,2.0,Bet365,2.5,1.22,4.19,Bet365
1920,SP1,2019-11-23,Leganes,Barcelona,1,2,A,0.6492671166022909,Bet365,-1.0,1.72,Bet365,2.5,1.72,2.11,Bet365
1920,I1,2019-11-23,Atalanta,Juventus,1,3,A,0.37239778854685684,Bet365,-0.0,1.93,Bet365,2.5,1.77,2.05,Bet365
1920,D1,2019-11-23,Ein Frankfurt,Wolfsburg,0,2,H,0.4718265738115156,Bet365,-0.5,2.04,Bet365,2.5,1.65,2.25,Bet365
1920,D1,2019-11-23,Fortuna Dusseldorf,Bayern Munich,0,4,A,0.8032402172560663,Bet365,-2.0,1.75,Bet365,2.5,1.29,3.5,Bet365
1920,D1,2019-11-23,Leverkusen,Freiburg,1,1,H,0.636079709406932,Bet365,-1.0,1.72,Bet365,2.5,1.53,2.48,Bet365
1920,D1,2019-11-23,Werder Bremen,Schalke 04,1,2,H,0.3889603463420755,Bet365,0.0,1.85,Bet365,2.5,1.59,2.36,Bet365
1920,E0,2019-11-23,Bournemouth,Wolves,1,2,A,0.36991986262163706,Bet365,-0.0,1.88,Bet365,2.5,2.02,1.81,Bet365
1920,E0,2019-11-23,Everton,Norwich,0,2,H,0.6844099730840062,Bet365,-1.5,2.07,Bet365,2.5,1.55,2.45,Bet365
1920,D1,2019-11-23,RB Leipzig,FC Koln,4,1,H,0.7070475897416171,Bet365,-1.5,2.0,Bet365,2.5,1.39,2.97,Bet365
1920,SP1,2019-11-23,Granada,Ath Madrid,1,1,A,0.49701965258788594,Bet365,-0.5,1.96,Bet365,2.5,2.76,1.44,Bet365
1920,F1,2019-11-23,Brest,Nantes,1,1,A,0.36601841370770993,Bet365,-0.0,1.86,Bet365,2.5,2.26,1.64,Bet365
1920,F1,2019-11-23,Dijon,Rennes,2,1,A,0.3766687279473282,Bet365,-0.0,1.86,Bet365,2.5,2.12,1.72,Bet365
1920,F1,2019-11-23,Metz,Reims,1,1,H,0.33881849596840546,Bet365,0.0,1.94,Bet365,2.5,2.79,1.44,Bet365
1920,SP1,2019-11-23,Real Madrid,Sociedad,3,1,H,0.6952459943711242,Bet365,-1.5,2.05,Bet365,2.5,1.4,2.91,Bet365
1920,SP1,2019-11-24,Espanol,Getafe,1,1,H,0.34315833445958405,Bet365,0.0,1.94,Bet365,2.5,2.74,1.45,Bet365
1920,SP1,2019-11-24,Osasuna,Ath Bilbao,1,2,H,0.3645711823831375,Bet365,0.0,1.81,Bet365,2.5,2.58,1.5,Bet365
1920,I1,2019-11-24,Roma,Brescia,3,0,H,0.7101775413152732,Bet365,-1.5,2.0,Bet365,2.5,1.49,2.59,Bet365
1920,D1,2019-11-24,Augsburg,Hertha,4,0,H,0.3668313697697475,Bet365,0.0,1.95,Bet365,2.5,1.68,2.18,Bet365
1920,SP1,2019-11-24,Eibar,Alaves,0,2,H,0.5149417799853432,Bet365,-0.5,1.87,Bet365,2.5,2.14,1.71,Bet365
1920,D1,2019-11-24,Hoffenheim,Mainz,1,5,H,0.5720737587345112,Bet365,-1.0,2.07,Bet365,2.5,1.53,2.46,Bet365
1920,SP1,2019-11-24,Valladolid,Sevilla,0,1,A,0.5042904693559715,Bet365,-0.5,1.9,Bet365,2.5,2.02,1.8,Bet365
1920,I1,2019-11-25,Spal,Genoa,1,1,H,0.37230069223937623,Bet365,0.0,1.85,Bet365,2.5,2.1,1.73,Bet365
1920,SP1,2019-11-30,Alaves,Real Madrid,1,2,A,0.6271891603182188,Bet365,-1.0,1.88,Bet365,2.5,1.64,2.24,Bet365
1920,E0,2019-11-30,Newcastle,Man City,2,2,A,0.8106607083152789,Bet365,-2.0,1.94,Bet365,2.5,1.44,2.79,Bet365
1920,D1,2019-11-30,FC Koln,Augsburg,1,1,H,0.4967077961600177,Bet365,-0.5,1.93,Bet365,2.5,1.64,2.26,Bet365
1920,D1,2019-11-30,Paderborn,RB Leipzig,2,3,A,0.6970769441401973,Bet365,-1.5,1.97,Bet365,2.5,1.33,3.29,Bet365
1920,E0,2019-11-30,Chelsea,West Ham,0,1,H,0.7386342506507996,Bet365,-1.5,1.8,Bet365,2.5,1.4,2.94,Bet365
1920,E0,2019-11-30,Liverpool,Brighton,2,1,H,0.7942032123937098,Bet365,-2.0,2.02,Bet365,2.5,1.47,2.7,Bet365
1920,E0,2019-11-30,Tottenham,Bournemouth,3,2,H,0.6937369903269255,Bet365,-1.5,2.05,Bet365,2.5,1.51,2.57,Bet365
1920,F1,2019-11-30,Strasbourg,Lyon,1,2,A,0.362263598904448,Bet365,-0.0,1.94,Bet365,2.5,2.0,1.82,Bet365
1920,SP1,2019-11-30,Mallorca,Betis,1,2,H,0.3582513748946249,Bet365,0.0,1.96,Bet365,2.5,1.98,1.83,Bet365
1920,F1,2019-11-30,Lille,Dijon,1,0,H,0.62975763036277,Bet365,-1.0,1.9,Bet365,2.5,1.95,1.87,Bet365
1920,F1,2019-11-30,Nice,Angers,3,1,H,0.36593154212398726,Bet365,0.0,1.84,Bet365,2.5,2.41,1.56,Bet365
1920,F1,2019-11-30,Nimes,Metz,1,1,H,0.4721543058951372,Bet365,-0.5,2.02,Bet365,2.5,2.26,1.64,Bet365
1920,F1,2019-11-30,Reims,Bordeaux,1,1,H,0.4657515027897389,Bet365,-0.5,2.06,Bet365,2.5,2.74,1.45,Bet365
1920,SP1,2019-12-01,Sevilla,Leganes,1,0,H,0.6232167413915365,Bet365,-1.0,2.01,Bet365,2.5,2.13,1.72,Bet365
1920,I1,2019-12-01,Inter,Spal,2,1,H,0.7549389934470356,Bet365,-1.5,1.86,Bet365,2.5,1.61,2.3,Bet365
1920,I1,2019-12-01,Lazio,Udinese,3,0,H,0.7300056568704038,Bet365,-1.5,1.93,Bet365,2.5,1.51,2.52,Bet365
1920,E0,2019-12-01,Wolves,Sheffield United,1,1,H,0.49971364554342046,Bet365,-0.5,1.93,Bet365,2.5,2.3,1.63,Bet365
1920,D1,2019-12-01,MGladbach,Freiburg,4,2,H,0.6095679482879531,Bet365,-1.0,1.97,Bet365,2.5,1.55,2.42,Bet365
1920,F1,2019-12-01,Rennes,St Etienne,2,1,H,0.4798166314948954,Bet365,-0.5,2.01,Bet365,2.5,2.18,1.69,Bet365
1920,E0,2019-12-01,Man United,Aston Villa,2,2,H,0.6448972461724668,Bet365,-1.0,1.85,Bet365,2.5,1.69,2.18,Bet365
1920,I1,2019-12-01,Verona,Roma,1,3,A,0.5113551936708098,Bet365,-0.5,1.89,Bet365,2.5,1.89,1.92,Bet365
1920,SP1,2019-12-01,Ath Madrid,Barcelona,0,1,A,0.36482510624387054,Bet365,-0.0,1.9,Bet365,2.5,2.12,1.73,Bet365
1920,F1,2019-12-03,Bordeaux,Nimes,6,0,H,0.49672004237460776,Bet365,-0.5,1.92,Bet365,2.5,2.26,1.64,Bet365
1920,F1,2019-12-03,Lyon,Lille,0,1,H,0.4766443583337217,Bet365,-0.5,2.03,Bet365,2.5,1.9,1.91,Bet365
1920,F1,2019-12-04,Metz,Rennes,0,1,A,0.3739828815513797,Bet365,-0.0,1.8,Bet365,2.5,2.54,1.52,Bet365
1920,F1,2019-12-04,Toulouse,Monaco,1,2,A,0.5045959929546455,Bet365,-0.5,1.9,Bet365,2.5,1.69,2.18,Bet365
1920,E0,2019-12-04,Chelsea,Aston Villa,2,1,H,0.7387335048551745,Bet365,-1.5,1.88,Bet365,2.5,1.42,2.86,Bet365
1920,E0,2019-12-04,Leicester,Watford,2,0,H,0.7044846984663394,Bet365,-1.5,2.07,Bet365,2.5,1.63,2.3,Bet365
1920,E0,2019-12-04,Man United,Tottenham,2,1,A,0.36732003510166494,Bet365,-0.0,1.94,Bet365,2.5,1.8,2.03,Bet365
1920,F1,2019-12-04,Paris SG,Nantes,2,0,H,0.8241798218734379,Bet365,-2.0,1.77,Bet365,2.5,1.46,2.69,Bet365
1920,E0,2019-12-05,Sheffield United,Newcastle,0,2,H,0.5150052343840875,Bet365,-0.5,1.87,Bet365,2.5,2.33,1.61,Bet365
1920,E0,2019-12-05,Arsenal,Brighton,1,2,H,0.5958723802034647,Bet365,-1.0,2.05,Bet365,2.5,1.54,2.5,Bet365
1920,D1,2019-12-06,Ein Frankfurt,Hertha,2,2,H,0.5226609684941799,Bet365,-0.5,1.85,Bet365,2.5,1.59,2.37,Bet365
1920,I1,2019-12-06,Inter,Roma,0,0,H,0.5060548119821542,Bet365,-0.5,1.9,Bet365,2.5,1.64,2.28,Bet365
1920,SP1,2019-12-07,Real Madrid,Espanol,2,0,H,0.7968779206587329,Bet365,-2.0,2.03,Bet365,2.5,1.42,2.81,Bet365
1920,E0,2019-12-07,Everton,Chelsea,3,1,A,0.4749595204954123,Bet365,-0.5,2.05,Bet365,2.5,1.69,2.18,Bet365
1920,I1,2019-12-07,Atalanta,Verona,3,2,H,0.7153576854481802,Bet365,-1.5,2.0,Bet365,2.5,1.56,2.41,Bet365
1920,D1,2019-12-07,Dortmund,Fortuna Dusseldorf,5,0,H,0.7316468595507938,Bet365,-1.5,1.9,Bet365,2.5,1.41,2.88,Bet365
1920,D1,2019-12-07,MGladbach,Bayern Munich,2,1,A,0.6112078213873652,Bet365,-1.0,1.9,Bet365,2.5,1.35,3.15,Bet365
1920,D1,2019-12-07,Leverkusen,Schalke 04,2,1,H,0.49165398947676947,Bet365,-0.5,1.97,Bet365,2.5,1.72,2.13,Bet365
1920,E0,2019-12-07,Man City,Man United,1,2,H,0.7334799430809216,Bet365,-1.5,1.89,Bet365,2.5,1.49,2.63,Bet365
1920,SP1,2019-12-07,Barcelona,Mallorca,5,2,H,0.8517172238716062,Bet365,-2.5,2.02,Bet365,2.5,1.34,3.21,Bet365
1920,SP1,2019-12-08,Eibar,Getafe,0,1,H,0.3438400789330985,Bet365,0.0,1.95,Bet365,2.5,2.58,1.49,Bet365
1920,I1,2019-12-08,Lecce,Genoa,2,2,A,0.37184319411677536,Bet365,-0.0,1.92,Bet365,2.5,1.75,2.08,Bet365
1920,I1,2019-12-08,Spal,Brescia,0,1,H,0.46404244772063824,Bet365,-0.5,2.07,Bet365,2.5,2.15,1.7,Bet365
1920,F1,2019-12-08,Reims,St Etienne,3,1,H,0.47714583541574446,Bet365,-0.5,2.04,Bet365,2.5,2.48,1.54,Bet365
1920,E0,2019-12-08,Newcastle,Southampton,2,1,H,0.3697819227654762,Bet365,0.0,1.86,Bet365,2.5,2.12,1.73,Bet365
1920,E0,2019-12-08,Brighton,Wolves,2,2,H,0.35605419645613884,Bet365,0.0,1.93,Bet365,2.5,2.29,1.63,Bet365
1920,D1,2019-12-08,Werder Bremen,Paderborn,0,1,H,0.6214491605606531,Bet365,-1.0,1.85,Bet365,2.5,1.33,3.29,Bet365
1920,I1,2019-12-08,Sampdoria,Parma,0,1,H,0.4709682567895503,Bet365,-0.5,2.05,Bet365,2.5,2.08,1.75,Bet365
1920,F1,2019-12-08,Marseille,Bordeaux,3,1,H,0.590843099316493,Bet365,-1.0,2.05,Bet365,2.5,1.9,1.9,Bet365
1920,E0,2019-12-09,West Ham,Arsenal,1,3,A,0.4831392170878358,Bet365,-0.5,2.01,Bet365,2.5,1.44,2.78,Bet365
1920,D1,2019-12-13,Hoffenheim,Augsburg,2,4,H,0.5208270941027878,Bet365,-0.5,1.88,Bet365,2.5,1.56,2.42,Bet365
1920,SP1,2019-12-14,Granada,Levante,1,2,H,0.4750433194734936,Bet365,-0.5,2.05,Bet365,2.5,1.92,1.89,Bet365
1920,E0,2019-12-14,Liverpool,Watford,2,0,H,0.8174973331983711,Bet365,-2.0,1.86,Bet365,2.5,1.39,3.01,Bet365
1920,I1,2019-12-14,Brescia,Lecce,3,0,H,0.47239458570232906,Bet365,-0.5,2.03,Bet365,2.5,1.69,2.16,Bet365
1920,D1,2019-12-14,Bayern Munich,Werder Bremen,6,1,H,0.8330270412181676,Bet365,-2.5,2.03,Bet365,2.5,1.22,4.16,Bet365
1920,D1,2019-12-14,Hertha,Freiburg,1,0,H,0.47065728123431194,Bet365,-0.5,2.06,Bet365,2.5,1.79,2.04,Bet365
1920,D1,2019-12-14,Mainz,Dortmund,0,4,A,0.5789958544449563,Bet365,-1.0,2.1,Bet365,2.5,1.46,2.7,Bet365
1920,D1,2019-12-14,Paderborn,Union Berlin,1,1,A,0.3926761048912149,Bet365,-0.0,1.84,Bet365,2.5,1.64,2.26,Bet365
1920,E0,2019-12-14,Burnley,Newcastle,1,0,H,0.4898185144177538,Bet365,-0.5,1.94,Bet365,2.5,2.11,1.74,Bet365
1920,E0,2019-12-14,Leicester,Norwich,1,1,H,0.7854989325181067,Bet365,-2.0,2.05,Bet365,2.5,1.43,2.83,Bet365
1920,E0,2019-12-14,Sheffield United,Aston Villa,2,0,H,0.5149216133716622,Bet365,-0.5,1.86,Bet365,2.5,1.81,2.02,Bet365
1920,SP1,2019-12-14,Sociedad,Barcelona,2,2,A,0.5731617271188559,Bet365,-1.0,2.05,Bet365,2.5,1.53,2.49,Bet365
1920,I1,2019-12-14,Napoli,Parma,1,2,H,0.7283557362442129,Bet365,-1.5,1.92,Bet365,2.5,1.51,2.51,Bet365
1920,E0,2019-12-14,Southampton,West Ham,0,1,H,0.500321504233703,Bet365,-0.5,1.92,Bet365,2.5,1.61,2.33,Bet365
1920,F1,2019-12-14,Amiens,Dijon,1,1,H,0.46886601080680923,Bet365,-0.5,2.06,Bet365,2.5,2.15,1.7,Bet365
1920,F1,2019-12-14,Brest,Nice,0,0,H,0.3570092398390114,Bet365,0.0,1.96,Bet365,2.5,1.92,1.88,Bet365
1920,I1,2019-12-14,Genoa,Sampdoria,0,1,H,0.35669424298747526,Bet365,0.0,1.93,Bet365,2.5,2.02,1.79,Bet365
1920,I1,2019-12-15,Verona,Torino,3,3,A,0.35116073932855574,Bet365,-0.0,1.95,Bet365,2.5,2.21,1.66,Bet365
1920,I1,2019-12-15,Bologna,Atalanta,2,1,A,0.49785480665512855,Bet365,-0.5,1.93,Bet365,2.5,1.55,2.42,Bet365
1920,I1,2019-12-15,Milan,Sassuolo,0,0,H,0.6144038808383606,Bet365,-1.0,1.95,Bet365,2.5,1.6,2.32,Bet365
1920,D1,2019-12-15,Wolfsburg,MGladbach,2,1,H,0.36595015376729884,Bet365,0.0,1.92,Bet365,2.5,1.74,2.09,Bet365
1920,SP1,2019-12-15,Espanol,Betis,2,2,H,0.3709143268538517,Bet365,0.0,1.89,Bet365,2.5,1.95,1.85,Bet365
1920,D1,2019-12-15,Schalke 04,Ein Frankfurt,1,0,H,0.4854164670987976,Bet365,-0.5,1.99,Bet365,2.5,1.66,2.22,Bet365
1920,I1,2019-12-15,Roma,Spal,3,1,H,0.7372104961424465,Bet365,-1.5,1.96,Bet365,2.5,1.58,2.35,Bet365
1920,F1,2019-12-15,St Etienne,Paris SG,0,4,A,0.6913142903631441,Bet365,-1.5,2.05,Bet365,2.5,1.53,2.48,Bet365
1920,SP1,2019-12-15,Valencia,Real Madrid,1,1,A,0.501856827477624,Bet365,-0.5,1.93,Bet365,2.5,1.57,2.39,Bet365
1920,E0,2019-12-16,Crystal Palace,Brighton,1,1,H,0.3747825147889944,Bet365,0.0,1.83,Bet365,2.5,2.18,1.69,Bet365
1920,I1,2019-12-16,Cagliari,Lazio,1,2,A,0.521335376329108,Bet365,-0.5,1.87,Bet365,2.5,1.56,2.4,Bet365
1920,D1,2019-12-18,Leverkusen,Hertha,0,1,H,0.6197266500607737,Bet365,-1.0,1.9,Bet365,2.5,1.51,2.53,Bet365
1920,I1,2019-12-18,Sampdoria,Juventus,1,2,A,0.6238508844227477,Bet365,-1.0,1.96,Bet365,2.5,1.87,1.93,Bet365
1920,D1,2019-12-18,Freiburg,Bayern Munich,1,3,A,0.7753200733921067,Bet365,-2.0,1.95,Bet365,2.5,1.28,3.6,Bet365
1920,D1,2019-12-18,MGladbach,Paderborn,2,0,H,0.7302177662785683,Bet365,-1.5,1.77,Bet365,2.5,1.28,3.63,Bet365
1920,D1,2019-12-20,Hoffenheim,Dortmund,2,1,A,0.5031313254812461,Bet365,-0.5,1.92,Bet365,2.5,1.46,2.69,Bet365
1920,SP1,2019-12-20,Eibar,Granada,3,0,H,0.45839026635593627,Bet365,-0.5,2.11,Bet365,2.5,2.46,1.55,Bet365
1920,I1,2019-12-21,Udinese,Cagliari,2,1,H,0.3762918470099815,Bet365,0.0,1.85,Bet365,2.5,1.92,1.88,Bet365
1920,D1,2019-12-21,Mainz,Leverkusen,0,1,A,0.5133389328853691,Bet365,-0.5,1.89,Bet365,2.5,1.47,2.65,Bet365
1920,E0,2019-12-21,Aston Villa,Southampton,1,3,H,0.39476843810833806,Bet365,0.0,1.75,Bet365,2.5,1.62,2.31,Bet365
1920,E0,2019-12-21,Norwich,Wolves,1,2,A,0.48630311758311284,Bet365,-0.5,2.01,Bet365,2.5,1.79,2.04,Bet365
1920,I1,2019-12-21,Inter,Genoa,4,0,H,0.7039781936741141,Bet365,-2.5,3.55,Bet365,2.5,1.64,2.24,Bet365
1920,E0,2019-12-21,Man City,Leicester,3,1,H,0.6989605595004794,Bet365,-2.5,3.3,Bet365,2.5,1.42,2.86,Bet365
1920,F1,2019-12-21,Marseille,Nimes,3,1,H,0.740428439166108,Bet365,-1.5,1.9,Bet365,2.5,1.63,2.27,Bet365
1920,F1,2019-12-21,Montpellier,Brest,4,0,H,0.6081763221224394,Bet365,-1.0,2.06,Bet365,2.5,2.01,1.8,Bet365
1920,F1,2019-12-21,Paris SG,Amiens,4,1,H,0.8857712804183518,Bet365,-3.0,2.02,Bet365,2.5,1.22,4.09,Bet365
1920,F1,2019-12-21,Reims,Lyon,1,1,A,0.3498529339270749,Bet365,-0.0,1.93,Bet365,2.5,2.36,1.58,Bet365
1920,F1,2019-12-21,Rennes,Bordeaux,1,0,H,0.46787247288574335,Bet365,-0.5,2.06,Bet365,2.5,2.31,1.61,Bet365
1920,F1,2019-12-21,Strasbourg,St Etienne,2,1,H,0.4563650443795795,Bet365,-0.5,2.1,Bet365,2.5,2.24,1.64,Bet365
1920,SP1,2019-12-22,Osasuna,Sociedad,3,4,A,0.3696006291074538,Bet365,-0.0,1.88,Bet365,2.5,2.02,1.79,Bet365
1920,D1,2019-12-22,Fortuna Dusseldorf,Union Berlin,2,1,A,0.3661245345669659,Bet365,-0.0,1.91,Bet365,2.5,1.94,1.86,Bet365
1920,SP1,2019-12-22,Betis,Ath Madrid,1,2,A,0.4634165889484728,Bet365,-0.5,2.07,Bet365,2.5,2.14,1.71,Bet365
1920,D1,2019-12-22,Paderborn,Ein Frankfurt,2,1,A,0.4793005364879441,Bet365,-0.5,2.02,Bet365,2.5,1.43,2.77,Bet365
1920,SP1,2019-12-22,Levante,Celta,3,1,A,0.3653165426811241,Bet365,-0.0,1.94,Bet365,2.5,1.72,2.1,Bet365
1920,SP1,2019-12-22,Real Madrid,Ath Bilbao,0,0,H,0.7039941742642374,Bet365,-1.5,2.05,Bet365,2.5,1.63,2.24,Bet365
1920,E0,2019-12-26,Tottenham,Brighton,2,1,H,0.6165304016220055,Bet365,-1.0,1.94,Bet365,2.5,1.6,2.35,Bet365
1920,E0,2019-12-26,Bournemouth,Arsenal,1,1,A,0.4770164787510842,Bet365,-0.5,2.02,Bet365,2.5,1.55,2.43,Bet365
1920,E0,2019-12-26,Chelsea,Southampton,0,2,H,0.7084260464335195,Bet365,-1.5,2.03,Bet365,2.5,1.49,2.62,Bet365
1920,E0,2019-12-26,Sheffield United,Watford,1,1,H,0.5148100324764252,Bet365,-0.5,1.87,Bet365,2.5,2.11,1.74,Bet365
1920,E0,2019-12-26,Man United,Newcastle,4,1,H,0.7106439531231123,Bet365,-1.5,2.06,Bet365,2.5,1.72,2.13,Bet365
1920,E0,2019-12-28,Southampton,Crystal Palace,1,1,H,0.4851976599893636,Bet365,-0.5,1.98,Bet365,2.5,2.04,1.78,Bet365
1920,E0,2019-12-28,Watford,Aston Villa,3,0,H,0.48237941829119085,Bet365,-0.5,2.0,Bet365,2.5,1.7,2.18,Bet365
1920,E0,2019-12-28,West Ham,Leicester,1,2,A,0.5148910039914031,Bet365,-0.5,1.86,Bet365,2.5,1.61,2.32,Bet365
1920,E0,2019-12-28,Burnley,Man United,0,2,A,0.518340348767288,Bet365,-0.5,1.85,Bet365,2.5,1.95,1.87,Bet365
1920,E0,2019-12-29,Liverpool,Wolves,1,0,H,0.7482822062854354,Bet365,-1.5,1.85,Bet365,2.5,1.55,2.43,Bet365
1920,E0,2019-12-29,Man City,Sheffield United,2,0,H,0.8103746373028169,Bet365,-2.0,1.92,Bet365,2.5,1.38,3.0,Bet365
1920,E0,2020-01-01,Brighton,Chelsea,1,1,A,0.47722650187446414,Bet365,-0.5,2.02,Bet365,2.5,1.7,2.15,Bet365
1920,E0,2020-01-01,Norwich,Crystal Palace,1,1,H,0.37813312501726104,Bet365,0.0,1.86,Bet365,2.5,1.88,1.94,Bet365
1920,E0,2020-01-01,West Ham,Bournemouth,4,0,H,0.49074845807634615,Bet365,-0.5,1.94,Bet365,2.5,1.67,2.22,Bet365
1920,E0,2020-01-01,Arsenal,Man United,2,0,H,0.370741529888314,Bet365,0.0,1.93,Bet365,2.5,1.64,2.26,Bet365
1920,SP1,2020-01-03,Valladolid,Leganes,2,2,H,0.35087477613996415,Bet365,0.0,1.88,Bet365,2.5,3.09,1.36,Bet365
1920,SP1,2020-01-04,Getafe,Real Madrid,0,3,A,0.5157626844858789,Bet365,-0.5,1.86,Bet365,2.5,1.93,1.88,Bet365
1920,SP1,2020-01-04,Ath Madrid,Levante,2,1,H,0.7456335708488057,Bet365,-1.5,1.88,Bet365,2.5,1.66,2.22,Bet365
1920,SP1,2020-01-05,Granada,Mallorca,1,0,H,0.49100198419557123,Bet365,-0.5,1.97,Bet365,2.5,2.26,1.64,Bet365
1920,I1,2020-01-05,Brescia,Lazio,1,2,A,0.6089927399182478,Bet365,-1.0,1.97,Bet365,2.5,1.53,2.48,Bet365
1920,SP1,2020-01-05,Sociedad,Villarreal,1,2,H,0.49896415386365434,Bet365,-0.5,1.94,Bet365,2.5,1.61,2.31,Bet365
1920,SP1,2020-01-05,Alaves,Betis,1,1,H,0.3585281156712629,Bet365,0.0,1.94,Bet365,2.5,2.14,1.7,Bet365
1920,I1,2020-01-05,Roma,Torino,0,2,H,0.6376131411330874,Bet365,-1.0,1.75,Bet365,2.5,1.6,2.3,Bet365
1920,I1,2020-01-06,Atalanta,Parma,5,0,H,0.734859559962226,Bet365,-1.5,1.77,Bet365,2.5,1.45,2.71,Bet365
1920,I1,2020-01-06,Milan,Sampdoria,0,0,H,0.608280207597762,Bet365,-1.0,2.0,Bet365,2.5,1.83,1.97,Bet365
1920,I1,2020-01-06,Lecce,Udinese,0,1,A,0.37580691781481834,Bet365,-0.0,1.9,Bet365,2.5,1.71,2.13,Bet365
1920,I1,2020-01-06,Napoli,Inter,1,3,H,0.3746659218146525,Bet365,0.0,1.9,Bet365,2.5,1.74,2.08,Bet365
1920,F1,2020-01-10,Rennes,Marseille,0,1,H,0.36304613846009987,Bet365,0.0,1.85,Bet365,2.5,2.18,1.68,Bet365
1920,E0,2020-01-10,Sheffield United,West Ham,1,0,H,0.475825305616585,Bet365,-0.5,2.05,Bet365,2.5,2.03,1.8,Bet365
1920,E0,2020-01-11,Chelsea,Burnley,3,0,H,0.7426203667464982,Bet365,-1.5,1.88,Bet365,2.5,1.66,2.24,Bet365
1920,E0,2020-01-11,Everton,Brighton,1,0,H,0.5050130761358848,Bet365,-0.5,1.94,Bet365,2.5,1.83,2.0,Bet365
1920,E0,2020-01-11,Leicester,Southampton,1,2,H,0.5853681953467532,Bet365,-1.0,2.05,Bet365,2.5,1.64,2.28,Bet365
1920,E0,2020-01-11,Man United,Norwich,4,0,H,0.7053375488190441,Bet365,-1.5,2.08,Bet365,2.5,1.58,2.39,Bet365
1920,E0,2020-01-11,Wolves,Newcastle,1,1,H,0.657804431818399,Bet365,-1.0,1.8,Bet365,2.5,2.01,1.82,Bet365
1920,F1,2020-01-11,Angers,Nice,1,1,H,0.4844213781703784,Bet365,-0.5,1.97,Bet365,2.5,2.13,1.71,Bet365
1920,F1,2020-01-11,Metz,Strasbourg,1,0,A,0.36597047674409083,Bet365,-0.0,1.83,Bet365,2.5,2.56,1.5,Bet365
1920,I1,2020-01-12,Fiorentina,Spal,1,0,H,0.6498705042641924,Bet365,-1.0,1.75,Bet365,2.5,1.83,1.97,Bet365
1920,I1,2020-01-12,Sampdoria,Brescia,5,1,H,0.4775481111903065,Bet365,-0.5,2.04,Bet365,2.5,2.05,1.77,Bet365
1920,F1,2020-01-12,St Etienne,Nantes,0,2,H,0.37453391317118545,Bet365,0.0,1.83,Bet365,2.5,2.55,1.51,Bet365
1920,E0,2020-01-12,Bournemouth,Watford,0,3,H,0.3671649359962284,Bet365,0.0,1.92,Bet365,2.5,1.89,1.93,Bet365
1920,F1,2020-01-12,Dijon,Lille,1,0,A,0.4821755871613077,Bet365,-0.5,1.96,Bet365,2.5,2.2,1.67,Bet365
1920,F1,2020-01-12,Paris SG,Monaco,3,3,H,0.7829881158169799,Bet365,-2.0,1.9,Bet365,2.5,1.23,4.04,Bet365
1920,I1,2020-01-13,Parma,Lecce,2,0,H,0.5055677154582763,Bet365,-0.5,1.91,Bet365,2.5,1.68,2.18,Bet365
1920,F1,2020-01-15,Amiens,Reims,1,1,H,0.34075949784720966,Bet365,0.0,1.92,Bet365,2.5,2.76,1.44,Bet365
1920,D1,2020-01-17,Schalke 04,MGladbach,2,0,A,0.3710100316936466,Bet365,-0.0,1.89,Bet365,2.5,1.71,2.13,Bet365
1920,SP1,2020-01-17,Leganes,Getafe,0,3,A,0.34063788769857734,Bet365,-0.0,1.94,Bet365,2.5,3.04,1.37,Bet365
1920,SP1,2020-01-18,Levante,Alaves,0,1,H,0.4620437821588625,Bet365,-0.5,2.08,Bet365,2.5,1.89,1.91,Bet365
1920,D1,2020-01-18,Augsburg,Dortmund,3,5,A,0.5768833849329206,Bet365,-1.0,2.09,Bet365,2.5,1.43,2.79,Bet365
1920,D1,2020-01-18,FC Koln,Wolfsburg,3,1,A,0.3701107144725669,Bet365,-0.0,1.92,Bet365,2.5,1.93,1.86,Bet365
1920,D1,2020-01-18,Fortuna Dusseldorf,Werder Bremen,0,1,A,0.38012341901670094,Bet365,-0.0,1.89,Bet365,2.5,1.65,2.23,Bet365
1920,E0,2020-01-18,Arsenal,Sheffield United,1,1,H,0.5188703871402283,Bet365,-0.5,1.87,Bet365,2.5,1.99,1.83,Bet365
1920,E0,2020-01-18,Man City,Crystal Palace,2,2,H,0.8709083034187092,Bet365,-2.5,1.86,Bet365,2.5,1.29,3.53,Bet365
1920,SP1,2020-01-18,Real Madrid,Sevilla,2,1,H,0.589747189494487,Bet365,-1.0,2.07,Bet365,2.5,1.63,2.26,Bet365
1920,I1,2020-01-18,Sassuolo,Torino,2,1,H,0.364518816328009,Bet365,0.0,1.91,Bet365,2.5,1.88,1.93,Bet365
1920,E0,2020-01-18,Newcastle,Chelsea,1,0,A,0.629710021105328,Bet365,-1.0,1.89,Bet365,2.5,1.68,2.2,Bet365
1920,SP1,2020-01-18,Osasuna,Valladolid,0,0,H,0.5152885815494211,Bet365,-0.5,1.89,Bet365,2.5,2.25,1.64,Bet365
1920,I1,2020-01-18,Napoli,Fiorentina,0,2,H,0.5882256119114627,Bet365,-1.0,2.1,Bet365,2.5,1.67,2.2,Bet365
1920,SP1,2020-01-18,Eibar,Ath Madrid,2,0,A,0.5228520467540353,Bet365,-0.5,1.85,Bet365,2.5,2.41,1.56,Bet365
1920,SP1,2020-01-19,Mallorca,Valencia,4,1,A,0.4675354932653804,Bet365,-0.5,2.06,Bet365,2.5,1.92,1.88,Bet365
1920,I1,2020-01-19,Milan,Udinese,3,2,H,0.6182962892742939,Bet365,-1.0,2.01,Bet365,2.5,1.97,1.83,Bet365
1920,SP1,2020-01-19,Betis,Sociedad,3,0,H,0.3872820126615048,Bet365,0.0,1.86,Bet365,2.5,1.63,2.26,Bet365
1920,I1,2020-01-19,Bologna,Verona,1,1,H,0.4901820628179792,Bet365,-0.5,1.97,Bet365,2.5,1.83,1.97,Bet365
1920,I1,2020-01-19,Brescia,Cagliari,2,2,H,0.3848179705654531,Bet365,0.0,1.85,Bet365,2.5,1.75,2.07,Bet365
1920,I1,2020-01-19,Lecce,Inter,1,1,A,0.7317524839480082,Bet365,-1.5,1.88,Bet365,2.5,1.51,2.52,Bet365
1920,E0,2020-01-19,Burnley,Leicester,2,1,A,0.5127301033382919,Bet365,-0.5,1.9,Bet365,2.5,1.85,1.96,Bet365
1920,D1,2020-01-19,Hertha,Bayern Munich,0,4,A,0.7118471132767933,Bet365,-1.5,1.94,Bet365,2.5,1.4,2.92,Bet365
1920,D1,2020-01-19,Paderborn,Leverkusen,1,4,A,0.5878111776666484,Bet365,-1.0,2.04,Bet365,2.5,1.42,2.83,Bet365
1920,I1,2020-01-19,Genoa,Roma,1,3,A,0.49300474237062863,Bet365,-0.5,1.95,Bet365,2.5,1.84,1.96,Bet365
1920,SP1,2020-01-19,Ath Bilbao,Celta,1,1,H,0.4890701702245407,Bet365,-0.5,1.99,Bet365,2.5,2.4,1.57,Bet365
1920,I1,2020-01-20,Atalanta,Spal,1,2,H,0.7971786744338787,Bet365,-2.0,1.95,Bet365,2.5,1.39,2.94,Bet365
1920,E0,2020-01-21,Aston Villa,Watford,2,1,A,0.38605827000202864,Bet365,-0.0,1.84,Bet365,2.5,1.89,1.93,Bet365
1920,E0,2020-01-21,Bournemouth,Brighton,3,1,A,0.3879804453758671,Bet365,-0.0,1.72,Bet365,2.5,1.98,1.85,Bet365
1920,E0,2020-01-21,Crystal Palace,Southampton,0,2,A,0.35327040480140987,Bet365,-0.0,1.97,Bet365,2.5,2.21,1.68,Bet365
1920,E0,2020-01-21,Everton,Newcastle,2,2,H,0.6005901727298469,Bet365,-1.0,2.11,Bet365,2.5,1.95,1.87,Bet365
1920,E0,2020-01-22,Leicester,West Ham,4,1,H,0.6261589241539767,Bet365,-1.0,1.9,Bet365,2.5,1.62,2.32,Bet365
1920,F1,2020-01-24,Nice,Rennes,1,1,H,0.35772860900510595,Bet365,0.0,1.91,Bet365,2.5,2.28,1.62,Bet365
1920,D1,2020-01-25,MGladbach,Mainz,3,1,H,0.6243984514804332,Bet365,-1.0,1.84,Bet365,2.5,1.38,3.01,Bet365
1920,SP1,2020-01-25,Alaves,Villarreal,1,2,A,0.36616080077494345,Bet365,-0.0,1.89,Bet365,2.5,2.07,1.76,Bet365
1920,F1,2020-01-25,Monaco,Strasbourg,1,3,H,0.5900586737517989,Bet365,-1.0,2.11,Bet365,2.5,1.69,2.17,Bet365
1920,F1,2020-01-25,Reims,Metz,0,1,H,0.4950029668842382,Bet365,-0.5,1.95,Bet365,2.5,2.93,1.39,Bet365
1920,SP1,2020-01-26,Ath Madrid,Leganes,0,0,H,0.6591160453293213,Bet365,-1.0,1.86,Bet365,2.5,2.31,1.61,Bet365
1920,I1,2020-01-26,Inter,Cagliari,1,1,H,0.71968132700117,Bet365,-1.5,1.99,Bet365,2.5,1.56,2.41,Bet365
1920,SP1,2020-01-26,Celta,Eibar,0,0,H,0.4643557353679497,Bet365,-0.5,2.09,Bet365,2.5,2.08,1.75,Bet365
1920,F1,2020-01-26,Lyon,Toulouse,3,0,H,0.7369479024050523,Bet365,-1.5,1.85,Bet365,2.5,1.47,2.66,Bet365
1920,D1,2020-01-26,Werder Bremen,Hoffenheim,0,3,H,0.3943556728398217,Bet365,0.0,1.85,Bet365,2.5,1.52,2.5,Bet365
1920,SP1,2020-01-26,Getafe,Betis,1,0,H,0.4693998382624769,Bet365,-0.5,2.06,Bet365,2.5,2.23,1.65,Bet365
1920,F1,2020-01-26,Nantes,Bordeaux,0,1,H,0.4976793555605886,Bet365,-0.5,1.9,Bet365,2.5,2.62,1.48,Bet365
1920,I1,2020-01-26,Roma,Lazio,1,1,A,0.3891545475006811,Bet365,-0.0,1.86,Bet365,2.5,1.58,2.38,Bet365
1920,D1,2020-01-26,Leverkusen,Fortuna Dusseldorf,3,0,H,0.6881383899346254,Bet365,-1.5,2.05,Bet365,2.5,1.47,2.63,Bet365
1920,E0,2020-01-29,West Ham,Liverpool,0,2,A,0.7186664360690196,Bet365,-1.5,2.02,Bet365,2.5,1.56,2.44,Bet365
1920,D1,2020-01-31,Hertha,Schalke 04,0,0,A,0.36171743248319577,Bet365,-0.0,1.95,Bet365,2.5,1.96,1.85,Bet365
1920,F1,2020-01-31,Rennes,Nantes,3,2,H,0.4735582523243747,Bet365,-0.5,2.04,Bet365,2.5,2.49,1.52,Bet365
1920,SP1,2020-02-01,Granada,Espanol,2,1,H,0.35459972522016836,Bet365,0.0,1.88,Bet365,2.5,2.44,1.55,Bet365
1920,E0,2020-02-01,Leicester,Chelsea,2,2,H,0.3804566352372789,Bet365,0.0,1.9,Bet365,2.5,1.69,2.18,Bet365
1920,E0,2020-02-01,Crystal Palace,Sheffield United,0,1,A,0.37967684021543985,Bet365,-0.0,1.8,Bet365,2.5,2.63,1.48,Bet365
1920,E0,2020-02-01,Liverpool,Southampton,4,0,H,0.7475396193216268,Bet365,-1.5,1.86,Bet365,2.5,1.53,2.49,Bet365
1920,E0,2020-02-01,Watford,Everton,2,3,A,0.3626363994916517,Bet365,-0.0,1.94,Bet365,2.5,2.01,1.81,Bet365
1920,E0,2020-02-01,West Ham,Brighton,3,3,H,0.3739814198294175,Bet365,0.0,1.87,Bet365,2.5,1.92,1.9,Bet365
1920,SP1,2020-02-01,Real Madrid,Ath Madrid,1,0,H,0.5282702282903631,Bet365,-0.5,1.84,Bet365,2.5,2.16,1.69,Bet365
1920,I1,2020-02-01,Cagliari,Parma,2,2,H,0.4988259470865903,Bet365,-0.5,1.93,Bet365,2.5,1.82,1.99,Bet365
1920,D1,2020-02-01,RB Leipzig,MGladbach,2,2,H,0.6226383644836108,Bet365,-1.0,1.85,Bet365,2.5,1.45,2.73,Bet365
1920,F1,2020-02-01,Amiens,Toulouse,0,0,H,0.46969818678389647,Bet365,-0.5,2.03,Bet365,2.5,2.09,1.73,Bet365
1920,F1,2020-02-01,Dijon,Brest,3,0,H,0.46029486300348826,Bet365,-0.5,2.09,Bet365,2.5,1.95,1.86,Bet365
1920,F1,2020-02-01,Strasbourg,Lille,1,2,H,0.3579589477438478,Bet365,0.0,1.86,Bet365,2.5,2.52,1.52,Bet365
1920,SP1,2020-02-01,Valencia,Celta,1,0,H,0.5265410272767197,Bet365,-0.5,1.77,Bet365,2.5,1.94,1.86,Bet365
1920,SP1,2020-02-02,Leganes,Sociedad,2,1,A,0.36882523532556744,Bet365,-0.0,1.85,Bet365,2.5,2.26,1.63,Bet365
1920,I1,2020-02-02,Juventus,Fiorentina,3,0,H,0.711544583855256,Bet365,-1.5,2.07,Bet365,2.5,1.62,2.29,Bet365
1920,SP1,2020-02-02,Eibar,Betis,1,1,H,0.3834519750752419,Bet365,0.0,1.85,Bet365,2.5,1.9,1.9,Bet365
1920,E0,2020-02-02,Burnley,Arsenal,0,0,A,0.4737305452866718,Bet365,-0.5,2.04,Bet365,2.5,1.9,1.91,Bet365
1920,F1,2020-02-02,Metz,St Etienne,3,1,H,0.360872233359244,Bet365,0.0,1.82,Bet365,2.5,2.56,1.5,Bet365
1920,E0,2020-02-02,Tottenham,Man City,2,0,A,0.6145686412787964,Bet365,-1.0,1.95,Bet365,2.5,1.49,2.61,Bet365
1920,D1,2020-02-02,Paderborn,Wolfsburg,2,4,A,0.5087438010365785,Bet365,-0.5,1.9,Bet365,2.5,1.63,2.25,Bet365
1920,F1,2020-02-04,Lille,Rennes,1,0,H,0.46170351368559753,Bet365,-0.5,2.09,Bet365,2.5,2.24,1.64,Bet365
1920,F1,2020-02-04,Monaco,Angers,1,0,H,0.47769780034084286,Bet365,-0.5,2.01,Bet365,2.5,1.83,1.97,Bet365
1920,F1,2020-02-04,Nantes,Paris SG,1,2,A,0.7151811235169918,Bet365,-1.5,1.99,Bet365,2.5,1.56,2.4,Bet365
1920,F1,2020-02-05,Brest,Bordeaux,1,1,H,0.37779788300112377,Bet365,0.0,1.81,Bet365,2.5,2.19,1.67,Bet365
1920,F1,2020-02-05,Lyon,Amiens,0,0,H,0.7173099410120541,Bet365,-1.5,2.07,Bet365,2.5,1.69,2.16,Bet365
1920,D1,2020-02-07,Ein Frankfurt,Augsburg,5,0,H,0.4943704581604966,Bet365,-0.5,1.96,Bet365,2.5,1.79,2.02,Bet365
1920,F1,2020-02-07,Angers,Lille,0,2,A,0.3573594407420859,Bet365,-0.0,1.87,Bet365,2.5,2.51,1.52,Bet365
1920,I1,2020-02-07,Roma,Bologna,2,3,H,0.5835249860595183,Bet365,-1.0,2.05,Bet365,2.5,1.54,2.46,Bet365
1920,SP1,2020-02-08,Levante,Leganes,2,0,H,0.36823928610242357,Bet365,0.0,1.86,Bet365,2.5,2.08,1.74,Bet365
1920,I1,2020-02-08,Fiorentina,Atalanta,1,2,A,0.5117371838825474,Bet365,-0.5,1.9,Bet365,2.5,1.66,2.21,Bet365
1920,D1,2020-02-08,Freiburg,Hoffenheim,1,0,H,0.3734916842017666,Bet365,0.0,1.91,Bet365,2.5,1.6,2.31,Bet365
1920,D1,2020-02-08,Hertha,Mainz,1,3,H,0.4692791132926004,Bet365,-0.5,2.08,Bet365,2.5,1.67,2.21,Bet365
1920,D1,2020-02-08,Schalke 04,Paderborn,1,1,H,0.6345358502927808,Bet365,-1.0,1.75,Bet365,2.5,1.49,2.59,Bet365
1920,D1,2020-02-08,Wolfsburg,Fortuna Dusseldorf,1,1,H,0.611639234788074,Bet365,-1.0,1.96,Bet365,2.5,1.72,2.11,Bet365
1920,SP1,2020-02-08,Getafe,Valencia,3,0,H,0.47012993540928405,Bet365,-0.5,2.04,Bet365,2.5,2.37,1.58,Bet365
1920,F1,2020-02-08,Marseille,Toulouse,1,0,H,0.7200753564761065,Bet365,-1.5,2.04,Bet365,2.5,1.74,2.09,Bet365
1920,F1,2020-02-08,Amiens,Monaco,1,2,A,0.48094549832216577,Bet365,-0.5,2.02,Bet365,2.5,1.91,1.88,Bet365
1920,F1,2020-02-08,Dijon,Nantes,3,3,H,0.36541770565957915,Bet365,0.0,1.88,Bet365,2.5,2.32,1.6,Bet365
1920,F1,2020-02-08,Metz,Bordeaux,1,2,H,0.36892188387381464,Bet365,0.0,1.82,Bet365,2.5,2.6,1.48,Bet365
1920,F1,2020-02-08,Nice,Nimes,1,3,H,0.4891925851675114,Bet365,-0.5,1.97,Bet365,2.5,2.02,1.79,Bet365
1920,F1,2020-02-08,Rennes,Brest,0,0,H,0.6118078968685514,Bet365,-1.0,1.99,Bet365,2.5,1.84,1.97,Bet365
1920,I1,2020-02-08,Verona,Juventus,2,1,A,0.6289959168481524,Bet365,-1.0,1.93,Bet365,2.5,1.89,1.9,Bet365
1920,I1,2020-02-09,Spal,Sassuolo,1,2,A,0.3742689589976126,Bet365,-0.0,1.89,Bet365,2.5,1.83,1.97,Bet365
1920,I1,2020-02-09,Brescia,Udinese,1,1,A,0.35881485670429986,Bet365,-0.0,1.95,Bet365,2.5,1.9,1.89,Bet365
1920,I1,2020-02-09,Napoli,Lecce,2,3,H,0.7860931054802592,Bet365,-2.0,2.06,Bet365,2.5,1.38,3.0,Bet365
1920,SP1,2020-02-09,Osasuna,Real Madrid,1,4,A,0.6189079663005226,Bet365,-1.0,1.94,Bet365,2.5,1.7,2.14,Bet365
1920,D1,2020-02-09,Bayern Munich,RB Leipzig,0,0,H,0.6707743123928096,Bet365,-1.5,2.05,Bet365,2.5,1.28,3.6,Bet365
1920,I1,2020-02-09,Inter,Milan,4,2,H,0.48741092636579575,Bet365,-0.5,1.99,Bet365,2.5,1.96,1.83,Bet365
1920,SP1,2020-02-09,Betis,Barcelona,2,3,A,0.5146628791043529,Bet365,-0.5,1.89,Bet365,2.5,1.53,2.46,Bet365
1920,E0,2020-02-14,Wolves,Leicester,0,0,H,0.3771642655383925,Bet365,0.0,1.84,Bet365,2.5,2.03,1.8,Bet365
1920,D1,2020-02-15,Augsburg,Freiburg,1,1,H,0.4673454428759494,Bet365,-0.5,2.06,Bet365,2.5,1.67,2.2,Bet365
1920,D1,2020-02-15,Hoffenheim,Wolfsburg,2,3,H,0.3842511301971191,Bet365,0.0,1.83,Bet365,2.5,1.7,2.14,Bet365
1920,D1,2020-02-15,Paderborn,Hertha,1,2,A,0.3792825585595599,Bet365,-0.0,1.9,Bet365,2.5,1.69,2.18,Bet365
1920,D1,2020-02-15,Union Berlin,Leverkusen,2,3,A,0.49176038846872994,Bet365,-0.5,1.97,Bet365,2.5,1.67,2.2,Bet365
1920,F1,2020-02-15,Amiens,Paris SG,4,4,A,0.7187836924145241,Bet365,-1.5,1.92,Bet365,2.5,1.43,2.8,Bet365
1920,I1,2020-02-15,Bologna,Genoa,0,3,H,0.5175312611176262,Bet365,-0.5,1.85,Bet365,2.5,1.79,2.02,Bet365
1920,SP1,2020-02-15,Villarreal,Levante,2,1,H,0.6262881087783811,Bet365,-1.0,1.87,Bet365,2.5,1.47,2.65,Bet365
1920,E0,2020-02-15,Norwich,Liverpool,0,1,A,0.7441901918406453,Bet365,-1.5,1.93,Bet365,2.5,1.51,2.56,Bet365
1920,D1,2020-02-15,Fortuna Dusseldorf,MGladbach,1,4,A,0.515648880324274,Bet365,-0.5,1.87,Bet365,2.5,1.66,2.21,Bet365
1920,F1,2020-02-15,Bordeaux,Dijon,2,2,H,0.5179365115544542,Bet365,-0.5,1.85,Bet365,2.5,2.32,1.6,Bet365
1920,F1,2020-02-15,Nantes,Metz,0,0,H,0.49631865679523823,Bet365,-0.5,1.95,Bet365,2.5,2.42,1.56,Bet365
1920,F1,2020-02-15,Nimes,Angers,1,0,H,0.3477663230240549,Bet365,0.0,1.95,Bet365,2.5,2.36,1.58,Bet365
1920,F1,2020-02-15,Toulouse,Nice,0,2,H,0.38381508917864204,Bet365,0.0,1.84,Bet365,2.5,1.85,1.95,Bet365
1920,SP1,2020-02-16,Sevilla,Espanol,2,2,H,0.596703632109065,Bet365,-1.0,2.11,Bet365,2.5,2.02,1.79,Bet365
1920,I1,2020-02-16,Udinese,Verona,0,0,H,0.37095381171919667,Bet365,0.0,1.85,Bet365,2.5,2.18,1.68,Bet365
1920,I1,2020-02-16,Juventus,Brescia,2,0,H,0.8087241103804315,Bet365,-2.0,1.95,Bet365,2.5,1.44,2.75,Bet365
1920,I1,2020-02-16,Sampdoria,Fiorentina,1,5,A,0.3517539310840441,Bet365,-0.0,1.94,Bet365,2.5,2.12,1.72,Bet365
1920,I1,2020-02-16,Sassuolo,Parma,0,1,H,0.4730099245040471,Bet365,-0.5,2.04,Bet365,2.5,1.75,2.08,Bet365
1920,E0,2020-02-16,Aston Villa,Tottenham,2,3,A,0.5072738772928526,Bet365,-0.5,1.9,Bet365,2.5,1.69,2.18,Bet365
1920,D1,2020-02-16,FC Koln,Bayern Munich,1,4,A,0.7820109587580583,Bet365,-2.0,1.96,Bet365,2.5,1.28,3.62,Bet365
1920,F1,2020-02-16,Brest,St Etienne,3,2,A,0.36171619316558795,Bet365,-0.0,1.9,Bet365,2.5,2.03,1.78,Bet365
1920,F1,2020-02-16,Reims,Rennes,1,0,H,0.3554081804134064,Bet365,0.0,1.85,Bet365,2.5,2.92,1.4,Bet365
1920,D1,2020-02-16,Mainz,Schalke 04,0,0,A,0.3864577763234555,Bet365,-0.0,1.86,Bet365,2.5,1.73,2.1,Bet365
1920,I1,2020-02-16,Cagliari,Napoli,0,1,A,0.500595022507373,Bet365,-0.5,1.93,Bet365,2.5,1.61,2.29,Bet365
1920,SP1,2020-02-16,Ath Bilbao,Osasuna,0,1,H,0.46889004689942676,Bet365,-0.5,2.06,Bet365,2.5,2.49,1.53,Bet365
1920,I1,2020-02-17,Milan,Torino,1,0,H,0.5890398825452466,Bet365,-1.0,2.09,Bet365,2.5,1.79,2.02,Bet365
1920,E0,2020-02-17,Chelsea,Man United,0,2,H,0.5143363878214602,Bet365,-0.5,1.89,Bet365,2.5,1.89,1.93,Bet365
1920,E0,2020-02-19,Man City,West Ham,2,0,H,0.8457275805184564,Bet365,-2.5,1.97,Bet365,2.5,1.23,4.04,Bet365
1920,F1,2020-02-21,Nice,Brest,2,2,H,0.484493993876109,Bet365,-0.5,2.01,Bet365,2.5,1.71,2.13,Bet365
1920,F1,2020-02-21,Metz,Lyon,0,2,A,0.49836106951725745,Bet365,-0.5,1.94,Bet365,2.5,2.32,1.6,Bet365
1920,I1,2020-02-21,Brescia,Napoli,1,2,A,0.6233639091663652,Bet365,-1.0,1.88,Bet365,2.5,1.66,2.22,Bet365
1920,SP1,2020-02-22,Celta,Leganes,1,0,H,0.5136213659324723,Bet365,-0.5,1.88,Bet365,2.5,2.5,1.53,Bet365
1920,I1,2020-02-22,Bologna,Udinese,1,1,H,0.46185521363737,Bet365,-0.5,2.08,Bet365,2.5,1.84,1.97,Bet365
1920,D1,2020-02-22,Freiburg,Fortuna Dusseldorf,0,2,H,0.4949687339046152,Bet365,-0.5,1.94,Bet365,2.5,1.77,2.05,Bet365
1920,D1,2020-02-22,MGladbach,Hoffenheim,1,1,H,0.5808777937290872,Bet365,-1.0,2.1,Bet365,2.5,1.47,2.64,Bet365
1920,D1,2020-02-22,Werder Bremen,Dortmund,0,2,A,0.6752076455662653,Bet365,-1.5,2.05,Bet365,2.5,1.33,3.26,Bet365
1920,E0,2020-02-22,Crystal Palace,Newcastle,1,0,H,0.48911376878258206,Bet365,-0.5,1.99,Bet365,2.5,2.51,1.53,Bet365
1920,E0,2020-02-22,Sheffield United,Brighton,1,1,H,0.4898160561290805,Bet365,-0.5,1.97,Bet365,2.5,2.23,1.66,Bet365
1920,E0,2020-02-22,Southampton,Aston Villa,2,0,H,0.5850432009372407,Bet365,-1.0,2.1,Bet365,2.5,1.59,2.37,Bet365
1920,SP1,2020-02-22,Barcelona,Eibar,5,0,H,0.7930186557559171,Bet365,-2.0,2.01,Bet365,2.5,1.4,2.89,Bet365
1920,F1,2020-02-22,Dijon,Monaco,1,1,A,0.4794052815836106,Bet365,-0.5,2.0,Bet365,2.5,1.79,2.02,Bet365
1920,I1,2020-02-22,Fiorentina,Milan,1,1,A,0.35763298151119577,Bet365,-0.0,1.96,Bet365,2.5,1.94,1.86,Bet365
1920,SP1,2020-02-23,Osasuna,Granada,0,3,H,0.4933842247951194,Bet365,-0.5,1.95,Bet365,2.5,2.32,1.6,Bet365
1920,SP1,2020-02-23,Alaves,Ath Bilbao,2,1,A,0.34965463685780845,Bet365,-0.0,1.87,Bet365,2.5,2.86,1.41,Bet365
1920,E0,2020-02-23,Man United,Watford,3,0,H,0.598594070689803,Bet365,-1.0,2.09,Bet365,2.5,1.91,1.91,Bet365
1920,E0,2020-02-23,Wolves,Norwich,3,0,H,0.6297098496225365,Bet365,-1.0,1.93,Bet365,2.5,1.87,1.95,Bet365
1920,SP1,2020-02-23,Valladolid,Espanol,2,1,H,0.363675435466606,Bet365,0.0,1.82,Bet365,2.5,2.66,1.46,Bet365
1920,E0,2020-02-23,Arsenal,Everton,3,2,H,0.46978128639834343,Bet365,-0.5,2.06,Bet365,2.5,1.73,2.11,Bet365
1920,D1,2020-02-23,Wolfsburg,Mainz,4,0,H,0.5296152183311718,Bet365,-0.5,1.75,Bet365,2.5,1.66,2.2,Bet365
1920,I1,2020-02-23,Roma,Lecce,4,0,H,0.7237886555316686,Bet365,-1.5,1.89,Bet365,2.5,1.36,3.1,Bet365
1920,D1,2020-02-24,Ein Frankfurt,Union Berlin,1,2,H,0.5000984058256248,Bet365,-0.5,1.93,Bet365,2.5,1.73,2.09,Bet365
1920,E0,2020-02-24,Liverpool,West Ham,3,2,H,0.8183104084566891,Bet365,-2.0,1.87,Bet365,2.5,1.38,3.03,Bet365
1920,SP1,2020-02-28,Sociedad,Valladolid,1,0,H,0.6197838813429901,Bet365,-1.0,1.97,Bet365,2.5,1.89,1.91,Bet365
1920,SP1,2020-02-29,Eibar,Levante,3,0,H,0.47915245824957053,Bet365,-0.5,2.0,Bet365,2.5,1.86,1.94,Bet365
1920,E0,2020-02-29,Brighton,Crystal Palace,0,1,H,0.46056686488128823,Bet365,-0.5,2.13,Bet365,2.5,2.31,1.62,Bet365
1920,I1,2020-02-29,Lazio,Bologna,2,0,H,0.6176547604038365,Bet365,-1.0,1.96,Bet365,2.5,1.59,2.35,Bet365
1920,D1,2020-02-29,Augsburg,MGladbach,2,3,A,0.4698587019121062,Bet365,-0.5,2.06,Bet365,2.5,1.58,2.34,Bet365
1920,D1,2020-02-29,Dortmund,Freiburg,1,0,H,0.7932293235652247,Bet365,-2.0,1.9,Bet365,2.5,1.3,3.44,Bet365
1920,D1,2020-02-29,Hoffenheim,Bayern Munich,0,6,A,0.6850012661760927,Bet365,-1.5,2.05,Bet365,2.5,1.31,3.39,Bet365
1920,D1,2020-02-29,Mainz,Paderborn,2,0,H,0.5180087692572624,Bet365,-0.5,1.85,Bet365,2.5,1.5,2.57,Bet365
1920,E0,2020-02-29,Newcastle,Burnley,0,0,H,0.3624213394199008,Bet365,0.0,1.87,Bet365,2.5,2.34,1.6,Bet365
1920,E0,2020-02-29,West Ham,Southampton,3,1,A,0.37575643631834366,Bet365,-0.0,1.92,Bet365,2.5,1.75,2.07,Bet365
1920,F1,2020-02-29,Paris SG,Dijon,4,0,H,0.8414666514996397,Bet365,-2.5,2.07,Bet365,2.5,1.22,4.12,Bet365
1920,SP1,2020-02-29,Leganes,Alaves,1,1,H,0.4663269020749909,Bet365,-0.5,2.07,Bet365,2.5,3.05,1.37,Bet365
1920,F1,2020-02-29,Brest,Angers,0,1,H,0.3648208469055374,Bet365,0.0,1.91,Bet365,2.5,2.14,1.7,Bet365
1920,SP1,2020-02-29,Granada,Celta,0,0,A,0.3500346020761246,Bet365,-0.0,1.93,Bet365,2.5,2.44,1.54,Bet365
1920,SP1,2020-03-01,Sevilla,Osasuna,3,2,H,0.6472056105590023,Bet365,-1.0,1.83,Bet365,2.5,1.92,1.88,Bet365
1920,D1,2020-03-01,Union Berlin,Wolfsburg,2,2,H,0.3557693088852963,Bet365,0.0,1.94,Bet365,2.5,2.06,1.76,Bet365
1920,F1,2020-03-01,Nantes,Lille,0,1,A,0.36672494101250663,Bet365,-0.0,1.82,Bet365,2.5,2.45,1.54,Bet365
1920,I1,2020-03-01,Lecce,Atalanta,2,7,A,0.6983260416631146,Bet365,-1.5,2.0,Bet365,2.5,1.37,3.04,Bet365
1920,E0,2020-03-01,Everton,Man United,1,1,H,0.37679105277575964,Bet365,0.0,1.86,Bet365,2.5,1.98,1.83,Bet365
1920,SP1,2020-03-01,Espanol,Ath Madrid,1,1,A,0.4653529374142795,Bet365,-0.5,2.08,Bet365,2.5,2.64,1.46,Bet365
1920,F1,2020-03-01,Bordeaux,Nice,1,1,H,0.48986672947595267,Bet365,-0.5,1.99,Bet365,2.5,1.98,1.82,Bet365
1920,I1,2020-03-01,Cagliari,Roma,3,4,A,0.4750637137792149,Bet365,-0.5,2.04,Bet365,2.5,1.72,2.11,Bet365
1920,F1,2020-03-06,Marseille,Amiens,2,2,H,0.6062071375637902,Bet365,-1.0,2.07,Bet365,2.5,2.09,1.74,Bet365
1920,SP1,2020-03-06,Alaves,Valencia,1,1,H,0.3622932957313165,Bet365,0.0,1.89,Bet365,2.5,2.18,1.68,Bet365
1920,D1,2020-03-07,Leverkusen,Ein Frankfurt,4,0,H,0.5780146238691288,Bet365,-1.0,2.05,Bet365,2.5,1.52,2.52,Bet365
1920,D1,2020-03-07,Wolfsburg,RB Leipzig,0,0,A,0.4966607987106637,Bet365,-0.5,1.96,Bet365,2.5,1.65,2.23,Bet365
1920,E0,2020-03-07,Arsenal,West Ham,1,0,H,0.6146751483235424,Bet365,-1.0,1.96,Bet365,2.5,1.6,2.35,Bet365
1920,E0,2020-03-07,Crystal Palace,Watford,1,0,H,0.3735763369233395,Bet365,0.0,1.8,Bet365,2.5,2.28,1.63,Bet365
1920,SP1,2020-03-07,Ath Madrid,Sevilla,2,2,H,0.49191340283328516,Bet365,-0.5,1.98,Bet365,2.5,2.46,1.54,Bet365
1920,E0,2020-03-07,Burnley,Tottenham,1,1,A,0.35661785155225706,Bet365,-0.0,1.95,Bet365,2.5,2.06,1.77,Bet365
1920,SP1,2020-03-07,Barcelona,Sociedad,1,0,H,0.7018911367602283,Bet365,-1.5,2.05,Bet365,2.5,1.4,2.88,Bet365
1920,F1,2020-03-07,Dijon,Toulouse,2,1,H,0.5093246897921657,Bet365,-0.5,1.87,Bet365,2.5,1.99,1.81,Bet365
1920,F1,2020-03-07,Reims,Brest,1,0,H,0.5218048903453492,Bet365,-0.5,1.86,Bet365,2.5,2.42,1.55,Bet365
1920,SP1,2020-03-07,Getafe,Celta,0,0,H,0.5163980340714532,Bet365,-0.5,1.86,Bet365,2.5,2.59,1.49,Bet365
1920,I1,2020-03-08,Parma,Spal,0,1,H,0.4648850217526414,Bet365,-0.5,2.08,Bet365,2.5,1.99,1.8,Bet365
1920,SP1,2020-03-08,Valladolid,Ath Bilbao,1,4,A,0.34180983990628655,Bet365,-0.0,1.91,Bet365,2.5,2.98,1.38,Bet365
1920,I1,2020-03-08,Sampdoria,Verona,2,1,H,0.35669424298747526,Bet365,0.0,1.92,Bet365,2.5,2.19,1.67,Bet365
1920,E0,2020-03-08,Chelsea,Everton,4,0,H,0.5140758873929008,Bet365,-0.5,1.88,Bet365,2.5,1.71,2.14,Bet365
1920,D1,2020-03-08,Mainz,Fortuna Dusseldorf,1,1,H,0.503930226517751,Bet365,-0.5,1.91,Bet365,2.5,1.57,2.36,Bet365
1920,I1,2020-03-08,Udinese,Fiorentina,0,0,A,0.3710559016300243,Bet365,-0.0,1.83,Bet365,2.5,2.25,1.63,Bet365
1920,E0,2020-03-09,Leicester,Aston Villa,4,0,H,0.6939818759197584,Bet365,-1.5,2.05,Bet365,2.5,1.52,2.48,Bet365
1920,D1,2020-05-16,Dortmund,Schalke 04,4,0,H,0.6287230686436432,Bet365,-1.0,1.86,Bet365,2.5,1.65,2.24,Bet365
1920,D1,2020-05-16,RB Leipzig,Freiburg,1,1,H,0.7248840674683508,Bet365,-1.5,1.94,Bet365,2.5,1.57,2.43,Bet365
1920,D1,2020-05-17,FC Koln,Mainz,2,2,H,0.5104120513956578,Bet365,-0.5,1.88,Bet365,2.5,1.65,2.24,Bet365
1920,D1,2020-05-17,Union Berlin,Bayern Munich,0,2,A,0.7955763703152919,Bet365,-2.0,1.95,Bet365,2.5,1.45,2.7,Bet365
1920,D1,2020-05-24,Schalke 04,Augsburg,0,3,H,0.4624320007066774,Bet365,-0.5,2.06,Bet365,2.5,1.87,1.94,Bet365
1920,D1,2020-05-26,Dortmund,Bayern Munich,0,1,A,0.5066116449290642,Bet365,-0.5,1.91,Bet365,2.5,1.37,3.05,Bet365
1920,D1,2020-05-26,Ein Frankfurt,Freiburg,3,3,H,0.46977366195967907,Bet365,-0.5,2.06,Bet365,2.5,1.85,1.97,Bet365
1920,D1,2020-05-27,RB Leipzig,Hertha,2,2,H,0.7076199922376989,Bet365,-1.5,1.98,Bet365,2.5,1.39,2.95,Bet365
1920,D1,2020-05-27,Augsburg,Paderborn,0,0,H,0.48951271668410756,Bet365,-0.5,1.97,Bet365,2.5,1.77,2.05,Bet365
1920,D1,2020-05-27,Fortuna Dusseldorf,Schalke 04,2,1,H,0.357086865812038,Bet365,0.0,1.96,Bet365,2.5,1.96,1.85,Bet365
1920,D1,2020-05-27,Hoffenheim,FC Koln,3,1,H,0.38783976998382697,Bet365,0.0,1.88,Bet365,2.5,1.51,2.55,Bet365
1920,D1,2020-05-30,Hertha,Augsburg,2,0,H,0.4993378030196182,Bet365,-0.5,1.95,Bet365,2.5,1.73,2.11,Bet365
1920,D1,2020-05-30,Schalke 04,Werder Bremen,0,1,H,0.38601445326948547,Bet365,0.0,1.83,Bet365,2.5,1.94,1.87,Bet365
1920,D1,2020-05-30,Wolfsburg,Ein Frankfurt,1,2,H,0.4862094913745288,Bet365,-0.5,1.99,Bet365,2.5,1.66,2.21,Bet365
1920,D1,2020-05-30,Bayern Munich,Fortuna Dusseldorf,5,0,H,0.891847560525308,Bet365,-3.0,2.04,Bet365,2.5,1.19,4.5,Bet365
1920,D1,2020-05-31,MGladbach,Union Berlin,4,1,H,0.6277158607189355,Bet365,-1.0,1.89,Bet365,2.5,1.64,2.26,Bet365
1920,D1,2020-05-31,Paderborn,Dortmund,1,6,A,0.7149346500857187,Bet365,-1.5,1.99,Bet365,2.5,1.43,2.77,Bet365
1920,D1,2020-06-01,FC Koln,RB Leipzig,2,4,A,0.6203340263878903,Bet365,-1.0,1.89,Bet365,2.5,1.41,2.85,Bet365
1920,D1,2020-06-03,Werder Bremen,Ein Frankfurt,0,3,A,0.3767628371214235,Bet365,-0.0,1.87,Bet365,2.5,1.74,2.08,Bet365
1920,D1,2020-06-06,Ein Frankfurt,Mainz,0,2,H,0.46605067389366855,Bet365,-0.5,2.05,Bet365,2.5,1.54,2.47,Bet365
1920,D1,2020-06-06,Dortmund,Hertha,1,0,H,0.6964252841432068,Bet365,-1.5,2.02,Bet365,2.5,1.37,3.04,Bet365
1920,D1,2020-06-07,Werder Bremen,Wolfsburg,0,1,A,0.4679626885188737,Bet365,-0.5,2.04,Bet365,2.5,1.87,1.93,Bet365
1920,D1,2020-06-07,Union Berlin,Schalke 04,1,1,H,0.38669375235862313,Bet365,0.0,1.72,Bet365,2.5,2.13,1.71,Bet365
1920,D1,2020-06-07,Augsburg,FC Koln,1,1,A,0.38529699654834887,Bet365,-0.0,1.83,Bet365,2.5,1.72,2.12,Bet365
1920,D1,2020-06-13,FC Koln,Union Berlin,1,2,H,0.4670830840180383,Bet365,-0.5,2.04,Bet365,2.5,1.77,2.06,Bet365
1920,D1,2020-06-13,Fortuna Dusseldorf,Dortmund,0,1,A,0.7009595183490045,Bet365,-1.5,2.03,Bet365,2.5,1.46,2.68,Bet365
1920,SP1,2020-06-13,Celta,Villarreal,0,1,H,0.3683305679387482,Bet365,0.0,1.89,Bet365,2.5,1.94,1.87,Bet365
1920,D1,2020-06-13,Bayern Munich,MGladbach,2,1,H,0.6957347051118999,Bet365,-1.5,2.03,Bet365,2.5,1.36,3.1,Bet365
1920,D1,2020-06-14,Schalke 04,Leverkusen,1,1,A,0.6160641727412273,Bet365,-1.0,1.97,Bet365,2.5,1.71,2.14,Bet365
1920,SP1,2020-06-15,Betis,Granada,2,2,H,0.49273445089811696,Bet365,-0.5,1.94,Bet365,2.5,2.04,1.79,Bet365
1920,SP1,2020-06-16,Getafe,Espanol,0,0,H,0.47496796151179654,Bet365,-0.5,2.04,Bet365,2.5,2.64,1.47,Bet365
1920,SP1,2020-06-16,Villarreal,Mallorca,1,0,H,0.6269960548562841,Bet365,-1.0,1.91,Bet365,2.5,1.67,2.2,Bet365
1920,D1,2020-06-16,Freiburg,Hertha,2,1,A,0.37668982943777646,Bet365,-0.0,1.93,Bet365,2.5,1.71,2.15,Bet365
1920,D1,2020-06-16,Werder Bremen,Bayern Munich,0,1,A,0.7975630972164519,Bet365,-2.0,1.91,Bet365,2.5,1.32,3.35,Bet365
1920,SP1,2020-06-16,Barcelona,Leganes,2,0,H,0.826097598286676,Bet365,-2.0,1.86,Bet365,2.5,1.47,2.64,Bet365
1920,SP1,2020-06-17,Valladolid,Celta,0,0,A,0.3553811841698276,Bet365,-0.0,1.89,Bet365,2.5,2.66,1.46,Bet365
1920,D1,2020-06-17,Augsburg,Hoffenheim,1,3,A,0.38733842135559643,Bet365,-0.0,1.89,Bet365,2.5,1.61,2.32,Bet365
1920,D1,2020-06-17,RB Leipzig,Fortuna Dusseldorf,2,2,H,0.7799949149190625,Bet365,-2.0,2.03,Bet365,2.5,1.35,3.14,Bet365
1920,E0,2020-06-17,Man City,Arsenal,3,0,H,0.7082575799677666,Bet365,-1.5,1.93,Bet365,2.5,1.38,3.04,Bet365
1920,SP1,2020-06-17,Osasuna,Ath Madrid,0,5,A,0.5158648438861342,Bet365,-0.5,1.87,Bet365,2.5,2.47,1.54,Bet365
1920,SP1,2020-06-18,Alaves,Sociedad,2,0,A,0.48842791793106577,Bet365,-0.5,1.98,Bet365,2.5,2.26,1.64,Bet365
1920,E0,2020-06-19,Norwich,Southampton,0,3,A,0.3795120110677902,Bet365,-0.0,1.88,Bet365,2.5,1.92,1.91,Bet365
1920,SP1,2020-06-19,Mallorca,Leganes,1,1,H,0.34476042862765305,Bet365,0.0,1.9,Bet365,2.5,2.62,1.48,Bet365
1920,SP1,2020-06-20,Espanol,Levante,1,3,H,0.4798845166353574,Bet365,-0.5,2.03,Bet365,2.5,2.08,1.76,Bet365
1920,D1,2020-06-20,FC Koln,Ein Frankfurt,1,1,A,0.39246467817896385,Bet365,-0.0,1.87,Bet365,2.5,1.51,2.55,Bet365
1920,D1,2020-06-20,Fortuna Dusseldorf,Augsburg,1,1,H,0.49502110112988695,Bet365,-0.5,1.95,Bet365,2.5,1.82,2.0,Bet365
1920,D1,2020-06-20,Hertha,Leverkusen,2,0,A,0.5844237276431187,Bet365,-1.0,2.08,Bet365,2.5,1.51,2.56,Bet365
1920,D1,2020-06-20,Hoffenheim,Union Berlin,4,0,H,0.5933319727638732,Bet365,-1.0,2.09,Bet365,2.5,1.56,2.41,Bet365
1920,D1,2020-06-20,Mainz,Werder Bremen,3,1,H,0.3735585576675831,Bet365,0.0,1.92,Bet365,2.5,1.71,2.13,Bet365
1920,SP1,2020-06-20,Getafe,Eibar,1,1,H,0.5241815113798121,Bet365,-0.5,1.85,Bet365,2.5,2.47,1.55,Bet365
1920,I1,2020-06-20,Verona,Cagliari,2,1,H,0.46895516856749425,Bet365,-0.5,2.06,Bet365,2.5,2.06,1.77,Bet365
1920,SP1,2020-06-21,Celta,Alaves,6,0,H,0.4926208375907593,Bet365,-0.5,1.96,Bet365,2.5,2.62,1.49,Bet365
1920,E0,2020-06-21,Aston Villa,Chelsea,1,2,A,0.6269592476489029,Bet365,-1.0,1.86,Bet365,2.5,1.59,2.38,Bet365
1920,SP1,2020-06-21,Valencia,Osasuna,2,0,H,0.4912066268089625,Bet365,-0.5,1.97,Bet365,2.5,1.89,1.91,Bet365
1920,I1,2020-06-21,Atalanta,Sassuolo,4,1,H,0.7065945945945946,Bet365,-1.5,1.98,Bet365,2.5,1.4,2.9,Bet365
1920,E0,2020-06-21,Everton,Liverpool,0,0,A,0.6035712394969106,Bet365,-1.0,2.03,Bet365,2.5,1.66,2.23,Bet365
1920,SP1,2020-06-22,Villarreal,Sevilla,2,2,H,0.3648721544934729,Bet365,0.0,1.95,Bet365,2.5,1.86,1.93,Bet365
1920,I1,2020-06-22,Fiorentina,Brescia,1,1,H,0.6272046823639281,Bet365,-1.0,1.93,Bet365,2.5,1.82,1.98,Bet365
1920,I1,2020-06-22,Lecce,Milan,1,4,A,0.5913826049435985,Bet365,-1.0,2.02,Bet365,2.5,1.68,2.18,Bet365
1920,E0,2020-06-22,Man City,Burnley,5,0,H,0.8453782645708335,Bet365,-2.5,2.06,Bet365,2.5,1.32,3.35,Bet365
1920,I1,2020-06-22,Bologna,Juventus,0,2,A,0.6053710808307976,Bet365,-1.0,2.02,Bet365,2.5,1.7,2.15,Bet365
1920,I1,2020-06-23,Spal,Cagliari,0,1,A,0.3538594969644406,Bet365,-0.0,1.94,Bet365,2.5,2.07,1.77,Bet365
1920,I1,2020-06-23,Verona,Napoli,0,2,A,0.49530841409014004,Bet365,-0.5,1.94,Bet365,2.5,2.03,1.8,Bet365
1920,SP1,2020-06-23,Barcelona,Ath Bilbao,1,0,H,0.719534673213299,Bet365,-1.5,2.03,Bet365,2.5,1.67,2.21,Bet365
1920,E0,2020-06-24,Norwich,Everton,0,1,A,0.4944521402806162,Bet365,-0.5,1.95,Bet365,2.5,1.82,2.01,Bet365
1920,E0,2020-06-24,Wolves,Bournemouth,1,0,H,0.6058212058212058,Bet365,-1.0,2.08,Bet365,2.5,2.07,1.77,Bet365
1920,SP1,2020-06-24,Alaves,Osasuna,0,1,H,0.362258780021978,Bet365,0.0,1.8,Bet365,2.5,2.4,1.57,Bet365
1920,E0,2020-06-24,Liverpool,Crystal Palace,4,0,H,0.7710025030146673,Bet365,-1.5,1.8,Bet365,2.5,1.69,2.19,Bet365
1920,E0,2020-06-25,Burnley,Watford,1,0,A,0.3858950142065747,Bet365,-0.0,1.8,Bet365,2.5,2.18,1.7,Bet365
1920,E0,2020-06-25,Southampton,Arsenal,0,2,H,0.36270870887453993,Bet365,0.0,1.94,Bet365,2.5,1.8,2.03,Bet365
1920,SP1,2020-06-25,Eibar,Valencia,1,0,A,0.37920518669708253,Bet365,-0.0,1.89,Bet365,2.5,2.02,1.79,Bet365
1920,SP1,2020-06-27,Ath Bilbao,Mallorca,3,1,H,0.6456307956175714,Bet365,-1.0,1.9,Bet365,2.5,2.19,1.68,Bet365
1920,D1,2020-06-27,Augsburg,RB Leipzig,1,2,A,0.6811319981674681,Bet365,-1.5,2.06,Bet365,2.5,1.37,3.06,Bet365
1920,D1,2020-06-27,Ein Frankfurt,Paderborn,3,2,H,0.7218376169212483,Bet365,-1.5,1.77,Bet365,2.5,1.29,3.56,Bet365
1920,D1,2020-06-27,MGladbach,Hertha,2,1,H,0.7064232615765835,Bet365,-1.5,1.96,Bet365,2.5,1.35,3.17,Bet365
1920,D1,2020-06-27,Union Berlin,Fortuna Dusseldorf,3,0,A,0.4852856480636053,Bet365,-0.5,1.99,Bet365,2.5,1.72,2.14,Bet365
1920,D1,2020-06-27,Werder Bremen,FC Koln,6,1,H,0.588179922615106,Bet365,-1.0,2.01,Bet365,2.5,1.41,2.85,Bet365
1920,I1,2020-06-27,Lazio,Fiorentina,2,1,H,0.5889601421734988,Bet365,-1.0,2.02,Bet365,2.5,1.64,2.26,Bet365
1920,SP1,2020-06-28,Levante,Betis,4,2,H,0.36008447729672655,Bet365,0.0,1.96,Bet365,2.5,1.79,2.03,Bet365
1920,I1,2020-06-28,Milan,Roma,2,0,A,0.37130723929329756,Bet365,-0.0,1.92,Bet365,2.5,1.79,2.03,Bet365
1920,E0,2020-06-28,Watford,Southampton,1,3,H,0.38421052631578945,Bet365,0.0,1.8,Bet365,2.5,2.0,1.83,Bet365
1920,I1,2020-06-28,Napoli,Spal,3,1,H,0.7424385236800417,Bet365,-1.5,1.91,Bet365,2.5,1.64,2.26,Bet365
1920,I1,2020-06-28,Sassuolo,Verona,3,3,H,0.3764284113824782,Bet365,0.0,1.86,Bet365,2.5,1.87,1.94,Bet365
1920,I1,2020-06-28,Parma,Inter,1,2,A,0.5966720376169194,Bet365,-1.0,2.05,Bet365,2.5,1.86,1.94,Bet365
1920,SP1,2020-06-30,Leganes,Sevilla,0,3,A,0.49090632757485186,Bet365,-0.5,1.98,Bet365,2.5,2.55,1.52,Bet365
1920,E0,2020-06-30,Brighton,Man United,0,3,A,0.5976099047750246,Bet365,-1.0,2.08,Bet365,2.5,2.1,1.76,Bet365
1920,SP1,2020-06-30,Barcelona,Ath Madrid,2,2,H,0.5203535134925609,Bet365,-0.5,1.86,Bet365,2.5,2.02,1.8,Bet365
2021,E0,2020-07-01,Everton,Leicester,2,1,H,0.3773225647779382,Bet365,0.0,1.82,Bet365,2.5,2.08,1.76,Bet365
2021,SP1,2020-07-01,Valencia,Ath Bilbao,0,2,H,0.37984854267521045,Bet365,0.0,1.67,Bet365,2.5,2.45,1.55,Bet365
2021,I1,2020-07-01,Inter,Brescia,6,0,H,0.8142737185773257,Bet365,-2.0,1.98,Bet365,2.5,1.48,2.63,Bet365
2021,E0,2020-07-01,West Ham,Chelsea,3,2,A,0.6014996619719758,Bet365,-1.0,2.05,Bet365,2.5,1.72,2.14,Bet365
2021,I1,2020-07-01,Fiorentina,Sassuolo,1,3,H,0.4643624937985778,Bet365,-0.5,2.09,Bet365,2.5,1.72,2.14,Bet365
2021,I1,2020-07-01,Spal,Milan,2,2,A,0.5965382237791057,Bet365,-1.0,2.02,Bet365,2.5,1.84,1.97,Bet365
2021,I1,2020-07-01,Verona,Parma,3,2,H,0.47926206986785297,Bet365,-0.5,2.06,Bet365,2.5,2.1,1.74,Bet365
2021,SP1,2020-07-01,Betis,Villarreal,0,2,A,0.38754944694505805,Bet365,-0.0,1.84,Bet365,2.5,1.77,2.06,Bet365
2021,E0,2020-07-02,Sheffield United,Tottenham,3,1,A,0.4845966143053225,Bet365,-0.5,1.99,Bet365,2.5,2.15,1.71,Bet365
2021,SP1,2020-07-02,Sociedad,Espanol,2,1,H,0.5021755822882007,Bet365,-0.5,1.91,Bet365,2.5,2.19,1.68,Bet365
2021,E0,2020-07-02,Man City,Liverpool,4,0,H,0.4627152574401153,Bet365,-0.5,2.05,Bet365,2.5,1.57,2.42,Bet365
2021,I1,2020-07-02,Roma,Udinese,0,2,H,0.5995985105046201,Bet365,-1.0,2.08,Bet365,2.5,1.83,1.98,Bet365
2021,SP1,2020-07-03,Ath Madrid,Mallorca,3,0,H,0.7356934142782583,Bet365,-1.5,2.09,Bet365,2.5,1.9,1.92,Bet365
2021,E0,2020-07-04,Man United,Bournemouth,5,2,H,0.8169672876179812,Bet365,-2.0,1.92,Bet365,2.5,1.53,2.54,Bet365
2021,I1,2020-07-04,Juventus,Torino,4,1,H,0.7540638843971027,Bet365,-1.5,1.86,Bet365,2.5,1.71,2.15,Bet365
2021,I1,2020-07-04,Sassuolo,Lecce,4,2,H,0.6342618519209895,Bet365,-1.0,1.86,Bet365,2.5,1.49,2.6,Bet365
2021,SP1,2020-07-04,Granada,Valencia,2,2,A,0.3739326456725187,Bet365,-0.0,1.84,Bet365,2.5,2.24,1.65,Bet365
2021,E0,2020-07-05,Burnley,Sheffield United,1,1,A,0.3483175954249235,Bet365,-0.0,1.89,Bet365,2.5,2.65,1.49,Bet365
2021,E0,2020-07-05,Newcastle,West Ham,2,2,H,0.3594822482840275,Bet365,0.0,1.92,Bet365,2.5,2.0,1.82,Bet365
2021,SP1,2020-07-05,Espanol,Leganes,0,1,H,0.35864913930041814,Bet365,0.0,1.86,Bet365,2.5,2.61,1.48,Bet365
2021,I1,2020-07-05,Inter,Bologna,1,2,H,0.6450650181198039,Bet365,-1.0,1.82,Bet365,2.5,1.65,2.24,Bet365
2021,E0,2020-07-05,Liverpool,Aston Villa,2,0,H,0.7100151215540305,Bet365,-1.5,1.98,Bet365,2.5,1.49,2.62,Bet365
2021,I1,2020-07-05,Brescia,Verona,2,0,A,0.5809705921139391,Bet365,-1.0,2.05,Bet365,2.5,1.88,1.93,Bet365
2021,I1,2020-07-05,Cagliari,Atalanta,0,1,A,0.6176760770602184,Bet365,-1.0,1.92,Bet365,2.5,1.47,2.66,Bet365
2021,I1,2020-07-05,Sampdoria,Spal,3,0,H,0.49893521804882573,Bet365,-0.5,1.94,Bet365,2.5,1.92,1.88,Bet365
2021,SP1,2020-07-05,Osasuna,Getafe,0,0,A,0.36915229536069954,Bet365,-0.0,1.81,Bet365,2.5,2.73,1.44,Bet365
2021,E0,2020-07-05,Southampton,Man City,1,0,A,0.7212428980843681,Bet365,-1.5,1.96,Bet365,2.5,1.54,2.47,Bet365
2021,SP1,2020-07-06,Sevilla,Eibar,1,0,H,0.6527869263191074,Bet365,-1.0,1.84,Bet365,2.5,1.97,1.84,Bet365
2021,SP1,2020-07-07,Valencia,Valladolid,2,1,H,0.4708074182168512,Bet365,-0.5,2.05,Bet365,2.5,2.51,1.53,Bet365
2021,I1,2020-07-07,Lecce,Lazio,2,1,A,0.6969047181435116,Bet365,-1.5,2.06,Bet365,2.5,1.39,3.01,Bet365
2021,SP1,2020-07-07,Celta,Ath Madrid,1,1,A,0.4805395880675451,Bet365,-0.5,1.99,Bet365,2.5,2.62,1.49,Bet365
2021,E0,2020-07-08,West Ham,Burnley,0,1,H,0.47395083719273245,Bet365,-0.5,2.03,Bet365,2.5,2.06,1.78,Bet365
2021,I1,2020-07-08,Fiorentina,Cagliari,0,0,H,0.49208672011540494,Bet365,-0.5,1.95,Bet365,2.5,1.81,2.01,Bet365
2021,I1,2020-07-08,Genoa,Napoli,1,2,A,0.6072361601174018,Bet365,-1.0,1.99,Bet365,2.5,1.8,2.02,Bet365
2021,SP1,2020-07-08,Getafe,Villarreal,1,3,H,0.3643903450462867,Bet365,0.0,1.83,Bet365,2.5,2.46,1.55,Bet365
2021,E0,2020-07-08,Brighton,Liverpool,1,3,A,0.6147674872432385,Bet365,-1.0,1.97,Bet365,2.5,1.73,2.12,Bet365
2021,I1,2020-07-08,Atalanta,Sampdoria,2,0,H,0.7023996411751513,Bet365,-1.5,1.97,Bet365,2.5,1.39,2.97,Bet365
2021,I1,2020-07-08,Roma,Parma,2,1,H,0.6309894896923863,Bet365,-1.0,1.86,Bet365,2.5,1.64,2.27,Bet365
2021,I1,2020-07-08,Torino,Brescia,3,1,H,0.5882025509717229,Bet365,-1.0,2.07,Bet365,2.5,1.85,1.96,Bet365
2021,E0,2020-07-09,Everton,Southampton,1,1,H,0.46262738801323855,Bet365,-0.5,2.07,Bet365,2.5,1.92,1.9,Bet365
2021,E0,2020-07-09,Aston Villa,Man United,0,3,A,0.7102654801355326,Bet365,-1.5,2.03,Bet365,2.5,1.65,2.25,Bet365
2021,SP1,2020-07-09,Ath Bilbao,Sevilla,1,2,A,0.3730735737864274,Bet365,-0.0,1.79,Bet365,2.5,2.55,1.5,Bet365
2021,E0,2020-07-11,Norwich,West Ham,0,4,A,0.48205297524754215,Bet365,-0.5,2.0,Bet365,2.5,1.83,2.01,Bet365
2021,I1,2020-07-11,Lazio,Sassuolo,1,2,H,0.5931794106895567,Bet365,-1.0,2.02,Bet365,2.5,1.41,2.88,Bet365
2021,E0,2020-07-11,Sheffield United,Chelsea,3,0,A,0.5985457319138578,Bet365,-1.0,2.08,Bet365,2.5,1.98,1.85,Bet365
2021,SP1,2020-07-11,Valladolid,Barcelona,0,1,A,0.7103859145976391,Bet365,-1.5,2.05,Bet365,2.5,1.73,2.12,Bet365
2021,E0,2020-07-11,Brighton,Man City,0,5,A,0.7327325832037181,Bet365,-1.5,1.86,Bet365,2.5,1.52,2.55,Bet365
2021,SP1,2020-07-11,Ath Madrid,Betis,1,0,H,0.6420385175849711,Bet365,-1.0,1.9,Bet365,2.5,1.99,1.82,Bet365
2021,E0,2020-07-12,Wolves,Everton,3,0,H,0.46564432741057804,Bet365,-0.5,2.05,Bet365,2.5,2.49,1.55,Bet365
2021,E0,2020-07-12,Tottenham,Arsenal,2,1,H,0.3680156575541385,Bet365,0.0,1.93,Bet365,2.5,1.77,2.08,Bet365
2021,I1,2020-07-12,Fiorentina,Verona,1,1,H,0.4621092539867527,Bet365,-0.5,2.07,Bet365,2.5,1.96,1.85,Bet365
2021,I1,2020-07-12,Parma,Bologna,2,2,A,0.359282786143306,Bet365,-0.0,1.95,Bet365,2.5,1.9,1.91,Bet365
2021,E0,2020-07-13,Man United,Southampton,2,2,H,0.7412622607956515,Bet365,-1.5,1.95,Bet365,2.5,1.61,2.33,Bet365
2021,E0,2020-07-14,Chelsea,Norwich,1,0,H,0.8522395812177147,Bet365,-2.5,2.02,Bet365,2.5,1.36,3.17,Bet365
2021,I1,2020-07-14,Atalanta,Brescia,6,2,H,0.8369901202222466,Bet365,-2.5,2.0,Bet365,2.5,1.26,3.75,Bet365
2021,E0,2020-07-15,Burnley,Wolves,1,1,A,0.5039408866995074,Bet365,-0.5,1.91,Bet365,2.5,2.52,1.53,Bet365
2021,I1,2020-07-15,Sampdoria,Cagliari,3,0,H,0.4860817029445809,Bet365,-0.5,1.97,Bet365,2.5,1.87,1.94,Bet365
2021,E0,2020-07-15,Arsenal,Liverpool,2,1,A,0.5071707953063886,Bet365,-0.5,1.89,Bet365,2.5,1.58,2.41,Bet365
2021,I1,2020-07-15,Lecce,Fiorentina,1,3,A,0.4763927198449317,Bet365,-0.5,2.02,Bet365,2.5,1.62,2.3,Bet365
2021,I1,2020-07-15,Roma,Verona,2,1,H,0.5877851389300442,Bet365,-1.0,2.08,Bet365,2.5,1.6,2.33,Bet365
2021,I1,2020-07-15,Sassuolo,Juventus,3,3,A,0.5877154220061865,Bet365,-1.0,2.07,Bet365,2.5,1.51,2.53,Bet365
2021,I1,2020-07-15,Udinese,Lazio,0,0,A,0.4688249269205925,Bet365,-0.5,2.05,Bet365,2.5,1.84,1.97,Bet365
2021,E0,2020-07-16,Everton,Aston Villa,1,1,H,0.4748488512696493,Bet365,-0.5,2.03,Bet365,2.5,1.87,1.95,Bet365
2021,E0,2020-07-16,Leicester,Sheffield United,2,0,H,0.4742638206257702,Bet365,-0.5,2.0,Bet365,2.5,2.14,1.72,Bet365
2021,SP1,2020-07-16,Ath Bilbao,Leganes,0,2,H,0.5264745002719929,Bet365,-0.5,1.82,Bet365,2.5,2.56,1.49,Bet365
2021,SP1,2020-07-16,Barcelona,Osasuna,1,2,H,0.826657818647201,Bet365,-2.0,1.85,Bet365,2.5,1.44,2.76,Bet365
2021,SP1,2020-07-16,Celta,Levante,2,3,H,0.5907965147910256,Bet365,-1.0,2.05,Bet365,2.5,1.72,2.13,Bet365
2021,SP1,2020-07-16,Valencia,Espanol,1,0,H,0.6198151882674846,Bet365,-1.0,1.97,Bet365,2.5,1.9,1.9,Bet365
2021,E0,2020-07-16,Crystal Palace,Man United,0,2,A,0.7106335037698241,Bet365,-1.5,2.05,Bet365,2.5,1.77,2.08,Bet365
2021,I1,2020-07-16,Spal,Inter,0,4,A,0.7164457175287966,Bet365,-1.5,1.95,Bet365,2.5,1.55,2.46,Bet365
2021,I1,2020-07-18,Milan,Bologna,5,1,H,0.6234738029617147,Bet365,-1.0,1.89,Bet365,2.5,1.52,2.53,Bet365
2021,I1,2020-07-19,Parma,Sampdoria,2,3,A,0.36045419689246655,Bet365,-0.0,1.82,Bet365,2.5,2.01,1.8,Bet365
2021,I1,2020-07-19,Fiorentina,Torino,2,0,H,0.48126984801334,Bet365,-0.5,1.99,Bet365,2.5,1.81,2.0,Bet365
2021,I1,2020-07-19,Genoa,Lecce,2,1,H,0.5009638554216866,Bet365,-0.5,1.88,Bet365,2.5,1.61,2.31,Bet365
2021,I1,2020-07-19,Napoli,Udinese,2,1,H,0.6373984899403643,Bet365,-1.0,1.84,Bet365,2.5,1.75,2.08,Bet365
2021,E0,2020-07-20,Brighton,Newcastle,0,0,H,0.4949043997660027,Bet365,-0.5,1.95,Bet365,2.5,2.12,1.73,Bet365
2021,E0,2020-07-20,Wolves,Crystal Palace,2,0,H,0.6383621344123307,Bet365,-1.0,1.94,Bet365,2.5,2.29,1.64,Bet365
2021,E0,2020-07-21,Watford,Man City,0,4,A,0.7184979891225073,Bet365,-1.5,1.96,Bet365,2.5,1.48,2.67,Bet365
2021,I1,2020-07-21,Sassuolo,Milan,1,2,A,0.47785152029634204,Bet365,-0.5,2.04,Bet365,2.5,1.44,2.73,Bet365
2021,I1,2020-07-22,Parma,Napoli,2,1,A,0.613378161928423,Bet365,-1.0,1.95,Bet365,2.5,1.62,2.28,Bet365
2021,E0,2020-07-22,Liverpool,Chelsea,5,3,H,0.4689226369722048,Bet365,-0.5,2.09,Bet365,2.5,1.6,2.34,Bet365
2021,I1,2020-07-22,Sampdoria,Genoa,1,2,H,0.3790820543571626,Bet365,0.0,1.81,Bet365,2.5,1.9,1.9,Bet365
2021,I1,2020-07-22,Spal,Roma,1,6,A,0.7038076970166919,Bet365,-1.5,1.99,Bet365,2.5,1.43,2.76,Bet365
2021,I1,2020-07-25,Brescia,Parma,1,2,A,0.46424900895610044,Bet365,-0.5,2.06,Bet365,2.5,1.58,2.36,Bet365
2021,I1,2020-07-25,Genoa,Inter,0,3,A,0.5836601072058136,Bet365,-1.0,2.05,Bet365,2.5,1.56,2.42,Bet365
2021,I1,2020-07-25,Napoli,Sassuolo,2,0,H,0.6064425158789883,Bet365,-1.0,1.95,Bet365,2.5,1.49,2.58,Bet365
2021,E0,2020-07-26,Arsenal,Watford,3,2,H,0.4962874810087077,Bet365,-0.5,1.93,Bet365,2.5,1.61,2.34,Bet365
2021,E0,2020-07-26,Chelsea,Wolves,2,0,H,0.5196560196560197,Bet365,-0.5,1.84,Bet365,2.5,1.9,1.92,Bet365
2021,E0,2020-07-26,Crystal Palace,Tottenham,1,1,A,0.6173989568353044,Bet365,-1.0,1.95,Bet365,2.5,1.76,2.08,Bet365
2021,E0,2020-07-26,Man City,Norwich,5,0,H,0.8938403852519641,Bet365,-3.0,1.95,Bet365,2.5,1.21,4.36,Bet365
2021,E0,2020-07-26,Newcastle,Liverpool,1,3,A,0.6827002700270026,Bet365,-1.5,2.05,Bet365,2.5,1.54,2.49,Bet365
2021,I1,2020-07-26,Bologna,Lecce,3,2,H,0.3973217622552587,Bet365,0.0,1.72,Bet365,2.5,1.53,2.48,Bet365
2021,I1,2020-07-26,Cagliari,Udinese,0,1,A,0.46502969594894067,Bet365,-0.5,2.06,Bet365,2.5,1.88,1.91,Bet365
2021,I1,2020-07-26,Roma,Fiorentina,2,1,H,0.586309819918416,Bet365,-1.0,2.02,Bet365,2.5,1.51,2.54,Bet365
2021,I1,2020-07-26,Spal,Torino,1,1,A,0.608801164860055,Bet365,-1.0,1.96,Bet365,2.5,1.64,2.25,Bet365
2021,I1,2020-07-28,Parma,Atalanta,1,2,A,0.704255812920014,Bet365,-1.5,1.97,Bet365,2.5,1.38,2.98,Bet365
2021,I1,2020-07-28,Inter,Napoli,2,0,H,0.46647131004926645,Bet365,-0.5,2.06,Bet365,2.5,1.69,2.17,Bet365
2021,I1,2020-07-29,Lazio,Brescia,2,0,H,0.8051459919576602,Bet365,-2.0,1.98,Bet365,2.5,1.33,3.27,Bet365
2021,I1,2020-07-29,Verona,Spal,3,0,H,0.6108300478001466,Bet365,-1.0,1.95,Bet365,2.5,1.7,2.13,Bet365
2021,I1,2020-07-29,Cagliari,Juventus,2,0,A,0.6204841409152141,Bet365,-1.0,1.8,Bet365,2.5,1.63,2.25,Bet365
2021,I1,2020-07-29,Fiorentina,Bologna,4,0,H,0.4711561187571587,Bet365,-0.5,2.05,Bet365,2.5,1.79,2.02,Bet365
2021,I1,2020-08-01,Milan,Cagliari,3,0,H,0.7153397671935303,Bet365,-1.5,1.87,Bet365,2.5,1.32,3.34,Bet365
2021,I1,2020-08-02,Genoa,Verona,3,0,H,0.6182853112049457,Bet365,-1.0,1.95,Bet365,2.5,1.52,2.5,Bet365
2021,I1,2020-08-02,Lecce,Parma,3,4,H,0.6215278117269767,Bet365,-1.0,1.89,Bet365,2.5,1.37,3.03,Bet365
2021,I1,2020-08-02,Sassuolo,Udinese,0,1,H,0.49281686311959344,Bet365,-0.5,1.93,Bet365,2.5,1.4,2.88,Bet365
2021,F1,2020-08-22,Dijon,Angers,0,1,H,0.34784902912819926,Bet365,0.0,1.93,Bet365,2.5,2.4,1.57,Bet365
2021,F1,2020-08-23,Monaco,Reims,2,2,H,0.4955253563142194,Bet365,-0.5,1.93,Bet365,2.5,2.25,1.65,Bet365
2021,F1,2020-08-23,Lorient,Strasbourg,3,1,H,0.3706976195224394,Bet365,0.0,1.83,Bet365,2.5,2.32,1.61,Bet365
2021,F1,2020-08-23,Nice,Lens,2,1,H,0.470497683672432,Bet365,-0.5,2.04,Bet365,2.5,2.11,1.73,Bet365
2021,F1,2020-08-28,Lyon,Dijon,4,1,H,0.7298386390314837,Bet365,-1.5,1.96,Bet365,2.5,1.66,2.24,Bet365
2021,F1,2020-08-29,Rennes,Montpellier,2,1,H,0.46619434968949525,Bet365,-0.5,2.05,Bet365,2.5,2.31,1.62,Bet365
2021,F1,2020-08-30,Reims,Lille,0,1,A,0.37061500073389114,Bet365,-0.0,1.78,Bet365,2.5,2.52,1.52,Bet365
2021,F1,2020-08-30,Metz,Monaco,0,1,A,0.4728089103947341,Bet365,-0.5,2.04,Bet365,2.5,1.98,1.83,Bet365
2021,F1,2020-08-30,Nantes,Nimes,2,1,H,0.48519645049670723,Bet365,-0.5,1.98,Bet365,2.5,2.32,1.61,Bet365
2021,F1,2020-09-11,Bordeaux,Lyon,0,0,A,0.503839799445231,Bet365,-0.5,1.87,Bet365,2.5,2.07,1.76,Bet365
2021,E0,2020-09-12,Fulham,Arsenal,0,3,A,0.6180142687277052,Bet365,-1.0,1.97,Bet365,2.5,1.76,2.1,Bet365
2021,SP1,2020-09-12,Eibar,Celta,0,0,H,0.3770049931509876,Bet365,0.0,1.81,Bet365,2.5,2.31,1.61,Bet365
2021,SP1,2020-09-12,Granada,Ath Bilbao,2,0,A,0.34580012262415694,Bet365,-0.0,1.93,Bet365,2.5,2.61,1.49,Bet365
2021,E0,2020-09-12,Liverpool,Leeds,4,3,H,0.7394161856230326,Bet365,-1.5,1.95,Bet365,2.5,1.52,2.53,Bet365
2021,SP1,2020-09-12,Cadiz,Osasuna,0,2,H,0.3398978549540347,Bet365,0.0,1.94,Bet365,2.5,2.7,1.46,Bet365
2021,E0,2020-09-12,West Ham,Newcastle,0,2,H,0.44514261349610645,Bet365,-0.5,2.07,Bet365,2.5,1.97,1.86,Bet365
2021,F1,2020-09-13,Lille,Metz,1,0,H,0.6086562744092658,Bet365,-1.0,2.09,Bet365,2.5,2.2,1.67,Bet365
2021,SP1,2020-09-13,Alaves,Betis,0,1,A,0.3673704600875934,Bet365,-0.0,1.86,Bet365,2.5,2.18,1.68,Bet365
2021,E0,2020-09-13,West Brom,Leicester,0,3,A,0.4852332234034707,Bet365,-0.5,1.99,Bet365,2.5,1.92,1.9,Bet365
2021,SP1,2020-09-13,Valladolid,Sociedad,1,1,A,0.37281553398058254,Bet365,-0.0,1.83,Bet365,2.5,2.25,1.65,Bet365
2021,F1,2020-09-13,Monaco,Nantes,2,1,H,0.4914593893877321,Bet365,-0.5,1.95,Bet365,2.5,1.9,1.91,Bet365
2021,E0,2020-09-13,Tottenham,Everton,0,1,H,0.5031213092626962,Bet365,-0.5,1.91,Bet365,2.5,1.94,1.88,Bet365
2021,SP1,2020-09-13,Villarreal,Huesca,1,1,H,0.6067484263837574,Bet365,-1.0,2.02,Bet365,2.5,1.84,1.97,Bet365
2021,F1,2020-09-15,Montpellier,Lyon,2,1,A,0.4660664342640321,Bet365,-0.5,2.05,Bet365,2.5,2.03,1.79,Bet365
2021,F1,2020-09-17,Marseille,St Etienne,0,2,H,0.4733807667807517,Bet365,-0.5,2.04,Bet365,2.5,2.12,1.73,Bet365
2021,F1,2020-09-18,Lyon,Nimes,0,0,H,0.7306905737348142,Bet365,-1.5,1.88,Bet365,2.5,1.53,2.52,Bet365
2021,E0,2020-09-19,Everton,West Brom,5,2,H,0.6223560039049789,Bet365,-1.0,1.91,Bet365,2.5,1.81,2.03,Bet365
2021,D1,2020-09-19,Ein Frankfurt,Bielefeld,1,1,H,0.5780869340421886,Bet365,-1.0,2.05,Bet365,2.5,1.59,2.34,Bet365
2021,D1,2020-09-19,FC Koln,Hoffenheim,2,3,A,0.3682429774175781,Bet365,-0.0,1.97,Bet365,2.5,1.59,2.36,Bet365
2021,D1,2020-09-19,Werder Bremen,Hertha,1,4,H,0.36425920639451903,Bet365,0.0,1.94,Bet365,2.5,1.74,2.1,Bet365
2021,SP1,2020-09-19,Villarreal,Eibar,2,1,H,0.5970926336409094,Bet365,-1.0,2.02,Bet365,2.5,1.87,1.94,Bet365
2021,I1,2020-09-19,Fiorentina,Torino,1,0,H,0.5103187545834156,Bet365,-0.5,1.91,Bet365,2.5,1.81,2.02,Bet365
2021,SP1,2020-09-19,Getafe,Osasuna,1,0,H,0.4802593749783508,Bet365,-0.5,2.01,Bet365,2.5,2.72,1.45,Bet365
2021,E0,2020-09-19,Man United,Crystal Palace,1,3,H,0.7272414395909359,Bet365,-1.5,2.0,Bet365,2.5,1.66,2.24,Bet365
2021,I1,2020-09-19,Verona,Roma,0,0,A,0.4877869592292246,Bet365,-0.5,1.99,Bet365,2.5,1.79,2.03,Bet365
2021,E0,2020-09-19,Arsenal,West Ham,2,1,H,0.625731570755481,Bet365,-1.0,1.89,Bet365,2.5,1.64,2.3,Bet365
2021,I1,2020-09-20,Parma,Napoli,0,2,A,0.5849438787397042,Bet365,-1.0,2.05,Bet365,2.5,1.62,2.29,Bet365
2021,F1,2020-09-20,Metz,Reims,2,1,H,0.36169460242864293,Bet365,0.0,1.8,Bet365,2.5,2.87,1.42,Bet365
2021,I1,2020-09-20,Genoa,Crotone,4,1,H,0.49850974608829884,Bet365,-0.5,1.94,Bet365,2.5,1.91,1.89,Bet365
2021,E0,2020-09-20,Newcastle,Brighton,0,3,H,0.356996455354344,Bet365,0.0,1.88,Bet365,2.5,2.38,1.59,Bet365
2021,D1,2020-09-20,RB Leipzig,Mainz,3,1,H,0.6979990693345741,Bet365,-1.5,2.01,Bet365,2.5,1.37,3.05,Bet365
2021,I1,2020-09-20,Sassuolo,Cagliari,1,1,H,0.48911880754055237,Bet365,-0.5,1.98,Bet365,2.5,1.59,2.36,Bet365
2021,SP1,2020-09-20,Betis,Valladolid,2,0,H,0.5106755082707861,Bet365,-0.5,1.89,Bet365,2.5,2.11,1.73,Bet365
2021,SP1,2020-09-20,Granada,Alaves,2,1,H,0.4594901134556783,Bet365,-0.5,2.08,Bet365,2.5,2.75,1.45,Bet365
2021,I1,2020-09-20,Juventus,Sampdoria,3,0,H,0.7442277772530931,Bet365,-1.5,1.89,Bet365,2.5,1.55,2.45,Bet365
2021,E0,2020-09-21,Aston Villa,Sheffield United,1,0,H,0.35273563625105053,Bet365,0.0,1.91,Bet365,2.5,2.25,1.66,Bet365
2021,I1,2020-09-21,Milan,Bologna,2,0,H,0.6042622866937856,Bet365,-1.0,1.96,Bet365,2.5,1.59,2.36,Bet365
2021,E0,2020-09-21,Wolves,Man City,1,3,A,0.622638326980877,Bet365,-1.0,1.93,Bet365,2.5,1.7,2.18,Bet365
2021,D1,2020-09-26,Bielefeld,FC Koln,1,0,A,0.3770270857788793,Bet365,-0.0,1.89,Bet365,2.5,1.65,2.23,Bet365
2021,SP1,2020-09-26,Valencia,Huesca,1,1,H,0.46489655701137933,Bet365,-0.5,2.05,Bet365,2.5,2.04,1.77,Bet365
2021,F1,2020-09-26,St Etienne,Rennes,0,3,A,0.3620199378983494,Bet365,-0.0,1.85,Bet365,2.5,2.2,1.67,Bet365
2021,I1,2020-09-26,Sampdoria,Benevento,2,3,H,0.4714114615468369,Bet365,-0.5,2.04,Bet365,2.5,1.81,1.99,Bet365
2021,SP1,2020-09-26,Elche,Sociedad,0,3,A,0.48571708080610443,Bet365,-0.5,1.98,Bet365,2.5,2.48,1.53,Bet365
2021,D1,2020-09-26,Schalke 04,Werder Bremen,1,3,H,0.3742604607577647,Bet365,0.0,1.88,Bet365,2.5,1.76,2.06,Bet365
2021,I1,2020-09-26,Inter,Fiorentina,4,3,H,0.6154520377183008,Bet365,-1.0,1.95,Bet365,2.5,1.66,2.22,Bet365
2021,SP1,2020-09-26,Betis,Real Madrid,2,3,A,0.5190711358621415,Bet365,-0.5,1.84,Bet365,2.5,1.74,2.09,Bet365
2021,E0,2020-09-27,Sheffield United,Leeds,0,1,A,0.3639901362421624,Bet365,-0.0,1.89,Bet365,2.5,2.0,1.83,Bet365
2021,SP1,2020-09-27,Eibar,Ath Bilbao,1,2,A,0.3623596188931685,Bet365,-0.0,1.8,Bet365,2.5,2.71,1.45,Bet365
2021,F1,2020-09-27,Dijon,Montpellier,2,2,A,0.5154297646216345,Bet365,-0.5,1.86,Bet365,2.5,1.91,1.89,Bet365
2021,F1,2020-09-27,Monaco,Strasbourg,3,2,H,0.509635104676427,Bet365,-0.5,1.88,Bet365,2.5,1.83,1.97,Bet365
2021,F1,2020-09-27,Nimes,Lens,1,1,H,0.35803065286462665,Bet365,0.0,1.95,Bet365,2.5,2.01,1.8,Bet365
2021,I1,2020-09-27,Napoli,Genoa,6,0,H,0.7322566537966194,Bet365,-1.5,1.94,Bet365,2.5,1.56,2.41,Bet365
2021,I1,2020-09-27,Verona,Udinese,1,0,H,0.34693744286274,Bet365,0.0,1.97,Bet365,2.5,2.33,1.59,Bet365
2021,D1,2020-09-27,Hoffenheim,Bayern Munich,4,1,A,0.7724867556517173,Bet365,-2.0,2.03,Bet365,2.5,1.25,3.84,Bet365
2021,SP1,2020-09-27,Ath Madrid,Granada,6,1,H,0.6348130098527387,Bet365,-1.0,1.96,Bet365,2.5,2.34,1.59,Bet365
2021,F1,2020-09-27,Lorient,Lyon,1,1,A,0.5910534724180059,Bet365,-1.0,2.05,Bet365,2.5,1.76,2.06,Bet365
2021,I1,2020-09-27,Crotone,Milan,0,2,A,0.6226281293649941,Bet365,-1.0,1.91,Bet365,2.5,1.68,2.18,Bet365
2021,SP1,2020-09-27,Valladolid,Celta,1,1,A,0.34321213138787765,Bet365,-0.0,1.91,Bet365,2.5,2.78,1.43,Bet365
2021,E0,2020-09-27,West Ham,Wolves,4,0,A,0.4617014127306463,Bet365,-0.5,2.07,Bet365,2.5,2.13,1.73,Bet365
2021,I1,2020-09-27,Roma,Juventus,2,2,A,0.4692733158310606,Bet365,-0.5,2.08,Bet365,2.5,1.74,2.08,Bet365
2021,SP1,2020-09-27,Barcelona,Villarreal,4,0,H,0.6204454197967033,Bet365,-1.0,1.89,Bet365,2.5,1.49,2.57,Bet365
2021,E0,2020-09-28,Fulham,Aston Villa,0,3,A,0.3793598163616655,Bet365,-0.0,1.82,Bet365,2.5,2.07,1.76,Bet365
2021,I1,2020-09-28,Bologna,Parma,4,1,H,0.4852041142727163,Bet365,-0.5,1.98,Bet365,2.5,1.78,2.03,Bet365
2021,E0,2020-09-28,Liverpool,Arsenal,3,1,H,0.6431347913149319,Bet365,-1.0,1.75,Bet365,2.5,1.54,2.48,Bet365
2021,SP1,2020-09-29,Sociedad,Valencia,0,1,H,0.6135541595278888,Bet365,-1.0,2.01,Bet365,2.5,1.8,2.03,Bet365
2021,I1,2020-09-30,Benevento,Inter,2,5,A,0.7011179200031326,Bet365,-1.5,2.06,Bet365,2.5,1.52,2.5,Bet365
2021,SP1,2020-09-30,Huesca,Ath Madrid,0,0,A,0.6450775811156647,Bet365,-1.0,1.85,Bet365,2.5,2.2,1.67,Bet365
2021,SP1,2020-09-30,Villarreal,Alaves,3,1,H,0.5922397249944094,Bet365,-1.0,2.05,Bet365,2.5,2.02,1.79,Bet365
2021,I1,2020-09-30,Lazio,Atalanta,1,4,A,0.3731970706924423,Bet365,-0.0,1.95,Bet365,2.5,1.51,2.54,Bet365
2021,SP1,2020-09-30,Eibar,Elche,0,1,H,0.5213477506925029,Bet365,-0.5,1.83,Bet365,2.5,2.41,1.57,Bet365
2021,SP1,2020-10-01,Celta,Barcelona,0,3,A,0.6167623868392875,Bet365,-1.0,1.91,Bet365,2.5,1.61,2.31,Bet365
2021,F1,2020-10-02,Paris SG,Angers,6,1,H,0.872781475623199,Bet365,-2.5,1.7,Bet365,2.5,1.22,4.16,Bet365
2021,D1,2020-10-03,Dortmund,Freiburg,4,0,H,0.7342914731399526,Bet365,-1.5,1.88,Bet365,2.5,1.45,2.71,Bet365
2021,D1,2020-10-03,FC Koln,MGladbach,1,3,A,0.5075273614688326,Bet365,-0.5,1.92,Bet365,2.5,1.64,2.26,Bet365
2021,D1,2020-10-03,Stuttgart,Leverkusen,1,1,A,0.4994452897716929,Bet365,-0.5,1.94,Bet365,2.5,1.5,2.58,Bet365
2021,F1,2020-10-03,Lens,St Etienne,2,0,H,0.465960754407063,Bet365,-0.5,2.06,Bet365,2.5,2.18,1.68,Bet365
2021,E0,2020-10-03,Leeds,Man City,1,1,A,0.6926829777898498,Bet365,-1.5,2.05,Bet365,2.5,1.37,3.11,Bet365
2021,SP1,2020-10-03,Valencia,Betis,0,2,A,0.36103481881810934,Bet365,-0.0,1.91,Bet365,2.5,2.04,1.77,Bet365
2021,SP1,2020-10-04,Osasuna,Celta,2,0,H,0.35877689694224235,Bet365,0.0,1.88,Bet365,2.5,2.29,1.62,Bet365
2021,I1,2020-10-04,Parma,Verona,1,0,A,0.3662567769468412,Bet365,-0.0,1.85,Bet365,2.5,2.09,1.75,Bet365
2021,E0,2020-10-04,Arsenal,Sheffield United,2,1,H,0.6131139834360287,Bet365,-1.0,2.03,Bet365,2.5,1.93,1.89,Bet365
2021,E0,2020-10-04,Wolves,Fulham,1,0,H,0.6325025558780873,Bet365,-1.0,1.94,Bet365,2.5,2.12,1.73,Bet365
2021,D1,2020-10-04,Wolfsburg,Augsburg,0,0,H,0.4718476135293692,Bet365,-0.5,2.03,Bet365,2.5,1.8,2.01,Bet365
2021,SP1,2020-10-04,Levante,Real Madrid,0,2,A,0.6320783205434676,Bet365,-1.0,1.77,Bet365,2.5,1.51,2.51,Bet365
2021,E0,2020-10-04,Man United,Tottenham,1,6,H,0.49971330956121107,Bet365,-0.5,1.95,Bet365,2.5,1.79,2.04,Bet365
2021,I1,2020-10-04,Milan,Spezia,3,0,H,0.7466046194235673,Bet365,-1.5,1.87,Bet365,2.5,1.6,2.32,Bet365
2021,SP1,2020-10-04,Cadiz,Granada,1,1,A,0.360764430577223,Bet365,-0.0,1.85,Bet365,2.5,2.68,1.46,Bet365
2021,E0,2020-10-04,Aston Villa,Liverpool,7,2,A,0.7204159266702083,Bet365,-1.5,1.98,Bet365,2.5,1.53,2.5,Bet365
2021,SP1,2020-10-04,Barcelona,Sevilla,1,1,H,0.5894045449152817,Bet365,-1.0,2.06,Bet365,2.5,1.54,2.45,Bet365
2021,SP1,2020-10-17,Granada,Sevilla,1,0,A,0.4928008991166453,Bet365,-0.5,1.97,Bet365,2.5,2.21,1.67,Bet365
2021,I1,2020-10-17,Napoli,Atalanta,4,1,H,0.3832721868759578,Bet365,0.0,1.92,Bet365,2.5,1.43,2.77,Bet365
2021,D1,2020-10-17,Augsburg,RB Leipzig,0,2,A,0.6233945349538833,Bet365,-1.0,1.9,Bet365,2.5,1.52,2.51,Bet365
2021,D1,2020-10-17,Mainz,Leverkusen,0,1,A,0.593840061950647,Bet365,-1.0,2.02,Bet365,2.5,1.46,2.68,Bet365
2021,E0,2020-10-17,Chelsea,Southampton,3,3,H,0.6273634893189803,Bet365,-1.0,1.88,Bet365,2.5,1.58,2.4,Bet365
2021,D1,2020-10-17,Bielefeld,Bayern Munich,1,4,A,0.8060504153176533,Bet365,-2.0,1.75,Bet365,2.5,1.28,3.61,Bet365
2021,D1,2020-10-17,MGladbach,Wolfsburg,1,1,H,0.5136219521526643,Bet365,-0.5,1.89,Bet365,2.5,1.67,2.2,Bet365
2021,F1,2020-10-17,Marseille,Bordeaux,3,1,H,0.468506937480628,Bet365,-0.5,2.06,Bet365,2.5,2.12,1.72,Bet365
2021,SP1,2020-10-18,Eibar,Osasuna,0,0,H,0.3644472787742779,Bet365,0.0,1.82,Bet365,2.5,2.56,1.5,Bet365
2021,I1,2020-10-18,Spezia,Fiorentina,2,2,A,0.5889601421734988,Bet365,-1.0,2.1,Bet365,2.5,1.72,2.12,Bet365
2021,F1,2020-10-18,Angers,Metz,1,1,H,0.4664478003939593,Bet365,-0.5,2.06,Bet365,2.5,2.29,1.62,Bet365
2021,F1,2020-10-18,Monaco,Montpellier,1,1,H,0.6356164383561643,Bet365,-1.0,2.6,Bet365,2.5,1.65,2.26,Bet365
2021,E0,2020-10-18,Crystal Palace,Brighton,1,1,H,0.3577011420914949,Bet365,0.0,1.91,Bet365,2.5,2.19,1.69,Bet365
2021,E0,2020-10-18,Tottenham,West Ham,3,3,H,0.5917140046333027,Bet365,-1.0,2.07,Bet365,2.5,1.59,2.37,Bet365
2021,D1,2020-10-18,Schalke 04,Union Berlin,1,1,A,0.3676068786549413,Bet365,-0.0,1.89,Bet365,2.5,2.08,1.75,Bet365
2021,E0,2020-10-18,Leicester,Aston Villa,0,1,H,0.5073991669036586,Bet365,-0.5,1.89,Bet365,2.5,1.63,2.3,Bet365
2021,I1,2020-10-18,Roma,Benevento,5,2,H,0.716122485024652,Bet365,-1.5,1.99,Bet365,2.5,1.52,2.51,Bet365
2021,F1,2020-10-18,Lille,Lens,4,0,H,0.5087174588010508,Bet365,-0.5,1.93,Bet365,2.5,2.08,1.74,Bet365
2021,SP1,2020-10-18,Betis,Sociedad,0,3,H,0.3859789628936528,Bet365,0.0,1.83,Bet365,2.5,1.86,1.94,Bet365
2021,D1,2020-10-23,Stuttgart,FC Koln,1,1,H,0.49923901163443957,Bet365,-0.5,1.92,Bet365,2.5,1.57,2.41,Bet365
2021,F1,2020-10-23,Rennes,Angers,1,2,H,0.46040312809780815,Bet365,-0.5,2.09,Bet365,2.5,2.21,1.67,Bet365
2021,E0,2020-10-24,West Ham,Man City,1,1,A,0.6806938856275971,Bet365,-1.5,2.08,Bet365,2.5,1.42,2.89,Bet365
2021,D1,2020-10-24,Bayern Munich,Ein Frankfurt,5,0,H,0.7831021291841146,Bet365,-2.0,1.9,Bet365,2.5,1.21,4.17,Bet365
2021,E0,2020-10-24,Fulham,Crystal Palace,1,2,H,0.3494327312463843,Bet365,0.0,1.93,Bet365,2.5,2.27,1.65,Bet365
2021,SP1,2020-10-24,Barcelona,Real Madrid,1,3,H,0.4702616425316603,Bet365,-0.5,2.05,Bet365,2.5,1.66,2.22,Bet365
2021,I1,2020-10-24,Genoa,Inter,0,2,A,0.682667482923292,Bet365,-1.5,2.05,Bet365,2.5,1.52,2.5,Bet365
2021,SP1,2020-10-24,Sevilla,Eibar,0,1,H,0.6452111502935923,Bet365,-1.0,1.86,Bet365,2.5,2.02,1.79,Bet365
2021,D1,2020-10-24,Dortmund,Schalke 04,3,0,H,0.7885914757528024,Bet365,-2.0,2.0,Bet365,2.5,1.41,2.84,Bet365
2021,SP1,2020-10-24,Ath Madrid,Betis,2,0,H,0.6050893990533639,Bet365,-1.0,2.09,Bet365,2.5,2.07,1.76,Bet365
2021,I1,2020-10-25,Cagliari,Crotone,4,2,H,0.46544199550791593,Bet365,-0.5,2.03,Bet365,2.5,1.83,1.97,Bet365
2021,I1,2020-10-25,Benevento,Napoli,1,2,A,0.7100143159259511,Bet365,-1.5,1.92,Bet365,2.5,1.39,2.93,Bet365
2021,F1,2020-10-25,Bordeaux,Nimes,2,0,H,0.4881170339498256,Bet365,-0.5,1.97,Bet365,2.5,2.08,1.74,Bet365
2021,F1,2020-10-25,Montpellier,Reims,0,4,H,0.45593686476144923,Bet365,-0.5,1.97,Bet365,2.5,2.34,1.59,Bet365
2021,E0,2020-10-25,Southampton,Everton,2,0,A,0.377977869726036,Bet365,-0.0,1.88,Bet365,2.5,1.79,2.05,Bet365
2021,SP1,2020-10-25,Getafe,Granada,0,1,H,0.49518243563418096,Bet365,-0.5,1.95,Bet365,2.5,3.06,1.36,Bet365
2021,E0,2020-10-25,Arsenal,Leicester,0,1,H,0.4979113317891906,Bet365,-0.5,1.96,Bet365,2.5,1.74,2.12,Bet365
2021,D1,2020-10-26,Leverkusen,Augsburg,3,1,H,0.58281311017364,Bet365,-1.0,2.08,Bet365,2.5,1.59,2.34,Bet365
2021,E0,2020-10-26,Burnley,Tottenham,0,1,A,0.5874142625581897,Bet365,-1.0,2.05,Bet365,2.5,1.84,1.98,Bet365
2021,E0,2020-10-30,Wolves,Crystal Palace,2,0,H,0.4683740375887942,Bet365,-0.5,2.06,Bet365,2.5,2.67,1.48,Bet365
2021,E0,2020-10-31,Sheffield United,Man City,0,1,A,0.7318774868390381,Bet365,-1.5,1.92,Bet365,2.5,1.51,2.58,Bet365
2021,D1,2020-10-31,Augsburg,Mainz,3,1,H,0.47100929533503216,Bet365,-0.5,2.04,Bet365,2.5,1.69,2.17,Bet365
2021,E0,2020-10-31,Burnley,Chelsea,0,3,A,0.62229759469746,Bet365,-1.0,1.9,Bet365,2.5,1.66,2.23,Bet365
2021,SP1,2020-10-31,Ath Bilbao,Sevilla,2,1,A,0.3622546552591847,Bet365,-0.0,1.82,Bet365,2.5,2.71,1.45,Bet365
2021,F1,2020-10-31,Rennes,Brest,2,1,H,0.4779947537161177,Bet365,-0.5,2.03,Bet365,2.5,1.76,2.06,Bet365
2021,I1,2020-10-31,Inter,Parma,2,2,H,0.7087579659818262,Bet365,-1.5,2.04,Bet365,2.5,1.48,2.61,Bet365
2021,E0,2020-10-31,Liverpool,West Ham,2,1,H,0.6890193914412501,Bet365,-1.5,2.02,Bet365,2.5,1.4,2.95,Bet365
2021,I1,2020-10-31,Bologna,Cagliari,3,2,H,0.5042711490768808,Bet365,-0.5,1.91,Bet365,2.5,1.52,2.51,Bet365
2021,E0,2020-11-01,Aston Villa,Southampton,3,4,H,0.3893739203510901,Bet365,0.0,1.83,Bet365,2.5,1.65,2.27,Bet365
2021,SP1,2020-11-01,Betis,Elche,3,1,H,0.6479552517091361,Bet365,-1.0,1.85,Bet365,2.5,1.95,1.85,Bet365
2021,F1,2020-11-01,Nimes,Metz,0,1,H,0.38260918329334387,Bet365,0.0,1.81,Bet365,2.5,2.16,1.7,Bet365
2021,I1,2020-11-01,Spezia,Juventus,1,4,A,0.7016514073819499,Bet365,-1.5,2.06,Bet365,2.5,1.6,2.33,Bet365
2021,I1,2020-11-01,Torino,Lazio,3,4,H,0.37773359840954274,Bet365,0.0,2.05,Bet365,2.5,1.63,2.27,Bet365
2021,D1,2020-11-01,Freiburg,Leverkusen,2,4,A,0.4763475239797588,Bet365,-0.5,2.05,Bet365,2.5,1.74,2.09,Bet365
2021,F1,2020-11-01,Monaco,Bordeaux,4,0,H,0.4999383164503173,Bet365,-0.5,1.94,Bet365,2.5,1.79,2.02,Bet365
2021,E0,2020-11-01,Man United,Arsenal,0,1,H,0.47009945322254276,Bet365,-0.5,2.05,Bet365,2.5,1.74,2.12,Bet365
2021,D1,2020-11-01,Hertha,Wolfsburg,1,1,A,0.36397155230640865,Bet365,-0.0,1.96,Bet365,2.5,1.76,2.06,Bet365
2021,I1,2020-11-01,Napoli,Sassuolo,0,2,H,0.6203444113466893,Bet365,-1.0,1.89,Bet365,2.5,1.37,3.02,Bet365
2021,I1,2020-11-01,Roma,Fiorentina,2,0,H,0.52184946222494,Bet365,-0.5,1.85,Bet365,2.5,1.53,2.5,Bet365
2021,E0,2020-11-01,Tottenham,Brighton,2,1,H,0.5885760330424156,Bet365,-1.0,2.02,Bet365,2.5,1.65,2.26,Bet365
2021,I1,2020-11-01,Sampdoria,Genoa,1,1,H,0.4947766277867495,Bet365,-0.5,1.96,Bet365,2.5,1.78,2.04,Bet365
2021,F1,2020-11-01,Lille,Lyon,1,1,A,0.36122186495176845,Bet365,-0.0,1.92,Bet365,2.5,1.92,1.89,Bet365
2021,D1,2020-11-02,Hoffenheim,Union Berlin,1,3,H,0.5148910039914031,Bet365,-0.5,1.88,Bet365,2.5,1.61,2.31,Bet365
2021,I1,2020-11-02,Verona,Benevento,3,1,H,0.46749672346002624,Bet365,-0.5,2.07,Bet365,2.5,1.77,2.05,Bet365
2021,SP1,2020-11-02,Villarreal,Valladolid,2,0,H,0.5935763040211468,Bet365,-1.0,2.11,Bet365,2.5,1.92,1.88,Bet365
2021,E0,2020-11-02,Leeds,Leicester,1,4,H,0.37392613030664074,Bet365,0.0,1.93,Bet365,2.5,1.75,2.1,Bet365
2021,E0,2020-11-06,Brighton,Burnley,0,0,H,0.5061135313705103,Bet365,-0.5,1.9,Bet365,2.5,2.11,1.74,Bet365
2021,SP1,2020-11-06,Elche,Celta,1,1,A,0.4698559817481819,Bet365,-0.5,2.04,Bet365,2.5,2.39,1.58,Bet365
2021,E0,2020-11-06,Southampton,Newcastle,2,0,H,0.47143487607306067,Bet365,-0.5,2.06,Bet365,2.5,1.83,2.0,Bet365
2021,I1,2020-11-07,Cagliari,Sampdoria,2,0,A,0.3882133274755621,Bet365,-0.0,1.83,Bet365,2.5,1.62,2.29,Bet365
2021,D1,2020-11-07,RB Leipzig,Freiburg,3,0,H,0.7079005287492884,Bet365,-1.5,2.03,Bet365,2.5,1.53,2.51,Bet365
2021,D1,2020-11-07,Stuttgart,Ein Frankfurt,2,2,A,0.3817683184098261,Bet365,-0.0,1.9,Bet365,2.5,1.5,2.56,Bet365
2021,D1,2020-11-07,Union Berlin,Bielefeld,5,0,H,0.5193296738821639,Bet365,-0.5,1.83,Bet365,2.5,1.96,1.85,Bet365
2021,E0,2020-11-07,Crystal Palace,Leeds,4,1,A,0.3877730358951322,Bet365,-0.0,1.81,Bet365,2.5,1.94,1.88,Bet365
2021,I1,2020-11-07,Benevento,Spezia,0,3,H,0.4816458938022879,Bet365,-0.5,1.99,Bet365,2.5,1.57,2.39,Bet365
2021,SP1,2020-11-07,Sevilla,Osasuna,1,0,H,0.6171237178145278,Bet365,-1.0,2.01,Bet365,2.5,2.14,1.71,Bet365
2021,SP1,2020-11-07,Ath Madrid,Cadiz,4,0,H,0.6689792604620267,Bet365,-1.0,1.7,Bet365,2.5,2.43,1.55,Bet365
2021,I1,2020-11-08,Lazio,Juventus,1,1,A,0.47725972540045764,Bet365,-0.5,2.01,Bet365,2.5,1.64,2.25,Bet365
2021,F1,2020-11-08,Brest,Lille,3,2,A,0.47077642874841497,Bet365,-0.5,2.05,Bet365,2.5,1.85,1.96,Bet365
2021,E0,2020-11-08,West Brom,Tottenham,0,1,A,0.6308047928197997,Bet365,-1.0,1.86,Bet365,2.5,1.7,2.17,Bet365
2021,SP1,2020-11-08,Getafe,Villarreal,1,3,H,0.3699532143476001,Bet365,0.0,1.8,Bet365,2.5,2.48,1.53,Bet365
2021,I1,2020-11-08,Genoa,Roma,1,3,A,0.6123260437375745,Bet365,-1.0,1.95,Bet365,2.5,1.56,2.41,Bet365
2021,I1,2020-11-08,Torino,Crotone,0,0,H,0.47416185242251807,Bet365,-0.5,2.03,Bet365,2.5,1.72,2.13,Bet365
2021,E0,2020-11-08,Man City,Liverpool,1,1,H,0.48177264481038584,Bet365,-0.5,2.02,Bet365,2.5,1.44,2.79,Bet365
2021,F1,2020-11-08,Lyon,St Etienne,2,1,H,0.6959315170913246,Bet365,-1.5,2.08,Bet365,2.5,1.68,2.19,Bet365
2021,F1,2020-11-20,Monaco,Paris SG,3,2,A,0.623964155991039,Bet365,-1.0,1.88,Bet365,2.5,1.38,3.03,Bet365
2021,E0,2020-11-21,Newcastle,Chelsea,0,2,A,0.6389211903377557,Bet365,-1.0,1.83,Bet365,2.5,1.66,2.24,Bet365
2021,SP1,2020-11-21,Levante,Elche,1,1,H,0.5972409336213659,Bet365,-1.0,2.1,Bet365,2.5,1.83,1.98,Bet365
2021,D1,2020-11-21,Bielefeld,Leverkusen,1,2,A,0.6150917535978071,Bet365,-1.0,1.94,Bet365,2.5,1.64,2.26,Bet365
2021,D1,2020-11-21,MGladbach,Augsburg,1,1,H,0.6372303739265671,Bet365,-1.0,1.82,Bet365,2.5,1.56,2.44,Bet365
2021,D1,2020-11-21,Schalke 04,Wolfsburg,0,2,A,0.47991153180125945,Bet365,-0.5,2.01,Bet365,2.5,1.82,1.99,Bet365
2021,D1,2020-11-21,Ein Frankfurt,RB Leipzig,1,1,A,0.5008841175688981,Bet365,-0.5,1.95,Bet365,2.5,1.54,2.45,Bet365
2021,D1,2020-11-21,Hertha,Dortmund,2,5,A,0.5823209386071261,Bet365,-1.0,2.08,Bet365,2.5,1.57,2.42,Bet365
2021,I1,2020-11-21,Juventus,Cagliari,2,0,H,0.7446840360160771,Bet365,-1.5,1.73,Bet365,2.5,1.42,2.81,Bet365
2021,SP1,2020-11-21,Ath Madrid,Barcelona,1,0,A,0.38863722159305397,Bet365,-0.0,1.73,Bet365,2.5,1.84,1.97,Bet365
2021,E0,2020-11-21,Man United,West Brom,1,0,H,0.7161116158792283,Bet365,-1.5,2.06,Bet365,2.5,1.64,2.28,Bet365
2021,I1,2020-11-22,Fiorentina,Benevento,0,1,H,0.6188034565827569,Bet365,-1.0,1.91,Bet365,2.5,1.49,2.59,Bet365
2021,E0,2020-11-22,Fulham,Everton,2,3,A,0.5038342235316802,Bet365,-0.5,1.93,Bet365,2.5,1.75,2.1,Bet365
2021,F1,2020-11-22,Reims,Nimes,0,1,H,0.5008984787588647,Bet365,-0.5,1.93,Bet365,2.5,2.05,1.77,Bet365
2021,I1,2020-11-22,Inter,Torino,4,2,H,0.7097326203208555,Bet365,-1.5,1.94,Bet365,2.5,1.4,2.9,Bet365
2021,I1,2020-11-22,Roma,Parma,3,0,H,0.6399007089955934,Bet365,-1.0,1.73,Bet365,2.5,1.42,2.79,Bet365
2021,I1,2020-11-22,Sampdoria,Bologna,1,2,H,0.3825347544938598,Bet365,0.0,1.87,Bet365,2.5,1.66,2.22,Bet365
2021,SP1,2020-11-22,Cadiz,Sociedad,0,1,A,0.5195806833404867,Bet365,-0.5,1.86,Bet365,2.5,2.34,1.6,Bet365
2021,D1,2020-11-22,FC Koln,Union Berlin,1,2,A,0.36425561853898,Bet365,-0.0,1.94,Bet365,2.5,1.93,1.87,Bet365
2021,I1,2020-11-22,Udinese,Genoa,1,0,H,0.5206078588875592,Bet365,-0.5,1.89,Bet365,2.5,1.89,1.91,Bet365
2021,E0,2020-11-22,Liverpool,Leicester,3,0,H,0.504521502405628,Bet365,-0.5,1.92,Bet365,2.5,1.59,2.39,Bet365
2021,SP1,2020-11-22,Alaves,Valencia,2,2,H,0.3566473847751483,Bet365,0.0,1.92,Bet365,2.5,2.32,1.59,Bet365
2021,F1,2020-11-22,Lille,Lorient,4,0,H,0.5977353214568305,Bet365,-1.0,2.08,Bet365,2.5,1.99,1.82,Bet365
2021,E0,2020-11-23,Burnley,Crystal Palace,1,0,H,0.3438561005562378,Bet365,0.0,1.97,Bet365,2.5,2.44,1.56,Bet365
2021,F1,2020-11-25,Lens,Nantes,1,1,H,0.4809369122926996,Bet365,-0.5,1.99,Bet365,2.5,2.13,1.71,Bet365
2021,D1,2020-11-27,Wolfsburg,Werder Bremen,5,3,H,0.506136267456623,Bet365,-0.5,1.91,Bet365,2.5,1.85,1.97,Bet365
2021,SP1,2020-11-27,Valladolid,Levante,1,1,H,0.3740806411856847,Bet365,0.0,1.84,Bet365,2.5,1.92,1.89,Bet365
2021,E0,2020-11-28,Brighton,Liverpool,1,1,A,0.5913149587500331,Bet365,-1.0,2.07,Bet365,2.5,1.58,2.4,Bet365
2021,D1,2020-11-28,RB Leipzig,Bielefeld,2,1,H,0.7845466926989728,Bet365,-2.0,2.06,Bet365,2.5,1.45,2.71,Bet365
2021,D1,2020-11-28,Union Berlin,Ein Frankfurt,3,3,H,0.37986962932510054,Bet365,0.0,1.87,Bet365,2.5,1.65,2.25,Bet365
2021,SP1,2020-11-28,Huesca,Sevilla,0,1,A,0.4789820230046101,Bet365,-0.5,2.0,Bet365,2.5,2.26,1.63,Bet365
2021,E0,2020-11-28,Everton,Leeds,0,1,H,0.47419499967864254,Bet365,-0.5,2.06,Bet365,2.5,1.62,2.31,Bet365
2021,D1,2020-11-28,MGladbach,Schalke 04,4,1,H,0.7061148384834818,Bet365,-1.5,1.96,Bet365,2.5,1.53,2.51,Bet365
2021,I1,2020-11-28,Atalanta,Verona,0,2,H,0.6996846871125963,Bet365,-1.5,2.03,Bet365,2.5,1.41,2.85,Bet365
2021,F1,2020-11-28,Paris SG,Bordeaux,2,2,H,0.8075752247277842,Bet365,-2.0,1.85,Bet365,2.5,1.32,3.29,Bet365
2021,SP1,2020-11-28,Real Madrid,Alaves,1,2,H,0.7088245525878397,Bet365,-1.5,2.04,Bet365,2.5,1.57,2.39,Bet365
2021,E0,2020-11-28,West Brom,Sheffield United,1,0,H,0.3680880880880881,Bet365,0.0,1.84,Bet365,2.5,2.28,1.63,Bet365
2021,F1,2020-11-29,Monaco,Nimes,3,0,H,0.6942169208802198,Bet365,-1.5,2.02,Bet365,2.5,1.54,2.47,Bet365
2021,E0,2020-11-29,Southampton,Man United,2,3,A,0.47926234720553945,Bet365,-0.5,2.01,Bet365,2.5,1.81,2.01,Bet365
2021,SP1,2020-11-29,Getafe,Ath Bilbao,1,1,H,0.3439898584338454,Bet365,0.0,1.94,Bet365,2.5,2.94,1.39,Bet365
2021,F1,2020-11-29,Nice,Dijon,1,3,H,0.5219039623247912,Bet365,-0.5,1.81,Bet365,2.5,1.89,1.92,Bet365
2021,SP1,2020-11-29,Celta,Granada,3,1,H,0.4766009852216749,Bet365,-0.5,1.99,Bet365,2.5,2.26,1.64,Bet365
2021,I1,2020-11-30,Torino,Sampdoria,2,2,H,0.37622926333817935,Bet365,0.0,1.89,Bet365,2.5,1.7,2.13,Bet365
2021,E0,2020-11-30,Leicester,Fulham,1,2,H,0.6232745063777738,Bet365,-1.0,1.92,Bet365,2.5,1.73,2.12,Bet365
2021,I1,2020-11-30,Genoa,Parma,1,2,H,0.35677165164003766,Bet365,0.0,1.94,Bet365,2.5,1.91,1.89,Bet365
2021,D1,2020-12-04,Hertha,Union Berlin,3,1,H,0.3682104059462549,Bet365,0.0,1.91,Bet365,2.5,1.9,1.91,Bet365
2021,SP1,2020-12-04,Ath Bilbao,Celta,0,2,H,0.4604115800488314,Bet365,-0.5,2.11,Bet365,2.5,2.19,1.68,Bet365
2021,E0,2020-12-05,Burnley,Everton,1,1,A,0.4871141515835537,Bet365,-0.5,1.98,Bet365,2.5,2.01,1.81,Bet365
2021,SP1,2020-12-05,Levante,Getafe,3,0,A,0.36552765685949884,Bet365,-0.0,1.85,Bet365,2.5,2.34,1.59,Bet365
2021,D1,2020-12-05,Bielefeld,Mainz,2,1,A,0.3865982841192193,Bet365,-0.0,1.83,Bet365,2.5,1.76,2.06,Bet365
2021,D1,2020-12-05,Ein Frankfurt,Dortmund,1,1,A,0.494656193219894,Bet365,-0.5,1.95,Bet365,2.5,1.52,2.49,Bet365
2021,D1,2020-12-05,FC Koln,Wolfsburg,2,2,A,0.46058184579206735,Bet365,-0.5,2.05,Bet365,2.5,1.78,2.03,Bet365
2021,D1,2020-12-05,Freiburg,MGladbach,2,2,A,0.4820102514589161,Bet365,-0.5,2.02,Bet365,2.5,1.61,2.31,Bet365
2021,E0,2020-12-05,Man City,Fulham,2,0,H,0.8574330729989618,Bet365,-2.5,2.02,Bet365,2.5,1.3,3.48,Bet365
2021,SP1,2020-12-05,Sevilla,Real Madrid,0,1,H,0.3746895328208162,Bet365,0.0,1.89,Bet365,2.5,1.75,2.06,Bet365
2021,E0,2020-12-05,West Ham,Man United,1,3,A,0.46717444664153074,Bet365,-0.5,2.07,Bet365,2.5,1.74,2.11,Bet365
2021,E0,2020-12-05,Chelsea,Leeds,3,1,H,0.6223445208018479,Bet365,-1.0,1.89,Bet365,2.5,1.5,2.59,Bet365
2021,I1,2020-12-06,Verona,Cagliari,1,1,H,0.4809793865977173,Bet365,-0.5,2.02,Bet365,2.5,1.71,2.14,Bet365
2021,F1,2020-12-06,Lille,Monaco,2,1,H,0.4031510658016682,Bet365,0.0,1.73,Bet365,2.5,1.72,2.12,Bet365
2021,E0,2020-12-06,West Brom,Crystal Palace,1,5,A,0.3712788360294821,Bet365,-0.0,1.85,Bet365,2.5,2.21,1.67,Bet365
2021,F1,2020-12-06,Angers,Lorient,2,0,H,0.5076924644760665,Bet365,-0.5,1.9,Bet365,2.5,1.97,1.83,Bet365
2021,E0,2020-12-06,Sheffield United,Leicester,1,2,A,0.47694982102963723,Bet365,-0.5,2.04,Bet365,2.5,2.01,1.82,Bet365
2021,D1,2020-12-06,Werder Bremen,Stuttgart,1,2,A,0.3838691839797772,Bet365,-0.0,1.87,Bet365,2.5,1.68,2.18,Bet365
2021,SP1,2020-12-06,Osasuna,Betis,0,2,A,0.35691932190282866,Bet365,-0.0,1.97,Bet365,2.5,2.07,1.75,Bet365
2021,F1,2020-12-06,Reims,Nice,0,0,H,0.3787502557334435,Bet365,0.0,1.86,Bet365,2.5,1.96,1.84,Bet365
2021,E0,2020-12-06,Tottenham,Arsenal,2,0,H,0.47661270555135193,Bet365,-0.5,2.05,Bet365,2.5,1.92,1.9,Bet365
2021,D1,2020-12-06,Schalke 04,Leverkusen,0,3,A,0.627878861149731,Bet365,-1.0,1.87,Bet365,2.5,1.66,2.21,Bet365
2021,I1,2020-12-06,Crotone,Napoli,0,4,A,0.6998323982601186,Bet365,-1.5,2.05,Bet365,2.5,1.52,2.52,Bet365
2021,SP1,2020-12-06,Villarreal,Elche,0,0,H,0.7123405051337057,Bet365,-1.5,2.02,Bet365,2.5,1.66,2.2,Bet365
2021,E0,2020-12-06,Liverpool,Wolves,4,0,H,0.6296041524762669,Bet365,-1.0,1.92,Bet365,2.5,1.75,2.1,Bet365
2021,F1,2020-12-06,Metz,Lyon,1,3,A,0.6029486357538821,Bet365,-1.0,2.05,Bet365,2.5,1.8,2.01,Bet365
2021,D1,2020-12-07,Hoffenheim,Augsburg,3,1,H,0.5173670212765958,Bet365,-0.5,1.86,Bet365,2.5,1.51,2.53,Bet365
2021,E0,2020-12-07,Brighton,Southampton,1,2,H,0.3800664451827242,Bet365,0.0,1.84,Bet365,2.5,1.94,1.88,Bet365
2021,SP1,2020-12-11,Valladolid,Osasuna,3,2,H,0.37451072490997345,Bet365,0.0,1.78,Bet365,2.5,2.53,1.52,Bet365
2021,I1,2020-12-12,Crotone,Spezia,4,1,H,0.36846383094012464,Bet365,0.0,1.91,Bet365,2.5,1.87,1.94,Bet365
2021,D1,2020-12-12,Dortmund,Stuttgart,1,5,H,0.6321482556661382,Bet365,-1.0,1.75,Bet365,2.5,1.43,2.78,Bet365
2021,D1,2020-12-12,Mainz,FC Koln,0,1,H,0.39303751380047447,Bet365,0.0,1.82,Bet365,2.5,1.64,2.26,Bet365
2021,D1,2020-12-12,MGladbach,Hertha,1,1,H,0.4967164984282765,Bet365,-0.5,1.95,Bet365,2.5,1.58,2.37,Bet365
2021,D1,2020-12-12,RB Leipzig,Werder Bremen,2,0,H,0.7035085924713584,Bet365,-1.5,2.03,Bet365,2.5,1.51,2.53,Bet365
2021,E0,2020-12-12,Newcastle,West Brom,2,1,H,0.38122030259050876,Bet365,0.0,1.83,Bet365,2.5,2.19,1.69,Bet365
2021,F1,2020-12-12,Marseille,Monaco,2,1,A,0.3887151337205591,Bet365,-0.0,1.82,Bet365,2.5,1.78,2.04,Bet365
2021,I1,2020-12-12,Torino,Udinese,2,3,A,0.3752527846435335,Bet365,-0.0,1.87,Bet365,2.5,1.93,1.87,Bet365
2021,F1,2020-12-12,Lens,Montpellier,2,3,H,0.37380680576133685,Bet365,0.0,1.86,Bet365,2.5,2.02,1.79,Bet365
2021,I1,2020-12-13,Cagliari,Inter,1,3,A,0.6907819815260029,Bet365,-1.5,2.05,Bet365,2.5,1.42,2.83,Bet365
2021,F1,2020-12-13,Strasbourg,Metz,2,2,H,0.47242179246550225,Bet365,-0.5,2.03,Bet365,2.5,2.17,1.68,Bet365
2021,I1,2020-12-13,Bologna,Roma,1,5,A,0.4774414620217019,Bet365,-0.5,2.04,Bet365,2.5,1.51,2.54,Bet365
2021,D1,2020-12-13,Augsburg,Schalke 04,2,2,H,0.4960943992022603,Bet365,-0.5,1.95,Bet365,2.5,1.87,1.92,Bet365
2021,E0,2020-12-13,Fulham,Liverpool,1,1,A,0.7165803637323669,Bet365,-1.5,1.94,Bet365,2.5,1.42,2.84,Bet365
2021,I1,2020-12-13,Genoa,Juventus,1,3,A,0.7110355279067104,Bet365,-1.5,2.02,Bet365,2.5,1.66,2.22,Bet365
2021,E0,2020-12-13,Arsenal,Burnley,0,1,H,0.6231289387736326,Bet365,-1.0,1.97,Bet365,2.5,1.9,1.92,Bet365
2021,E0,2020-12-13,Leicester,Brighton,3,0,H,0.4713522677883183,Bet365,-0.5,2.06,Bet365,2.5,1.91,1.91,Bet365
2021,I1,2020-12-13,Milan,Parma,2,2,H,0.7284621422333264,Bet365,-1.5,1.92,Bet365,2.5,1.5,2.57,Bet365
2021,F1,2020-12-13,Paris SG,Lyon,0,1,H,0.591777675825205,Bet365,-1.0,2.01,Bet365,2.5,1.4,2.88,Bet365
2021,I1,2020-12-15,Udinese,Crotone,0,0,H,0.5896656534954406,Bet365,-1.0,2.02,Bet365,2.5,1.92,1.89,Bet365
2021,D1,2020-12-15,Ein Frankfurt,MGladbach,3,3,A,0.3852609330805334,Bet365,-0.0,1.91,Bet365,2.5,1.47,2.64,Bet365
2021,D1,2020-12-15,Werder Bremen,Dortmund,1,2,A,0.6358840857710489,Bet365,-1.0,1.73,Bet365,2.5,1.57,2.4,Bet365
2021,E0,2020-12-15,Man City,West Brom,1,1,H,0.8608538801761872,Bet365,-2.5,2.02,Bet365,2.5,1.35,3.22,Bet365
2021,SP1,2020-12-15,Real Madrid,Ath Bilbao,3,1,H,0.6132593474913569,Bet365,-1.0,1.98,Bet365,2.5,1.81,2.0,Bet365
2021,I1,2020-12-16,Juventus,Atalanta,1,1,H,0.5012506528132816,Bet365,-0.5,1.92,Bet365,2.5,1.69,2.16,Bet365
2021,F1,2020-12-16,Dijon,Lille,0,2,A,0.6157647400804224,Bet365,-1.0,1.97,Bet365,2.5,1.92,1.88,Bet365
2021,D1,2020-12-16,Bayern Munich,Wolfsburg,2,1,H,0.7115288590477566,Bet365,-1.5,1.9,Bet365,2.5,1.3,3.38,Bet365
2021,D1,2020-12-16,Bielefeld,Augsburg,0,1,A,0.36896618638723133,Bet365,-0.0,1.87,Bet365,2.5,2.1,1.73,Bet365
2021,D1,2020-12-16,Hoffenheim,RB Leipzig,0,1,A,0.5763496937777702,Bet365,-1.0,2.08,Bet365,2.5,1.41,2.84,Bet365
2021,E0,2020-12-16,Fulham,Brighton,0,0,A,0.38011812754257945,Bet365,-0.0,1.81,Bet365,2.5,2.05,1.77,Bet365
2021,F1,2020-12-16,Lyon,Brest,2,2,H,0.7134326775864273,Bet365,-1.5,1.98,Bet365,2.5,1.47,2.62,Bet365
2021,F1,2020-12-16,Rennes,Marseille,2,1,H,0.38055090745269665,Bet365,0.0,1.79,Bet365,2.5,2.12,1.71,Bet365
2021,SP1,2020-12-16,Barcelona,Sociedad,2,1,H,0.5856388246946187,Bet365,-1.0,2.07,Bet365,2.5,1.52,2.49,Bet365
2021,SP1,2020-12-18,Ath Bilbao,Huesca,2,0,H,0.4908858820525913,Bet365,-0.5,1.97,Bet365,2.5,2.33,1.6,Bet365
2021,E0,2020-12-19,Crystal Palace,Liverpool,0,7,A,0.6302252272831103,Bet365,-1.0,1.88,Bet365,2.5,1.62,2.32,Bet365
2021,D1,2020-12-19,Augsburg,Ein Frankfurt,0,2,A,0.48429319371727747,Bet365,-0.5,2.01,Bet365,2.5,1.63,2.27,Bet365
2021,D1,2020-12-19,MGladbach,Hoffenheim,1,2,H,0.5056347012545184,Bet365,-0.5,1.91,Bet365,2.5,1.4,2.88,Bet365
2021,D1,2020-12-19,RB Leipzig,FC Koln,0,0,H,0.729724906339444,Bet365,-1.5,1.89,Bet365,2.5,1.54,2.46,Bet365
2021,SP1,2020-12-19,Barcelona,Valencia,2,2,H,0.728282859810061,Bet365,-1.5,1.86,Bet365,2.5,1.38,2.98,Bet365
2021,I1,2020-12-19,Sampdoria,Crotone,3,1,H,0.5183893832594784,Bet365,-0.5,1.86,Bet365,2.5,1.85,1.96,Bet365
2021,I1,2020-12-19,Parma,Juventus,0,4,A,0.6965667475627635,Bet365,-1.5,2.06,Bet365,2.5,1.6,2.34,Bet365
2021,SP1,2020-12-19,Sevilla,Valladolid,1,1,H,0.6210269168245871,Bet365,-1.0,2.03,Bet365,2.5,2.24,1.65,Bet365
2021,F1,2020-12-19,Nice,Lyon,1,4,A,0.6014785644521102,Bet365,-1.0,2.0,Bet365,2.5,1.69,2.17,Bet365
2021,E0,2020-12-19,Newcastle,Fulham,1,1,H,0.3713605471969295,Bet365,0.0,1.86,Bet365,2.5,2.14,1.72,Bet365
2021,I1,2020-12-20,Torino,Bologna,1,1,H,0.36382536382536385,Bet365,0.0,1.96,Bet365,2.5,1.68,2.19,Bet365
2021,I1,2020-12-20,Sassuolo,Milan,1,2,A,0.49179985229980355,Bet365,-0.5,1.97,Bet365,2.5,1.58,2.36,Bet365
2021,F1,2020-12-20,Dijon,Monaco,0,1,A,0.6182911120652641,Bet365,-1.0,1.9,Bet365,2.5,1.57,2.37,Bet365
2021,F1,2020-12-20,Nantes,Angers,1,1,H,0.38588013957452283,Bet365,0.0,1.8,Bet365,2.5,2.04,1.78,Bet365
2021,F1,2020-12-20,St Etienne,Nimes,2,2,H,0.6024780429814403,Bet365,-1.0,2.06,Bet365,2.5,1.82,1.98,Bet365
2021,E0,2020-12-20,Tottenham,Leicester,0,2,H,0.46034437395854644,Bet365,-0.5,2.08,Bet365,2.5,1.78,2.05,Bet365
2021,D1,2020-12-20,Freiburg,Hertha,4,1,H,0.3667333710704861,Bet365,0.0,1.92,Bet365,2.5,1.78,2.02,Bet365
2021,SP1,2020-12-20,Granada,Betis,2,0,H,0.37298026037789,Bet365,0.0,1.87,Bet365,2.5,1.98,1.83,Bet365
2021,F1,2020-12-20,Lorient,Rennes,0,3,A,0.4842932777153859,Bet365,-0.5,1.99,Bet365,2.5,1.97,1.83,Bet365
2021,E0,2020-12-20,West Brom,Aston Villa,0,3,A,0.48143276761251236,Bet365,-0.5,2.02,Bet365,2.5,1.75,2.1,Bet365
2021,I1,2020-12-20,Lazio,Napoli,2,0,A,0.3848083380299578,Bet365,-0.0,1.83,Bet365,2.5,1.9,1.91,Bet365
2021,F1,2020-12-20,Lille,Paris SG,0,0,A,0.4871571908728567,Bet365,-0.5,2.0,Bet365,2.5,1.65,2.22,Bet365
2021,SP1,2020-12-20,Eibar,Real Madrid,1,3,A,0.6188406892382103,Bet365,-1.0,1.94,Bet365,2.5,1.79,2.02,Bet365
2021,E0,2020-12-21,Chelsea,West Ham,3,0,H,0.6415610164450857,Bet365,-1.0,1.7,Bet365,2.5,1.55,2.44,Bet365
2021,I1,2020-12-22,Crotone,Parma,2,1,A,0.3605258418872681,Bet365,-0.0,1.96,Bet365,2.5,1.99,1.82,Bet365
2021,SP1,2020-12-22,Huesca,Levante,1,1,A,0.3583342300656408,Bet365,-0.0,1.95,Bet365,2.5,1.92,1.89,Bet365
2021,I1,2020-12-22,Juventus,Fiorentina,0,3,H,0.7148111985888196,Bet365,-1.5,2.04,Bet365,2.5,1.63,2.29,Bet365
2021,SP1,2020-12-22,Villarreal,Ath Bilbao,1,1,H,0.48017964346271946,Bet365,-0.5,2.02,Bet365,2.5,2.26,1.65,Bet365
2021,SP1,2020-12-23,Getafe,Celta,1,1,A,0.3500729428688694,Bet365,-0.0,1.95,Bet365,2.5,2.36,1.58,Bet365
2021,I1,2020-12-23,Verona,Inter,1,2,A,0.5976086220864054,Bet365,-1.0,2.04,Bet365,2.5,1.7,2.16,Bet365
2021,F1,2020-12-23,Lens,Brest,2,1,H,0.4776601574893997,Bet365,-0.5,2.01,Bet365,2.5,1.78,2.04,Bet365
2021,F1,2020-12-23,Nice,Lorient,2,2,H,0.5051415461510098,Bet365,-0.5,1.9,Bet365,2.5,1.97,1.83,Bet365
2021,F1,2020-12-23,Nimes,Dijon,1,3,H,0.368043174480798,Bet365,0.0,1.95,Bet365,2.5,1.9,1.9,Bet365
2021,SP1,2020-12-23,Real Madrid,Granada,2,0,H,0.7165295727592044,Bet365,-1.5,1.98,Bet365,2.5,1.56,2.41,Bet365
2021,I1,2020-12-23,Bologna,Atalanta,2,2,A,0.5960112503196113,Bet365,-1.0,2.03,Bet365,2.5,1.51,2.52,Bet365
2021,I1,2020-12-23,Napoli,Torino,1,1,H,0.705281460552054,Bet365,-1.5,2.01,Bet365,2.5,1.49,2.6,Bet365
2021,I1,2020-12-23,Roma,Cagliari,3,2,H,0.7274185865777533,Bet365,-1.5,1.9,Bet365,2.5,1.39,2.97,Bet365
2021,I1,2020-12-23,Sampdoria,Sassuolo,2,3,A,0.3694754937298487,Bet365,-0.0,1.94,Bet365,2.5,1.7,2.15,Bet365
2021,I1,2020-12-23,Udinese,Benevento,0,2,H,0.5049284388684344,Bet365,-0.5,1.92,Bet365,2.5,2.08,1.75,Bet365
2021,F1,2020-12-23,Lyon,Nantes,3,0,H,0.7375033781814522,Bet365,-1.5,1.84,Bet365,2.5,1.55,2.44,Bet365
2021,F1,2020-12-23,Monaco,St Etienne,2,2,H,0.5841140104419855,Bet365,-1.0,2.02,Bet365,2.5,1.67,2.2,Bet365
2021,SP1,2020-12-23,Alaves,Eibar,2,1,H,0.3455778882209877,Bet365,0.0,1.9,Bet365,2.5,2.7,1.45,Bet365
2021,SP1,2020-12-23,Betis,Cadiz,1,0,H,0.501853474422053,Bet365,-0.5,1.93,Bet365,2.5,2.21,1.67,Bet365
2021,E0,2020-12-26,Aston Villa,Crystal Palace,3,0,H,0.4931307748209157,Bet365,-0.5,1.95,Bet365,2.5,1.77,2.06,Bet365
2021,E0,2020-12-26,Arsenal,Chelsea,3,1,A,0.49677742596259694,Bet365,-0.5,1.94,Bet365,2.5,1.91,1.91,Bet365
2021,E0,2020-12-26,Man City,Newcastle,2,0,H,0.8558634262842484,Bet365,-2.5,2.0,Bet365,2.5,1.36,3.14,Bet365
2021,E0,2020-12-26,Sheffield United,Everton,0,1,A,0.5046353626292713,Bet365,-0.5,1.93,Bet365,2.5,1.95,1.87,Bet365
2021,E0,2020-12-27,Liverpool,West Brom,1,1,H,0.8476805872485585,Bet365,-2.5,2.03,Bet365,2.5,1.36,3.13,Bet365
2021,E0,2020-12-28,Crystal Palace,Leicester,1,1,A,0.47651228481586105,Bet365,-0.5,2.04,Bet365,2.5,1.88,1.94,Bet365
2021,E0,2020-12-29,West Brom,Leeds,0,5,A,0.4720113495097284,Bet365,-0.5,2.05,Bet365,2.5,1.61,2.32,Bet365
2021,SP1,2020-12-29,Barcelona,Eibar,1,1,H,0.7423992087309348,Bet365,-1.5,1.73,Bet365,2.5,1.51,2.54,Bet365
2021,E0,2020-12-29,Man United,Wolves,1,0,H,0.6164204361340806,Bet365,-1.0,2.01,Bet365,2.5,1.92,1.9,Bet365
2021,SP1,2020-12-29,Cadiz,Valladolid,0,0,A,0.33839792947788766,Bet365,-0.0,1.95,Bet365,2.5,2.77,1.43,Bet365
2021,SP1,2020-12-29,Levante,Betis,4,3,H,0.3937197213479967,Bet365,0.0,1.73,Bet365,2.5,1.7,2.16,Bet365
2021,SP1,2020-12-30,Ath Madrid,Getafe,1,0,H,0.6532969726682191,Bet365,-1.0,1.87,Bet365,2.5,2.43,1.55,Bet365
2021,E0,2020-12-30,Newcastle,Liverpool,0,0,A,0.7412698352020122,Bet365,-1.5,1.87,Bet365,2.5,1.5,2.6,Bet365
2021,SP1,2020-12-30,Elche,Real Madrid,1,1,A,0.7453925405533217,Bet365,-1.5,1.75,Bet365,2.5,1.58,2.37,Bet365
2021,SP1,2020-12-31,Ath Bilbao,Sociedad,0,1,A,0.37407197266921793,Bet365,-0.0,1.82,Bet365,2.5,2.35,1.58,Bet365
2021,D1,2021-01-02,Bielefeld,MGladbach,0,1,A,0.6008845813622553,Bet365,-1.0,2.0,Bet365,2.5,1.69,2.17,Bet365
2021,D1,2021-01-02,Werder Bremen,Union Berlin,0,2,A,0.38045450376626433,Bet365,-0.0,1.81,Bet365,2.5,1.97,1.83,Bet365
2021,E0,2021-01-02,Crystal Palace,Sheffield United,2,0,H,0.4755955622470663,Bet365,-0.5,2.03,Bet365,2.5,2.25,1.65,Bet365
2021,SP1,2021-01-02,Betis,Sevilla,1,1,A,0.474894910176422,Bet365,-0.5,2.03,Bet365,2.5,2.14,1.71,Bet365
2021,E0,2021-01-02,Brighton,Wolves,3,3,H,0.36,Bet365,0.0,1.87,Bet365,2.5,2.43,1.56,Bet365
2021,SP1,2021-01-02,Getafe,Valladolid,0,1,H,0.4740440617877944,Bet365,-0.5,2.02,Bet365,2.5,2.77,1.43,Bet365
2021,E0,2021-01-02,West Brom,Arsenal,0,4,A,0.5952228702326932,Bet365,-1.0,2.06,Bet365,2.5,1.84,1.98,Bet365
2021,SP1,2021-01-02,Real Madrid,Celta,2,0,H,0.6421996054459941,Bet365,-1.0,1.73,Bet365,2.5,1.57,2.4,Bet365
2021,I1,2021-01-03,Inter,Crotone,6,2,H,0.783882012597041,Bet365,-2.0,2.05,Bet365,2.5,1.42,2.81,Bet365
2021,SP1,2021-01-03,Ath Bilbao,Elche,1,0,H,0.6236431744158135,Bet365,-1.0,1.99,Bet365,2.5,2.33,1.6,Bet365
2021,I1,2021-01-03,Atalanta,Sassuolo,5,1,H,0.6147271170917112,Bet365,-1.0,1.87,Bet365,2.5,1.44,2.73,Bet365
2021,I1,2021-01-03,Cagliari,Napoli,1,4,A,0.6408766971268055,Bet365,-1.0,1.77,Bet365,2.5,1.58,2.38,Bet365
2021,I1,2021-01-03,Parma,Torino,0,3,A,0.36665927285192873,Bet365,-0.0,1.86,Bet365,2.5,1.78,2.03,Bet365
2021,D1,2021-01-03,Dortmund,Wolfsburg,2,0,H,0.6020864846320583,Bet365,-1.0,1.99,Bet365,2.5,1.54,2.44,Bet365
2021,SP1,2021-01-03,Alaves,Ath Madrid,1,2,A,0.6038524598022953,Bet365,-1.0,2.08,Bet365,2.5,2.25,1.64,Bet365
2021,I1,2021-01-03,Benevento,Milan,0,2,A,0.5913124444885703,Bet365,-1.0,2.05,Bet365,2.5,1.61,2.31,Bet365
2021,SP1,2021-01-03,Sociedad,Osasuna,1,1,H,0.6078090635097343,Bet365,-1.0,2.04,Bet365,2.5,1.93,1.87,Bet365
2021,SP1,2021-01-04,Valencia,Cadiz,1,1,H,0.4718973318263395,Bet365,-0.5,2.02,Bet365,2.5,2.26,1.64,Bet365
2021,I1,2021-01-06,Bologna,Udinese,2,2,A,0.3547083541287654,Bet365,-0.0,1.94,Bet365,2.5,1.87,1.94,Bet365
2021,I1,2021-01-06,Lazio,Fiorentina,2,1,H,0.5211367115437453,Bet365,-0.5,1.77,Bet365,2.5,1.83,1.98,Bet365
2021,I1,2021-01-06,Sampdoria,Inter,2,1,A,0.611630383341221,Bet365,-1.0,1.96,Bet365,2.5,1.66,2.23,Bet365
2021,I1,2021-01-06,Torino,Verona,1,1,H,0.3675456745939814,Bet365,0.0,1.91,Bet365,2.5,2.0,1.82,Bet365
2021,I1,2021-01-06,Napoli,Spezia,1,2,H,0.7962633837617582,Bet365,-2.0,2.03,Bet365,2.5,1.46,2.69,Bet365
2021,F1,2021-01-06,Metz,Bordeaux,0,0,H,0.35958933270619525,Bet365,0.0,1.88,Bet365,2.5,2.36,1.59,Bet365
2021,F1,2021-01-06,Strasbourg,Nimes,5,0,H,0.6045360113438333,Bet365,-1.0,2.01,Bet365,2.5,1.85,1.96,Bet365
2021,F1,2021-01-06,Lille,Angers,1,2,H,0.5962268873864325,Bet365,-1.0,2.11,Bet365,2.5,2.12,1.73,Bet365
2021,F1,2021-01-06,Marseille,Montpellier,3,1,H,0.4574638844301766,Bet365,-0.5,2.05,Bet365,2.5,2.08,1.75,Bet365
2021,F1,2021-01-06,Reims,Dijon,0,0,H,0.5151610291323099,Bet365,-0.5,1.85,Bet365,2.5,2.03,1.79,Bet365
2021,F1,2021-01-06,St Etienne,Paris SG,1,1,A,0.6905149823101705,Bet365,-1.5,2.02,Bet365,2.5,1.49,2.59,Bet365
2021,D1,2021-01-08,MGladbach,Bayern Munich,3,2,A,0.6036646696112301,Bet365,-1.0,1.93,Bet365,2.5,1.3,3.49,Bet365
2021,D1,2021-01-09,Freiburg,FC Koln,5,0,H,0.49260401150102195,Bet365,-0.5,1.99,Bet365,2.5,1.86,1.95,Bet365
2021,D1,2021-01-09,Mainz,Ein Frankfurt,0,2,A,0.4845420001901655,Bet365,-0.5,2.02,Bet365,2.5,1.53,2.49,Bet365
2021,D1,2021-01-09,Union Berlin,Wolfsburg,2,2,A,0.3861119129434188,Bet365,-0.0,1.81,Bet365,2.5,1.92,1.9,Bet365
2021,SP1,2021-01-09,Osasuna,Real Madrid,0,0,A,0.6432095714492667,Bet365,-1.0,1.77,Bet365,2.5,1.76,2.07,Bet365
2021,F1,2021-01-09,Bordeaux,Lorient,2,1,H,0.4681183835002723,Bet365,-0.5,2.06,Bet365,2.5,2.19,1.68,Bet365
2021,F1,2021-01-09,Dijon,Marseille,0,0,A,0.49567264990808263,Bet365,-0.5,1.99,Bet365,2.5,2.02,1.8,Bet365
2021,F1,2021-01-09,Metz,Nice,1,1,H,0.36647378289261007,Bet365,0.0,1.89,Bet365,2.5,2.23,1.66,Bet365
2021,F1,2021-01-09,Montpellier,Nantes,1,1,H,0.4808914698265715,Bet365,-0.5,2.02,Bet365,2.5,1.93,1.88,Bet365
2021,F1,2021-01-09,Reims,St Etienne,3,1,A,0.349422095558235,Bet365,-0.0,1.91,Bet365,2.5,2.45,1.55,Bet365
2021,I1,2021-01-10,Parma,Lazio,0,2,A,0.603887947617167,Bet365,-1.0,2.01,Bet365,2.5,1.79,2.02,Bet365
2021,I1,2021-01-10,Udinese,Napoli,1,2,A,0.5136958299264105,Bet365,-0.5,1.88,Bet365,2.5,1.87,1.93,Bet365
2021,SP1,2021-01-10,Cadiz,Alaves,3,1,H,0.3535698081410423,Bet365,0.0,1.86,Bet365,2.5,2.85,1.41,Bet365
2021,D1,2021-01-10,Bielefeld,Hertha,1,0,A,0.5001567462210531,Bet365,-0.5,1.94,Bet365,2.5,2.02,1.8,Bet365
2021,I1,2021-01-10,Juventus,Sassuolo,3,1,H,0.7335156041611096,Bet365,-1.5,1.88,Bet365,2.5,1.45,2.72,Bet365
2021,SP1,2021-01-11,Huesca,Betis,0,2,A,0.3747732518967105,Bet365,-0.0,1.87,Bet365,2.5,2.04,1.78,Bet365
2021,SP1,2021-01-12,Ath Madrid,Sevilla,2,0,H,0.4911106421040995,Bet365,-0.5,1.98,Bet365,2.5,2.5,1.53,Bet365
2021,E0,2021-01-13,Man City,Brighton,1,0,H,0.8113378223440555,Bet365,-2.0,1.94,Bet365,2.5,1.48,2.64,Bet365
2021,E0,2021-01-14,Arsenal,Crystal Palace,0,0,H,0.6167597501505473,Bet365,-1.0,1.97,Bet365,2.5,1.87,1.95,Bet365
2021,I1,2021-01-15,Lazio,Roma,3,0,A,0.38797966077810436,Bet365,-0.0,1.86,Bet365,2.5,1.64,2.27,Bet365
2021,E0,2021-01-16,Wolves,West Brom,2,3,H,0.595723011793166,Bet365,-1.0,2.08,Bet365,2.5,2.28,1.64,Bet365
2021,D1,2021-01-16,Dortmund,Mainz,1,1,H,0.7969983432413995,Bet365,-2.0,1.92,Bet365,2.5,1.37,3.08,Bet365
2021,E0,2021-01-16,West Ham,Burnley,1,0,H,0.5209568640930893,Bet365,-0.5,1.85,Bet365,2.5,2.1,1.74,Bet365
2021,I1,2021-01-16,Torino,Spezia,0,0,H,0.4749069934493369,Bet365,-0.5,2.02,Bet365,2.5,1.87,1.94,Bet365
2021,E0,2021-01-16,Fulham,Chelsea,0,1,A,0.6195008583741108,Bet365,-1.0,1.98,Bet365,2.5,1.77,2.07,Bet365
2021,I1,2021-01-16,Sampdoria,Udinese,2,1,A,0.37901782861524697,Bet365,-0.0,1.82,Bet365,2.5,2.02,1.8,Bet365
2021,F1,2021-01-16,Angers,Paris SG,0,1,A,0.7103248994388438,Bet365,-1.5,2.01,Bet365,2.5,1.57,2.4,Bet365
2021,I1,2021-01-17,Napoli,Fiorentina,6,0,H,0.6193938170007237,Bet365,-1.0,1.95,Bet365,2.5,1.71,2.15,Bet365
2021,F1,2021-01-17,Nantes,Lens,1,1,H,0.37362505259361667,Bet365,0.0,1.86,Bet365,2.5,2.06,1.77,Bet365
2021,F1,2021-01-17,Strasbourg,St Etienne,1,0,H,0.47604951367933657,Bet365,-0.5,2.01,Bet365,2.5,2.06,1.76,Bet365
2021,I1,2021-01-17,Crotone,Benevento,4,1,A,0.38612499554068674,Bet365,-0.0,1.84,Bet365,2.5,1.8,2.0,Bet365
2021,D1,2021-01-17,Bayern Munich,Freiburg,2,1,H,0.7738316122220764,Bet365,-2.0,2.0,Bet365,2.5,1.26,3.79,Bet365
2021,E0,2021-01-17,Liverpool,Man United,0,0,H,0.48715212729351814,Bet365,-0.5,1.97,Bet365,2.5,1.68,2.21,Bet365
2021,D1,2021-01-17,Ein Frankfurt,Schalke 04,3,1,H,0.6292374934807793,Bet365,-1.0,1.85,Bet365,2.5,1.54,2.47,Bet365
2021,E0,2021-01-17,Man City,Crystal Palace,4,0,H,0.8188367411802099,Bet365,-2.0,1.9,Bet365,2.5,1.49,2.62,Bet365
2021,I1,2021-01-17,Inter,Juventus,2,0,H,0.3926315167975438,Bet365,0.0,1.78,Bet365,2.5,1.63,2.27,Bet365
2021,F1,2021-01-17,Lyon,Metz,0,1,H,0.7432842885882214,Bet365,-1.5,1.86,Bet365,2.5,1.6,2.34,Bet365
2021,I1,2021-01-18,Cagliari,Milan,0,2,A,0.6235798606885394,Bet365,-1.0,1.88,Bet365,2.5,1.53,2.48,Bet365
2021,D1,2021-01-19,MGladbach,Werder Bremen,1,0,H,0.5974320731470073,Bet365,-1.0,2.07,Bet365,2.5,1.74,2.11,Bet365
2021,SP1,2021-01-19,Cadiz,Levante,2,2,A,0.3697666321143987,Bet365,-0.0,1.82,Bet365,2.5,2.27,1.64,Bet365
2021,SP1,2021-01-19,Valladolid,Elche,2,2,H,0.5142455858747993,Bet365,-0.5,1.88,Bet365,2.5,2.37,1.59,Bet365
2021,E0,2021-01-19,West Ham,West Brom,2,1,H,0.6072764066693063,Bet365,-1.0,1.98,Bet365,2.5,1.89,1.93,Bet365
2021,D1,2021-01-19,Mainz,Wolfsburg,0,2,A,0.5135636926250644,Bet365,-0.5,1.92,Bet365,2.5,1.67,2.21,Bet365
2021,E0,2021-01-19,Leicester,Chelsea,2,0,A,0.38627548250256827,Bet365,-0.0,1.81,Bet365,2.5,1.89,1.94,Bet365
2021,D1,2021-01-20,Schalke 04,FC Koln,1,2,H,0.3642692720238788,Bet365,0.0,1.91,Bet365,2.5,2.11,1.73,Bet365
2021,SP1,2021-01-20,Getafe,Huesca,1,0,H,0.49172822666684673,Bet365,-0.5,1.98,Bet365,2.5,2.82,1.42,Bet365
2021,D1,2021-01-20,Augsburg,Bayern Munich,0,1,A,0.7872988882695885,Bet365,-2.0,1.91,Bet365,2.5,1.32,3.34,Bet365
2021,D1,2021-01-20,Freiburg,Ein Frankfurt,2,2,A,0.3926221461772278,Bet365,-0.0,1.73,Bet365,2.5,1.61,2.3,Bet365
2021,D1,2021-01-20,RB Leipzig,Union Berlin,1,0,H,0.6331838919281891,Bet365,-1.0,1.9,Bet365,2.5,1.75,2.08,Bet365
2021,E0,2021-01-20,Fulham,Man United,1,2,A,0.6188780898809735,Bet365,-1.0,1.94,Bet365,2.5,1.73,2.13,Bet365
2021,SP1,2021-01-20,Villarreal,Granada,2,2,H,0.62517398817889,Bet365,-1.0,1.97,Bet365,2.5,1.86,1.95,Bet365
2021,SP1,2021-01-21,Valencia,Osasuna,1,1,H,0.4621825841041654,Bet365,-0.5,2.08,Bet365,2.5,2.15,1.71,Bet365
2021,E0,2021-01-21,Liverpool,Burnley,0,1,H,0.7994859199177472,Bet365,-2.0,2.05,Bet365,2.5,1.52,2.53,Bet365
2021,I1,2021-01-22,Benevento,Torino,2,2,A,0.36891799284245796,Bet365,-0.0,1.87,Bet365,2.5,1.96,1.85,Bet365
2021,F1,2021-01-22,Paris SG,Montpellier,4,0,H,0.8189077047367306,Bet365,-2.0,1.84,Bet365,2.5,1.34,3.2,Bet365
2021,SP1,2021-01-22,Levante,Valladolid,2,2,H,0.4850580890128183,Bet365,-0.5,1.98,Bet365,2.5,1.99,1.83,Bet365
2021,SP1,2021-01-23,Huesca,Villarreal,0,0,A,0.5208161884532688,Bet365,-0.5,1.86,Bet365,2.5,2.05,1.77,Bet365
2021,D1,2021-01-23,Freiburg,Stuttgart,2,1,A,0.3806178083309693,Bet365,-0.0,1.92,Bet365,2.5,1.57,2.38,Bet365
2021,D1,2021-01-23,Leverkusen,Wolfsburg,0,1,H,0.46151225034898935,Bet365,-0.5,2.08,Bet365,2.5,1.71,2.14,Bet365
2021,SP1,2021-01-23,Sevilla,Cadiz,3,0,H,0.6449273036556793,Bet365,-1.0,1.91,Bet365,2.5,2.24,1.65,Bet365
2021,F1,2021-01-23,Lens,Nice,0,1,H,0.468758053217476,Bet365,-0.5,2.04,Bet365,2.5,2.04,1.78,Bet365
2021,I1,2021-01-23,Milan,Atalanta,0,3,A,0.3872008981825837,Bet365,-0.0,1.87,Bet365,2.5,1.58,2.38,Bet365
2021,I1,2021-01-23,Udinese,Inter,0,0,A,0.5961975614796446,Bet365,-1.0,2.1,Bet365,2.5,1.79,2.02,Bet365
2021,SP1,2021-01-23,Sociedad,Betis,2,2,H,0.5162680136681027,Bet365,-0.5,1.88,Bet365,2.5,1.79,2.02,Bet365
2021,SP1,2021-01-23,Alaves,Real Madrid,1,4,A,0.6069228158817541,Bet365,-1.0,2.06,Bet365,2.5,1.76,2.07,Bet365
2021,E0,2021-01-23,Aston Villa,Newcastle,2,0,H,0.6383231466549868,Bet365,-1.0,1.87,Bet365,2.5,1.69,2.2,Bet365
2021,F1,2021-01-24,Dijon,Strasbourg,1,1,A,0.4680235008668052,Bet365,-0.5,2.06,Bet365,2.5,2.11,1.72,Bet365
2021,SP1,2021-01-24,Elche,Barcelona,0,2,A,0.6968214293539541,Bet365,-1.5,2.09,Bet365,2.5,1.52,2.46,Bet365
2021,F1,2021-01-24,Rennes,Lille,0,1,A,0.34674398442739596,Bet365,-0.0,1.96,Bet365,2.5,2.41,1.55,Bet365
2021,D1,2021-01-24,Hoffenheim,FC Koln,3,0,H,0.5234491821106529,Bet365,-0.5,1.75,Bet365,2.5,1.74,2.09,Bet365
2021,SP1,2021-01-24,Celta,Eibar,1,1,H,0.4627190890882812,Bet365,-0.5,2.08,Bet365,2.5,2.27,1.63,Bet365
2021,E0,2021-01-26,Newcastle,Leeds,1,2,A,0.49804941482444737,Bet365,-0.5,1.94,Bet365,2.5,1.67,2.23,Bet365
2021,E0,2021-01-26,West Brom,Man City,0,5,A,0.8014799303562186,Bet365,-2.0,2.07,Bet365,2.5,1.57,2.42,Bet365
2021,E0,2021-01-27,Burnley,Aston Villa,3,2,A,0.4790635867567644,Bet365,-0.5,2.02,Bet365,2.5,1.9,1.92,Bet365
2021,E0,2021-01-27,Brighton,Fulham,0,0,H,0.46539021612191644,Bet365,-0.5,2.05,Bet365,2.5,2.17,1.71,Bet365
2021,E0,2021-01-27,Everton,Leicester,1,1,A,0.3669269098351172,Bet365,-0.0,1.89,Bet365,2.5,2.03,1.8,Bet365
2021,E0,2021-01-27,Man United,Sheffield United,1,2,H,0.7483669142047561,Bet365,-1.5,1.93,Bet365,2.5,1.66,2.24,Bet365
2021,I1,2021-01-29,Torino,Fiorentina,1,1,H,0.35177814867120294,Bet365,0.0,1.93,Bet365,2.5,2.16,1.7,Bet365
2021,F1,2021-01-29,Lyon,Bordeaux,2,1,H,0.7232684411129828,Bet365,-1.5,1.87,Bet365,2.5,1.44,2.76,Bet365
2021,E0,2021-01-30,Everton,Newcastle,0,2,H,0.603820919975717,Bet365,-1.0,2.07,Bet365,2.5,1.99,1.84,Bet365
2021,SP1,2021-01-30,Eibar,Sevilla,0,2,A,0.47082443308858407,Bet365,-0.5,2.07,Bet365,2.5,2.34,1.6,Bet365
2021,I1,2021-01-30,Bologna,Milan,1,2,A,0.513655210908221,Bet365,-0.5,1.9,Bet365,2.5,1.72,2.13,Bet365
2021,D1,2021-01-30,Bayern Munich,Hoffenheim,4,1,H,0.7705836549166315,Bet365,-2.0,2.0,Bet365,2.5,1.21,4.3,Bet365
2021,D1,2021-01-30,Werder Bremen,Schalke 04,1,1,H,0.4900045907933726,Bet365,-0.5,1.98,Bet365,2.5,1.92,1.89,Bet365
2021,E0,2021-01-30,Crystal Palace,Wolves,1,0,A,0.36714867600809836,Bet365,-0.0,1.8,Bet365,2.5,2.46,1.56,Bet365
2021,SP1,2021-01-30,Real Madrid,Levante,1,2,H,0.7077777155610306,Bet365,-1.5,1.97,Bet365,2.5,1.43,2.8,Bet365
2021,F1,2021-01-30,Montpellier,Lens,1,2,A,0.37341642128329794,Bet365,-0.0,1.83,Bet365,2.5,2.04,1.78,Bet365
2021,I1,2021-01-30,Sampdoria,Juventus,0,2,A,0.6414993231653908,Bet365,-1.0,1.75,Bet365,2.5,1.62,2.3,Bet365
2021,E0,2021-01-30,Arsenal,Man United,0,0,A,0.3822837957903179,Bet365,-0.0,1.81,Bet365,2.5,1.82,2.01,Bet365
2021,D1,2021-01-30,RB Leipzig,Leverkusen,1,0,H,0.495390119719279,Bet365,-0.5,1.95,Bet365,2.5,1.7,2.16,Bet365
2021,E0,2021-01-31,Chelsea,Burnley,2,0,H,0.7146949669327974,Bet365,-1.5,2.0,Bet365,2.5,1.74,2.11,Bet365
2021,SP1,2021-01-31,Getafe,Alaves,0,0,H,0.4895461499235085,Bet365,-0.5,2.0,Bet365,2.5,2.61,1.48,Bet365
2021,I1,2021-01-31,Crotone,Genoa,0,3,A,0.38248111912806887,Bet365,-0.0,1.81,Bet365,2.5,2.08,1.75,Bet365
2021,SP1,2021-01-31,Cadiz,Ath Madrid,2,4,A,0.6467800406064959,Bet365,-1.0,1.89,Bet365,2.5,2.34,1.6,Bet365
2021,D1,2021-01-31,Wolfsburg,Freiburg,3,0,H,0.5147755259833965,Bet365,-0.5,1.88,Bet365,2.5,1.71,2.14,Bet365
2021,I1,2021-01-31,Napoli,Parma,2,0,H,0.727383659353872,Bet365,-1.5,1.99,Bet365,2.5,1.54,2.46,Bet365
2021,SP1,2021-01-31,Granada,Celta,0,0,A,0.3573308860820634,Bet365,-0.0,1.94,Bet365,2.5,2.18,1.69,Bet365
2021,F1,2021-01-31,Nantes,Monaco,1,2,A,0.5245916690986716,Bet365,-0.5,1.87,Bet365,2.5,1.8,2.01,Bet365
2021,SP1,2021-02-01,Betis,Osasuna,1,0,H,0.5047552499235733,Bet365,-0.5,1.91,Bet365,2.5,1.99,1.82,Bet365
2021,E0,2021-02-02,Sheffield United,West Brom,2,1,H,0.4683848247158637,Bet365,-0.5,2.1,Bet365,2.5,2.28,1.64,Bet365
2021,E0,2021-02-02,Newcastle,Crystal Palace,1,2,A,0.3651366498966313,Bet365,-0.0,1.85,Bet365,2.5,2.26,1.65,Bet365
2021,F1,2021-02-03,Metz,Montpellier,1,1,H,0.370589338574073,Bet365,0.0,1.82,Bet365,2.5,2.24,1.65,Bet365
2021,F1,2021-02-03,Reims,Angers,0,0,H,0.3595011905638609,Bet365,0.0,1.87,Bet365,2.5,2.53,1.51,Bet365
2021,F1,2021-02-03,Rennes,Lorient,1,1,H,0.5907497349934182,Bet365,-1.0,2.1,Bet365,2.5,1.94,1.87,Bet365
2021,E0,2021-02-03,Fulham,Leicester,0,2,A,0.48615198169616886,Bet365,-0.5,1.99,Bet365,2.5,2.0,1.83,Bet365
2021,E0,2021-02-03,Leeds,Everton,1,2,H,0.38780394000256396,Bet365,0.0,1.87,Bet365,2.5,1.65,2.26,Bet365
2021,F1,2021-02-03,Dijon,Lyon,0,1,A,0.7030566143155772,Bet365,-1.5,2.0,Bet365,2.5,1.59,2.34,Bet365
2021,F1,2021-02-03,Monaco,Nice,2,1,H,0.6346174998625088,Bet365,-1.0,1.83,Bet365,2.5,1.61,2.31,Bet365
2021,F1,2021-02-03,Paris SG,Nimes,3,0,H,0.886777460925637,Bet365,-3.0,2.07,Bet365,2.5,1.22,4.18,Bet365
2021,E0,2021-02-03,Liverpool,Brighton,0,1,H,0.7030720118067921,Bet365,-1.5,2.05,Bet365,2.5,1.63,2.3,Bet365
2021,D1,2021-02-05,Hertha,Bayern Munich,0,1,A,0.6932908021298373,Bet365,-1.5,2.09,Bet365,2.5,1.33,3.28,Bet365
2021,I1,2021-02-05,Fiorentina,Inter,0,2,A,0.6221688763802088,Bet365,-1.0,1.94,Bet365,2.5,1.83,1.98,Bet365
2021,SP1,2021-02-05,Alaves,Valladolid,1,0,H,0.36814244465832535,Bet365,0.0,1.81,Bet365,2.5,2.48,1.54,Bet365
2021,E0,2021-02-06,Aston Villa,Arsenal,1,0,A,0.37424327111558964,Bet365,-0.0,1.86,Bet365,2.5,1.69,2.19,Bet365
2021,I1,2021-02-06,Sassuolo,Spezia,1,2,H,0.519728202280226,Bet365,-0.5,1.87,Bet365,2.5,1.59,2.35,Bet365
2021,D1,2021-02-06,Freiburg,Dortmund,2,1,A,0.59183135208455,Bet365,-1.0,2.04,Bet365,2.5,1.51,2.54,Bet365
2021,D1,2021-02-06,Leverkusen,Stuttgart,5,2,H,0.48094662510337804,Bet365,-0.5,2.01,Bet365,2.5,1.53,2.5,Bet365
2021,D1,2021-02-06,Schalke 04,RB Leipzig,0,3,A,0.7190661478599221,Bet365,-1.5,1.94,Bet365,2.5,1.55,2.44,Bet365
2021,E0,2021-02-06,Newcastle,Southampton,3,2,A,0.3873808910636106,Bet365,-0.0,1.75,Bet365,2.5,1.99,1.83,Bet365
2021,F1,2021-02-06,Lorient,Reims,1,0,H,0.373535195930242,Bet365,0.0,1.82,Bet365,2.5,2.25,1.65,Bet365
2021,SP1,2021-02-06,Elche,Villarreal,2,2,A,0.6065315648631797,Bet365,-1.0,2.06,Bet365,2.5,2.22,1.66,Bet365
2021,D1,2021-02-06,MGladbach,FC Koln,1,2,H,0.6478862472288051,Bet365,-1.0,1.73,Bet365,2.5,1.7,2.16,Bet365
2021,F1,2021-02-06,Lens,Rennes,0,0,A,0.35319964360254363,Bet365,-0.0,1.96,Bet365,2.5,2.31,1.62,Bet365
2021,E0,2021-02-06,Man United,Everton,3,3,H,0.6147674872432385,Bet365,-1.0,1.96,Bet365,2.5,1.69,2.2,Bet365
2021,I1,2021-02-07,Benevento,Sampdoria,1,1,A,0.38248111912806887,Bet365,-0.0,1.8,Bet365,2.5,1.81,2.0,Bet365
2021,F1,2021-02-07,Brest,Bordeaux,2,1,H,0.3688845401174168,Bet365,0.0,1.85,Bet365,2.5,2.0,1.81,Bet365
2021,SP1,2021-02-07,Sociedad,Cadiz,4,1,H,0.6390449947814507,Bet365,-1.0,1.9,Bet365,2.5,2.06,1.77,Bet365
2021,F1,2021-02-07,Nice,Angers,3,0,H,0.34811358877337345,Bet365,0.0,1.95,Bet365,2.5,2.17,1.69,Bet365
2021,F1,2021-02-07,Nimes,Monaco,3,4,A,0.6793299234793672,Bet365,-1.5,2.02,Bet365,2.5,1.55,2.44,Bet365
2021,F1,2021-02-07,Nantes,Lille,0,2,A,0.5222494109117274,Bet365,-0.5,1.85,Bet365,2.5,2.23,1.65,Bet365
2021,SP1,2021-02-07,Osasuna,Eibar,2,1,H,0.36571207117885945,Bet365,0.0,1.82,Bet365,2.5,2.43,1.56,Bet365
2021,E0,2021-02-07,Sheffield United,Chelsea,1,2,A,0.6476567841638315,Bet365,-1.0,1.83,Bet365,2.5,1.88,1.94,Bet365
2021,I1,2021-02-07,Lazio,Cagliari,1,0,H,0.6909465155480867,Bet365,-1.5,2.05,Bet365,2.5,1.58,2.38,Bet365
2021,F1,2021-02-07,Marseille,Paris SG,0,2,A,0.6861195928524262,Bet365,-1.5,2.05,Bet365,2.5,1.49,2.59,Bet365
2021,SP1,2021-02-07,Betis,Barcelona,2,3,A,0.6240318971946531,Bet365,-1.0,1.85,Bet365,2.5,1.43,2.79,Bet365
2021,E0,2021-02-08,Leeds,Crystal Palace,2,0,H,0.5141284890273817,Bet365,-0.5,1.87,Bet365,2.5,1.65,2.26,Bet365
2021,SP1,2021-02-09,Real Madrid,Getafe,2,0,H,0.6202802009475349,Bet365,-1.0,1.96,Bet365,2.5,1.95,1.87,Bet365
2021,I1,2021-02-12,Bologna,Benevento,1,1,H,0.5084164079097893,Bet365,-0.5,1.88,Bet365,2.5,1.74,2.11,Bet365
2021,SP1,2021-02-12,Celta,Elche,3,1,H,0.6422365547712152,Bet365,-1.0,1.85,Bet365,2.5,2.02,1.79,Bet365
2021,SP1,2021-02-13,Granada,Ath Madrid,1,2,A,0.525037800198509,Bet365,-0.5,1.85,Bet365,2.5,2.46,1.55,Bet365
2021,I1,2021-02-13,Torino,Genoa,0,0,H,0.478643176104965,Bet365,-0.5,2.02,Bet365,2.5,2.03,1.78,Bet365
2021,D1,2021-02-13,Werder Bremen,Freiburg,0,0,A,0.37948208368559605,Bet365,-0.0,1.82,Bet365,2.5,1.96,1.84,Bet365
2021,SP1,2021-02-13,Sevilla,Huesca,1,0,H,0.6192873988144559,Bet365,-1.0,1.98,Bet365,2.5,2.1,1.73,Bet365
2021,F1,2021-02-13,Paris SG,Nice,2,1,H,0.7914411258995097,Bet365,-2.0,2.02,Bet365,2.5,1.37,3.04,Bet365
2021,I1,2021-02-13,Napoli,Juventus,1,0,A,0.47408368472267265,Bet365,-0.5,2.03,Bet365,2.5,1.89,1.91,Bet365
2021,SP1,2021-02-13,Eibar,Valladolid,1,1,H,0.47676688793440064,Bet365,-0.5,2.04,Bet365,2.5,2.44,1.55,Bet365
2021,E0,2021-02-13,Man City,Tottenham,3,0,H,0.7178926847908672,Bet365,-1.5,2.01,Bet365,2.5,1.62,2.33,Bet365
2021,F1,2021-02-13,Reims,Lens,1,1,A,0.36636020927867474,Bet365,-0.0,1.82,Bet365,2.5,2.3,1.61,Bet365
2021,I1,2021-02-13,Spezia,Milan,2,0,A,0.6383535522017466,Bet365,-1.0,1.84,Bet365,2.5,1.66,2.22,Bet365
2021,F1,2021-02-13,Lyon,Montpellier,1,2,H,0.6936516234157906,Bet365,-1.5,2.06,Bet365,2.5,1.47,2.64,Bet365
2021,SP1,2021-02-13,Barcelona,Alaves,5,1,H,0.7352584846407677,Bet365,-1.5,1.89,Bet365,2.5,1.48,2.61,Bet365
2021,E0,2021-02-13,Brighton,Aston Villa,0,0,A,0.37353449780273823,Bet365,-0.0,1.9,Bet365,2.5,1.78,2.06,Bet365
2021,F1,2021-02-14,Dijon,Nimes,0,2,H,0.3825370754842,Bet365,0.0,1.86,Bet365,2.5,1.87,1.93,Bet365
2021,F1,2021-02-14,Metz,Strasbourg,1,2,A,0.36341202902287206,Bet365,-0.0,1.84,Bet365,2.5,2.33,1.6,Bet365
2021,F1,2021-02-14,Rennes,St Etienne,0,2,H,0.4922132275814484,Bet365,-0.5,1.96,Bet365,2.5,2.18,1.69,Bet365
2021,I1,2021-02-14,Sampdoria,Fiorentina,2,1,A,0.37743034354211524,Bet365,-0.0,1.85,Bet365,2.5,1.85,1.95,Bet365
2021,E0,2021-02-14,West Brom,Man United,1,1,A,0.7216753849239825,Bet365,-1.5,1.94,Bet365,2.5,1.54,2.48,Bet365
2021,D1,2021-02-14,Ein Frankfurt,FC Koln,2,0,H,0.6419546461223117,Bet365,-1.0,1.79,Bet365,2.5,1.58,2.38,Bet365
2021,F1,2021-02-14,Lille,Brest,0,0,H,0.6226600845327742,Bet365,-1.0,1.97,Bet365,2.5,1.95,1.85,Bet365
2021,E0,2021-02-14,Arsenal,Leeds,4,2,H,0.5060214959480105,Bet365,-0.5,1.92,Bet365,2.5,1.59,2.38,Bet365
2021,D1,2021-02-14,Wolfsburg,MGladbach,0,0,H,0.38485844287158744,Bet365,0.0,1.86,Bet365,2.5,1.69,2.18,Bet365
2021,I1,2021-02-14,Crotone,Sassuolo,1,2,A,0.4888579680812937,Bet365,-0.5,1.98,Bet365,2.5,1.67,2.2,Bet365
2021,E0,2021-02-14,Everton,Fulham,0,2,H,0.49538674800904464,Bet365,-0.5,1.97,Bet365,2.5,1.99,1.84,Bet365
2021,SP1,2021-02-14,Villarreal,Betis,1,2,H,0.4891066402585219,Bet365,-0.5,1.98,Bet365,2.5,1.86,1.93,Bet365
2021,F1,2021-02-14,Bordeaux,Marseille,0,0,H,0.3625175096961207,Bet365,0.0,1.92,Bet365,2.5,2.14,1.71,Bet365
2021,I1,2021-02-15,Verona,Parma,2,1,H,0.4711850414228609,Bet365,-0.5,2.06,Bet365,2.5,2.07,1.75,Bet365
2021,E0,2021-02-17,Burnley,Fulham,1,1,A,0.35143930819763247,Bet365,-0.0,1.92,Bet365,2.5,2.29,1.63,Bet365
2021,SP1,2021-02-17,Levante,Ath Madrid,1,1,A,0.5176215089539727,Bet365,-0.5,1.87,Bet365,2.5,1.99,1.82,Bet365
2021,E0,2021-02-17,Everton,Man City,1,3,A,0.7087204452570278,Bet365,-1.5,2.05,Bet365,2.5,1.64,2.27,Bet365
2021,I1,2021-02-19,Fiorentina,Spezia,3,0,H,0.47288044836325993,Bet365,-0.5,2.06,Bet365,2.5,2.07,1.76,Bet365
2021,I1,2021-02-19,Cagliari,Torino,0,1,A,0.3735159088187153,Bet365,-0.0,1.85,Bet365,2.5,2.04,1.78,Bet365
2021,SP1,2021-02-19,Betis,Getafe,1,0,H,0.46880262655137767,Bet365,-0.5,2.03,Bet365,2.5,2.4,1.57,Bet365
2021,F1,2021-02-19,Brest,Lyon,2,3,A,0.63179549643997,Bet365,-1.0,1.73,Bet365,2.5,1.39,2.99,Bet365
2021,E0,2021-02-20,Burnley,West Brom,0,0,H,0.4691607250236234,Bet365,-0.5,2.03,Bet365,2.5,2.2,1.68,Bet365
2021,SP1,2021-02-20,Ath Madrid,Levante,0,2,H,0.6163660023985099,Bet365,-1.0,2.01,Bet365,2.5,1.96,1.84,Bet365
2021,F1,2021-02-20,Nantes,Marseille,1,1,A,0.36952239375809787,Bet365,-0.0,1.88,Bet365,2.5,2.24,1.64,Bet365
2021,I1,2021-02-20,Genoa,Verona,2,2,H,0.3453435859880386,Bet365,0.0,1.96,Bet365,2.5,2.16,1.69,Bet365
2021,D1,2021-02-20,Schalke 04,Dortmund,0,4,A,0.7231404958677685,Bet365,-1.5,1.87,Bet365,2.5,1.44,2.74,Bet365
2021,SP1,2021-02-20,Valladolid,Real Madrid,0,1,A,0.60264910725592,Bet365,-1.0,2.06,Bet365,2.5,1.87,1.93,Bet365
2021,E0,2021-02-21,West Ham,Tottenham,2,1,H,0.36234171539261756,Bet365,0.0,1.93,Bet365,2.5,1.98,1.84,Bet365
2021,I1,2021-02-21,Milan,Inter,0,3,A,0.4725829543692366,Bet365,-0.5,2.06,Bet365,2.5,1.71,2.14,Bet365
2021,F1,2021-02-21,Lens,Dijon,2,1,H,0.6195412657893371,Bet365,-1.0,1.96,Bet365,2.5,1.87,1.93,Bet365
2021,E0,2021-02-21,Aston Villa,Leicester,1,2,A,0.39256989659134434,Bet365,-0.0,1.75,Bet365,2.5,1.76,2.07,Bet365
2021,F1,2021-02-21,Lorient,Lille,1,4,A,0.49244841744192097,Bet365,-0.5,1.95,Bet365,2.5,2.19,1.67,Bet365
2021,E0,2021-02-21,Arsenal,Man City,0,1,A,0.6269841815917488,Bet365,-1.0,1.92,Bet365,2.5,1.76,2.08,Bet365
2021,I1,2021-02-21,Atalanta,Napoli,4,2,H,0.5149685618505979,Bet365,-0.5,1.88,Bet365,2.5,1.66,2.23,Bet365
2021,E0,2021-02-21,Man United,Newcastle,3,1,H,0.7392790300268532,Bet365,-1.5,1.9,Bet365,2.5,1.56,2.43,Bet365
2021,I1,2021-02-21,Benevento,Roma,0,0,A,0.6150779797319548,Bet365,-1.0,1.9,Bet365,2.5,1.48,2.6,Bet365
2021,SP1,2021-02-21,Ath Bilbao,Villarreal,1,1,H,0.3775738755885005,Bet365,0.0,1.79,Bet365,2.5,2.32,1.61,Bet365
2021,F1,2021-02-21,Paris SG,Monaco,0,2,H,0.5874499332443257,Bet365,-1.0,2.04,Bet365,2.5,1.41,2.83,Bet365
2021,I1,2021-02-22,Juventus,Crotone,3,0,H,0.8204134366925064,Bet365,-2.0,1.9,Bet365,2.5,1.48,2.59,Bet365
2021,SP1,2021-02-22,Osasuna,Sevilla,0,2,A,0.48613519399631017,Bet365,-0.5,2.01,Bet365,2.5,2.29,1.62,Bet365
2021,SP1,2021-02-24,Barcelona,Elche,3,0,H,0.8452895876853737,Bet365,-2.5,1.99,Bet365,2.5,1.31,3.38,Bet365
2021,F1,2021-02-24,Nimes,Lorient,1,0,A,0.3828663316582914,Bet365,-0.0,1.82,Bet365,2.5,1.95,1.85,Bet365
2021,F1,2021-02-26,Rennes,Nice,1,2,H,0.5183060179586795,Bet365,-0.5,1.83,Bet365,2.5,2.15,1.7,Bet365
2021,D1,2021-02-27,Bayern Munich,FC Koln,5,1,H,0.8066950486348143,Bet365,-2.0,1.75,Bet365,2.5,1.31,3.4,Bet365
2021,D1,2021-02-27,Dortmund,Bielefeld,3,0,H,0.7937472189125356,Bet365,-2.0,2.03,Bet365,2.5,1.42,2.82,Bet365
2021,D1,2021-02-27,Stuttgart,Schalke 04,5,1,H,0.6368765312773944,Bet365,-1.0,1.81,Bet365,2.5,1.58,2.37,Bet365
2021,E0,2021-02-27,West Brom,Brighton,1,0,A,0.4894289720396997,Bet365,-0.5,1.98,Bet365,2.5,2.14,1.72,Bet365
2021,F1,2021-02-27,Dijon,Paris SG,0,4,A,0.7930373360242179,Bet365,-2.0,1.97,Bet365,2.5,1.4,2.89,Bet365
2021,I1,2021-02-27,Bologna,Lazio,2,0,A,0.4692733158310606,Bet365,-0.5,2.06,Bet365,2.5,1.75,2.08,Bet365
2021,SP1,2021-02-27,Alaves,Osasuna,0,1,H,0.35167464114832536,Bet365,0.0,1.89,Bet365,2.5,2.49,1.52,Bet365
2021,I1,2021-02-27,Verona,Juventus,1,1,A,0.6143028790496917,Bet365,-1.0,1.98,Bet365,2.5,1.75,2.08,Bet365
2021,I1,2021-02-28,Sampdoria,Atalanta,0,2,A,0.574195082728395,Bet365,-1.0,2.08,Bet365,2.5,1.54,2.44,Bet365
2021,E0,2021-02-28,Leicester,Arsenal,1,3,H,0.3816780612022982,Bet365,0.0,1.83,Bet365,2.5,1.97,1.86,Bet365
2021,F1,2021-02-28,Angers,Lens,2,2,A,0.35193817468105987,Bet365,-0.0,1.9,Bet365,2.5,2.34,1.6,Bet365
2021,F1,2021-02-28,Reims,Montpellier,0,0,A,0.35087304080991416,Bet365,-0.0,1.91,Bet365,2.5,2.1,1.73,Bet365
2021,I1,2021-02-28,Inter,Genoa,3,0,H,0.8048301746278362,Bet365,-2.0,1.95,Bet365,2.5,1.48,2.59,Bet365
2021,E0,2021-02-28,Tottenham,Burnley,4,0,H,0.6186602408752074,Bet365,-1.0,2.0,Bet365,2.5,1.87,1.96,Bet365
2021,SP1,2021-02-28,Cadiz,Betis,0,1,A,0.463217125738901,Bet365,-0.5,2.1,Bet365,2.5,2.11,1.72,Bet365
2021,D1,2021-02-28,Leverkusen,Freiburg,1,2,H,0.5179340028694405,Bet365,-0.5,1.88,Bet365,2.5,1.66,2.22,Bet365
2021,SP1,2021-02-28,Granada,Elche,2,1,H,0.4589299171062547,Bet365,-0.5,2.11,Bet365,2.5,2.27,1.63,Bet365
2021,SP1,2021-03-01,Real Madrid,Sociedad,1,1,H,0.5068810681667995,Bet365,-0.5,1.92,Bet365,2.5,1.83,1.98,Bet365
2021,I1,2021-03-02,Juventus,Spezia,3,0,H,0.7596636218645788,Bet365,-1.5,1.89,Bet365,2.5,1.54,2.48,Bet365
2021,E0,2021-03-03,Burnley,Leicester,1,1,A,0.4678176721598315,Bet365,-0.5,2.08,Bet365,2.5,2.1,1.75,Bet365
2021,E0,2021-03-03,Sheffield United,Aston Villa,1,0,A,0.4636704958967372,Bet365,-0.5,2.1,Bet365,2.5,2.16,1.71,Bet365
2021,F1,2021-03-03,Lyon,Rennes,1,0,H,0.5986737614278249,Bet365,-1.0,2.04,Bet365,2.5,1.65,2.24,Bet365
2021,F1,2021-03-03,Metz,Angers,0,1,H,0.3739981322830809,Bet365,0.0,1.78,Bet365,2.5,2.52,1.52,Bet365
2021,F1,2021-03-03,St Etienne,Lens,2,3,A,0.3666943303038277,Bet365,-0.0,1.9,Bet365,2.5,2.17,1.69,Bet365
2021,I1,2021-03-03,Atalanta,Crotone,5,1,H,0.8092202668431547,Bet365,-2.0,1.89,Bet365,2.5,1.4,2.92,Bet365
2021,I1,2021-03-03,Cagliari,Bologna,1,0,H,0.37096132436809975,Bet365,0.0,1.86,Bet365,2.5,1.84,1.98,Bet365
2021,I1,2021-03-03,Fiorentina,Roma,1,2,A,0.4710802095929062,Bet365,-0.5,2.07,Bet365,2.5,1.81,2.01,Bet365
2021,I1,2021-03-03,Genoa,Sampdoria,1,1,A,0.37506302207486825,Bet365,-0.0,1.8,Bet365,2.5,2.07,1.76,Bet365
2021,I1,2021-03-03,Milan,Udinese,1,1,H,0.5164410058027079,Bet365,-0.5,1.87,Bet365,2.5,1.8,2.02,Bet365
2021,F1,2021-03-03,Montpellier,Lorient,1,1,H,0.46781957371812527,Bet365,-0.5,2.07,Bet365,2.5,1.86,1.94,Bet365
2021,F1,2021-03-03,Strasbourg,Monaco,1,0,A,0.5058332594658358,Bet365,-0.5,1.91,Bet365,2.5,1.84,1.97,Bet365
2021,E0,2021-03-04,Fulham,Tottenham,0,1,A,0.48894444309604146,Bet365,-0.5,2.0,Bet365,2.5,2.01,1.81,Bet365
2021,SP1,2021-03-05,Valencia,Villarreal,2,1,A,0.4809145814144795,Bet365,-0.5,2.0,Bet365,2.5,2.07,1.76,Bet365
2021,SP1,2021-03-06,Valladolid,Getafe,2,1,A,0.35170711641299873,Bet365,-0.0,1.83,Bet365,2.5,2.99,1.39,Bet365
2021,D1,2021-03-06,Ein Frankfurt,Stuttgart,1,1,H,0.49542483660130726,Bet365,-0.5,1.94,Bet365,2.5,1.47,2.65,Bet365
2021,D1,2021-03-06,Hertha,Augsburg,2,1,H,0.48480189278655955,Bet365,-0.5,2.0,Bet365,2.5,2.07,1.75,Bet365
2021,D1,2021-03-06,MGladbach,Leverkusen,0,1,H,0.3656433252845809,Bet365,0.0,1.99,Bet365,2.5,1.69,2.17,Bet365
2021,I1,2021-03-06,Udinese,Sassuolo,2,0,H,0.3822427812279915,Bet365,0.0,1.81,Bet365,2.5,1.92,1.9,Bet365
2021,D1,2021-03-06,Bayern Munich,Dortmund,4,2,H,0.5785280375805811,Bet365,-1.0,2.0,Bet365,2.5,1.32,3.37,Bet365
2021,I1,2021-03-06,Juventus,Lazio,3,1,H,0.4994442996116958,Bet365,-0.5,1.94,Bet365,2.5,1.7,2.15,Bet365
2021,SP1,2021-03-06,Osasuna,Barcelona,0,2,A,0.628471312321289,Bet365,-1.0,1.88,Bet365,2.5,1.64,2.25,Bet365
2021,E0,2021-03-06,Brighton,Leicester,1,2,H,0.37412799031631255,Bet365,0.0,1.81,Bet365,2.5,2.2,1.68,Bet365
2021,I1,2021-03-07,Roma,Genoa,1,0,H,0.6273546576050825,Bet365,-1.0,1.91,Bet365,2.5,1.72,2.13,Bet365
2021,I1,2021-03-07,Crotone,Torino,4,2,A,0.4615519508987287,Bet365,-0.5,2.09,Bet365,2.5,2.04,1.78,Bet365
2021,I1,2021-03-07,Fiorentina,Parma,3,3,H,0.49480089294620655,Bet365,-0.5,1.96,Bet365,2.5,2.03,1.79,Bet365
2021,D1,2021-03-07,FC Koln,Werder Bremen,1,1,A,0.36423172583093766,Bet365,-0.0,1.81,Bet365,2.5,2.3,1.62,Bet365
2021,SP1,2021-03-07,Ath Madrid,Real Madrid,1,1,H,0.3651479397349791,Bet365,0.0,1.9,Bet365,2.5,2.27,1.63,Bet365
2021,E0,2021-03-07,Man City,Man United,0,2,H,0.6380075727901814,Bet365,-1.0,1.84,Bet365,2.5,1.72,2.14,Bet365
2021,D1,2021-03-07,Bielefeld,Union Berlin,0,0,A,0.4769248311051566,Bet365,-0.5,2.01,Bet365,2.5,2.25,1.64,Bet365
2021,SP1,2021-03-07,Sociedad,Levante,1,0,H,0.6481836123090416,Bet365,-1.0,1.75,Bet365,2.5,1.79,2.03,Bet365
2021,E0,2021-03-07,Tottenham,Crystal Palace,4,1,H,0.6515184055667712,Bet365,-1.0,1.85,Bet365,2.5,1.84,1.98,Bet365
2021,I1,2021-03-07,Napoli,Bologna,3,1,H,0.6158570018642394,Bet365,-1.0,1.95,Bet365,2.5,1.66,2.24,Bet365
2021,E0,2021-03-08,Chelsea,Everton,2,0,H,0.6169720260335346,Bet365,-1.0,1.98,Bet365,2.5,1.93,1.89,Bet365
2021,I1,2021-03-08,Inter,Atalanta,1,0,H,0.4699046872959917,Bet365,-0.5,2.04,Bet365,2.5,1.64,2.25,Bet365
2021,E0,2021-03-10,Man City,Southampton,5,2,H,0.7933358450513078,Bet365,-2.0,2.03,Bet365,2.5,1.51,2.59,Bet365
2021,SP1,2021-03-10,Ath Madrid,Ath Bilbao,2,1,H,0.5254193714248988,Bet365,-0.5,1.84,Bet365,2.5,2.46,1.54,Bet365
2021,F1,2021-03-10,Marseille,Rennes,1,0,A,0.35234893853107707,Bet365,-0.0,1.9,Bet365,2.5,2.43,1.55,Bet365
2021,D1,2021-03-12,Augsburg,MGladbach,3,1,A,0.5147810104776366,Bet365,-0.5,1.88,Bet365,2.5,1.83,1.98,Bet365
2021,I1,2021-03-12,Atalanta,Spezia,3,1,H,0.7415384039946886,Bet365,-1.5,1.91,Bet365,2.5,1.56,2.43,Bet365
2021,E0,2021-03-12,Newcastle,Aston Villa,1,1,A,0.4592153347583259,Bet365,-0.5,2.05,Bet365,2.5,2.26,1.65,Bet365
2021,F1,2021-03-13,Angers,St Etienne,0,1,H,0.37499243649682734,Bet365,0.0,1.84,Bet365,2.5,2.36,1.58,Bet365
2021,D1,2021-03-13,Mainz,Freiburg,1,0,H,0.36156310057655344,Bet365,0.0,1.95,Bet365,2.5,1.95,1.85,Bet365
2021,D1,2021-03-13,Union Berlin,FC Koln,2,1,H,0.4865946559753664,Bet365,-0.5,1.99,Bet365,2.5,2.28,1.63,Bet365
2021,D1,2021-03-13,Wolfsburg,Schalke 04,5,0,H,0.7078672439192507,Bet365,-1.5,2.0,Bet365,2.5,1.63,2.27,Bet365
2021,SP1,2021-03-13,Real Madrid,Elche,2,1,H,0.7938279806969256,Bet365,-2.0,2.05,Bet365,2.5,1.58,2.37,Bet365
2021,F1,2021-03-13,Marseille,Brest,3,1,H,0.4756059943041198,Bet365,-0.5,2.05,Bet365,2.5,1.93,1.88,Bet365
2021,D1,2021-03-13,Dortmund,Hertha,2,0,H,0.6363697980208757,Bet365,-1.0,1.86,Bet365,2.5,1.55,2.45,Bet365
2021,E0,2021-03-13,Everton,Burnley,1,2,H,0.5091594436339392,Bet365,-0.5,1.91,Bet365,2.5,2.09,1.76,Bet365
2021,SP1,2021-03-13,Getafe,Ath Madrid,0,0,A,0.4938501987730389,Bet365,-0.5,1.95,Bet365,2.5,2.92,1.4,Bet365
2021,E0,2021-03-13,Fulham,Man City,0,3,A,0.7085810029121954,Bet365,-1.5,2.1,Bet365,2.5,1.78,2.06,Bet365
2021,E0,2021-03-14,Southampton,Brighton,1,2,A,0.36772969540086653,Bet365,-0.0,1.83,Bet365,2.5,2.34,1.61,Bet365
2021,SP1,2021-03-14,Celta,Ath Bilbao,0,0,H,0.3567407455235897,Bet365,0.0,1.95,Bet365,2.5,2.05,1.77,Bet365
2021,F1,2021-03-14,Lens,Metz,2,2,H,0.5004353800731982,Bet365,-0.5,1.94,Bet365,2.5,2.24,1.65,Bet365
2021,F1,2021-03-14,Lorient,Nice,1,1,H,0.37435150266241113,Bet365,0.0,1.86,Bet365,2.5,2.04,1.77,Bet365
2021,E0,2021-03-14,Leicester,Sheffield United,5,0,H,0.6222311719693919,Bet365,-1.0,2.01,Bet365,2.5,2.01,1.82,Bet365
2021,E0,2021-03-14,Arsenal,Tottenham,2,1,H,0.37393403312635975,Bet365,0.0,1.86,Bet365,2.5,1.91,1.92,Bet365
2021,D1,2021-03-14,Stuttgart,Hoffenheim,2,0,H,0.387717005786821,Bet365,0.0,1.88,Bet365,2.5,1.48,2.63,Bet365
2021,I1,2021-03-14,Cagliari,Juventus,1,3,A,0.6148186407312842,Bet365,-1.0,1.98,Bet365,2.5,1.67,2.2,Bet365
2021,E0,2021-03-14,Man United,West Ham,1,0,H,0.5149800266311585,Bet365,-0.5,1.87,Bet365,2.5,1.89,1.94,Bet365
2021,I1,2021-03-14,Milan,Napoli,0,1,H,0.36405207184433186,Bet365,0.0,1.9,Bet365,2.5,1.87,1.93,Bet365
2021,F1,2021-03-14,Paris SG,Nantes,1,2,H,0.8050421006527307,Bet365,-2.0,2.05,Bet365,2.5,1.57,2.39,Bet365
2021,SP1,2021-03-14,Sevilla,Betis,1,0,H,0.4745154652503205,Bet365,-0.5,2.03,Bet365,2.5,2.05,1.77,Bet365
2021,SP1,2021-03-15,Barcelona,Huesca,4,1,H,0.7931175121080806,Bet365,-2.0,1.98,Bet365,2.5,1.4,2.89,Bet365
2021,I1,2021-03-17,Torino,Sassuolo,3,2,H,0.38169007364051344,Bet365,0.0,1.83,Bet365,2.5,1.78,2.04,Bet365
2021,D1,2021-03-19,Bielefeld,RB Leipzig,0,1,A,0.698362761655357,Bet365,-1.5,2.05,Bet365,2.5,1.7,2.15,Bet365
2021,F1,2021-03-19,St Etienne,Monaco,0,4,A,0.5265749010722389,Bet365,-0.5,1.84,Bet365,2.5,2.03,1.79,Bet365
2021,SP1,2021-03-20,Ath Bilbao,Eibar,1,1,H,0.5272028771753223,Bet365,-0.5,1.82,Bet365,2.5,2.27,1.63,Bet365
2021,D1,2021-03-20,Bayern Munich,Stuttgart,4,0,H,0.7725916442234361,Bet365,-2.0,1.98,Bet365,2.5,1.22,4.13,Bet365
2021,D1,2021-03-20,Ein Frankfurt,Union Berlin,5,2,H,0.5115697310819262,Bet365,-0.5,1.88,Bet365,2.5,1.8,2.0,Bet365
2021,D1,2021-03-20,Werder Bremen,Wolfsburg,1,2,A,0.5144824745281859,Bet365,-0.5,1.88,Bet365,2.5,1.96,1.85,Bet365
2021,F1,2021-03-20,Nice,Marseille,3,0,A,0.3863241957772279,Bet365,-0.0,1.81,Bet365,2.5,2.11,1.72,Bet365
2021,I1,2021-03-20,Spezia,Cagliari,2,1,H,0.35381482520211194,Bet365,0.0,1.93,Bet365,2.5,2.03,1.78,Bet365
2021,SP1,2021-03-20,Huesca,Osasuna,0,0,H,0.3724250549361934,Bet365,0.0,1.81,Bet365,2.5,2.37,1.58,Bet365
2021,SP1,2021-03-20,Valladolid,Sevilla,1,1,A,0.5117965720375359,Bet365,-0.5,1.89,Bet365,2.5,2.24,1.65,Bet365
2021,F1,2021-03-21,Strasbourg,Lens,1,2,H,0.3576017130620984,Bet365,0.0,2.0,Bet365,2.5,2.1,1.73,Bet365
2021,D1,2021-03-21,Hoffenheim,Mainz,1,2,H,0.49692760187243684,Bet365,-0.5,1.95,Bet365,2.5,1.64,2.26,Bet365
2021,SP1,2021-03-21,Getafe,Elche,1,1,H,0.5062495785989257,Bet365,-0.5,1.9,Bet365,2.5,2.81,1.42,Bet365
2021,F1,2021-03-21,Brest,Angers,0,0,H,0.3721231212531898,Bet365,0.0,1.82,Bet365,2.5,2.07,1.75,Bet365
2021,I1,2021-03-21,Juventus,Benevento,0,1,H,0.8063857478193682,Bet365,-2.0,1.91,Bet365,2.5,1.42,2.82,Bet365
2021,E0,2021-03-21,West Ham,Arsenal,3,3,A,0.3828109903024424,Bet365,-0.0,1.84,Bet365,2.5,1.95,1.87,Bet365
2021,SP1,2021-03-21,Valencia,Granada,2,1,H,0.4646304076302942,Bet365,-0.5,2.07,Bet365,2.5,2.11,1.72,Bet365
2021,F1,2021-03-21,Lille,Nimes,1,2,H,0.7187481922832187,Bet365,-1.5,2.02,Bet365,2.5,1.92,1.87,Bet365
2021,D1,2021-03-21,Freiburg,Augsburg,2,0,H,0.4863887235443913,Bet365,-0.5,2.0,Bet365,2.5,1.98,1.83,Bet365
2021,I1,2021-03-21,Roma,Napoli,0,2,H,0.36382536382536385,Bet365,0.0,1.98,Bet365,2.5,1.65,2.24,Bet365
2021,SP1,2021-03-21,Sociedad,Barcelona,1,6,A,0.4784243984467718,Bet365,-0.5,2.03,Bet365,2.5,1.65,2.24,Bet365
2021,I1,2021-04-03,Milan,Sampdoria,1,1,H,0.6279971912232588,Bet365,-1.0,1.89,Bet365,2.5,1.65,2.24,Bet365
2021,I1,2021-04-03,Benevento,Parma,2,2,H,0.3569317619811582,Bet365,0.0,1.96,Bet365,2.5,1.95,1.85,Bet365
2021,I1,2021-04-03,Cagliari,Verona,0,2,H,0.3693836625888909,Bet365,0.0,1.86,Bet365,2.5,2.15,1.7,Bet365
2021,D1,2021-04-03,Augsburg,Hoffenheim,2,1,A,0.48360079278818496,Bet365,-0.5,2.0,Bet365,2.5,1.64,2.25,Bet365
2021,D1,2021-04-03,Mainz,Bielefeld,1,1,H,0.5307529162248145,Bet365,-0.5,1.81,Bet365,2.5,2.01,1.81,Bet365
2021,D1,2021-04-03,Wolfsburg,FC Koln,1,0,H,0.621470932916652,Bet365,-1.0,1.94,Bet365,2.5,1.83,1.98,Bet365
2021,E0,2021-04-03,Leeds,Sheffield United,2,1,H,0.6311345265588915,Bet365,-1.0,1.92,Bet365,2.5,1.81,2.02,Bet365
2021,I1,2021-04-03,Torino,Juventus,2,2,A,0.6282202297639998,Bet365,-1.0,1.9,Bet365,2.5,1.64,2.26,Bet365
2021,SP1,2021-04-03,Osasuna,Getafe,0,0,H,0.35689736832517643,Bet365,0.0,1.81,Bet365,2.5,3.0,1.38,Bet365
2021,E0,2021-04-03,Leicester,Man City,0,2,A,0.6095258470836787,Bet365,-1.0,2.05,Bet365,2.5,1.91,1.92,Bet365
2021,F1,2021-04-03,Lens,Lyon,1,1,A,0.5208415568011368,Bet365,-0.5,1.86,Bet365,2.5,1.66,2.23,Bet365
2021,F1,2021-04-04,Angers,Montpellier,1,1,H,0.3645840482871389,Bet365,0.0,1.93,Bet365,2.5,2.13,1.71,Bet365
2021,SP1,2021-04-04,Alaves,Celta,1,3,A,0.3786533881792596,Bet365,-0.0,1.79,Bet365,2.5,2.29,1.63,Bet365
2021,F1,2021-04-04,Bordeaux,Strasbourg,2,3,A,0.3556860359238405,Bet365,-0.0,1.92,Bet365,2.5,2.28,1.63,Bet365
2021,F1,2021-04-04,Nantes,Nice,1,2,H,0.38264971139244586,Bet365,0.0,1.82,Bet365,2.5,2.01,1.8,Bet365
2021,E0,2021-04-04,Newcastle,Tottenham,2,2,A,0.5905446648358309,Bet365,-1.0,2.08,Bet365,2.5,1.88,1.94,Bet365
2021,D1,2021-04-04,Stuttgart,Werder Bremen,1,0,H,0.49082256968048943,Bet365,-0.5,1.95,Bet365,2.5,1.78,2.03,Bet365
2021,SP1,2021-04-04,Sevilla,Ath Madrid,1,0,A,0.35800735863671573,Bet365,-0.0,1.88,Bet365,2.5,2.53,1.52,Bet365
2021,F1,2021-04-04,Marseille,Dijon,2,0,H,0.6385830206788239,Bet365,-1.0,1.87,Bet365,2.5,1.82,1.98,Bet365
2021,E0,2021-04-05,Everton,Crystal Palace,1,1,H,0.5299894554915676,Bet365,-0.5,1.84,Bet365,2.5,2.31,1.62,Bet365
2021,SP1,2021-04-05,Barcelona,Valladolid,1,0,H,0.846682135218728,Bet365,-2.5,2.06,Bet365,2.5,1.32,3.3,Bet365
2021,E0,2021-04-05,Wolves,West Ham,2,3,A,0.370527169049635,Bet365,-0.0,1.83,Bet365,2.5,2.4,1.58,Bet365
2021,I1,2021-04-07,Inter,Sassuolo,2,1,H,0.7105970336288773,Bet365,-1.5,2.01,Bet365,2.5,1.46,2.68,Bet365
2021,I1,2021-04-07,Juventus,Napoli,2,1,H,0.48213095930026517,Bet365,-0.5,2.0,Bet365,2.5,1.73,2.12,Bet365
2021,D1,2021-04-09,Bielefeld,Freiburg,1,0,A,0.3753441053261521,Bet365,-0.0,1.84,Bet365,2.5,2.17,1.7,Bet365
2021,SP1,2021-04-09,Huesca,Elche,3,1,H,0.4673220877129911,Bet365,-0.5,2.08,Bet365,2.5,2.46,1.55,Bet365
2021,E0,2021-04-10,Man City,Leeds,1,2,H,0.7376927809466209,Bet365,-1.5,1.92,Bet365,2.5,1.47,2.69,Bet365
2021,SP1,2021-04-10,Getafe,Cadiz,0,1,H,0.4888158507538156,Bet365,-0.5,1.99,Bet365,2.5,2.96,1.39,Bet365
2021,E0,2021-04-10,Liverpool,Aston Villa,2,1,H,0.6323503554860264,Bet365,-1.0,1.87,Bet365,2.5,1.62,2.33,Bet365
2021,SP1,2021-04-10,Ath Bilbao,Alaves,0,0,H,0.49713622264898566,Bet365,-0.5,1.95,Bet365,2.5,2.45,1.55,Bet365
2021,E0,2021-04-10,Crystal Palace,Chelsea,1,4,A,0.6216905055154496,Bet365,-1.0,1.97,Bet365,2.5,2.08,1.76,Bet365
2021,D1,2021-04-10,Stuttgart,Dortmund,2,3,A,0.5149534561299267,Bet365,-0.5,1.89,Bet365,2.5,1.49,2.61,Bet365
2021,F1,2021-04-10,Montpellier,Marseille,3,3,H,0.3666501335978624,Bet365,0.0,1.9,Bet365,2.5,1.98,1.84,Bet365
2021,I1,2021-04-11,Inter,Cagliari,1,0,H,0.7566691348636155,Bet365,-1.5,1.75,Bet365,2.5,1.51,2.53,Bet365
2021,F1,2021-04-11,Rennes,Nantes,1,0,H,0.5253787377879844,Bet365,-0.5,1.85,Bet365,2.5,2.24,1.65,Bet365
2021,I1,2021-04-11,Juventus,Genoa,3,1,H,0.757691254633875,Bet365,-1.5,1.88,Bet365,2.5,1.6,2.33,Bet365
2021,F1,2021-04-11,Brest,Nimes,1,1,H,0.4685552987977887,Bet365,-0.5,2.05,Bet365,2.5,1.83,1.98,Bet365
2021,F1,2021-04-11,Lens,Lorient,4,1,H,0.4694884143571104,Bet365,-0.5,2.07,Bet365,2.5,2.06,1.77,Bet365
2021,F1,2021-04-11,Monaco,Dijon,3,0,H,0.8011449819515741,Bet365,-2.0,2.01,Bet365,2.5,1.5,2.57,Bet365
2021,E0,2021-04-11,Tottenham,Man United,1,3,A,0.3858868777042529,Bet365,-0.0,1.85,Bet365,2.5,1.86,1.96,Bet365
2021,E0,2021-04-11,Sheffield United,Arsenal,0,3,A,0.6027580894823769,Bet365,-1.0,2.07,Bet365,2.5,2.01,1.82,Bet365
2021,I1,2021-04-11,Fiorentina,Atalanta,2,3,A,0.5966620305980529,Bet365,-1.0,2.06,Bet365,2.5,1.66,2.23,Bet365
2021,E0,2021-04-17,Newcastle,West Ham,3,2,A,0.4602437820946255,Bet365,-0.5,2.05,Bet365,2.5,1.89,1.94,Bet365
2021,I1,2021-04-17,Crotone,Udinese,1,2,A,0.5051202610978408,Bet365,-0.5,1.91,Bet365,2.5,1.8,2.02,Bet365
2021,I1,2021-04-17,Sampdoria,Verona,3,1,H,0.36715053332264014,Bet365,0.0,1.91,Bet365,2.5,1.95,1.86,Bet365
2021,D1,2021-04-17,Augsburg,Bielefeld,0,0,H,0.38295521420078543,Bet365,0.0,1.8,Bet365,2.5,2.19,1.68,Bet365
2021,D1,2021-04-17,MGladbach,Ein Frankfurt,4,0,H,0.3762487420296161,Bet365,0.0,1.92,Bet365,2.5,1.49,2.59,Bet365
2021,D1,2021-04-17,Wolfsburg,Bayern Munich,2,3,A,0.5025906735751295,Bet365,-0.5,1.92,Bet365,2.5,1.53,2.47,Bet365
2021,I1,2021-04-17,Sassuolo,Fiorentina,3,1,H,0.37982680266815344,Bet365,0.0,1.79,Bet365,2.5,1.77,2.06,Bet365
2021,D1,2021-04-17,Leverkusen,FC Koln,3,0,H,0.5831132154056574,Bet365,-1.0,2.08,Bet365,2.5,1.75,2.09,Bet365
2021,I1,2021-04-18,Milan,Genoa,2,1,H,0.6450023836008264,Bet365,-1.0,1.83,Bet365,2.5,1.72,2.14,Bet365
2021,F1,2021-04-18,Paris SG,St Etienne,3,2,H,0.726079494343785,Bet365,-1.5,1.97,Bet365,2.5,1.61,2.31,Bet365
2021,SP1,2021-04-18,Osasuna,Elche,2,0,H,0.4872974786693509,Bet365,-0.5,2.0,Bet365,2.5,2.53,1.52,Bet365
2021,SP1,2021-04-18,Sociedad,Sevilla,1,2,A,0.37771922201448666,Bet365,-0.0,1.85,Bet365,2.5,2.13,1.73,Bet365
2021,I1,2021-04-18,Atalanta,Juventus,1,0,H,0.38686640094594493,Bet365,0.0,1.85,Bet365,2.5,1.55,2.43,Bet365
2021,I1,2021-04-18,Bologna,Spezia,4,1,H,0.4763720060418615,Bet365,-0.5,2.04,Bet365,2.5,1.68,2.19,Bet365
2021,F1,2021-04-18,Brest,Lens,1,1,A,0.3724281816722837,Bet365,-0.0,1.88,Bet365,2.5,1.87,1.94,Bet365
2021,SP1,2021-04-18,Ath Madrid,Eibar,5,0,H,0.6631140462653482,Bet365,-1.0,1.8,Bet365,2.5,2.15,1.71,Bet365
2021,E0,2021-04-18,Man United,Burnley,3,1,H,0.7060481707363154,Bet365,-1.5,2.08,Bet365,2.5,1.76,2.09,Bet365
2021,SP1,2021-04-18,Betis,Valencia,2,2,H,0.5075687780340679,Bet365,-0.5,1.88,Bet365,2.5,1.8,2.02,Bet365
2021,SP1,2021-04-18,Levante,Villarreal,1,5,A,0.46390628464258843,Bet365,-0.5,2.08,Bet365,2.5,1.89,1.92,Bet365
2021,F1,2021-04-18,Nantes,Lyon,1,2,A,0.6174365425308876,Bet365,-1.0,1.94,Bet365,2.5,1.65,2.24,Bet365
2021,I1,2021-04-20,Verona,Fiorentina,1,2,H,0.36777419018852203,Bet365,0.0,1.88,Bet365,2.5,2.01,1.82,Bet365
2021,I1,2021-04-21,Milan,Sassuolo,1,2,H,0.6118767673760978,Bet365,-1.0,1.95,Bet365,2.5,1.51,2.55,Bet365
2021,D1,2021-04-21,Dortmund,Union Berlin,2,0,H,0.6221846846846847,Bet365,-1.0,1.92,Bet365,2.5,1.62,2.31,Bet365
2021,I1,2021-04-21,Bologna,Torino,1,1,H,0.3746535822091785,Bet365,0.0,1.87,Bet365,2.5,1.8,2.02,Bet365
2021,I1,2021-04-21,Crotone,Sampdoria,0,1,A,0.4804103815753998,Bet365,-0.5,2.04,Bet365,2.5,1.64,2.27,Bet365
2021,SP1,2021-04-21,Alaves,Villarreal,2,1,A,0.505429556488496,Bet365,-0.5,1.9,Bet365,2.5,2.12,1.73,Bet365
2021,SP1,2021-04-21,Elche,Valladolid,1,1,A,0.34859137816514657,Bet365,-0.0,1.9,Bet365,2.5,2.43,1.56,Bet365
2021,I1,2021-04-22,Roma,Atalanta,1,1,A,0.4891783988232821,Bet365,-0.5,1.98,Bet365,2.5,1.57,2.42,Bet365
2021,I1,2021-04-22,Napoli,Lazio,5,2,H,0.4732554631265894,Bet365,-0.5,2.05,Bet365,2.5,1.71,2.15,Bet365
2021,SP1,2021-04-22,Sociedad,Celta,2,1,H,0.5099091922359863,Bet365,-0.5,1.9,Bet365,2.5,1.89,1.92,Bet365
2021,E0,2021-04-22,Leicester,West Brom,3,0,H,0.6033609679587721,Bet365,-1.0,2.06,Bet365,2.5,1.93,1.9,Bet365
2021,D1,2021-04-23,Augsburg,FC Koln,2,3,A,0.3770748537267871,Bet365,-0.0,1.84,Bet365,2.5,2.14,1.71,Bet365
2021,F1,2021-04-23,Reims,Marseille,1,3,A,0.4614269549075149,Bet365,-0.5,2.08,Bet365,2.5,2.05,1.77,Bet365
2021,E0,2021-04-23,Arsenal,Everton,0,1,H,0.46689813157706345,Bet365,-0.5,2.07,Bet365,2.5,2.0,1.84,Bet365
2021,SP1,2021-04-24,Elche,Levante,1,0,A,0.3602088655568345,Bet365,-0.0,1.95,Bet365,2.5,2.12,1.73,Bet365
2021,D1,2021-04-24,Freiburg,Hoffenheim,1,1,A,0.3819639942277212,Bet365,-0.0,1.85,Bet365,2.5,1.7,2.16,Bet365
2021,D1,2021-04-24,Mainz,Bayern Munich,2,1,A,0.7255713334495479,Bet365,-1.5,1.8,Bet365,2.5,1.36,3.11,Bet365
2021,D1,2021-04-24,Union Berlin,Werder Bremen,3,1,H,0.5001694892272648,Bet365,-0.5,1.93,Bet365,2.5,2.12,1.73,Bet365
2021,SP1,2021-04-24,Valladolid,Cadiz,1,1,H,0.4921066752338605,Bet365,-0.5,1.97,Bet365,2.5,2.51,1.53,Bet365
2021,F1,2021-04-24,Metz,Paris SG,1,3,A,0.7353157702017769,Bet365,-1.5,1.94,Bet365,2.5,1.64,2.27,Bet365
2021,I1,2021-04-24,Sassuolo,Sampdoria,1,0,H,0.4706343387353678,Bet365,-0.5,2.04,Bet365,2.5,1.58,2.37,Bet365
2021,SP1,2021-04-24,Real Madrid,Betis,0,0,H,0.6380210932561466,Bet365,-1.0,1.87,Bet365,2.5,1.61,2.32,Bet365
2021,F1,2021-04-25,Nice,Montpellier,3,1,A,0.36723672367236726,Bet365,-0.0,1.89,Bet365,2.5,1.8,2.02,Bet365
2021,E0,2021-04-25,Wolves,Burnley,0,4,H,0.46320254200915384,Bet365,-0.5,2.08,Bet365,2.5,2.31,1.62,Bet365
2021,SP1,2021-04-25,Huesca,Getafe,0,2,A,0.3407880291139755,Bet365,-0.0,1.94,Bet365,2.5,2.84,1.41,Bet365
2021,I1,2021-04-25,Fiorentina,Juventus,1,1,A,0.6084554854943532,Bet365,-1.0,1.98,Bet365,2.5,1.66,2.23,Bet365
2021,I1,2021-04-25,Inter,Verona,1,0,H,0.7239770357150537,Bet365,-1.5,1.99,Bet365,2.5,1.69,2.18,Bet365
2021,F1,2021-04-25,Rennes,Dijon,5,1,H,0.7112190319540409,Bet365,-1.5,2.06,Bet365,2.5,1.8,2.02,Bet365
2021,F1,2021-04-25,Angers,Monaco,0,1,A,0.6380558660725733,Bet365,-1.0,1.84,Bet365,2.5,1.81,2.0,Bet365
2021,I1,2021-04-25,Cagliari,Roma,3,2,H,0.3798308306628206,Bet365,0.0,1.94,Bet365,2.5,1.63,2.29,Bet365
2021,D1,2021-04-25,MGladbach,Bielefeld,5,0,H,0.5902787505252837,Bet365,-1.0,2.08,Bet365,2.5,1.72,2.14,Bet365
2021,E0,2021-04-25,Aston Villa,West Brom,2,2,H,0.5099571865849089,Bet365,-0.5,1.87,Bet365,2.5,1.94,1.88,Bet365
2021,I1,2021-04-25,Atalanta,Bologna,5,0,H,0.7174536916253587,Bet365,-1.5,1.94,Bet365,2.5,1.45,2.72,Bet365
2021,SP1,2021-04-25,Ath Bilbao,Ath Madrid,2,1,A,0.49392385477499434,Bet365,-0.5,1.95,Bet365,2.5,2.44,1.55,Bet365
2021,SP1,2021-04-26,Eibar,Sociedad,0,1,A,0.4957656072057149,Bet365,-0.5,1.93,Bet365,2.5,2.19,1.68,Bet365
2021,E0,2021-04-26,Leicester,Crystal Palace,2,1,H,0.6511553216165582,Bet365,-1.0,1.85,Bet365,2.5,2.04,1.79,Bet365
2021,SP1,2021-04-28,Ath Bilbao,Valladolid,2,2,H,0.5136931667109812,Bet365,-0.5,1.9,Bet365,2.5,2.28,1.64,Bet365
2021,E0,2021-04-30,Southampton,Leicester,1,1,A,0.4957760488343258,Bet365,-0.5,1.97,Bet365,2.5,1.86,1.97,Bet365
2021,F1,2021-04-30,Marseille,Strasbourg,1,1,H,0.5101944556879877,Bet365,-0.5,1.89,Bet365,2.5,1.91,1.9,Bet365
2021,SP1,2021-04-30,Celta,Levante,2,0,H,0.5162155571811754,Bet365,-0.5,1.89,Bet365,2.5,1.74,2.12,Bet365
2021,E0,2021-05-01,Crystal Palace,Man City,0,2,A,0.7176825795320699,Bet365,-1.5,2.01,Bet365,2.5,1.72,2.15,Bet365
2021,F1,2021-05-01,Paris SG,Lens,2,1,H,0.7103815035477129,Bet365,-1.5,2.02,Bet365,2.5,1.51,2.55,Bet365
2021,I1,2021-05-01,Crotone,Inter,0,2,A,0.7767188017099407,Bet365,-2.0,2.05,Bet365,2.5,1.36,3.13,Bet365
2021,E0,2021-05-01,Chelsea,Fulham,2,0,H,0.6486776976948527,Bet365,-1.0,1.86,Bet365,2.5,2.03,1.8,Bet365
2021,SP1,2021-05-01,Huesca,Sociedad,1,0,A,0.46874616234802896,Bet365,-0.5,2.07,Bet365,2.5,2.05,1.78,Bet365
2021,I1,2021-05-01,Milan,Benevento,2,0,H,0.7069246845296815,Bet365,-1.5,2.03,Bet365,2.5,1.56,2.43,Bet365
2021,E0,2021-05-01,Everton,Aston Villa,1,2,H,0.47496088749822213,Bet365,-0.5,2.05,Bet365,2.5,1.91,1.92,Bet365
2021,F1,2021-05-02,Brest,Nantes,1,4,A,0.3637520203555826,Bet365,-0.0,1.94,Bet365,2.5,2.01,1.81,Bet365
2021,F1,2021-05-02,Dijon,Metz,1,5,A,0.45594481205958703,Bet365,-0.5,2.05,Bet365,2.5,2.13,1.72,Bet365
2021,F1,2021-05-02,Lorient,Angers,2,0,H,0.510617895599017,Bet365,-0.5,1.89,Bet365,2.5,2.13,1.72,Bet365
2021,I1,2021-05-02,Bologna,Fiorentina,3,3,A,0.3837173212367196,Bet365,-0.0,1.78,Bet365,2.5,1.79,2.04,Bet365
2021,E0,2021-05-02,Newcastle,Arsenal,0,2,A,0.46785453262431015,Bet365,-0.5,2.08,Bet365,2.5,1.78,2.06,Bet365
2021,I1,2021-05-02,Udinese,Juventus,1,2,A,0.6452206396581145,Bet365,-1.0,1.85,Bet365,2.5,1.66,2.22,Bet365
2021,SP1,2021-05-02,Granada,Cadiz,0,1,H,0.5218295745706385,Bet365,-0.5,1.84,Bet365,2.5,2.27,1.64,Bet365
2021,E0,2021-05-02,Tottenham,Sheffield United,4,0,H,0.7458666190781117,Bet365,-1.5,1.91,Bet365,2.5,1.69,2.19,Bet365
2021,I1,2021-05-02,Sampdoria,Roma,2,0,A,0.39853124308974314,Bet365,-0.0,1.85,Bet365,2.5,1.58,2.38,Bet365
2021,SP1,2021-05-02,Valencia,Barcelona,2,3,A,0.6927751801759396,Bet365,-1.5,2.02,Bet365,2.5,1.39,2.95,Bet365
2021,E0,2021-05-03,West Brom,Wolves,1,1,A,0.3710058391184969,Bet365,-0.0,1.86,Bet365,2.5,2.2,1.69,Bet365
2021,I1,2021-05-03,Torino,Parma,1,0,H,0.6015037593984962,Bet365,-1.0,2.04,Bet365,2.5,1.56,2.43,Bet365
2021,D1,2021-05-06,Hertha,Freiburg,3,0,H,0.47100929533503216,Bet365,-0.5,2.04,Bet365,2.5,1.85,1.97,Bet365
2021,SP1,2021-05-07,Sociedad,Elche,2,0,H,0.6386292834890965,Bet365,-1.0,1.88,Bet365,2.5,2.09,1.75,Bet365
2021,F1,2021-05-07,Lens,Lille,0,3,A,0.49347778477374143,Bet365,-0.5,1.95,Bet365,2.5,2.12,1.73,Bet365
2021,F1,2021-05-08,Nantes,Bordeaux,3,0,H,0.46927911866056166,Bet365,-0.5,2.05,Bet365,2.5,2.11,1.73,Bet365
2021,E0,2021-05-08,Leeds,Tottenham,3,1,A,0.4702701156003205,Bet365,-0.5,2.07,Bet365,2.5,1.64,2.29,Bet365
2021,I1,2021-05-08,Spezia,Napoli,1,4,A,0.6336529458800052,Bet365,-1.0,1.82,Bet365,2.5,1.53,2.49,Bet365
2021,D1,2021-05-08,Hoffenheim,Schalke 04,4,2,H,0.7823850531800155,Bet365,-2.0,2.09,Bet365,2.5,1.41,2.88,Bet365
2021,E0,2021-05-08,Sheffield United,Crystal Palace,0,2,A,0.38111652037951743,Bet365,-0.0,1.82,Bet365,2.5,2.29,1.63,Bet365
2021,E0,2021-05-08,Man City,Chelsea,1,2,H,0.4956094205244415,Bet365,-0.5,1.95,Bet365,2.5,2.22,1.68,Bet365
2021,D1,2021-05-08,Bayern Munich,MGladbach,6,0,H,0.6996336996336997,Bet365,-1.5,1.93,Bet365,2.5,1.3,3.55,Bet365
2021,I1,2021-05-08,Fiorentina,Lazio,2,0,A,0.5142814534970424,Bet365,-0.5,1.88,Bet365,2.5,1.67,2.21,Bet365
2021,SP1,2021-05-08,Ath Bilbao,Osasuna,2,2,H,0.5281689030944343,Bet365,-0.5,1.84,Bet365,2.5,2.28,1.63,Bet365
2021,D1,2021-05-09,FC Koln,Freiburg,1,4,H,0.4666468578220176,Bet365,-0.5,2.02,Bet365,2.5,1.82,2.0,Bet365
2021,F1,2021-05-09,Angers,Dijon,3,0,H,0.5175544794188861,Bet365,-0.5,1.87,Bet365,2.5,1.98,1.83,Bet365
2021,F1,2021-05-09,Metz,Nimes,0,3,A,0.38314789784731,Bet365,-0.0,1.85,Bet365,2.5,2.0,1.82,Bet365
2021,I1,2021-05-09,Parma,Atalanta,2,5,A,0.7959006542929631,Bet365,-2.0,1.89,Bet365,2.5,1.32,3.38,Bet365
2021,SP1,2021-05-09,Valencia,Valladolid,3,0,H,0.4666702650186215,Bet365,-0.5,2.06,Bet365,2.5,2.09,1.75,Bet365
2021,D1,2021-05-09,Hertha,Bielefeld,0,0,H,0.5054343972529198,Bet365,-0.5,1.9,Bet365,2.5,1.9,1.91,Bet365
2021,SP1,2021-05-09,Villarreal,Celta,2,4,H,0.4803882613384799,Bet365,-0.5,2.02,Bet365,2.5,1.86,1.96,Bet365
2021,E0,2021-05-09,Arsenal,West Brom,3,1,H,0.651803912633854,Bet365,-1.0,1.75,Bet365,2.5,1.76,2.09,Bet365
2021,SP1,2021-05-09,Real Madrid,Sevilla,2,2,H,0.482307092751364,Bet365,-0.5,2.02,Bet365,2.5,1.93,1.89,Bet365
2021,SP1,2021-05-11,Osasuna,Cadiz,3,2,H,0.4796456834721061,Bet365,-0.5,1.98,Bet365,2.5,2.21,1.68,Bet365
2021,E0,2021-05-11,Man United,Leicester,1,2,H,0.37941252355300503,Bet365,0.0,1.83,Bet365,2.5,1.95,1.88,Bet365
2021,SP1,2021-05-11,Elche,Alaves,0,2,A,0.35639474434270163,Bet365,-0.0,1.86,Bet365,2.5,2.58,1.51,Bet365
2021,I1,2021-05-11,Napoli,Udinese,5,1,H,0.7374667158656867,Bet365,-1.5,1.93,Bet365,2.5,1.59,2.38,Bet365
2021,SP1,2021-05-11,Levante,Barcelona,3,3,A,0.7867629397788034,Bet365,-2.0,1.92,Bet365,2.5,1.28,3.63,Bet365
2021,SP1,2021-05-12,Huesca,Ath Bilbao,1,0,H,0.37520451407455885,Bet365,0.0,1.83,Bet365,2.5,2.3,1.62,Bet365
2021,I1,2021-05-12,Atalanta,Benevento,2,0,H,0.8124714583887823,Bet365,-2.0,1.8,Bet365,2.5,1.31,3.41,Bet365
2021,I1,2021-05-12,Lazio,Parma,1,0,H,0.7882821633879372,Bet365,-2.0,1.99,Bet365,2.5,1.37,3.09,Bet365
2021,I1,2021-05-12,Sampdoria,Spezia,2,2,H,0.3729782432634318,Bet365,0.0,1.92,Bet365,2.5,1.73,2.12,Bet365
2021,I1,2021-05-12,Sassuolo,Juventus,1,3,A,0.5757604852647156,Bet365,-1.0,2.05,Bet365,2.5,1.51,2.55,Bet365
2021,I1,2021-05-12,Torino,Milan,0,7,A,0.5117233294255568,Bet365,-0.5,1.89,Bet365,2.5,1.66,2.24,Bet365
2021,SP1,2021-05-13,Valladolid,Villarreal,0,2,A,0.482928514033579,Bet365,-0.5,1.99,Bet365,2.5,1.94,1.87,Bet365
2021,E0,2021-05-13,Aston Villa,Everton,0,0,A,0.367879721951373,Bet365,-0.0,1.91,Bet365,2.5,1.84,2.0,Bet365
2021,SP1,2021-05-13,Eibar,Betis,1,1,A,0.37552667497477893,Bet365,-0.0,1.85,Bet365,2.5,2.03,1.8,Bet365
2021,I1,2021-05-13,Crotone,Verona,2,1,A,0.500907923291554,Bet365,-0.5,1.91,Bet365,2.5,1.68,2.21,Bet365
2021,E0,2021-05-14,Newcastle,Man City,3,4,A,0.7419982488568926,Bet365,-1.5,1.87,Bet365,2.5,1.54,2.51,Bet365
2021,I1,2021-05-15,Genoa,Atalanta,3,4,A,0.7774589306542533,Bet365,-2.0,2.08,Bet365,2.5,1.38,3.05,Bet365
2021,D1,2021-05-15,Augsburg,Werder Bremen,2,0,H,0.3694663335255301,Bet365,0.0,1.83,Bet365,2.5,2.12,1.73,Bet365
2021,D1,2021-05-15,Bielefeld,Hoffenheim,1,1,A,0.38255038777780376,Bet365,-0.0,1.9,Bet365,2.5,1.73,2.12,Bet365
2021,D1,2021-05-15,Hertha,FC Koln,0,0,H,0.36970920807892527,Bet365,0.0,1.87,Bet365,2.5,1.99,1.83,Bet365
2021,D1,2021-05-15,Leverkusen,Union Berlin,1,1,H,0.5094115765057189,Bet365,-0.5,1.91,Bet365,2.5,1.85,1.97,Bet365
2021,D1,2021-05-15,MGladbach,Stuttgart,1,2,H,0.5826925641139606,Bet365,-1.0,2.03,Bet365,2.5,1.38,3.01,Bet365
2021,D1,2021-05-15,Schalke 04,Ein Frankfurt,4,3,A,0.7833126056553048,Bet365,-2.0,1.99,Bet365,2.5,1.32,3.35,Bet365
2021,E0,2021-05-15,Southampton,Fulham,3,1,H,0.4748787322721518,Bet365,-0.5,2.04,Bet365,2.5,1.97,1.86,Bet365
2021,I1,2021-05-16,Fiorentina,Napoli,0,2,A,0.6287249633610161,Bet365,-1.0,1.87,Bet365,2.5,1.59,2.38,Bet365
2021,I1,2021-05-16,Benevento,Crotone,1,1,H,0.6369607849789981,Bet365,-1.0,1.73,Bet365,2.5,1.49,2.6,Bet365
2021,I1,2021-05-16,Udinese,Sampdoria,0,1,H,0.3870581469547886,Bet365,0.0,1.83,Bet365,2.5,1.93,1.88,Bet365
2021,E0,2021-05-16,Tottenham,Wolves,2,0,H,0.6228871980799673,Bet365,-1.0,1.99,Bet365,2.5,1.85,1.98,Bet365
2021,E0,2021-05-16,West Brom,Liverpool,1,2,A,0.7802403586035989,Bet365,-2.0,2.09,Bet365,2.5,1.43,2.83,Bet365
2021,I1,2021-05-16,Parma,Sassuolo,1,3,A,0.6117131450184612,Bet365,-1.0,1.9,Bet365,2.5,1.51,2.53,Bet365
2021,SP1,2021-05-16,Alaves,Granada,4,2,H,0.5121105438020568,Bet365,-0.5,1.89,Bet365,2.5,2.16,1.7,Bet365
2021,SP1,2021-05-16,Ath Bilbao,Real Madrid,0,1,A,0.5982459651740388,Bet365,-1.0,2.07,Bet365,2.5,1.79,2.04,Bet365
2021,SP1,2021-05-16,Ath Madrid,Osasuna,2,1,H,0.7703660509386405,Bet365,-1.5,1.77,Bet365,2.5,1.86,1.96,Bet365
2021,SP1,2021-05-16,Barcelona,Celta,1,2,H,0.7684982597325077,Bet365,-2.0,2.02,Bet365,2.5,1.32,3.38,Bet365
2021,SP1,2021-05-16,Betis,Huesca,1,0,H,0.5190126992154531,Bet365,-0.5,1.9,Bet365,2.5,1.96,1.86,Bet365
2021,SP1,2021-05-16,Valencia,Eibar,4,1,A,0.38516772897654483,Bet365,-0.0,1.82,Bet365,2.5,2.02,1.81,Bet365
2021,F1,2021-05-16,Bordeaux,Lens,3,0,A,0.4722398889884652,Bet365,-0.5,2.05,Bet365,2.5,1.95,1.86,Bet365
2021,F1,2021-05-16,Marseille,Angers,3,2,H,0.6433887298671338,Bet365,-1.0,1.87,Bet365,2.5,1.95,1.87,Bet365
2021,F1,2021-05-16,Nimes,Lyon,2,5,A,0.6962118299648506,Bet365,-1.5,2.01,Bet365,2.5,1.4,2.95,Bet365
2021,F1,2021-05-16,Paris SG,Reims,4,0,H,0.8593946188607656,Bet365,-2.5,2.0,Bet365,2.5,1.37,3.1,Bet365
2021,I1,2021-05-17,Verona,Bologna,2,2,H,0.3837738962017144,Bet365,0.0,1.73,Bet365,2.5,1.77,2.07,Bet365
2021,E0,2021-05-18,Man United,Fulham,1,1,H,0.7289169907973206,Bet365,-1.5,1.97,Bet365,2.5,1.59,2.41,Bet365
2021,E0,2021-05-18,Southampton,Leeds,0,2,A,0.3782735208535402,Bet365,-0.0,1.94,Bet365,2.5,1.5,2.6,Bet365
2021,E0,2021-05-18,Brighton,Man City,3,2,A,0.646472684208886,Bet365,-1.0,1.83,Bet365,2.5,1.78,2.07,Bet365
2021,E0,2021-05-19,Everton,Wolves,1,0,H,0.5080651303567467,Bet365,-0.5,1.88,Bet365,2.5,2.1,1.76,Bet365
2021,E0,2021-05-19,Tottenham,Aston Villa,1,2,H,0.6287051482059283,Bet365,-1.0,1.87,Bet365,2.5,1.54,2.51,Bet365
2021,E0,2021-05-19,Crystal Palace,Arsenal,1,3,A,0.6265175652318777,Bet365,-1.0,1.91,Bet365,2.5,1.74,2.13,Bet365
2021,E0,2021-05-19,Burnley,Liverpool,0,3,A,0.7674991146621519,Bet365,-2.0,2.05,Bet365,2.5,1.35,3.23,Bet365
2021,E0,2021-05-19,West Brom,West Ham,1,3,A,0.5920097878245395,Bet365,-1.0,2.07,Bet365,2.5,1.62,2.33,Bet365
2021,D1,2021-05-22,Dortmund,Leverkusen,3,1,H,0.6175977482714311,Bet365,-1.0,1.86,Bet365,2.5,1.3,3.52,Bet365
2021,D1,2021-05-22,FC Koln,Schalke 04,1,0,H,0.7087628497490813,Bet365,-1.5,1.95,Bet365,2.5,1.33,3.31,Bet365
2021,D1,2021-05-22,Hoffenheim,Hertha,2,1,H,0.4938016955095811,Bet365,-0.5,1.96,Bet365,2.5,1.4,2.94,Bet365
2021,D1,2021-05-22,Stuttgart,Bielefeld,0,2,H,0.39906531403168816,Bet365,0.0,1.84,Bet365,2.5,1.47,2.65,Bet365
2021,D1,2021-05-22,Werder Bremen,MGladbach,2,4,A,0.396241415602214,Bet365,-0.0,1.87,Bet365,2.5,1.48,2.64,Bet365
2021,D1,2021-05-22,Wolfsburg,Mainz,2,3,H,0.5776470719663963,Bet365,-1.0,2.07,Bet365,2.5,1.41,2.9,Bet365
2021,SP1,2021-05-22,Eibar,Barcelona,0,1,A,0.5686665430267062,Bet365,-1.0,2.08,Bet365,2.5,1.37,3.04,Bet365
2021,SP1,2021-05-22,Elche,Ath Bilbao,2,0,H,0.48067900556985693,Bet365,-0.5,2.02,Bet365,2.5,1.9,1.91,Bet365
2021,SP1,2021-05-22,Osasuna,Sociedad,0,1,A,0.5902708422183474,Bet365,-1.0,2.1,Bet365,2.5,1.6,2.35,Bet365
2021,SP1,2021-05-22,Valladolid,Ath Madrid,1,2,A,0.7143257044691766,Bet365,-1.5,2.07,Bet365,2.5,1.7,2.18,Bet365
2021,I1,2021-05-22,Crotone,Fiorentina,0,0,A,0.5006926881405663,Bet365,-0.5,1.93,Bet365,2.5,1.4,2.92,Bet365
2021,I1,2021-05-23,Inter,Udinese,5,1,H,0.6877247259220621,Bet365,-1.5,2.06,Bet365,2.5,1.32,3.31,Bet365
2021,E0,2021-05-23,Arsenal,Brighton,2,0,H,0.5926369089598009,Bet365,-1.0,2.02,Bet365,2.5,1.71,2.17,Bet365
2021,E0,2021-05-23,Aston Villa,Chelsea,2,1,A,0.6444005174467504,Bet365,-1.0,1.77,Bet365,2.5,1.68,2.22,Bet365
2021,E0,2021-05-23,Fulham,Newcastle,0,2,H,0.45912111764044006,Bet365,-0.5,2.02,Bet365,2.5,1.65,2.27,Bet365
2021,E0,2021-05-23,Leicester,Tottenham,2,4,H,0.4716813598021184,Bet365,-0.5,2.05,Bet365,2.5,1.6,2.37,Bet365
2021,E0,2021-05-23,Wolves,Man United,1,2,H,0.37914833639431084,Bet365,0.0,1.9,Bet365,2.5,1.74,2.13,Bet365
2021,SP1,2021-05-23,Granada,Getafe,0,0,A,0.3648725032043372,Bet365,-0.0,1.9,Bet365,2.5,1.96,1.87,Bet365
2021,I1,2021-05-23,Atalanta,Milan,0,2,H,0.39020584641413664,Bet365,0.0,1.89,Bet365,2.5,1.38,2.98,Bet365
2021,I1,2021-05-23,Napoli,Verona,1,1,H,0.7965810898310266,Bet365,-2.0,1.96,Bet365,2.5,1.31,3.4,Bet365
2021,I1,2021-05-23,Sassuolo,Lazio,2,0,H,0.4961040015151105,Bet365,-0.5,1.94,Bet365,2.5,1.37,3.06,Bet365
2021,I1,2021-05-23,Spezia,Roma,2,2,A,0.6057637567507962,Bet365,-1.0,1.9,Bet365,2.5,1.39,2.97,Bet365
2021,SP1,2021-05-23,Sevilla,Alaves,1,0,H,0.618225689811953,Bet365,-1.0,1.91,Bet365,2.5,1.57,2.39,Bet365
2021,F1,2021-05-23,Angers,Lille,1,2,A,0.7071426658453628,Bet365,-1.5,2.09,Bet365,2.5,1.78,2.04,Bet365
2021,F1,2021-05-23,Lens,Monaco,0,0,A,0.5882583938739446,Bet365,-1.0,2.01,Bet365,2.5,1.52,2.52,Bet365
2021,F1,2021-05-23,Lyon,Nice,2,3,H,0.7897305806873529,Bet365,-2.0,1.97,Bet365,2.5,1.35,3.2,Bet365
2021,F1,2021-05-23,Nantes,Montpellier,1,2,H,0.6366251046233898,Bet365,-1.0,1.82,Bet365,2.5,1.54,2.47,Bet365
2021,F1,2021-05-23,Rennes,Nimes,2,0,H,0.7223428091303739,Bet365,-1.5,1.96,Bet365,2.5,1.55,2.46,Bet365
2021,F1,2021-05-23,St Etienne,Dijon,0,1,H,0.7330812441374606,Bet365,-1.5,1.89,Bet365,2.5,1.52,2.52,Bet365
2122,F1,2021-08-06,Monaco,Nantes,1,1,H,0.6400005295570036,Bet365,-1.0,1.81,Bet365,2.5,1.67,2.23,Bet365
2122,F1,2021-08-07,Lyon,Brest,1,1,H,0.7122064309295747,Bet365,-1.5,1.93,Bet365,2.5,1.37,3.1,Bet365
2122,F1,2021-08-08,Rennes,Lens,1,1,H,0.4713385506657181,Bet365,-0.5,2.04,Bet365,2.5,1.97,1.85,Bet365
2122,F1,2021-08-08,Nice,Reims,0,0,H,0.5059777706950218,Bet365,-0.5,1.89,Bet365,2.5,2.05,1.78,Bet365
2122,F1,2021-08-08,Strasbourg,Angers,0,2,H,0.47983507279989696,Bet365,-0.5,2.0,Bet365,2.5,2.17,1.7,Bet365
2122,SP1,2021-08-13,Valencia,Getafe,1,0,H,0.3649872797736513,Bet365,0.0,1.82,Bet365,2.5,2.65,1.49,Bet365
2122,F1,2021-08-13,Lorient,Monaco,1,0,A,0.4996223972381055,Bet365,-0.5,1.95,Bet365,2.5,1.96,1.87,Bet365
2122,E0,2021-08-13,Brentford,Arsenal,2,0,A,0.4781465864010874,Bet365,-0.5,2.07,Bet365,2.5,2.16,1.73,Bet365
2122,E0,2021-08-14,Man United,Leeds,5,1,H,0.6211038707986047,Bet365,-1.0,1.95,Bet365,2.5,1.65,2.29,Bet365
2122,D1,2021-08-14,Bielefeld,Freiburg,0,0,A,0.37970032448940644,Bet365,-0.0,1.8,Bet365,2.5,1.99,1.84,Bet365
2122,D1,2021-08-14,Stuttgart,Greuther Furth,5,1,H,0.5143345659867191,Bet365,-0.5,1.87,Bet365,2.5,1.6,2.38,Bet365
2122,D1,2021-08-14,Union Berlin,Leverkusen,1,1,A,0.37229695113959943,Bet365,-0.0,1.89,Bet365,2.5,1.87,1.96,Bet365
2122,D1,2021-08-14,Wolfsburg,Bochum,1,0,H,0.6104518014743282,Bet365,-1.0,1.99,Bet365,2.5,1.6,2.38,Bet365
2122,E0,2021-08-14,Chelsea,Crystal Palace,3,0,H,0.7626163408585874,Bet365,-1.5,1.84,Bet365,2.5,1.79,2.06,Bet365
2122,E0,2021-08-14,Everton,Southampton,3,1,H,0.48883084653853925,Bet365,-0.5,2.0,Bet365,2.5,2.07,1.79,Bet365
2122,F1,2021-08-14,Lille,Nice,0,4,H,0.5190529424308414,Bet365,-0.5,1.85,Bet365,2.5,2.11,1.74,Bet365
2122,E0,2021-08-14,Norwich,Liverpool,0,3,A,0.7223318036755012,Bet365,-1.5,2.0,Bet365,2.5,1.52,2.59,Bet365
2122,SP1,2021-08-14,Cadiz,Levante,1,1,A,0.3596651445966514,Bet365,-0.0,1.92,Bet365,2.5,2.07,1.78,Bet365
2122,F1,2021-08-14,Paris SG,Strasbourg,4,2,H,0.7965984604250279,Bet365,-2.0,1.94,Bet365,2.5,1.4,2.96,Bet365
2122,F1,2021-08-15,Clermont,Troyes,2,0,H,0.46529162922210293,Bet365,-0.5,2.07,Bet365,2.5,2.11,1.74,Bet365
2122,F1,2021-08-15,Reims,Montpellier,3,3,H,0.3575755377416664,Bet365,0.0,1.92,Bet365,2.5,2.07,1.77,Bet365
2122,D1,2021-08-15,Mainz,RB Leipzig,1,0,A,0.7064900956399572,Bet365,-1.5,1.93,Bet365,2.5,1.54,2.5,Bet365
2122,F1,2021-08-15,Lens,St Etienne,2,2,H,0.46506146678524507,Bet365,-0.5,2.08,Bet365,2.5,1.96,1.86,Bet365
2122,SP1,2021-08-15,Celta,Ath Madrid,1,2,A,0.4760825806995543,Bet365,-0.5,2.05,Bet365,2.5,2.21,1.69,Bet365
2122,D1,2021-08-15,FC Koln,Hertha,3,1,H,0.3721181928870992,Bet365,0.0,1.87,Bet365,2.5,1.96,1.88,Bet365
2122,E0,2021-08-15,Tottenham,Man City,1,0,A,0.5886768174994639,Bet365,-1.0,2.08,Bet365,2.5,1.85,2.01,Bet365
2122,F1,2021-08-15,Marseille,Bordeaux,2,2,H,0.6195965417867435,Bet365,-1.0,1.98,Bet365,2.5,1.87,1.96,Bet365
2122,SP1,2021-08-16,Villarreal,Granada,0,0,H,0.6212694527671108,Bet365,-1.0,1.97,Bet365,2.5,1.85,1.98,Bet365
2122,SP1,2021-08-16,Elche,Ath Bilbao,0,0,A,0.45740561471442404,Bet365,-0.5,2.11,Bet365,2.5,2.34,1.61,Bet365
2122,SP1,2021-08-20,Betis,Cadiz,1,1,H,0.6326338521897088,Bet365,-1.0,1.89,Bet365,2.5,1.89,1.94,Bet365
2122,E0,2021-08-21,Liverpool,Burnley,2,0,H,0.7951839756150664,Bet365,-2.0,2.05,Bet365,2.5,1.54,2.5,Bet365
2122,D1,2021-08-21,Bochum,Mainz,2,0,A,0.36789263395143934,Bet365,-0.0,1.92,Bet365,2.5,1.77,2.07,Bet365
2122,D1,2021-08-21,Ein Frankfurt,Augsburg,0,0,H,0.5940831046147954,Bet365,-1.0,2.03,Bet365,2.5,1.56,2.44,Bet365
2122,D1,2021-08-21,Freiburg,Dortmund,2,1,A,0.6174711687803446,Bet365,-1.0,1.92,Bet365,2.5,1.48,2.65,Bet365
2122,D1,2021-08-21,Greuther Furth,Bielefeld,1,1,H,0.37231330412544855,Bet365,0.0,1.9,Bet365,2.5,1.99,1.84,Bet365
2122,E0,2021-08-21,Crystal Palace,Brentford,0,0,H,0.36754507628294036,Bet365,0.0,1.83,Bet365,2.5,2.32,1.62,Bet365
2122,E0,2021-08-21,Man City,Norwich,5,0,H,0.8709233538186322,Bet365,-2.5,1.97,Bet365,2.5,1.34,3.29,Bet365
2122,I1,2021-08-21,Verona,Sassuolo,2,3,H,0.36614034182675326,Bet365,0.0,1.93,Bet365,2.5,1.85,1.98,Bet365
2122,SP1,2021-08-21,Granada,Valencia,1,1,H,0.37808614308309535,Bet365,0.0,1.82,Bet365,2.5,2.27,1.65,Bet365
2122,I1,2021-08-21,Torino,Atalanta,1,2,A,0.5977608269637658,Bet365,-1.0,2.04,Bet365,2.5,1.57,2.43,Bet365
2122,SP1,2021-08-21,Ath Bilbao,Barcelona,1,1,A,0.5044509788125351,Bet365,-0.5,1.92,Bet365,2.5,1.83,2.0,Bet365
2122,F1,2021-08-22,Lyon,Clermont,3,3,H,0.5963407871880247,Bet365,-1.0,2.05,Bet365,2.5,1.64,2.26,Bet365
2122,F1,2021-08-22,Bordeaux,Angers,1,1,A,0.3704127516237691,Bet365,-0.0,1.89,Bet365,2.5,2.13,1.72,Bet365
2122,E0,2021-08-22,Southampton,Man United,1,1,A,0.5958384000751531,Bet365,-1.0,2.06,Bet365,2.5,1.72,2.16,Bet365
2122,D1,2021-08-22,Hoffenheim,Union Berlin,2,2,H,0.4649350649350649,Bet365,-0.5,2.06,Bet365,2.5,1.76,2.08,Bet365
2122,F1,2021-08-22,Rennes,Nantes,1,0,H,0.5092143549951503,Bet365,-0.5,1.89,Bet365,2.5,2.0,1.82,Bet365
2122,SP1,2021-08-22,Sociedad,Vallecano,1,0,H,0.6509729496280346,Bet365,-1.0,1.75,Bet365,2.5,1.79,2.04,Bet365
2122,D1,2021-08-22,Bayern Munich,FC Koln,3,2,H,0.8488662776940807,Bet365,-2.5,2.05,Bet365,2.5,1.29,3.61,Bet365
2122,I1,2021-08-22,Udinese,Juventus,2,2,A,0.6485864420028662,Bet365,-1.0,1.75,Bet365,2.5,1.77,2.08,Bet365
2122,SP1,2021-08-22,Levante,Real Madrid,3,3,A,0.5806988904265105,Bet365,-1.0,2.08,Bet365,2.5,1.62,2.31,Bet365
2122,I1,2021-08-23,Cagliari,Spezia,2,2,H,0.48255887969446215,Bet365,-0.5,1.99,Bet365,2.5,1.85,1.97,Bet365
2122,I1,2021-08-23,Sampdoria,Milan,0,1,A,0.48838565458256383,Bet365,-0.5,1.98,Bet365,2.5,1.79,2.05,Bet365
2122,E0,2021-08-23,West Ham,Leicester,4,1,H,0.37199864727764625,Bet365,0.0,1.9,Bet365,2.5,1.8,2.04,Bet365
2122,SP1,2021-08-23,Osasuna,Celta,0,0,H,0.35921400822025784,Bet365,0.0,1.92,Bet365,2.5,2.15,1.71,Bet365
2122,SP1,2021-08-27,Mallorca,Espanol,1,0,H,0.36336442020059834,Bet365,0.0,1.81,Bet365,2.5,2.69,1.47,Bet365
2122,I1,2021-08-27,Verona,Inter,1,3,A,0.5971498302370523,Bet365,-1.0,2.06,Bet365,2.5,1.7,2.18,Bet365
2122,D1,2021-08-28,FC Koln,Bochum,2,1,H,0.5098288963900298,Bet365,-0.5,1.9,Bet365,2.5,1.76,2.1,Bet365
2122,E0,2021-08-28,Aston Villa,Brentford,1,1,H,0.4805249432152772,Bet365,-0.5,2.02,Bet365,2.5,1.97,1.88,Bet365
2122,E0,2021-08-28,Newcastle,Southampton,2,2,H,0.3817024363985302,Bet365,0.0,1.84,Bet365,2.5,1.83,2.03,Bet365
2122,E0,2021-08-28,Norwich,Leicester,1,2,A,0.5068425554312783,Bet365,-0.5,1.92,Bet365,2.5,1.8,2.06,Bet365
2122,E0,2021-08-28,West Ham,Crystal Palace,2,2,H,0.6081884566909436,Bet365,-1.0,2.04,Bet365,2.5,1.89,1.96,Bet365
2122,E0,2021-08-28,Liverpool,Chelsea,1,1,H,0.38488060023115955,Bet365,0.0,1.81,Bet365,2.5,2.02,1.83,Bet365
2122,I1,2021-08-28,Atalanta,Bologna,0,0,H,0.7192831444013895,Bet365,-1.5,1.92,Bet365,2.5,1.39,2.99,Bet365
2122,I1,2021-08-28,Lazio,Spezia,6,1,H,0.7063919616006329,Bet365,-1.5,2.01,Bet365,2.5,1.54,2.51,Bet365
2122,SP1,2021-08-28,Sociedad,Levante,1,0,H,0.6104561537445129,Bet365,-1.0,2.0,Bet365,2.5,1.78,2.07,Bet365
2122,F1,2021-08-29,Troyes,Monaco,1,2,A,0.5167097140494186,Bet365,-0.5,1.87,Bet365,2.5,1.89,1.93,Bet365
2122,F1,2021-08-29,Angers,Rennes,2,0,A,0.37470248214892893,Bet365,-0.0,1.83,Bet365,2.5,2.19,1.68,Bet365
2122,F1,2021-08-29,Clermont,Metz,2,2,H,0.5334188574357234,Bet365,-0.5,1.75,Bet365,2.5,2.11,1.75,Bet365
2122,F1,2021-08-29,Strasbourg,Brest,3,1,H,0.469561472398855,Bet365,-0.5,2.06,Bet365,2.5,1.85,1.97,Bet365
2122,D1,2021-08-29,Union Berlin,MGladbach,2,1,H,0.3708219767608664,Bet365,0.0,1.85,Bet365,2.5,1.82,2.02,Bet365
2122,I1,2021-08-29,Genoa,Napoli,1,2,A,0.6190400572619044,Bet365,-1.0,1.94,Bet365,2.5,1.65,2.26,Bet365
2122,I1,2021-08-29,Sassuolo,Sampdoria,0,0,H,0.4742775949104981,Bet365,-0.5,2.03,Bet365,2.5,1.61,2.34,Bet365
2122,SP1,2021-08-29,Vallecano,Granada,4,0,H,0.36960805080512044,Bet365,0.0,1.86,Bet365,2.5,2.3,1.64,Bet365
2122,I1,2021-08-29,Salernitana,Roma,0,4,A,0.6003673844269823,Bet365,-1.0,2.01,Bet365,2.5,1.59,2.39,Bet365
2122,E0,2021-09-11,Crystal Palace,Tottenham,3,0,A,0.4936604143100741,Bet365,-0.5,1.97,Bet365,2.5,2.1,1.77,Bet365
2122,I1,2021-09-11,Empoli,Venezia,1,2,H,0.523442119241245,Bet365,-0.5,1.83,Bet365,2.5,1.79,2.06,Bet365
2122,D1,2021-09-11,Greuther Furth,Wolfsburg,0,2,A,0.6028916435625415,Bet365,-1.0,2.02,Bet365,2.5,1.63,2.33,Bet365
2122,D1,2021-09-11,Hoffenheim,Mainz,0,2,H,0.4714944523736096,Bet365,-0.5,2.05,Bet365,2.5,1.61,2.34,Bet365
2122,E0,2021-09-11,Arsenal,Norwich,1,0,H,0.6342015855039639,Bet365,-1.0,1.85,Bet365,2.5,1.71,2.17,Bet365
2122,E0,2021-09-11,Brentford,Brighton,0,1,A,0.357494307415487,Bet365,-0.0,1.9,Bet365,2.5,2.46,1.57,Bet365
2122,E0,2021-09-11,Leicester,Man City,0,1,A,0.6024645594349546,Bet365,-1.0,2.08,Bet365,2.5,1.74,2.14,Bet365
2122,E0,2021-09-11,Man United,Newcastle,4,1,H,0.8023700942792089,Bet365,-2.0,2.02,Bet365,2.5,1.44,2.79,Bet365
2122,E0,2021-09-11,Southampton,West Ham,0,0,A,0.3893256086497767,Bet365,-0.0,1.83,Bet365,2.5,1.72,2.15,Bet365
2122,E0,2021-09-11,Chelsea,Aston Villa,3,0,H,0.7389107243121841,Bet365,-1.5,1.97,Bet365,2.5,1.78,2.07,Bet365
2122,I1,2021-09-11,Atalanta,Fiorentina,1,2,H,0.6049690758619992,Bet365,-1.0,2.0,Bet365,2.5,1.52,2.54,Bet365
2122,F1,2021-09-11,Monaco,Marseille,0,2,H,0.46385106771308626,Bet365,-0.5,2.09,Bet365,2.5,1.86,1.97,Bet365
2122,F1,2021-09-12,Montpellier,St Etienne,2,0,H,0.3681295321346975,Bet365,0.0,1.94,Bet365,2.5,1.77,2.07,Bet365
2122,SP1,2021-09-12,Espanol,Ath Madrid,1,2,A,0.49148029818956346,Bet365,-0.5,1.97,Bet365,2.5,2.38,1.6,Bet365
2122,I1,2021-09-12,Torino,Salernitana,4,0,H,0.5993423856786214,Bet365,-1.0,2.08,Bet365,2.5,1.83,2.01,Bet365
2122,F1,2021-09-12,Brest,Angers,1,1,H,0.36151463874078094,Bet365,0.0,1.93,Bet365,2.5,1.97,1.85,Bet365
2122,D1,2021-09-12,Ein Frankfurt,Stuttgart,1,1,H,0.46704026806863486,Bet365,-0.5,2.05,Bet365,2.5,1.49,2.64,Bet365
2122,D1,2021-09-12,Bochum,Hertha,1,3,A,0.37061651358622116,Bet365,-0.0,1.92,Bet365,2.5,1.97,1.87,Bet365
2122,I1,2021-09-12,Roma,Sassuolo,2,1,H,0.6042497292065174,Bet365,-1.0,1.99,Bet365,2.5,1.46,2.71,Bet365
2122,F1,2021-09-12,Lyon,Strasbourg,3,1,H,0.6236036992008223,Bet365,-1.0,1.91,Bet365,2.5,1.57,2.41,Bet365
2122,SP1,2021-09-12,Real Madrid,Celta,5,2,H,0.6979112284605338,Bet365,-1.5,2.07,Bet365,2.5,1.53,2.49,Bet365
2122,SP1,2021-09-13,Getafe,Elche,0,1,H,0.5193611456719904,Bet365,-0.5,1.87,Bet365,2.5,2.72,1.46,Bet365
2122,F1,2021-09-17,Strasbourg,Metz,3,0,H,0.5013490492814591,Bet365,-0.5,1.92,Bet365,2.5,2.14,1.73,Bet365
2122,SP1,2021-09-17,Celta,Cadiz,1,2,H,0.6374190634261498,Bet365,-1.0,1.87,Bet365,2.5,1.92,1.91,Bet365
2122,E0,2021-09-18,Wolves,Brentford,0,2,H,0.5064792634708072,Bet365,-0.5,1.92,Bet365,2.5,2.49,1.56,Bet365
2122,D1,2021-09-18,Augsburg,MGladbach,1,0,A,0.5206773038098339,Bet365,-0.5,1.85,Bet365,2.5,1.59,2.41,Bet365
2122,D1,2021-09-18,Bayern Munich,Bochum,7,0,H,0.8972069828299816,Bet365,-3.0,1.86,Bet365,2.5,1.17,4.98,Bet365
2122,D1,2021-09-18,Mainz,Freiburg,0,0,H,0.46197601178573655,Bet365,-0.5,2.08,Bet365,2.5,1.84,2.0,Bet365
2122,E0,2021-09-18,Burnley,Arsenal,0,1,A,0.4736163459631026,Bet365,-0.5,2.06,Bet365,2.5,2.03,1.82,Bet365
2122,F1,2021-09-18,Lens,Lille,1,0,H,0.37646515847185863,Bet365,0.0,1.84,Bet365,2.5,2.11,1.75,Bet365
2122,I1,2021-09-18,Inter,Bologna,6,1,H,0.6905442615367084,Bet365,-1.5,2.07,Bet365,2.5,1.55,2.46,Bet365
2122,I1,2021-09-18,Salernitana,Atalanta,0,1,A,0.7318069276011376,Bet365,-1.5,1.88,Bet365,2.5,1.53,2.51,Bet365
2122,F1,2021-09-18,St Etienne,Bordeaux,1,2,H,0.4874191028788217,Bet365,-0.5,1.98,Bet365,2.5,2.05,1.79,Bet365
2122,SP1,2021-09-18,Alaves,Osasuna,0,2,A,0.37316823357338424,Bet365,-0.0,1.81,Bet365,2.5,2.53,1.53,Bet365
2122,I1,2021-09-19,Empoli,Sampdoria,0,3,H,0.36951646674363536,Bet365,0.0,1.94,Bet365,2.5,1.73,2.13,Bet365
2122,F1,2021-09-19,Nice,Monaco,2,2,A,0.36273780677974243,Bet365,-0.0,1.95,Bet365,2.5,2.0,1.83,Bet365
2122,F1,2021-09-19,Clermont,Brest,1,1,H,0.5127701375245579,Bet365,-0.5,1.87,Bet365,2.5,1.78,2.07,Bet365
2122,F1,2021-09-19,Troyes,Montpellier,1,1,H,0.3756021743698728,Bet365,0.0,1.88,Bet365,2.5,1.77,2.07,Bet365
2122,I1,2021-09-19,Venezia,Spezia,1,2,H,0.39066919295933217,Bet365,0.0,1.8,Bet365,2.5,1.73,2.13,Bet365
2122,E0,2021-09-19,Brighton,Leicester,2,1,A,0.3523696936277913,Bet365,-0.0,1.98,Bet365,2.5,2.17,1.71,Bet365
2122,SP1,2021-09-19,Sociedad,Sevilla,0,0,H,0.3639992472984822,Bet365,0.0,1.89,Bet365,2.5,2.18,1.7,Bet365
2122,F1,2021-09-19,Marseille,Rennes,2,0,H,0.488959023649488,Bet365,-0.5,1.97,Bet365,2.5,2.04,1.79,Bet365
2122,D1,2021-09-19,Dortmund,Union Berlin,4,2,H,0.6989502754227852,Bet365,-1.5,2.02,Bet365,2.5,1.45,2.75,Bet365
2122,I1,2021-09-19,Verona,Roma,3,2,A,0.5128904403476237,Bet365,-0.5,1.89,Bet365,2.5,1.7,2.18,Bet365
2122,SP1,2021-09-19,Betis,Espanol,2,2,H,0.47300461105797376,Bet365,-0.5,2.04,Bet365,2.5,2.31,1.63,Bet365
2122,D1,2021-09-19,Wolfsburg,Ein Frankfurt,1,1,H,0.5200067825128558,Bet365,-0.5,1.86,Bet365,2.5,1.73,2.12,Bet365
2122,F1,2021-09-19,Paris SG,Lyon,2,1,H,0.7101877241088377,Bet365,-1.5,2.01,Bet365,2.5,1.42,2.86,Bet365
2122,SP1,2021-09-19,Valencia,Real Madrid,1,2,A,0.49283219302639986,Bet365,-0.5,1.97,Bet365,2.5,1.77,2.09,Bet365
2122,I1,2021-09-20,Udinese,Napoli,0,4,A,0.514987141741469,Bet365,-0.5,1.89,Bet365,2.5,1.88,1.95,Bet365
2122,SP1,2021-09-20,Barcelona,Granada,1,1,H,0.744171415479615,Bet365,-1.5,1.88,Bet365,2.5,1.5,2.59,Bet365
2122,I1,2021-09-21,Bologna,Genoa,2,2,H,0.4750237228603396,Bet365,-0.5,2.05,Bet365,2.5,1.9,1.92,Bet365
2122,I1,2021-09-21,Atalanta,Sassuolo,2,1,H,0.6269592476489028,Bet365,-1.0,1.88,Bet365,2.5,1.52,2.54,Bet365
2122,I1,2021-09-21,Fiorentina,Inter,1,3,A,0.47981462228409316,Bet365,-0.5,2.01,Bet365,2.5,1.74,2.12,Bet365
2122,SP1,2021-09-21,Ath Bilbao,Vallecano,1,2,H,0.5053962723807778,Bet365,-0.5,1.88,Bet365,2.5,2.45,1.56,Bet365
2122,SP1,2021-09-21,Levante,Celta,0,2,H,0.3664257649156581,Bet365,0.0,1.94,Bet365,2.5,1.88,1.95,Bet365
2122,I1,2021-09-22,Spezia,Juventus,2,3,A,0.7048164597686718,Bet365,-1.5,1.99,Bet365,2.5,1.54,2.47,Bet365
2122,F1,2021-09-22,Monaco,St Etienne,3,1,H,0.6254039066897371,Bet365,-1.0,1.93,Bet365,2.5,1.83,2.0,Bet365
2122,F1,2021-09-22,Montpellier,Bordeaux,3,3,H,0.4816735490892794,Bet365,-0.5,2.01,Bet365,2.5,1.74,2.1,Bet365
2122,F1,2021-09-22,Rennes,Clermont,6,0,H,0.47496797666332985,Bet365,-0.5,2.05,Bet365,2.5,1.96,1.87,Bet365
2122,SP1,2021-09-22,Espanol,Alaves,1,0,H,0.5173794608990138,Bet365,-0.5,1.85,Bet365,2.5,2.41,1.58,Bet365
2122,I1,2021-09-22,Cagliari,Empoli,0,2,H,0.47128570400748265,Bet365,-0.5,2.04,Bet365,2.5,1.7,2.17,Bet365
2122,F1,2021-09-22,Lens,Strasbourg,0,1,H,0.47733074024553296,Bet365,-0.5,2.03,Bet365,2.5,1.91,1.9,Bet365
2122,SP1,2021-09-22,Villarreal,Elche,4,1,H,0.6332228194510227,Bet365,-1.0,1.91,Bet365,2.5,2.1,1.75,Bet365
2122,SP1,2021-09-23,Granada,Sociedad,2,3,A,0.4911950530985348,Bet365,-0.5,1.96,Bet365,2.5,1.99,1.83,Bet365
2122,I1,2021-09-23,Roma,Udinese,1,0,H,0.6219847486642112,Bet365,-1.0,1.91,Bet365,2.5,1.63,2.31,Bet365
2122,SP1,2021-09-23,Cadiz,Barcelona,0,0,A,0.6292989706835599,Bet365,-1.0,1.87,Bet365,2.5,1.63,2.29,Bet365
2122,E0,2021-09-25,Chelsea,Man City,0,1,H,0.36109478966508396,Bet365,0.0,1.91,Bet365,2.5,2.13,1.75,Bet365
2122,SP1,2021-09-25,Alaves,Ath Madrid,1,0,A,0.6196513470681458,Bet365,-1.0,2.01,Bet365,2.5,2.25,1.67,Bet365
2122,D1,2021-09-25,Ein Frankfurt,FC Koln,1,1,H,0.4702701156003205,Bet365,-0.5,2.06,Bet365,2.5,1.61,2.35,Bet365
2122,D1,2021-09-25,Hoffenheim,Wolfsburg,3,1,A,0.3867150817003694,Bet365,-0.0,1.85,Bet365,2.5,1.69,2.21,Bet365
2122,D1,2021-09-25,RB Leipzig,Hertha,6,0,H,0.7098696376795051,Bet365,-1.5,2.04,Bet365,2.5,1.59,2.4,Bet365
2122,E0,2021-09-25,Everton,Norwich,2,0,H,0.5897027083835312,Bet365,-1.0,2.05,Bet365,2.5,1.89,1.95,Bet365
2122,E0,2021-09-25,Leicester,Burnley,2,2,H,0.6051816204100469,Bet365,-1.0,2.07,Bet365,2.5,1.86,1.98,Bet365
2122,SP1,2021-09-25,Valencia,Ath Bilbao,1,1,H,0.36522365944495616,Bet365,0.0,1.88,Bet365,2.5,2.29,1.64,Bet365
2122,I1,2021-09-25,Inter,Atalanta,2,2,H,0.48176900960377816,Bet365,-0.5,2.0,Bet365,2.5,1.72,2.15,Bet365
2122,E0,2021-09-25,Brentford,Liverpool,3,3,A,0.6465504371049883,Bet365,-1.0,1.84,Bet365,2.5,1.75,2.12,Bet365
2122,F1,2021-09-25,Strasbourg,Lille,1,2,A,0.36008628773579204,Bet365,-0.0,1.91,Bet365,2.5,2.16,1.71,Bet365
2122,I1,2021-09-25,Genoa,Verona,3,3,A,0.3545747701785628,Bet365,-0.0,1.96,Bet365,2.5,2.01,1.83,Bet365
2122,F1,2021-09-25,Lyon,Lorient,1,1,H,0.6967850971369721,Bet365,-1.5,2.08,Bet365,2.5,1.59,2.39,Bet365
2122,F1,2021-09-25,Paris SG,Montpellier,2,0,H,0.7898734446246066,Bet365,-2.0,1.99,Bet365,2.5,1.32,3.39,Bet365
2122,SP1,2021-09-25,Real Madrid,Villarreal,0,0,H,0.638017886967297,Bet365,-1.0,1.82,Bet365,2.5,1.59,2.39,Bet365
2122,I1,2021-09-26,Juventus,Sampdoria,3,2,H,0.7101419629341734,Bet365,-1.5,2.06,Bet365,2.5,1.58,2.41,Bet365
2122,SP1,2021-09-26,Mallorca,Osasuna,2,3,H,0.3462819089900111,Bet365,0.0,1.96,Bet365,2.5,2.44,1.57,Bet365
2122,F1,2021-09-26,Brest,Metz,1,2,H,0.4655404395275826,Bet365,-0.5,2.06,Bet365,2.5,2.0,1.83,Bet365
2122,F1,2021-09-26,Reims,Nantes,3,1,H,0.3655829890154187,Bet365,0.0,1.86,Bet365,2.5,2.34,1.61,Bet365
2122,F1,2021-09-26,Troyes,Angers,1,1,A,0.35442869205813077,Bet365,-0.0,1.93,Bet365,2.5,2.24,1.66,Bet365
2122,I1,2021-09-26,Empoli,Bologna,4,2,A,0.37268512210409116,Bet365,-0.0,1.95,Bet365,2.5,1.61,2.32,Bet365
2122,E0,2021-09-26,Southampton,Wolves,0,1,H,0.3630690524931993,Bet365,0.0,1.92,Bet365,2.5,2.12,1.75,Bet365
2122,F1,2021-09-26,Clermont,Monaco,1,3,A,0.4699565912725611,Bet365,-0.5,2.07,Bet365,2.5,1.86,1.97,Bet365
2122,D1,2021-09-26,Freiburg,Augsburg,3,0,H,0.5044721223773301,Bet365,-0.5,1.93,Bet365,2.5,1.98,1.85,Bet365
2122,I1,2021-09-26,Lazio,Roma,3,2,A,0.364571815323593,Bet365,-0.0,1.95,Bet365,2.5,1.71,2.18,Bet365
2122,E0,2021-09-27,Crystal Palace,Brighton,1,1,A,0.3785189694291384,Bet365,-0.0,1.8,Bet365,2.5,2.31,1.63,Bet365
2122,I1,2021-10-01,Cagliari,Venezia,1,1,H,0.510381293310125,Bet365,-0.5,1.9,Bet365,2.5,2.0,1.84,Bet365
2122,SP1,2021-10-01,Ath Bilbao,Alaves,1,0,H,0.6072932591751938,Bet365,-1.0,2.07,Bet365,2.5,2.32,1.62,Bet365
2122,E0,2021-10-02,Man United,Everton,1,1,H,0.6433639554858467,Bet365,-1.0,1.82,Bet365,2.5,1.81,2.05,Bet365
2122,D1,2021-10-02,Dortmund,Augsburg,2,1,H,0.777029805422081,Bet365,-2.0,2.02,Bet365,2.5,1.38,3.07,Bet365
2122,D1,2021-10-02,Hertha,Freiburg,1,2,A,0.381565573673241,Bet365,-0.0,1.86,Bet365,2.5,1.95,1.89,Bet365
2122,D1,2021-10-02,Stuttgart,Hoffenheim,3,1,A,0.3895431534190845,Bet365,-0.0,1.88,Bet365,2.5,1.47,2.69,Bet365
2122,E0,2021-10-02,Burnley,Norwich,0,0,H,0.5115205262038385,Bet365,-0.5,1.89,Bet365,2.5,1.9,1.94,Bet365
2122,I1,2021-10-02,Torino,Juventus,0,1,A,0.514415850901154,Bet365,-0.5,1.86,Bet365,2.5,1.91,1.92,Bet365
2122,D1,2021-10-02,RB Leipzig,Bochum,3,0,H,0.786256758256568,Bet365,-2.0,2.02,Bet365,2.5,1.4,2.97,Bet365
2122,F1,2021-10-02,Nice,Brest,2,1,H,0.6080831152030886,Bet365,-1.0,2.02,Bet365,2.5,1.69,2.19,Bet365
2122,SP1,2021-10-02,Ath Madrid,Barcelona,2,0,H,0.4996223972381055,Bet365,-0.5,1.92,Bet365,2.5,2.01,1.83,Bet365
2122,F1,2021-10-03,Rennes,Paris SG,2,0,A,0.61304108524622,Bet365,-1.0,1.95,Bet365,2.5,1.59,2.38,Bet365
2122,F1,2021-10-03,Angers,Metz,3,2,H,0.481892328199573,Bet365,-0.5,2.01,Bet365,2.5,2.25,1.66,Bet365
2122,E0,2021-10-03,West Ham,Brentford,1,2,H,0.52840603628271,Bet365,-0.5,1.83,Bet365,2.5,1.92,1.92,Bet365
2122,D1,2021-10-03,Bayern Munich,Ein Frankfurt,1,2,H,0.8193888705170335,Bet365,-2.5,2.02,Bet365,2.5,1.19,4.67,Bet365
2122,I1,2021-10-03,Fiorentina,Napoli,1,2,A,0.48365206662553983,Bet365,-0.5,2.01,Bet365,2.5,1.76,2.1,Bet365
2122,SP1,2021-10-03,Villarreal,Betis,2,0,H,0.48109517601043017,Bet365,-0.5,2.06,Bet365,2.5,1.88,1.94,Bet365
2122,F1,2021-10-15,Paris SG,Angers,2,1,H,0.7055742879690078,Bet365,-1.5,2.01,Bet365,2.5,1.57,2.42,Bet365
2122,E0,2021-10-16,Watford,Liverpool,0,5,A,0.7082041528801813,Bet365,-1.5,2.07,Bet365,2.5,1.58,2.43,Bet365
2122,D1,2021-10-16,Freiburg,RB Leipzig,1,1,A,0.5031313254812461,Bet365,-0.5,1.93,Bet365,2.5,1.68,2.22,Bet365
2122,D1,2021-10-16,Union Berlin,Wolfsburg,2,0,H,0.35016465422612514,Bet365,0.0,1.94,Bet365,2.5,2.1,1.76,Bet365
2122,E0,2021-10-16,Leicester,Man United,4,2,A,0.45731482529172796,Bet365,-0.5,2.05,Bet365,2.5,1.77,2.11,Bet365
2122,E0,2021-10-16,Brentford,Chelsea,0,1,A,0.5995764373676367,Bet365,-1.0,2.1,Bet365,2.5,2.04,1.81,Bet365
2122,D1,2021-10-16,MGladbach,Stuttgart,1,1,H,0.6284448414050839,Bet365,-1.0,1.88,Bet365,2.5,1.52,2.52,Bet365
2122,I1,2021-10-16,Milan,Verona,3,2,H,0.620551395056001,Bet365,-1.0,1.93,Bet365,2.5,1.63,2.31,Bet365
2122,I1,2021-10-17,Cagliari,Sampdoria,3,1,H,0.3678991943813262,Bet365,0.0,1.9,Bet365,2.5,1.76,2.09,Bet365
2122,F1,2021-10-17,Troyes,Nice,1,0,A,0.508795267774544,Bet365,-0.5,1.9,Bet365,2.5,1.83,2.0,Bet365
2122,SP1,2021-10-17,Vallecano,Elche,2,1,H,0.5259830993412735,Bet365,-0.5,1.84,Bet365,2.5,2.29,1.64,Bet365
2122,I1,2021-10-17,Empoli,Atalanta,1,4,A,0.5942058437736705,Bet365,-1.0,2.0,Bet365,2.5,1.5,2.56,Bet365
2122,F1,2021-10-17,Bordeaux,Nantes,1,1,A,0.3607101061352749,Bet365,-0.0,1.9,Bet365,2.5,2.1,1.75,Bet365
2122,F1,2021-10-17,Metz,Rennes,0,3,A,0.5149691931669029,Bet365,-0.5,1.85,Bet365,2.5,2.14,1.72,Bet365
2122,E0,2021-10-17,Everton,West Ham,0,1,H,0.3810669007293467,Bet365,0.0,1.82,Bet365,2.5,1.89,1.96,Bet365
2122,D1,2021-10-17,Leverkusen,Bayern Munich,1,5,A,0.5944541143668984,Bet365,-1.0,1.99,Bet365,2.5,1.3,3.49,Bet365
2122,I1,2021-10-17,Juventus,Roma,1,0,H,0.503894693164299,Bet365,-0.5,1.89,Bet365,2.5,1.7,2.18,Bet365
2122,F1,2021-10-17,Marseille,Lorient,4,1,H,0.6233439197188656,Bet365,-1.0,1.9,Bet365,2.5,1.71,2.15,Bet365
2122,SP1,2021-10-17,Barcelona,Valencia,3,1,H,0.6226008968609865,Bet365,-1.0,1.93,Bet365,2.5,1.68,2.2,Bet365
2122,I1,2021-10-18,Venezia,Fiorentina,1,0,A,0.5036787040161997,Bet365,-0.5,1.92,Bet365,2.5,1.91,1.91,Bet365
2122,F1,2021-10-22,St Etienne,Angers,2,2,A,0.374665505755298,Bet365,-0.0,1.82,Bet365,2.5,1.97,1.86,Bet365
2122,E0,2021-10-22,Arsenal,Aston Villa,3,1,H,0.5041162906331446,Bet365,-0.5,1.91,Bet365,2.5,1.78,2.08,Bet365
2122,E0,2021-10-23,Chelsea,Norwich,7,0,H,0.8081051804534699,Bet365,-2.0,2.05,Bet365,2.5,1.66,2.27,Bet365
2122,I1,2021-10-23,Salernitana,Empoli,2,4,A,0.3648725032043372,Bet365,-0.0,1.95,Bet365,2.5,1.85,1.98,Bet365
2122,D1,2021-10-23,Bayern Munich,Hoffenheim,4,0,H,0.8168686955735807,Bet365,-2.5,2.02,Bet365,2.5,1.19,4.62,Bet365
2122,D1,2021-10-23,Bielefeld,Dortmund,1,3,A,0.637123745819398,Bet365,-1.0,1.84,Bet365,2.5,1.6,2.34,Bet365
2122,E0,2021-10-23,Crystal Palace,Newcastle,1,1,H,0.4869880850146547,Bet365,-0.5,2.0,Bet365,2.5,1.95,1.89,Bet365
2122,E0,2021-10-23,Leeds,Wolves,1,1,H,0.3726118057344403,Bet365,0.0,1.89,Bet365,2.5,1.9,1.95,Bet365
2122,E0,2021-10-23,Southampton,Burnley,2,2,H,0.48036101234931516,Bet365,-0.5,2.02,Bet365,2.5,2.01,1.84,Bet365
2122,I1,2021-10-23,Sassuolo,Venezia,3,1,H,0.6003567018795446,Bet365,-1.0,2.04,Bet365,2.5,1.62,2.31,Bet365
2122,D1,2021-10-23,Hertha,MGladbach,1,0,A,0.4800409525739333,Bet365,-0.5,2.01,Bet365,2.5,1.77,2.07,Bet365
2122,SP1,2021-10-23,Elche,Espanol,2,2,H,0.3495013212854829,Bet365,0.0,1.92,Bet365,2.5,2.59,1.5,Bet365
2122,F1,2021-10-23,Lille,Brest,1,1,H,0.6121194357941013,Bet365,-1.0,2.0,Bet365,2.5,1.89,1.93,Bet365
2122,F1,2021-10-24,Nice,Lyon,3,2,H,0.3717154199250603,Bet365,0.0,1.92,Bet365,2.5,1.64,2.28,Bet365
2122,SP1,2021-10-24,Sevilla,Levante,5,3,H,0.6562580919709582,Bet365,-1.0,1.75,Bet365,2.5,1.94,1.88,Bet365
2122,F1,2021-10-24,Lorient,Bordeaux,1,1,H,0.4616459420696997,Bet365,-0.5,2.06,Bet365,2.5,1.99,1.83,Bet365
2122,F1,2021-10-24,Rennes,Strasbourg,1,0,H,0.5173463177115034,Bet365,-0.5,1.85,Bet365,2.5,1.93,1.9,Bet365
2122,E0,2021-10-24,Brentford,Leicester,1,2,H,0.3646011680459943,Bet365,0.0,1.92,Bet365,2.5,1.9,1.94,Bet365
2122,SP1,2021-10-24,Barcelona,Real Madrid,1,2,A,0.3854652112687015,Bet365,-0.0,1.9,Bet365,2.5,1.63,2.3,Bet365
2122,D1,2021-10-24,Stuttgart,Union Berlin,1,1,H,0.3848709976027153,Bet365,0.0,1.85,Bet365,2.5,1.85,1.98,Bet365
2122,F1,2021-10-24,Marseille,Paris SG,0,0,A,0.5950007232129942,Bet365,-1.0,2.03,Bet365,2.5,1.55,2.46,Bet365
2122,SP1,2021-10-25,Getafe,Celta,0,3,H,0.3602372951267151,Bet365,0.0,1.85,Bet365,2.5,2.67,1.47,Bet365
2122,I1,2021-10-26,Venezia,Salernitana,1,2,H,0.48295614084348854,Bet365,-0.5,1.99,Bet365,2.5,2.03,1.81,Bet365
2122,SP1,2021-10-26,Espanol,Ath Bilbao,1,1,A,0.35564705075833036,Bet365,-0.0,1.85,Bet365,2.5,2.48,1.55,Bet365
2122,SP1,2021-10-26,Villarreal,Cadiz,3,3,H,0.7252703504196424,Bet365,-1.5,1.99,Bet365,2.5,1.72,2.15,Bet365
2122,SP1,2021-10-27,Mallorca,Sevilla,1,1,A,0.5265533599048149,Bet365,-0.5,1.87,Bet365,2.5,2.31,1.62,Bet365
2122,SP1,2021-10-27,Betis,Valencia,4,1,H,0.5102803738317757,Bet365,-0.5,1.89,Bet365,2.5,1.92,1.9,Bet365
2122,I1,2021-10-27,Empoli,Inter,0,2,A,0.6378969596881177,Bet365,-1.0,1.75,Bet365,2.5,1.46,2.7,Bet365
2122,I1,2021-10-27,Lazio,Fiorentina,1,0,H,0.4900183070351321,Bet365,-0.5,1.98,Bet365,2.5,1.7,2.16,Bet365
2122,SP1,2021-10-27,Real Madrid,Osasuna,0,0,H,0.7168681291498697,Bet365,-1.5,2.0,Bet365,2.5,1.58,2.39,Bet365
2122,SP1,2021-10-28,Celta,Sociedad,0,2,A,0.375184992600296,Bet365,-0.0,1.89,Bet365,2.5,2.06,1.78,Bet365
2122,SP1,2021-10-28,Granada,Getafe,1,1,H,0.364732039802204,Bet365,0.0,1.81,Bet365,2.5,2.72,1.45,Bet365
2122,I1,2021-10-28,Napoli,Bologna,3,0,H,0.7111479486116866,Bet365,-1.5,1.97,Bet365,2.5,1.49,2.58,Bet365
2122,F1,2021-10-29,Paris SG,Lille,2,1,H,0.6999153469070749,Bet365,-1.5,2.05,Bet365,2.5,1.64,2.27,Bet365
2122,E0,2021-10-30,Leicester,Arsenal,0,2,H,0.3887355720625949,Bet365,0.0,1.79,Bet365,2.5,1.81,2.05,Bet365
2122,I1,2021-10-30,Atalanta,Lazio,2,2,H,0.4949023864921021,Bet365,-0.5,1.92,Bet365,2.5,1.57,2.42,Bet365
2122,D1,2021-10-30,Leverkusen,Wolfsburg,0,2,H,0.4898955724679637,Bet365,-0.5,1.97,Bet365,2.5,1.81,2.02,Bet365
2122,D1,2021-10-30,Union Berlin,Bayern Munich,2,5,A,0.7229671610770784,Bet365,-1.5,1.9,Bet365,2.5,1.38,3.03,Bet365
2122,E0,2021-10-30,Burnley,Brentford,3,1,H,0.3599942446963278,Bet365,0.0,1.88,Bet365,2.5,2.17,1.71,Bet365
2122,SP1,2021-10-30,Sevilla,Osasuna,2,0,H,0.6250051156128503,Bet365,-1.0,1.97,Bet365,2.5,2.12,1.74,Bet365
2122,F1,2021-10-30,Metz,St Etienne,1,1,H,0.3652226112250365,Bet365,0.0,1.94,Bet365,2.5,1.96,1.85,Bet365
2122,I1,2021-10-30,Verona,Juventus,2,1,A,0.5100502512562813,Bet365,-0.5,1.9,Bet365,2.5,1.75,2.09,Bet365
2122,D1,2021-10-30,Ein Frankfurt,RB Leipzig,1,1,A,0.524802634356398,Bet365,-0.5,1.77,Bet365,2.5,1.52,2.52,Bet365
2122,I1,2021-10-30,Torino,Sampdoria,3,0,H,0.49708944652956566,Bet365,-0.5,1.94,Bet365,2.5,1.75,2.09,Bet365
2122,SP1,2021-10-30,Barcelona,Alaves,1,1,H,0.7359805695385525,Bet365,-1.5,1.93,Bet365,2.5,1.52,2.52,Bet365
2122,I1,2021-10-31,Inter,Udinese,2,0,H,0.7103890894504613,Bet365,-1.5,2.04,Bet365,2.5,1.6,2.34,Bet365
2122,SP1,2021-10-31,Cadiz,Mallorca,1,1,H,0.37205712392205675,Bet365,0.0,1.68,Bet365,2.5,2.68,1.47,Bet365
2122,I1,2021-10-31,Fiorentina,Spezia,3,0,H,0.6181173329695706,Bet365,-1.0,1.94,Bet365,2.5,1.61,2.32,Bet365
2122,I1,2021-10-31,Genoa,Venezia,0,0,H,0.4675703812636959,Bet365,-0.5,2.06,Bet365,2.5,1.96,1.85,Bet365
2122,F1,2021-10-31,Bordeaux,Reims,3,2,H,0.38011856494419044,Bet365,0.0,1.8,Bet365,2.5,2.26,1.64,Bet365
2122,F1,2021-10-31,Strasbourg,Lorient,4,0,H,0.4798735647013289,Bet365,-0.5,2.02,Bet365,2.5,2.01,1.81,Bet365
2122,F1,2021-10-31,Troyes,Rennes,2,2,A,0.47746233502977486,Bet365,-0.5,2.03,Bet365,2.5,1.97,1.85,Bet365
2122,D1,2021-10-31,Augsburg,Stuttgart,4,1,A,0.38303280260886247,Bet365,-0.0,1.81,Bet365,2.5,1.91,1.91,Bet365
2122,SP1,2021-10-31,Ath Madrid,Betis,3,0,H,0.6026116962947313,Bet365,-1.0,2.08,Bet365,2.5,2.03,1.8,Bet365
2122,D1,2021-10-31,MGladbach,Bochum,2,1,H,0.7002261408347603,Bet365,-1.5,2.05,Bet365,2.5,1.53,2.49,Bet365
2122,E0,2021-10-31,Aston Villa,West Ham,1,4,A,0.38686268230000703,Bet365,-0.0,1.84,Bet365,2.5,1.81,2.03,Bet365
2122,I1,2021-10-31,Salernitana,Napoli,0,1,A,0.7289425601684353,Bet365,-1.5,1.92,Bet365,2.5,1.55,2.44,Bet365
2122,I1,2021-11-01,Bologna,Cagliari,2,0,H,0.5220133744755823,Bet365,-0.5,1.75,Bet365,2.5,1.67,2.2,Bet365
2122,SP1,2021-11-01,Levante,Granada,0,3,H,0.4747480902896021,Bet365,-0.5,2.03,Bet365,2.5,2.09,1.74,Bet365
2122,D1,2021-11-05,Mainz,MGladbach,1,1,A,0.37006700246355656,Bet365,-0.0,1.9,Bet365,2.5,1.75,2.11,Bet365
2122,F1,2021-11-05,Lens,Troyes,4,0,H,0.5865346951896504,Bet365,-1.0,2.11,Bet365,2.5,1.71,2.16,Bet365
2122,E0,2021-11-05,Southampton,Aston Villa,1,0,H,0.47600333620774965,Bet365,-0.5,2.03,Bet365,2.5,1.72,2.18,Bet365
2122,SP1,2021-11-06,Espanol,Granada,2,0,H,0.5087409825706913,Bet365,-0.5,1.91,Bet365,2.5,2.28,1.64,Bet365
2122,D1,2021-11-06,Bochum,Hoffenheim,2,0,A,0.48589913794009365,Bet365,-0.5,1.99,Bet365,2.5,1.64,2.29,Bet365
2122,D1,2021-11-06,Stuttgart,Bielefeld,0,1,H,0.5066991473812424,Bet365,-0.5,1.89,Bet365,2.5,1.79,2.05,Bet365
2122,D1,2021-11-06,Wolfsburg,Augsburg,1,0,H,0.6212694527671108,Bet365,-1.0,1.94,Bet365,2.5,1.79,2.06,Bet365
2122,I1,2021-11-06,Juventus,Fiorentina,1,0,H,0.5907413249211355,Bet365,-1.0,2.07,Bet365,2.5,1.73,2.12,Bet365
2122,E0,2021-11-06,Brighton,Newcastle,1,1,H,0.592675114886506,Bet365,-1.0,2.09,Bet365,2.5,1.95,1.9,Bet365
2122,D1,2021-11-06,RB Leipzig,Dortmund,2,1,H,0.48119128339548217,Bet365,-0.5,2.0,Bet365,2.5,1.56,2.45,Bet365
2122,I1,2021-11-06,Cagliari,Atalanta,1,2,A,0.632398753894081,Bet365,-1.0,1.73,Bet365,2.5,1.5,2.57,Bet365
2122,SP1,2021-11-06,Real Madrid,Vallecano,2,1,H,0.694175901909927,Bet365,-1.5,2.02,Bet365,2.5,1.54,2.49,Bet365
2122,F1,2021-11-06,Bordeaux,Paris SG,2,3,A,0.7220865989978158,Bet365,-1.5,1.9,Bet365,2.5,1.44,2.76,Bet365
2122,I1,2021-11-07,Venezia,Roma,3,2,A,0.6208610102564961,Bet365,-1.0,1.94,Bet365,2.5,1.66,2.24,Bet365
2122,SP1,2021-11-07,Villarreal,Getafe,1,0,H,0.6263831909053876,Bet365,-1.0,1.99,Bet365,2.5,2.21,1.68,Bet365
2122,F1,2021-11-07,Reims,Monaco,0,0,A,0.48217231315822867,Bet365,-0.5,2.03,Bet365,2.5,2.08,1.77,Bet365
2122,F1,2021-11-07,St Etienne,Clermont,3,2,H,0.37997776812714407,Bet365,0.0,1.85,Bet365,2.5,1.8,2.03,Bet365
2122,E0,2021-11-07,Leeds,Leicester,1,1,A,0.38342907092907086,Bet365,-0.0,1.86,Bet365,2.5,1.66,2.25,Bet365
2122,D1,2021-11-07,Hertha,Leverkusen,1,1,A,0.46352400703733365,Bet365,-0.5,2.06,Bet365,2.5,1.74,2.11,Bet365
2122,SP1,2021-11-07,Valencia,Ath Madrid,3,3,A,0.4885491496285382,Bet365,-0.5,1.99,Bet365,2.5,2.2,1.68,Bet365
2122,F1,2021-11-07,Nice,Montpellier,0,1,H,0.6109246422941447,Bet365,-1.0,1.96,Bet365,2.5,1.62,2.33,Bet365
2122,I1,2021-11-07,Lazio,Salernitana,3,0,H,0.7275444260439493,Bet365,-1.5,1.95,Bet365,2.5,1.53,2.51,Bet365
2122,SP1,2021-11-07,Mallorca,Elche,2,2,H,0.4637868487202925,Bet365,-0.5,2.08,Bet365,2.5,2.56,1.51,Bet365
2122,D1,2021-11-07,Greuther Furth,Ein Frankfurt,1,2,A,0.48824350740016764,Bet365,-0.5,1.97,Bet365,2.5,1.72,2.15,Bet365
2122,F1,2021-11-07,Rennes,Lyon,4,1,A,0.36891682838596923,Bet365,-0.0,1.96,Bet365,2.5,1.63,2.31,Bet365
2122,SP1,2021-11-07,Betis,Sevilla,0,2,A,0.3837173212367196,Bet365,-0.0,1.73,Bet365,2.5,2.08,1.76,Bet365
2122,SP1,2021-11-20,Celta,Villarreal,1,1,A,0.3697971127429737,Bet365,-0.0,1.89,Bet365,2.5,2.06,1.78,Bet365
2122,D1,2021-11-20,Bielefeld,Wolfsburg,2,2,A,0.4859622291819807,Bet365,-0.5,1.99,Bet365,2.5,2.05,1.8,Bet365
2122,D1,2021-11-20,Dortmund,Stuttgart,2,1,H,0.7112089726828597,Bet365,-1.5,1.95,Bet365,2.5,1.45,2.73,Bet365
2122,D1,2021-11-20,MGladbach,Greuther Furth,4,0,H,0.7315963093734424,Bet365,-1.5,1.89,Bet365,2.5,1.47,2.68,Bet365
2122,E0,2021-11-20,Burnley,Crystal Palace,3,3,A,0.35579052853012866,Bet365,-0.0,1.94,Bet365,2.5,2.18,1.7,Bet365
2122,E0,2021-11-20,Newcastle,Brentford,3,3,H,0.363112026620187,Bet365,0.0,1.92,Bet365,2.5,1.97,1.87,Bet365
2122,D1,2021-11-20,Union Berlin,Hertha,2,0,H,0.47957635689403305,Bet365,-0.5,1.99,Bet365,2.5,2.19,1.69,Bet365
2122,F1,2021-11-20,Rennes,Montpellier,2,0,H,0.6237749610957342,Bet365,-1.0,1.9,Bet365,2.5,1.66,2.24,Bet365
2122,SP1,2021-11-20,Barcelona,Espanol,1,0,H,0.6981324854819597,Bet365,-1.5,2.02,Bet365,2.5,1.6,2.36,Bet365
2122,SP1,2021-11-21,Getafe,Cadiz,4,0,H,0.47789187577570846,Bet365,-0.5,2.02,Bet365,2.5,2.82,1.42,Bet365
2122,F1,2021-11-21,Angers,Lorient,1,0,H,0.5049688005546569,Bet365,-0.5,1.93,Bet365,2.5,2.13,1.72,Bet365
2122,F1,2021-11-21,Strasbourg,Reims,1,1,H,0.4751045809841789,Bet365,-0.5,2.03,Bet365,2.5,2.35,1.6,Bet365
2122,E0,2021-11-21,Man City,Everton,3,0,H,0.8129646085119179,Bet365,-2.0,1.99,Bet365,2.5,1.49,2.61,Bet365
2122,D1,2021-11-21,Freiburg,Ein Frankfurt,0,2,H,0.4722360746731424,Bet365,-0.5,2.01,Bet365,2.5,1.74,2.11,Bet365
2122,SP1,2021-11-22,Vallecano,Mallorca,3,1,H,0.5218612216668641,Bet365,-0.5,1.84,Bet365,2.5,2.17,1.69,Bet365
2122,D1,2021-11-26,Stuttgart,Mainz,2,1,A,0.3765554833902466,Bet365,-0.0,1.84,Bet365,2.5,2.04,1.79,Bet365
2122,I1,2021-11-26,Cagliari,Salernitana,1,1,H,0.5165006338250773,Bet365,-0.5,1.87,Bet365,2.5,2.07,1.76,Bet365
2122,F1,2021-11-26,Lens,Angers,2,2,H,0.5273642863699235,Bet365,-0.5,1.75,Bet365,2.5,2.1,1.75,Bet365
2122,SP1,2021-11-27,Alaves,Celta,1,2,A,0.37388051649102616,Bet365,-0.0,1.81,Bet365,2.5,2.34,1.6,Bet365
2122,I1,2021-11-27,Empoli,Fiorentina,2,1,A,0.4578150778807042,Bet365,-0.5,2.08,Bet365,2.5,1.69,2.17,Bet365
2122,I1,2021-11-27,Sampdoria,Verona,3,1,A,0.3837806967447173,Bet365,-0.0,1.82,Bet365,2.5,1.84,1.98,Bet365
2122,SP1,2021-11-27,Valencia,Vallecano,1,1,H,0.47337407011917476,Bet365,-0.5,2.05,Bet365,2.5,2.19,1.68,Bet365
2122,SP1,2021-11-27,Villarreal,Barcelona,1,3,A,0.3694884978204941,Bet365,-0.0,1.92,Bet365,2.5,1.78,2.06,Bet365
2122,F1,2021-11-28,St Etienne,Paris SG,1,3,A,0.7152890011604411,Bet365,-1.5,1.94,Bet365,2.5,1.43,2.81,Bet365
2122,I1,2021-11-28,Milan,Sassuolo,1,3,H,0.6063607831261918,Bet365,-1.0,1.97,Bet365,2.5,1.52,2.52,Bet365
2122,E0,2021-11-28,Leicester,Watford,4,2,H,0.5873173461618143,Bet365,-1.0,2.1,Bet365,2.5,1.66,2.24,Bet365
2122,E0,2021-11-28,Man City,West Ham,2,1,H,0.738968405777983,Bet365,-1.5,1.77,Bet365,2.5,1.5,2.59,Bet365
2122,E0,2021-11-28,Chelsea,Man United,1,1,H,0.5971121329778668,Bet365,-1.0,2.08,Bet365,2.5,1.81,2.03,Bet365
2122,D1,2021-11-28,RB Leipzig,Leverkusen,1,3,H,0.5218619708637857,Bet365,-0.5,1.77,Bet365,2.5,1.54,2.49,Bet365
2122,SP1,2021-11-28,Cadiz,Ath Madrid,1,4,A,0.635011913682633,Bet365,-1.0,1.93,Bet365,2.5,2.16,1.7,Bet365
2122,F1,2021-11-28,Marseille,Troyes,1,0,H,0.6184262996644458,Bet365,-1.0,1.93,Bet365,2.5,1.7,2.16,Bet365
2122,SP1,2021-11-29,Osasuna,Elche,1,1,H,0.5144070545904975,Bet365,-0.5,1.88,Bet365,2.5,2.38,1.58,Bet365
2122,E0,2021-11-30,Newcastle,Norwich,1,1,H,0.48328982542232873,Bet365,-0.5,2.01,Bet365,2.5,1.83,2.01,Bet365
2122,I1,2021-11-30,Salernitana,Juventus,0,2,A,0.7183258160060005,Bet365,-1.5,2.02,Bet365,2.5,1.74,2.1,Bet365
2122,I1,2021-12-01,Inter,Spezia,2,0,H,0.8022703030143408,Bet365,-2.0,1.89,Bet365,2.5,1.37,3.05,Bet365
2122,F1,2021-12-01,Metz,Montpellier,1,3,H,0.36726305224082717,Bet365,0.0,1.93,Bet365,2.5,1.9,1.91,Bet365
2122,E0,2021-12-01,Watford,Chelsea,1,2,A,0.7307608384627747,Bet365,-1.5,1.93,Bet365,2.5,1.71,2.17,Bet365
2122,E0,2021-12-01,West Ham,Brighton,1,1,H,0.4762476016218199,Bet365,-0.5,2.03,Bet365,2.5,2.03,1.82,Bet365
2122,E0,2021-12-01,Wolves,Burnley,0,0,H,0.49192252995160685,Bet365,-0.5,1.97,Bet365,2.5,2.22,1.67,Bet365
2122,I1,2021-12-01,Sassuolo,Napoli,2,2,A,0.5130304689900218,Bet365,-0.5,1.88,Bet365,2.5,1.57,2.41,Bet365
2122,F1,2021-12-01,Clermont,Lens,2,2,A,0.38869990579313113,Bet365,-0.0,1.85,Bet365,2.5,1.78,2.06,Bet365
2122,F1,2021-12-01,Lyon,Reims,1,2,H,0.6469410050983249,Bet365,-1.0,1.81,Bet365,2.5,1.64,2.27,Bet365
2122,F1,2021-12-01,Rennes,Lille,1,2,H,0.46437824072202644,Bet365,-0.5,2.07,Bet365,2.5,1.93,1.89,Bet365
2122,E0,2021-12-01,Aston Villa,Man City,1,2,A,0.7043850806451613,Bet365,-1.5,2.04,Bet365,2.5,1.63,2.3,Bet365
2122,E0,2021-12-02,Man United,Arsenal,3,2,H,0.47532467532467537,Bet365,-0.5,2.03,Bet365,2.5,1.8,2.05,Bet365
2122,SP1,2021-12-04,Sevilla,Villarreal,1,0,H,0.47686749796061073,Bet365,-0.5,2.01,Bet365,2.5,2.08,1.77,Bet365
2122,I1,2021-12-04,Milan,Salernitana,2,0,H,0.7914929079898003,Bet365,-2.0,2.02,Bet365,2.5,1.51,2.58,Bet365
2122,D1,2021-12-04,Hoffenheim,Ein Frankfurt,3,2,H,0.5044814340588989,Bet365,-0.5,1.9,Bet365,2.5,1.58,2.4,Bet365
2122,D1,2021-12-04,Leverkusen,Greuther Furth,7,1,H,0.7736240457252487,Bet365,-2.0,2.02,Bet365,2.5,1.34,3.31,Bet365
2122,D1,2021-12-04,Mainz,Wolfsburg,3,0,H,0.378767984576998,Bet365,0.0,1.8,Bet365,2.5,2.08,1.77,Bet365
2122,SP1,2021-12-04,Barcelona,Betis,0,1,H,0.6393982416498364,Bet365,-1.0,1.75,Bet365,2.5,1.5,2.58,Bet365
2122,F1,2021-12-04,Marseille,Brest,1,2,H,0.5988812109246463,Bet365,-1.0,2.06,Bet365,2.5,1.7,2.17,Bet365
2122,I1,2021-12-04,Roma,Inter,0,3,A,0.4843298759762104,Bet365,-0.5,2.01,Bet365,2.5,1.68,2.21,Bet365
2122,SP1,2021-12-04,Ath Madrid,Mallorca,1,2,H,0.7221001591029623,Bet365,-1.5,2.07,Bet365,2.5,1.94,1.89,Bet365
2122,E0,2021-12-04,Watford,Man City,1,3,A,0.8007624970066481,Bet365,-2.0,1.96,Bet365,2.5,1.44,2.8,Bet365
2122,I1,2021-12-04,Napoli,Atalanta,2,3,H,0.38606166959137633,Bet365,0.0,1.84,Bet365,2.5,1.65,2.27,Bet365
2122,I1,2021-12-05,Bologna,Fiorentina,2,3,A,0.3699494746972491,Bet365,-0.0,1.88,Bet365,2.5,1.84,1.99,Bet365
2122,F1,2021-12-05,St Etienne,Rennes,0,5,A,0.5156329747393399,Bet365,-0.5,1.85,Bet365,2.5,1.81,2.02,Bet365
2122,I1,2021-12-05,Venezia,Verona,3,4,A,0.46139976692539425,Bet365,-0.5,2.05,Bet365,2.5,1.94,1.88,Bet365
2122,F1,2021-12-05,Lorient,Nantes,0,1,A,0.36600550166497753,Bet365,-0.0,1.85,Bet365,2.5,2.2,1.68,Bet365
2122,E0,2021-12-05,Leeds,Brentford,2,2,H,0.4945287463365198,Bet365,-0.5,1.93,Bet365,2.5,1.92,1.92,Bet365
2122,E0,2021-12-05,Man United,Crystal Palace,1,0,H,0.612556923616129,Bet365,-1.0,2.01,Bet365,2.5,1.77,2.09,Bet365
2122,SP1,2021-12-05,Elche,Cadiz,3,1,H,0.4709136362830447,Bet365,-0.5,2.05,Bet365,2.5,2.63,1.48,Bet365
2122,F1,2021-12-05,Nice,Strasbourg,0,3,H,0.5104712041884817,Bet365,-0.5,1.87,Bet365,2.5,1.9,1.92,Bet365
2122,I1,2021-12-06,Empoli,Udinese,3,1,H,0.3681590053382417,Bet365,0.0,1.9,Bet365,2.5,1.87,1.95,Bet365
2122,SP1,2021-12-10,Mallorca,Celta,0,0,H,0.37392305110212437,Bet365,0.0,1.73,Bet365,2.5,2.53,1.53,Bet365
2122,F1,2021-12-10,Nantes,Lens,3,2,A,0.3557453932323269,Bet365,-0.0,1.96,Bet365,2.5,2.17,1.7,Bet365
2122,E0,2021-12-11,Man City,Wolves,1,0,H,0.8333085082157675,Bet365,-2.0,1.73,Bet365,2.5,1.55,2.49,Bet365
2122,SP1,2021-12-11,Espanol,Levante,4,3,H,0.4655146354980099,Bet365,-0.5,2.07,Bet365,2.5,2.1,1.75,Bet365
2122,I1,2021-12-11,Fiorentina,Salernitana,4,0,H,0.7237796431177187,Bet365,-1.5,1.97,Bet365,2.5,1.67,2.23,Bet365
2122,D1,2021-12-11,Bayern Munich,Mainz,2,1,H,0.7807364951176219,Bet365,-2.0,2.01,Bet365,2.5,1.33,3.37,Bet365
2122,D1,2021-12-11,Bochum,Dortmund,1,1,A,0.6374978543486706,Bet365,-1.0,1.75,Bet365,2.5,1.46,2.72,Bet365
2122,D1,2021-12-11,Hertha,Bielefeld,2,0,H,0.46724616901156024,Bet365,-0.5,2.08,Bet365,2.5,2.09,1.76,Bet365
2122,E0,2021-12-11,Chelsea,Leeds,3,2,H,0.7536823629020314,Bet365,-1.5,1.75,Bet365,2.5,1.59,2.4,Bet365
2122,E0,2021-12-11,Liverpool,Aston Villa,1,0,H,0.7795751538823611,Bet365,-2.0,2.02,Bet365,2.5,1.4,2.97,Bet365
2122,D1,2021-12-11,Wolfsburg,Stuttgart,0,2,H,0.5178776190972584,Bet365,-0.5,1.87,Bet365,2.5,1.89,1.95,Bet365
2122,I1,2021-12-11,Udinese,Milan,1,1,A,0.5050763114360425,Bet365,-0.5,1.93,Bet365,2.5,1.92,1.9,Bet365
2122,SP1,2021-12-11,Ath Bilbao,Sevilla,0,1,H,0.3774410720822524,Bet365,0.0,1.68,Bet365,2.5,2.48,1.55,Bet365
2122,F1,2021-12-12,Angers,Clermont,0,1,H,0.4623367361568068,Bet365,-0.5,2.08,Bet365,2.5,2.09,1.75,Bet365
2122,F1,2021-12-12,Rennes,Nice,1,2,H,0.4961625657771584,Bet365,-0.5,1.95,Bet365,2.5,1.89,1.93,Bet365
2122,I1,2021-12-12,Verona,Atalanta,1,2,A,0.4985848476147505,Bet365,-0.5,1.96,Bet365,2.5,1.55,2.46,Bet365
2122,E0,2021-12-12,Burnley,West Ham,0,0,A,0.46925139896225043,Bet365,-0.5,2.06,Bet365,2.5,1.84,2.0,Bet365
2122,SP1,2021-12-12,Osasuna,Barcelona,2,2,A,0.4833500733987483,Bet365,-0.5,2.03,Bet365,2.5,2.01,1.83,Bet365
2122,F1,2021-12-12,Strasbourg,Marseille,0,2,H,0.3848477741516177,Bet365,0.0,1.81,Bet365,2.5,1.96,1.86,Bet365
2122,I1,2021-12-12,Napoli,Empoli,0,1,H,0.7039973486972926,Bet365,-1.5,2.03,Bet365,2.5,1.47,2.7,Bet365
2122,I1,2021-12-12,Sassuolo,Lazio,2,1,A,0.3731443171126342,Bet365,-0.0,1.93,Bet365,2.5,1.55,2.45,Bet365
2122,I1,2021-12-12,Inter,Cagliari,4,0,H,0.8101290551616114,Bet365,-2.0,1.89,Bet365,2.5,1.35,3.2,Bet365
2122,SP1,2021-12-13,Cadiz,Granada,1,1,H,0.37020533897418983,Bet365,0.0,1.81,Bet365,2.5,2.3,1.63,Bet365
2122,D1,2021-12-14,Mainz,Hertha,4,0,H,0.4932722003782262,Bet365,-0.5,1.97,Bet365,2.5,2.0,1.84,Bet365
2122,D1,2021-12-15,MGladbach,Ein Frankfurt,2,3,H,0.47422128279466996,Bet365,-0.5,2.03,Bet365,2.5,1.67,2.23,Bet365
2122,D1,2021-12-15,Dortmund,Greuther Furth,3,0,H,0.8572114615015207,Bet365,-2.5,1.9,Bet365,2.5,1.25,3.97,Bet365
2122,E0,2021-12-16,Liverpool,Newcastle,3,1,H,0.8547664296942821,Bet365,-2.5,2.0,Bet365,2.5,1.33,3.34,Bet365
2122,I1,2021-12-17,Lazio,Genoa,3,1,H,0.623939769804644,Bet365,-1.0,1.99,Bet365,2.5,1.85,1.98,Bet365
2122,D1,2021-12-17,Bayern Munich,Wolfsburg,4,0,H,0.7998731499695754,Bet365,-2.0,1.91,Bet365,2.5,1.3,3.51,Bet365
2122,SP1,2021-12-17,Celta,Espanol,3,1,H,0.48126243798525653,Bet365,-0.5,1.98,Bet365,2.5,2.14,1.73,Bet365
2122,D1,2021-12-18,Hoffenheim,MGladbach,1,1,H,0.46944651845712515,Bet365,-0.5,2.03,Bet365,2.5,1.51,2.57,Bet365
2122,I1,2021-12-18,Bologna,Juventus,0,2,A,0.506520807669648,Bet365,-0.5,1.94,Bet365,2.5,1.91,1.91,Bet365
2122,SP1,2021-12-18,Barcelona,Elche,3,2,H,0.7107415171614149,Bet365,-1.5,1.99,Bet365,2.5,1.66,2.25,Bet365
2122,E0,2021-12-18,Leeds,Arsenal,1,4,A,0.5009283263893385,Bet365,-0.5,1.91,Bet365,2.5,1.75,2.11,Bet365
2122,D1,2021-12-18,Hertha,Dortmund,3,2,A,0.598241259262553,Bet365,-1.0,2.05,Bet365,2.5,1.59,2.38,Bet365
2122,SP1,2021-12-18,Sevilla,Ath Madrid,2,1,H,0.3433600928523068,Bet365,0.0,1.92,Bet365,2.5,2.56,1.51,Bet365
2122,I1,2021-12-19,Fiorentina,Sassuolo,2,2,H,0.5068157775426931,Bet365,-0.5,1.9,Bet365,2.5,1.55,2.47,Bet365
2122,I1,2021-12-19,Spezia,Empoli,1,1,A,0.37766237822853016,Bet365,-0.0,1.94,Bet365,2.5,1.61,2.34,Bet365
2122,E0,2021-12-19,Newcastle,Man City,0,4,A,0.8160166937046052,Bet365,-2.0,1.84,Bet365,2.5,1.46,2.75,Bet365
2122,E0,2021-12-19,Wolves,Chelsea,0,0,A,0.6067440048480651,Bet365,-1.0,2.05,Bet365,2.5,2.13,1.74,Bet365
2122,D1,2021-12-19,Freiburg,Leverkusen,2,1,A,0.37859406859286,Bet365,-0.0,1.89,Bet365,2.5,1.68,2.22,Bet365
2122,D1,2021-12-19,FC Koln,Stuttgart,1,0,H,0.48554232493576505,Bet365,-0.5,1.98,Bet365,2.5,1.64,2.29,Bet365
2122,E0,2021-12-19,Tottenham,Liverpool,2,2,A,0.6023069052122414,Bet365,-1.0,2.05,Bet365,2.5,1.64,2.3,Bet365
2122,SP1,2021-12-20,Levante,Valencia,3,4,H,0.3552082540013389,Bet365,0.0,1.94,Bet365,2.5,2.06,1.78,Bet365
2122,SP1,2021-12-21,Sevilla,Barcelona,1,1,H,0.3768067226890757,Bet365,0.0,1.8,Bet365,2.5,2.21,1.68,Bet365
2122,I1,2021-12-22,Sassuolo,Bologna,0,3,H,0.47092920561337237,Bet365,-0.5,2.04,Bet365,2.5,1.6,2.35,Bet365
2122,I1,2021-12-22,Venezia,Lazio,1,3,A,0.5041683621481106,Bet365,-0.5,1.92,Bet365,2.5,1.81,2.02,Bet365
2122,I1,2021-12-22,Inter,Torino,1,0,H,0.7215834822738549,Bet365,-1.5,1.95,Bet365,2.5,1.62,2.34,Bet365
2122,I1,2021-12-22,Roma,Sampdoria,1,1,H,0.6087222509164029,Bet365,-1.0,1.97,Bet365,2.5,1.63,2.3,Bet365
2122,F1,2021-12-22,Lorient,Paris SG,1,1,A,0.6929584006393072,Bet365,-1.5,2.09,Bet365,2.5,1.54,2.47,Bet365
2122,F1,2021-12-22,Lyon,Metz,1,1,H,0.7063174193299429,Bet365,-1.5,1.97,Bet365,2.5,1.46,2.69,Bet365
2122,F1,2021-12-22,St Etienne,Nantes,0,1,H,0.3701181942413272,Bet365,0.0,1.89,Bet365,2.5,2.02,1.81,Bet365
2122,F1,2021-12-22,Troyes,Brest,1,1,H,0.3812968019032108,Bet365,0.0,1.84,Bet365,2.5,1.9,1.92,Bet365
2122,E0,2021-12-26,Man City,Leicester,6,3,H,0.8127976806792298,Bet365,-2.0,1.83,Bet365,2.5,1.39,3.01,Bet365
2122,E0,2021-12-26,West Ham,Southampton,2,3,H,0.51828890266584,Bet365,-0.5,1.84,Bet365,2.5,1.75,2.11,Bet365
2122,E0,2021-12-26,Brighton,Brentford,2,0,H,0.49137709137709146,Bet365,-0.5,1.95,Bet365,2.5,2.19,1.69,Bet365
2122,E0,2021-12-28,Southampton,Tottenham,1,1,A,0.469004891049986,Bet365,-0.5,2.06,Bet365,2.5,1.9,1.93,Bet365
2122,E0,2021-12-28,Leicester,Liverpool,1,0,A,0.7072495707659585,Bet365,-1.5,1.96,Bet365,2.5,1.32,3.41,Bet365
2122,E0,2021-12-29,Brentford,Man City,0,1,A,0.8237108418944735,Bet365,-2.0,1.82,Bet365,2.5,1.49,2.63,Bet365
2122,E0,2022-01-01,Arsenal,Man City,1,2,A,0.6289102178735049,Bet365,-1.0,1.9,Bet365,2.5,1.58,2.4,Bet365
2122,E0,2022-01-02,Everton,Brighton,2,3,A,0.3522147737113898,Bet365,-0.0,1.95,Bet365,2.5,2.23,1.67,Bet365
2122,E0,2022-01-02,Leeds,Burnley,3,1,H,0.4706343387353678,Bet365,-0.5,2.01,Bet365,2.5,1.87,1.96,Bet365
2122,E0,2022-01-03,Man United,Wolves,0,1,H,0.6132412271790555,Bet365,-1.0,2.02,Bet365,2.5,1.95,1.88,Bet365
2122,SP1,2022-01-03,Osasuna,Ath Bilbao,1,3,A,0.3741701870850936,Bet365,-0.0,1.7,Bet365,2.5,2.59,1.5,Bet365
2122,SP1,2022-01-03,Cadiz,Sevilla,0,1,A,0.5215777129998006,Bet365,-0.5,1.86,Bet365,2.5,2.44,1.56,Bet365
2122,I1,2022-01-06,Sampdoria,Cagliari,1,2,H,0.5185146223437829,Bet365,-0.5,1.84,Bet365,2.5,1.8,2.04,Bet365
2122,I1,2022-01-06,Lazio,Empoli,3,3,H,0.5930929198672458,Bet365,-1.0,2.05,Bet365,2.5,1.51,2.57,Bet365
2122,I1,2022-01-06,Sassuolo,Genoa,1,1,H,0.5931959444331908,Bet365,-1.0,2.05,Bet365,2.5,1.64,2.26,Bet365
2122,I1,2022-01-06,Milan,Roma,3,1,H,0.48234560597418885,Bet365,-0.5,2.0,Bet365,2.5,1.73,2.13,Bet365
2122,I1,2022-01-06,Juventus,Napoli,1,1,H,0.48738461538461536,Bet365,-0.5,1.98,Bet365,2.5,2.01,1.82,Bet365
2122,D1,2022-01-07,Bayern Munich,MGladbach,1,2,H,0.7059598712561992,Bet365,-1.5,1.93,Bet365,2.5,1.28,3.66,Bet365
2122,F1,2022-01-07,Bordeaux,Marseille,0,1,A,0.6071275614831536,Bet365,-1.0,2.05,Bet365,2.5,1.56,2.42,Bet365
2122,D1,2022-01-08,Greuther Furth,Stuttgart,0,0,A,0.4755376911761022,Bet365,-0.5,2.06,Bet365,2.5,1.84,1.98,Bet365
2122,D1,2022-01-08,Hoffenheim,Augsburg,3,1,H,0.6087195369336723,Bet365,-1.0,1.99,Bet365,2.5,1.61,2.34,Bet365
2122,D1,2022-01-08,Leverkusen,Union Berlin,2,2,H,0.5191679672642858,Bet365,-0.5,1.86,Bet365,2.5,1.76,2.07,Bet365
2122,SP1,2022-01-08,Sociedad,Celta,1,0,H,0.508039481015681,Bet365,-0.5,1.9,Bet365,2.5,2.18,1.69,Bet365
2122,SP1,2022-01-08,Granada,Barcelona,1,1,A,0.5387845517913661,Bet365,-0.5,1.73,Bet365,2.5,1.82,2.01,Bet365
2122,D1,2022-01-08,Ein Frankfurt,Dortmund,2,3,A,0.48693462974216517,Bet365,-0.5,1.99,Bet365,2.5,1.47,2.67,Bet365
2122,F1,2022-01-08,Lens,Rennes,1,0,A,0.3793931334334027,Bet365,-0.0,1.87,Bet365,2.5,1.86,1.95,Bet365
2122,SP1,2022-01-08,Real Madrid,Valencia,4,1,H,0.7044762216459807,Bet365,-1.5,2.05,Bet365,2.5,1.56,2.41,Bet365
2122,I1,2022-01-09,Empoli,Sassuolo,1,5,H,0.3772145754602503,Bet365,0.0,1.93,Bet365,2.5,1.45,2.73,Bet365
2122,I1,2022-01-09,Venezia,Milan,0,3,A,0.604734907295183,Bet365,-1.0,2.04,Bet365,2.5,1.82,2.01,Bet365
2122,SP1,2022-01-09,Vallecano,Betis,1,1,H,0.37859181731684105,Bet365,0.0,1.85,Bet365,2.5,1.87,1.95,Bet365
2122,D1,2022-01-09,Hertha,FC Koln,1,3,A,0.37871592743850313,Bet365,-0.0,1.87,Bet365,2.5,1.76,2.07,Bet365
2122,SP1,2022-01-09,Sevilla,Getafe,1,0,H,0.6020752488611438,Bet365,-1.0,2.05,Bet365,2.5,2.57,1.51,Bet365
2122,SP1,2022-01-09,Alaves,Ath Bilbao,0,0,A,0.46886601080680923,Bet365,-0.5,2.05,Bet365,2.5,2.3,1.62,Bet365
2122,F1,2022-01-09,Lyon,Paris SG,1,1,A,0.5059553189389013,Bet365,-0.5,1.88,Bet365,2.5,1.48,2.64,Bet365
2122,SP1,2022-01-09,Villarreal,Ath Madrid,2,2,A,0.3636119624221301,Bet365,-0.0,1.9,Bet365,2.5,2.13,1.72,Bet365
2122,SP1,2022-01-10,Espanol,Elche,1,2,H,0.5100102101169373,Bet365,-0.5,1.89,Bet365,2.5,2.23,1.65,Bet365
2122,I1,2022-01-11,Cagliari,Bologna,2,1,A,0.3728368957814997,Bet365,-0.0,1.85,Bet365,2.5,1.97,1.85,Bet365
2122,E0,2022-01-12,West Ham,Norwich,2,0,H,0.7327345319690717,Bet365,-1.5,1.93,Bet365,2.5,1.66,2.24,Bet365
2122,D1,2022-01-15,FC Koln,Bayern Munich,0,4,A,0.7095754110535268,Bet365,-1.5,1.89,Bet365,2.5,1.29,3.59,Bet365
2122,D1,2022-01-15,Stuttgart,RB Leipzig,0,2,A,0.6042376709235001,Bet365,-1.0,1.99,Bet365,2.5,1.59,2.38,Bet365
2122,D1,2022-01-15,Union Berlin,Hoffenheim,2,1,A,0.3903726525245786,Bet365,-0.0,1.75,Bet365,2.5,1.73,2.13,Bet365
2122,D1,2022-01-15,Wolfsburg,Hertha,0,0,H,0.4824370531551135,Bet365,-0.5,1.99,Bet365,2.5,1.96,1.87,Bet365
2122,E0,2022-01-15,Newcastle,Watford,1,1,H,0.46525856950458344,Bet365,-0.5,2.05,Bet365,2.5,1.79,2.05,Bet365
2122,E0,2022-01-15,Norwich,Everton,2,1,A,0.46790000071900556,Bet365,-0.5,2.05,Bet365,2.5,2.07,1.77,Bet365
2122,F1,2022-01-15,St Etienne,Lens,1,2,A,0.47596049881063934,Bet365,-0.5,2.01,Bet365,2.5,1.9,1.92,Bet365
2122,D1,2022-01-15,MGladbach,Leverkusen,1,2,A,0.38545338770124243,Bet365,-0.0,1.87,Bet365,2.5,1.47,2.68,Bet365
2122,F1,2022-01-15,Paris SG,Brest,2,0,H,0.7782426899651509,Bet365,-2.0,2.04,Bet365,2.5,1.37,3.07,Bet365
2122,F1,2022-01-16,Monaco,Clermont,4,0,H,0.6474548397872395,Bet365,-1.0,1.75,Bet365,2.5,1.73,2.11,Bet365
2122,F1,2022-01-16,Strasbourg,Montpellier,3,1,H,0.4624320007066774,Bet365,-0.5,2.06,Bet365,2.5,1.81,2.01,Bet365
2122,I1,2022-01-16,Venezia,Empoli,1,1,A,0.3820524490340401,Bet365,-0.0,1.86,Bet365,2.5,1.69,2.17,Bet365
2122,E0,2022-01-16,Liverpool,Brentford,3,0,H,0.7401630349584575,Bet365,-1.5,1.9,Bet365,2.5,1.65,2.26,Bet365
2122,E0,2022-01-16,West Ham,Leeds,2,3,H,0.5802990924263686,Bet365,-1.0,2.08,Bet365,2.5,1.62,2.31,Bet365
2122,D1,2022-01-16,Bielefeld,Greuther Furth,2,2,H,0.48256624825662475,Bet365,-0.5,2.02,Bet365,2.5,2.02,1.81,Bet365
2122,I1,2022-01-17,Bologna,Napoli,0,2,A,0.4819759301947363,Bet365,-0.5,1.99,Bet365,2.5,1.96,1.86,Bet365
2122,I1,2022-01-17,Milan,Spezia,1,2,H,0.7224520878284045,Bet365,-1.5,1.97,Bet365,2.5,1.58,2.38,Bet365
2122,SP1,2022-01-18,Betis,Alaves,4,0,H,0.6415776767841648,Bet365,-1.0,1.81,Bet365,2.5,1.81,2.02,Bet365
2122,SP1,2022-01-19,Celta,Osasuna,2,0,H,0.5053130380054546,Bet365,-0.5,1.9,Bet365,2.5,2.22,1.67,Bet365
2122,F1,2022-01-19,Lille,Lorient,3,1,H,0.630009998735792,Bet365,-1.0,1.9,Bet365,2.5,1.83,1.98,Bet365
2122,E0,2022-01-19,Brentford,Man United,1,3,A,0.5239683507336207,Bet365,-0.5,1.77,Bet365,2.5,1.89,1.94,Bet365
2122,I1,2022-01-21,Verona,Bologna,2,1,H,0.4851041076711471,Bet365,-0.5,1.99,Bet365,2.5,1.77,2.07,Bet365
2122,F1,2022-01-21,Lyon,St Etienne,1,0,H,0.6906238903857803,Bet365,-1.5,2.06,Bet365,2.5,1.55,2.45,Bet365
2122,E0,2022-01-21,Watford,Norwich,0,3,H,0.46332415938733995,Bet365,-0.5,2.08,Bet365,2.5,1.9,1.93,Bet365
2122,E0,2022-01-22,Everton,Aston Villa,0,1,A,0.36025866153803265,Bet365,-0.0,1.91,Bet365,2.5,2.02,1.82,Bet365
2122,D1,2022-01-22,Freiburg,Stuttgart,2,0,H,0.48535869618506666,Bet365,-0.5,1.96,Bet365,2.5,1.98,1.84,Bet365
2122,E0,2022-01-22,Brentford,Wolves,1,2,A,0.37667715157013754,Bet365,-0.0,1.78,Bet365,2.5,2.51,1.54,Bet365
2122,E0,2022-01-22,Leeds,Newcastle,0,1,H,0.4775454342913524,Bet365,-0.5,2.02,Bet365,2.5,1.66,2.24,Bet365
2122,E0,2022-01-22,Man United,West Ham,1,0,H,0.5012783550019039,Bet365,-0.5,1.93,Bet365,2.5,1.69,2.2,Bet365
2122,I1,2022-01-22,Inter,Venezia,2,1,H,0.8671627207713323,Bet365,-2.5,1.95,Bet365,2.5,1.35,3.19,Bet365
2122,F1,2022-01-22,Lens,Marseille,0,2,H,0.37371585720133377,Bet365,0.0,1.88,Bet365,2.5,1.89,1.92,Bet365
2122,SP1,2022-01-22,Ath Madrid,Valencia,3,2,H,0.6492400698199157,Bet365,-1.0,1.83,Bet365,2.5,1.95,1.86,Bet365
2122,I1,2022-01-23,Cagliari,Fiorentina,1,1,A,0.5886285461662049,Bet365,-1.0,2.08,Bet365,2.5,1.76,2.08,Bet365
2122,F1,2022-01-23,Angers,Troyes,2,1,H,0.46083190039831967,Bet365,-0.5,2.07,Bet365,2.5,2.31,1.61,Bet365
2122,F1,2022-01-23,Bordeaux,Strasbourg,4,3,A,0.49146500020970507,Bet365,-0.5,1.97,Bet365,2.5,1.68,2.18,Bet365
2122,F1,2022-01-23,Clermont,Rennes,2,1,A,0.5095916915827049,Bet365,-0.5,1.87,Bet365,2.5,1.84,1.98,Bet365
2122,I1,2022-01-23,Spezia,Sampdoria,1,0,A,0.35888913925191535,Bet365,-0.0,1.91,Bet365,2.5,1.86,1.95,Bet365
2122,E0,2022-01-23,Crystal Palace,Liverpool,1,3,A,0.6056793502140427,Bet365,-1.0,2.02,Bet365,2.5,1.71,2.15,Bet365
2122,E0,2022-01-23,Leicester,Brighton,1,1,H,0.3748981902699696,Bet365,0.0,1.91,Bet365,2.5,1.95,1.88,Bet365
2122,D1,2022-01-23,RB Leipzig,Wolfsburg,2,0,H,0.6252355009072433,Bet365,-1.0,1.88,Bet365,2.5,1.7,2.16,Bet365
2122,SP1,2022-01-23,Real Madrid,Elche,2,2,H,0.8248096670644189,Bet365,-2.0,1.85,Bet365,2.5,1.48,2.65,Bet365
2122,F1,2022-01-23,Montpellier,Monaco,3,2,A,0.46541856736412673,Bet365,-0.5,2.03,Bet365,2.5,1.85,1.97,Bet365
2122,D1,2022-01-23,Hertha,Bayern Munich,1,4,A,0.7758209275969938,Bet365,-2.0,1.99,Bet365,2.5,1.36,3.14,Bet365
2122,SP1,2022-01-23,Vallecano,Ath Bilbao,0,1,H,0.3356698073224008,Bet365,0.0,1.95,Bet365,2.5,2.49,1.54,Bet365
2122,F1,2022-01-23,Paris SG,Reims,4,0,H,0.7900951768574892,Bet365,-2.0,2.05,Bet365,2.5,1.54,2.48,Bet365
2122,I1,2022-01-23,Milan,Juventus,0,0,H,0.3556938690718697,Bet365,0.0,1.93,Bet365,2.5,1.93,1.89,Bet365
2122,SP1,2022-01-23,Alaves,Barcelona,0,1,A,0.6117553817931327,Bet365,-1.0,2.01,Bet365,2.5,1.75,2.09,Bet365
2122,F1,2022-02-01,Lyon,Marseille,2,1,A,0.3682508195611215,Bet365,-0.0,1.89,Bet365,2.5,2.05,1.79,Bet365
2122,F1,2022-02-04,Marseille,Angers,5,2,H,0.6337590355679982,Bet365,-1.0,1.9,Bet365,2.5,2.01,1.82,Bet365
2122,SP1,2022-02-04,Getafe,Levante,3,0,H,0.47540972298863265,Bet365,-0.5,2.06,Bet365,2.5,2.59,1.51,Bet365
2122,I1,2022-02-05,Roma,Genoa,0,0,H,0.7154587189390074,Bet365,-1.5,2.0,Bet365,2.5,1.63,2.3,Bet365
2122,D1,2022-02-05,Augsburg,Union Berlin,2,0,A,0.3657662098133367,Bet365,-0.0,1.92,Bet365,2.5,2.02,1.81,Bet365
2122,D1,2022-02-05,Mainz,Hoffenheim,2,0,H,0.36115343577871484,Bet365,0.0,1.94,Bet365,2.5,1.71,2.16,Bet365
2122,D1,2022-02-05,Stuttgart,Ein Frankfurt,2,3,A,0.3715400159781944,Bet365,-0.0,1.92,Bet365,2.5,1.78,2.06,Bet365
2122,F1,2022-02-05,St Etienne,Montpellier,3,1,A,0.3560617323138367,Bet365,-0.0,1.94,Bet365,2.5,1.94,1.87,Bet365
2122,SP1,2022-02-05,Celta,Vallecano,2,0,H,0.485468185607113,Bet365,-0.5,1.99,Bet365,2.5,2.16,1.71,Bet365
2122,D1,2022-02-05,Bayern Munich,RB Leipzig,3,2,H,0.6800248785489754,Bet365,-1.5,2.02,Bet365,2.5,1.37,3.1,Bet365
2122,F1,2022-02-05,Monaco,Lyon,2,0,H,0.47973670900503645,Bet365,-0.5,2.0,Bet365,2.5,1.74,2.11,Bet365
2122,SP1,2022-02-06,Valencia,Sociedad,0,0,A,0.3725041125135922,Bet365,-0.0,1.84,Bet365,2.5,2.07,1.77,Bet365
2122,F1,2022-02-06,Nice,Clermont,0,1,H,0.6039848852682153,Bet365,-1.0,1.99,Bet365,2.5,1.82,2.0,Bet365
2122,F1,2022-02-06,Troyes,Metz,0,0,H,0.47444185846047754,Bet365,-0.5,2.02,Bet365,2.5,2.11,1.74,Bet365
2122,I1,2022-02-06,Bologna,Empoli,0,0,H,0.47550014496955645,Bet365,-0.5,2.02,Bet365,2.5,1.61,2.32,Bet365
2122,D1,2022-02-06,Dortmund,Leverkusen,2,5,H,0.49685631038184325,Bet365,-0.5,1.91,Bet365,2.5,1.38,3.06,Bet365
2122,F1,2022-02-06,Rennes,Brest,2,0,H,0.6395509686443848,Bet365,-1.0,1.82,Bet365,2.5,1.74,2.11,Bet365
2122,D1,2022-02-06,Wolfsburg,Greuther Furth,4,1,H,0.6038448783527118,Bet365,-1.0,2.04,Bet365,2.5,1.89,1.94,Bet365
2122,F1,2022-02-06,Lille,Paris SG,1,5,A,0.5072275546716992,Bet365,-0.5,1.89,Bet365,2.5,1.78,2.05,Bet365
2122,I1,2022-02-06,Juventus,Verona,2,0,H,0.6180745221608135,Bet365,-1.0,1.96,Bet365,2.5,1.76,2.08,Bet365
2122,E0,2022-02-08,Newcastle,Everton,3,1,H,0.3815975162291843,Bet365,0.0,1.8,Bet365,2.5,1.89,1.94,Bet365
2122,E0,2022-02-08,West Ham,Watford,1,0,H,0.6221689744948505,Bet365,-1.0,1.93,Bet365,2.5,1.77,2.08,Bet365
2122,E0,2022-02-08,Burnley,Man United,1,1,A,0.5980111233694266,Bet365,-1.0,2.06,Bet365,2.5,1.83,2.0,Bet365
2122,E0,2022-02-09,Man City,Brentford,2,0,H,0.8631725887483089,Bet365,-2.5,1.98,Bet365,2.5,1.36,3.15,Bet365
2122,E0,2022-02-09,Tottenham,Southampton,2,3,H,0.5956355463723197,Bet365,-1.0,2.07,Bet365,2.5,1.77,2.07,Bet365
2122,F1,2022-02-11,Paris SG,Rennes,1,0,H,0.6225864847874688,Bet365,-1.0,1.91,Bet365,2.5,1.62,2.27,Bet365
2122,SP1,2022-02-11,Sevilla,Elche,2,0,H,0.6612143309791243,Bet365,-1.0,1.77,Bet365,2.5,2.17,1.71,Bet365
2122,E0,2022-02-12,Man United,Southampton,1,1,H,0.5959413384792632,Bet365,-1.0,2.06,Bet365,2.5,1.69,2.2,Bet365
2122,SP1,2022-02-12,Cadiz,Celta,0,0,A,0.4652144168797033,Bet365,-0.5,2.05,Bet365,2.5,2.19,1.69,Bet365
2122,D1,2022-02-12,Bochum,Bayern Munich,4,2,A,0.787390820275962,Bet365,-2.0,1.95,Bet365,2.5,1.27,3.75,Bet365
2122,E0,2022-02-12,Brentford,Crystal Palace,0,0,H,0.3607763480931169,Bet365,0.0,1.85,Bet365,2.5,2.33,1.62,Bet365
2122,SP1,2022-02-12,Villarreal,Real Madrid,0,0,H,0.37306010393175804,Bet365,0.0,1.88,Bet365,2.5,1.8,2.04,Bet365
2122,I1,2022-02-12,Napoli,Inter,1,1,A,0.37376455409526893,Bet365,-0.0,1.91,Bet365,2.5,1.85,1.98,Bet365
2122,I1,2022-02-12,Torino,Venezia,1,2,H,0.6381570475675398,Bet365,-1.0,1.88,Bet365,2.5,1.88,1.94,Bet365
2122,F1,2022-02-12,Lyon,Nice,2,0,H,0.4901676433369705,Bet365,-0.5,1.96,Bet365,2.5,1.75,2.1,Bet365
2122,SP1,2022-02-13,Alaves,Valencia,2,1,A,0.3735159088187153,Bet365,-0.0,1.88,Bet365,2.5,2.17,1.7,Bet365
2122,F1,2022-02-13,Brest,Troyes,5,1,H,0.48876429990260184,Bet365,-0.5,1.98,Bet365,2.5,2.06,1.77,Bet365
2122,I1,2022-02-13,Empoli,Cagliari,1,1,H,0.4783022790514199,Bet365,-0.5,2.02,Bet365,2.5,1.61,2.32,Bet365
2122,I1,2022-02-13,Genoa,Salernitana,1,1,H,0.5152068126520681,Bet365,-0.5,1.88,Bet365,2.5,2.01,1.82,Bet365
2122,I1,2022-02-13,Verona,Udinese,4,0,H,0.5089475310795857,Bet365,-0.5,1.89,Bet365,2.5,1.93,1.89,Bet365
2122,E0,2022-02-13,Newcastle,Aston Villa,1,0,A,0.36877285912473196,Bet365,-0.0,1.93,Bet365,2.5,1.82,2.02,Bet365
2122,D1,2022-02-13,Union Berlin,Dortmund,0,3,A,0.5091383812010444,Bet365,-0.5,1.91,Bet365,2.5,1.63,2.29,Bet365
2122,D1,2022-02-13,Hoffenheim,Bielefeld,2,0,H,0.6280506756600036,Bet365,-1.0,1.88,Bet365,2.5,1.67,2.22,Bet365
2122,I1,2022-02-13,Sassuolo,Roma,2,2,A,0.4620891459184825,Bet365,-0.5,2.09,Bet365,2.5,1.58,2.39,Bet365
2122,I1,2022-02-14,Spezia,Fiorentina,1,2,A,0.48637533947025,Bet365,-0.5,2.01,Bet365,2.5,1.74,2.11,Bet365
2122,SP1,2022-02-16,Ath Madrid,Levante,0,1,H,0.7195252223879008,Bet365,-1.5,2.01,Bet365,2.5,1.75,2.1,Bet365
2122,F1,2022-02-18,Lille,Metz,0,0,H,0.6173903728201633,Bet365,-1.0,1.98,Bet365,2.5,1.99,1.84,Bet365
2122,SP1,2022-02-18,Elche,Vallecano,2,1,A,0.3585959313921021,Bet365,-0.0,1.8,Bet365,2.5,2.67,1.48,Bet365
2122,SP1,2022-02-19,Granada,Villarreal,1,4,A,0.4897167462271808,Bet365,-0.5,1.98,Bet365,2.5,1.94,1.88,Bet365
2122,D1,2022-02-19,Wolfsburg,Hoffenheim,1,2,A,0.3737370971716453,Bet365,-0.0,1.86,Bet365,2.5,1.73,2.13,Bet365
2122,E0,2022-02-19,Liverpool,Norwich,3,1,H,0.8610224188635478,Bet365,-2.5,1.98,Bet365,2.5,1.34,3.25,Bet365
2122,E0,2022-02-19,Southampton,Everton,2,0,H,0.461835048557762,Bet365,-0.5,2.06,Bet365,2.5,1.8,2.04,Bet365
2122,I1,2022-02-19,Roma,Verona,2,2,H,0.4814217959341996,Bet365,-0.5,2.01,Bet365,2.5,1.73,2.12,Bet365
2122,E0,2022-02-19,Man City,Tottenham,2,3,H,0.7469569780259124,Bet365,-1.5,1.8,Bet365,2.5,1.6,2.36,Bet365
2122,SP1,2022-02-19,Cadiz,Getafe,1,1,A,0.3740756399722393,Bet365,-0.0,1.7,Bet365,2.5,2.86,1.42,Bet365
2122,I1,2022-02-19,Salernitana,Milan,2,2,A,0.7049996369349897,Bet365,-1.5,2.08,Bet365,2.5,1.64,2.28,Bet365
2122,SP1,2022-02-19,Real Madrid,Alaves,3,0,H,0.7860179471328309,Bet365,-2.0,2.08,Bet365,2.5,1.53,2.51,Bet365
2122,I1,2022-02-20,Fiorentina,Atalanta,1,0,H,0.3712767213889217,Bet365,0.0,1.9,Bet365,2.5,1.71,2.15,Bet365
2122,I1,2022-02-20,Venezia,Genoa,1,1,H,0.3737859041173513,Bet365,0.0,1.81,Bet365,2.5,2.07,1.77,Bet365
2122,E0,2022-02-20,Leeds,Man United,2,4,A,0.5055199024638595,Bet365,-0.5,1.91,Bet365,2.5,1.63,2.3,Bet365
2122,D1,2022-02-20,Bayern Munich,Greuther Furth,4,1,H,0.8954072689552104,Bet365,-3.0,1.86,Bet365,2.5,1.15,5.44,Bet365
2122,SP1,2022-02-20,Valencia,Barcelona,1,4,A,0.4788232040673063,Bet365,-0.5,2.01,Bet365,2.5,1.78,2.06,Bet365
2122,D1,2022-02-20,Dortmund,MGladbach,6,0,H,0.5893633746589363,Bet365,-1.0,1.96,Bet365,2.5,1.41,2.88,Bet365
2122,SP1,2022-02-20,Betis,Mallorca,2,1,H,0.6067402426329473,Bet365,-1.0,2.03,Bet365,2.5,1.77,2.07,Bet365
2122,D1,2022-02-20,Hertha,RB Leipzig,1,6,A,0.6198329633153611,Bet365,-1.0,1.93,Bet365,2.5,1.68,2.21,Bet365
2122,I1,2022-02-21,Cagliari,Napoli,1,1,A,0.6249023458119549,Bet365,-1.0,1.89,Bet365,2.5,1.67,2.22,Bet365
2122,I1,2022-02-25,Milan,Udinese,1,1,H,0.640723448050807,Bet365,-1.0,1.82,Bet365,2.5,1.9,1.93,Bet365
2122,D1,2022-02-25,Hoffenheim,Stuttgart,2,1,H,0.6275346851654214,Bet365,-1.0,1.86,Bet365,2.5,1.54,2.49,Bet365
2122,I1,2022-02-25,Genoa,Inter,0,0,A,0.7213322436202525,Bet365,-1.5,1.98,Bet365,2.5,1.61,2.35,Bet365
2122,SP1,2022-02-25,Levante,Elche,3,0,H,0.46211281992259984,Bet365,-0.5,2.07,Bet365,2.5,2.17,1.71,Bet365
2122,E0,2022-02-25,Southampton,Norwich,2,0,H,0.6250034490687515,Bet365,-1.0,1.92,Bet365,2.5,1.75,2.11,Bet365
2122,E0,2022-02-26,Leeds,Tottenham,0,4,A,0.5178032589016295,Bet365,-0.5,1.84,Bet365,2.5,1.63,2.32,Bet365
2122,D1,2022-02-26,Freiburg,Hertha,3,0,H,0.611144794947261,Bet365,-1.0,1.96,Bet365,2.5,1.76,2.1,Bet365
2122,D1,2022-02-26,Greuther Furth,FC Koln,1,1,A,0.46884349456747354,Bet365,-0.5,2.07,Bet365,2.5,1.7,2.18,Bet365
2122,D1,2022-02-26,Leverkusen,Bielefeld,3,0,H,0.7025375407504374,Bet365,-1.5,2.03,Bet365,2.5,1.54,2.5,Bet365
2122,D1,2022-02-26,Union Berlin,Mainz,3,1,H,0.3606584821428571,Bet365,0.0,1.88,Bet365,2.5,2.18,1.7,Bet365
2122,E0,2022-02-26,Brentford,Newcastle,0,2,H,0.381112077829629,Bet365,0.0,1.78,Bet365,2.5,2.28,1.65,Bet365
2122,E0,2022-02-26,Crystal Palace,Burnley,1,1,H,0.4887130603823133,Bet365,-0.5,1.97,Bet365,2.5,2.28,1.65,Bet365
2122,E0,2022-02-26,Man United,Watford,0,0,H,0.7170753330378181,Bet365,-1.5,1.99,Bet365,2.5,1.64,2.28,Bet365
2122,SP1,2022-02-26,Getafe,Alaves,2,2,H,0.4909967131120627,Bet365,-0.5,1.96,Bet365,2.5,2.89,1.42,Bet365
2122,I1,2022-02-26,Sassuolo,Fiorentina,2,1,A,0.3796023333124255,Bet365,-0.0,1.91,Bet365,2.5,1.61,2.34,Bet365
2122,SP1,2022-02-27,Villarreal,Espanol,5,1,H,0.6433905607553765,Bet365,-1.0,1.85,Bet365,2.5,1.78,2.06,Bet365
2122,F1,2022-02-27,Angers,Lens,1,2,A,0.373368480934563,Bet365,-0.0,1.82,Bet365,2.5,2.1,1.74,Bet365
2122,F1,2022-02-27,Brest,Lorient,0,1,H,0.4596079921656898,Bet365,-0.5,2.07,Bet365,2.5,2.04,1.79,Bet365
2122,F1,2022-02-27,Clermont,Bordeaux,1,1,H,0.4922454484153742,Bet365,-0.5,1.96,Bet365,2.5,1.85,1.97,Bet365
2122,I1,2022-02-27,Verona,Venezia,3,1,H,0.6189764924298649,Bet365,-1.0,1.95,Bet365,2.5,1.67,2.23,Bet365
2122,E0,2022-02-27,West Ham,Wolves,1,0,H,0.45586102380289284,Bet365,-0.5,2.1,Bet365,2.5,2.29,1.64,Bet365
2122,D1,2022-02-27,Augsburg,Dortmund,1,1,A,0.5933952042210392,Bet365,-1.0,2.03,Bet365,2.5,1.51,2.59,Bet365
2122,SP1,2022-02-27,Sociedad,Osasuna,1,0,H,0.5074718526100307,Bet365,-0.5,1.88,Bet365,2.5,2.26,1.65,Bet365
2122,SP1,2022-02-27,Barcelona,Ath Bilbao,4,0,H,0.6035763754570299,Bet365,-1.0,2.06,Bet365,2.5,1.88,1.94,Bet365
2122,SP1,2022-02-28,Granada,Cadiz,0,0,H,0.4759347505386159,Bet365,-0.5,2.04,Bet365,2.5,2.25,1.65,Bet365
2122,E0,2022-03-01,Burnley,Leicester,0,2,A,0.382902063544055,Bet365,-0.0,1.79,Bet365,2.5,1.98,1.86,Bet365
2122,D1,2022-03-04,Bielefeld,Augsburg,0,1,H,0.37413965550640244,Bet365,0.0,1.83,Bet365,2.5,2.11,1.75,Bet365
2122,SP1,2022-03-04,Alaves,Sevilla,0,0,A,0.4782782202363696,Bet365,-0.5,2.0,Bet365,2.5,2.62,1.49,Bet365
2122,I1,2022-03-05,Udinese,Sampdoria,2,1,H,0.5044898013562664,Bet365,-0.5,1.9,Bet365,2.5,1.99,1.84,Bet365
2122,D1,2022-03-05,Bayern Munich,Leverkusen,1,1,H,0.6849532312300847,Bet365,-1.5,1.98,Bet365,2.5,1.26,3.89,Bet365
2122,D1,2022-03-05,RB Leipzig,Freiburg,1,1,H,0.5907277047930771,Bet365,-1.0,2.0,Bet365,2.5,1.66,2.25,Bet365
2122,E0,2022-03-05,Burnley,Chelsea,0,4,A,0.639771243861503,Bet365,-1.0,1.88,Bet365,2.5,2.07,1.77,Bet365
2122,E0,2022-03-05,Newcastle,Brighton,2,1,A,0.3511107932307374,Bet365,-0.0,1.94,Bet365,2.5,2.26,1.66,Bet365
2122,E0,2022-03-05,Norwich,Brentford,1,3,A,0.36944637709969186,Bet365,-0.0,1.85,Bet365,2.5,2.28,1.64,Bet365
2122,I1,2022-03-05,Roma,Atalanta,1,0,H,0.3682887187420447,Bet365,0.0,1.9,Bet365,2.5,1.75,2.1,Bet365
2122,E0,2022-03-05,Liverpool,West Ham,1,0,H,0.7393735734212528,Bet365,-1.5,1.86,Bet365,2.5,1.5,2.61,Bet365
2122,F1,2022-03-05,Nice,Paris SG,1,0,A,0.5207069572380738,Bet365,-0.5,1.84,Bet365,2.5,1.68,2.19,Bet365
2122,SP1,2022-03-05,Real Madrid,Sociedad,4,1,H,0.5913154196472913,Bet365,-1.0,2.08,Bet365,2.5,1.79,2.05,Bet365
2122,I1,2022-03-06,Genoa,Empoli,0,0,H,0.38044506083338586,Bet365,0.0,1.81,Bet365,2.5,1.81,2.01,Bet365
2122,F1,2022-03-06,St Etienne,Metz,1,0,H,0.48987397971380764,Bet365,-0.5,1.92,Bet365,2.5,2.14,1.72,Bet365
2122,SP1,2022-03-06,Cadiz,Vallecano,2,0,A,0.3432092196437425,Bet365,-0.0,1.94,Bet365,2.5,2.47,1.54,Bet365
2122,I1,2022-03-06,Bologna,Torino,0,0,A,0.35758933930929604,Bet365,-0.0,1.89,Bet365,2.5,2.04,1.8,Bet365
2122,I1,2022-03-06,Fiorentina,Verona,1,1,H,0.4786938266000908,Bet365,-0.5,2.01,Bet365,2.5,1.73,2.14,Bet365
2122,E0,2022-03-06,Watford,Arsenal,2,3,A,0.6044194998677677,Bet365,-1.0,2.04,Bet365,2.5,2.02,1.82,Bet365
2122,D1,2022-03-06,FC Koln,Hoffenheim,0,1,A,0.3728608755011888,Bet365,-0.0,1.94,Bet365,2.5,1.53,2.53,Bet365
2122,SP1,2022-03-07,Ath Bilbao,Levante,3,1,H,0.6119270355252622,Bet365,-1.0,2.03,Bet365,2.5,1.91,1.91,Bet365
2122,E0,2022-03-07,Tottenham,Everton,5,0,H,0.5963676330156213,Bet365,-1.0,2.06,Bet365,2.5,1.78,2.06,Bet365
2122,E0,2022-03-10,Norwich,Chelsea,1,3,A,0.7467297388618043,Bet365,-1.5,1.91,Bet365,2.5,1.72,2.15,Bet365
2122,E0,2022-03-10,Southampton,Newcastle,1,2,H,0.48085613199285393,Bet365,-0.5,2.01,Bet365,2.5,1.79,2.04,Bet365
2122,E0,2022-03-10,Leeds,Aston Villa,0,3,A,0.3785950791324509,Bet365,-0.0,1.87,Bet365,2.5,1.69,2.19,Bet365
2122,E0,2022-03-12,Brighton,Liverpool,0,2,A,0.6293044135779341,Bet365,-1.0,1.88,Bet365,2.5,1.69,2.21,Bet365
2122,I1,2022-03-12,Spezia,Cagliari,2,0,A,0.3535119038088986,Bet365,-0.0,1.93,Bet365,2.5,2.02,1.81,Bet365
2122,D1,2022-03-12,Hoffenheim,Bayern Munich,1,1,A,0.6083630131281031,Bet365,-1.0,1.86,Bet365,2.5,1.28,3.67,Bet365
2122,D1,2022-03-12,MGladbach,Hertha,2,0,H,0.6047427981685612,Bet365,-1.0,1.97,Bet365,2.5,1.5,2.58,Bet365
2122,I1,2022-03-12,Milan,Empoli,1,0,H,0.7023449942336207,Bet365,-1.5,2.05,Bet365,2.5,1.56,2.43,Bet365
2122,F1,2022-03-12,Troyes,Nantes,1,0,A,0.38092216328827483,Bet365,-0.0,1.75,Bet365,2.5,2.35,1.6,Bet365
2122,F1,2022-03-13,Metz,Lens,0,0,A,0.4716556569303456,Bet365,-0.5,2.04,Bet365,2.5,2.18,1.68,Bet365
2122,F1,2022-03-13,Strasbourg,Monaco,1,0,H,0.3759739010548591,Bet365,0.0,1.79,Bet365,2.5,2.06,1.77,Bet365
2122,E0,2022-03-13,Chelsea,Newcastle,1,0,H,0.7236681189843274,Bet365,-1.5,2.02,Bet365,2.5,1.71,2.16,Bet365
2122,E0,2022-03-13,Leeds,Norwich,2,1,H,0.6018256415974617,Bet365,-1.0,1.99,Bet365,2.5,1.67,2.23,Bet365
2122,E0,2022-03-13,Southampton,Watford,1,2,H,0.5973339415076402,Bet365,-1.0,2.1,Bet365,2.5,1.81,2.02,Bet365
2122,D1,2022-03-13,Leverkusen,FC Koln,0,1,H,0.5920037097840223,Bet365,-1.0,2.0,Bet365,2.5,1.47,2.69,Bet365
2122,D1,2022-03-13,Ein Frankfurt,Bochum,2,1,H,0.507043567186204,Bet365,-0.5,1.9,Bet365,2.5,1.81,2.02,Bet365
2122,E0,2022-03-13,Arsenal,Leicester,2,0,H,0.6284313386968682,Bet365,-1.0,1.87,Bet365,2.5,1.63,2.31,Bet365
2122,I1,2022-03-13,Atalanta,Genoa,0,0,H,0.7143588811841101,Bet365,-1.5,2.05,Bet365,2.5,1.76,2.08,Bet365
2122,SP1,2022-03-13,Sociedad,Alaves,1,0,H,0.6338837229512471,Bet365,-1.0,1.93,Bet365,2.5,2.03,1.8,Bet365
2122,D1,2022-03-13,Greuther Furth,RB Leipzig,1,6,A,0.7084465978394062,Bet365,-1.5,2.0,Bet365,2.5,1.56,2.44,Bet365
2122,SP1,2022-03-13,Barcelona,Osasuna,4,0,H,0.7150024434888973,Bet365,-1.5,2.01,Bet365,2.5,1.7,2.17,Bet365
2122,I1,2022-03-14,Lazio,Venezia,1,0,H,0.7139506674474466,Bet365,-1.5,1.98,Bet365,2.5,1.58,2.4,Bet365
2122,SP1,2022-03-14,Mallorca,Real Madrid,0,3,A,0.6118519984170953,Bet365,-1.0,1.98,Bet365,2.5,1.76,2.08,Bet365
2122,E0,2022-03-14,Crystal Palace,Man City,0,0,A,0.7275798707841858,Bet365,-1.5,1.95,Bet365,2.5,1.68,2.22,Bet365
2122,D1,2022-03-16,Mainz,Dortmund,0,1,A,0.5134602844213757,Bet365,-0.5,1.85,Bet365,2.5,1.67,2.22,Bet365
2122,E0,2022-03-16,Arsenal,Liverpool,0,2,A,0.5024245581693583,Bet365,-0.5,1.91,Bet365,2.5,1.72,2.15,Bet365
2122,I1,2022-03-18,Sassuolo,Spezia,4,1,H,0.5792269479902246,Bet365,-1.0,2.1,Bet365,2.5,1.56,2.44,Bet365
2122,F1,2022-03-18,St Etienne,Troyes,1,1,H,0.49920507140912435,Bet365,-0.5,1.93,Bet365,2.5,2.27,1.65,Bet365
2122,SP1,2022-03-19,Alaves,Granada,2,3,H,0.4655782410563709,Bet365,-0.5,2.06,Bet365,2.5,2.23,1.67,Bet365
2122,D1,2022-03-19,Stuttgart,Augsburg,3,2,H,0.46815429669954545,Bet365,-0.5,2.04,Bet365,2.5,1.91,1.92,Bet365
2122,SP1,2022-03-19,Elche,Valencia,0,1,H,0.3524483247041124,Bet365,0.0,1.92,Bet365,2.5,2.23,1.67,Bet365
2122,I1,2022-03-19,Inter,Fiorentina,1,1,H,0.6390214797136038,Bet365,-1.0,1.77,Bet365,2.5,1.61,2.31,Bet365
2122,SP1,2022-03-19,Osasuna,Levante,3,1,H,0.4997727892392984,Bet365,-0.5,1.91,Bet365,2.5,2.12,1.74,Bet365
2122,I1,2022-03-19,Cagliari,Milan,0,1,A,0.5876222155559863,Bet365,-1.0,2.09,Bet365,2.5,1.89,1.94,Bet365
2122,SP1,2022-03-19,Vallecano,Ath Madrid,0,1,A,0.4673683606951,Bet365,-0.5,2.07,Bet365,2.5,2.27,1.65,Bet365
2122,F1,2022-03-19,Nantes,Lille,0,1,A,0.3528194767148197,Bet365,-0.0,1.87,Bet365,2.5,2.35,1.6,Bet365
2122,I1,2022-03-20,Venezia,Sampdoria,0,2,A,0.3570042205864184,Bet365,-0.0,1.94,Bet365,2.5,1.88,1.94,Bet365
2122,F1,2022-03-20,Monaco,Paris SG,3,0,A,0.4900183070351321,Bet365,-0.5,1.96,Bet365,2.5,1.64,2.27,Bet365
2122,F1,2022-03-20,Bordeaux,Montpellier,0,2,H,0.3883197205042255,Bet365,0.0,1.79,Bet365,2.5,1.87,1.95,Bet365
2122,F1,2022-03-20,Rennes,Metz,6,1,H,0.7436984977517412,Bet365,-1.5,1.89,Bet365,2.5,1.78,2.05,Bet365
2122,I1,2022-03-20,Empoli,Verona,1,1,A,0.36407311696894634,Bet365,-0.0,1.92,Bet365,2.5,1.71,2.16,Bet365
2122,SP1,2022-03-20,Cadiz,Villarreal,1,0,A,0.5296935165764018,Bet365,-0.5,1.77,Bet365,2.5,2.01,1.82,Bet365
2122,F1,2022-03-20,Reims,Lyon,0,0,A,0.5116521381333351,Bet365,-0.5,1.88,Bet365,2.5,1.97,1.85,Bet365
2122,I1,2022-03-20,Roma,Lazio,3,0,H,0.371715226194517,Bet365,0.0,1.88,Bet365,2.5,1.85,1.97,Bet365
2122,SP1,2022-03-20,Sevilla,Sociedad,0,0,H,0.4556949642581528,Bet365,-0.5,2.09,Bet365,2.5,2.35,1.61,Bet365
2122,D1,2022-03-20,FC Koln,Dortmund,1,1,A,0.4741194486983155,Bet365,-0.5,2.04,Bet365,2.5,1.54,2.48,Bet365
2122,D1,2022-04-02,Hoffenheim,Bochum,1,2,H,0.6355194545173898,Bet365,-1.0,1.83,Bet365,2.5,1.6,2.37,Bet365
2122,E0,2022-04-02,Brighton,Norwich,0,0,H,0.6394633180534945,Bet365,-1.0,1.9,Bet365,2.5,2.05,1.79,Bet365
2122,E0,2022-04-02,Wolves,Aston Villa,2,1,A,0.3709268998525197,Bet365,-0.0,1.79,Bet365,2.5,2.38,1.6,Bet365
2122,SP1,2022-04-02,Levante,Villarreal,2,0,A,0.4840350163437663,Bet365,-0.5,2.0,Bet365,2.5,1.74,2.13,Bet365
2122,E0,2022-04-02,Man United,Leicester,1,1,H,0.6330656077971302,Bet365,-1.0,1.84,Bet365,2.5,1.56,2.43,Bet365
2122,D1,2022-04-02,Dortmund,RB Leipzig,1,4,H,0.3932491135432177,Bet365,0.0,1.85,Bet365,2.5,1.53,2.52,Bet365
2122,SP1,2022-04-02,Celta,Real Madrid,1,2,A,0.5006922478348308,Bet365,-0.5,1.92,Bet365,2.5,1.91,1.92,Bet365
2122,F1,2022-04-02,Lille,Bordeaux,0,0,H,0.6364888906724454,Bet365,-1.0,1.86,Bet365,2.5,1.76,2.08,Bet365
2122,I1,2022-04-02,Salernitana,Torino,0,1,A,0.5052708589671111,Bet365,-0.5,1.91,Bet365,2.5,2.03,1.8,Bet365
2122,I1,2022-04-03,Fiorentina,Empoli,1,0,H,0.6181245439241668,Bet365,-1.0,1.89,Bet365,2.5,1.58,2.4,Bet365
2122,SP1,2022-04-03,Ath Bilbao,Elche,2,1,H,0.6490253399483255,Bet365,-1.0,1.8,Bet365,2.5,2.01,1.83,Bet365
2122,I1,2022-04-03,Udinese,Cagliari,5,1,H,0.5183389781537423,Bet365,-0.5,1.84,Bet365,2.5,2.06,1.78,Bet365
2122,F1,2022-04-03,Clermont,Nantes,2,3,H,0.36800304847475984,Bet365,0.0,1.83,Bet365,2.5,2.32,1.61,Bet365
2122,F1,2022-04-03,Metz,Monaco,1,2,A,0.6127089771016558,Bet365,-1.0,1.98,Bet365,2.5,1.97,1.85,Bet365
2122,F1,2022-04-03,Montpellier,Brest,1,2,H,0.45938871692314476,Bet365,-0.5,2.06,Bet365,2.5,1.81,2.02,Bet365
2122,D1,2022-04-03,Augsburg,Wolfsburg,3,0,A,0.3853233801417265,Bet365,-0.0,1.77,Bet365,2.5,2.11,1.75,Bet365
2122,SP1,2022-04-03,Betis,Osasuna,4,1,H,0.48438575630515057,Bet365,-0.5,1.98,Bet365,2.5,2.03,1.81,Bet365
2122,E0,2022-04-03,Tottenham,Newcastle,5,1,H,0.6330608858368493,Bet365,-1.0,1.86,Bet365,2.5,1.8,2.04,Bet365
2122,I1,2022-04-03,Sampdoria,Roma,0,1,A,0.5076241777765949,Bet365,-0.5,1.91,Bet365,2.5,1.88,1.94,Bet365
2122,SP1,2022-04-03,Granada,Vallecano,2,2,H,0.3646556646528696,Bet365,0.0,1.83,Bet365,2.5,2.22,1.66,Bet365
2122,SP1,2022-04-03,Valencia,Cadiz,0,0,H,0.5051986084632166,Bet365,-0.5,1.89,Bet365,2.5,2.29,1.63,Bet365
2122,I1,2022-04-03,Juventus,Inter,0,1,A,0.37159291508816467,Bet365,-0.0,1.85,Bet365,2.5,1.98,1.84,Bet365
2122,F1,2022-04-03,Paris SG,Lorient,5,1,H,0.8048532570762548,Bet365,-2.0,1.85,Bet365,2.5,1.37,3.1,Bet365
2122,SP1,2022-04-03,Barcelona,Sevilla,1,0,H,0.6494708015690919,Bet365,-1.0,1.78,Bet365,2.5,1.82,2.01,Bet365
2122,I1,2022-04-04,Verona,Genoa,1,0,H,0.5149542507344471,Bet365,-0.5,1.85,Bet365,2.5,2.03,1.8,Bet365
2122,E0,2022-04-04,Crystal Palace,Arsenal,3,0,A,0.48194263659490716,Bet365,-0.5,1.99,Bet365,2.5,2.13,1.73,Bet365
2122,E0,2022-04-06,Burnley,Everton,3,2,H,0.37373296397132943,Bet365,0.0,1.8,Bet365,2.5,2.25,1.66,Bet365
2122,D1,2022-04-08,Stuttgart,Dortmund,0,2,A,0.5165688056598099,Bet365,-0.5,1.85,Bet365,2.5,1.6,2.36,Bet365
2122,SP1,2022-04-08,Sevilla,Granada,4,2,H,0.6499278567542636,Bet365,-1.0,1.84,Bet365,2.5,2.1,1.75,Bet365
2122,I1,2022-04-09,Empoli,Spezia,0,0,H,0.47277611323483826,Bet365,-0.5,2.02,Bet365,2.5,1.83,2.0,Bet365
2122,D1,2022-04-09,Bayern Munich,Augsburg,1,0,H,0.8553578861062643,Bet365,-2.5,1.83,Bet365,2.5,1.21,4.34,Bet365
2122,E0,2022-04-09,Southampton,Chelsea,0,6,A,0.4980179251457308,Bet365,-0.5,1.94,Bet365,2.5,1.94,1.9,Bet365
2122,E0,2022-04-09,Watford,Leeds,0,3,A,0.37203469292076885,Bet365,-0.0,1.9,Bet365,2.5,1.77,2.08,Bet365
2122,SP1,2022-04-09,Mallorca,Ath Madrid,1,0,A,0.4920204195851636,Bet365,-0.5,1.96,Bet365,2.5,2.33,1.62,Bet365
2122,I1,2022-04-09,Inter,Verona,2,0,H,0.7033996983984576,Bet365,-1.5,2.04,Bet365,2.5,1.57,2.41,Bet365
2122,D1,2022-04-09,Hertha,Union Berlin,1,4,A,0.3702108861676344,Bet365,-0.0,1.85,Bet365,2.5,2.19,1.69,Bet365
2122,I1,2022-04-09,Cagliari,Juventus,1,2,A,0.5978150920493628,Bet365,-1.0,2.07,Bet365,2.5,2.0,1.83,Bet365
2122,F1,2022-04-09,Clermont,Paris SG,1,6,A,0.7144005456228382,Bet365,-1.5,1.94,Bet365,2.5,1.5,2.58,Bet365
2122,I1,2022-04-10,Genoa,Lazio,1,4,A,0.5007756821144123,Bet365,-0.5,1.93,Bet365,2.5,2.01,1.83,Bet365
2122,F1,2022-04-10,Bordeaux,Metz,3,1,H,0.48798754984923637,Bet365,-0.5,1.96,Bet365,2.5,2.16,1.71,Bet365
2122,SP1,2022-04-10,Osasuna,Alaves,1,0,H,0.4884504559476592,Bet365,-0.5,1.96,Bet365,2.5,2.33,1.62,Bet365
2122,F1,2022-04-10,Brest,Nantes,1,1,H,0.3682031278101731,Bet365,0.0,1.86,Bet365,2.5,2.18,1.69,Bet365
2122,F1,2022-04-10,Monaco,Troyes,2,1,H,0.7087100542959346,Bet365,-1.5,2.02,Bet365,2.5,1.77,2.07,Bet365
2122,E0,2022-04-10,Brentford,West Ham,2,0,H,0.35739344009428925,Bet365,0.0,1.91,Bet365,2.5,2.07,1.77,Bet365
2122,E0,2022-04-10,Norwich,Burnley,2,0,A,0.37531047104448995,Bet365,-0.0,1.83,Bet365,2.5,2.31,1.62,Bet365
2122,SP1,2022-04-10,Espanol,Celta,1,0,A,0.3519940638850436,Bet365,-0.0,1.92,Bet365,2.5,2.23,1.67,Bet365
2122,E0,2022-04-10,Man City,Liverpool,2,2,H,0.4664554415610542,Bet365,-0.5,2.04,Bet365,2.5,1.7,2.18,Bet365
2122,I1,2022-04-10,Roma,Salernitana,2,1,H,0.7492154902291299,Bet365,-1.5,1.86,Bet365,2.5,1.61,2.34,Bet365
2122,SP1,2022-04-10,Elche,Sociedad,1,2,A,0.4725846519606796,Bet365,-0.5,2.06,Bet365,2.5,2.21,1.68,Bet365
2122,F1,2022-04-10,Strasbourg,Lyon,1,1,H,0.3858941449700526,Bet365,0.0,1.8,Bet365,2.5,1.87,1.95,Bet365
2122,I1,2022-04-10,Torino,Milan,0,0,A,0.4961021963305661,Bet365,-0.5,1.92,Bet365,2.5,2.11,1.75,Bet365
2122,F1,2022-04-10,Marseille,Montpellier,2,0,H,0.6244822275409236,Bet365,-1.0,1.92,Bet365,2.5,1.77,2.07,Bet365
2122,I1,2022-04-15,Spezia,Inter,1,3,A,0.7304318119340124,Bet365,-1.5,1.92,Bet365,2.5,1.63,2.3,Bet365
2122,I1,2022-04-15,Milan,Genoa,2,0,H,0.7243441426689924,Bet365,-1.5,2.0,Bet365,2.5,1.82,2.01,Bet365
2122,E0,2022-04-16,Tottenham,Brighton,0,1,H,0.623102409290835,Bet365,-1.0,1.93,Bet365,2.5,1.87,1.95,Bet365
2122,SP1,2022-04-16,Elche,Mallorca,3,0,H,0.3575902608248747,Bet365,0.0,1.88,Bet365,2.5,2.43,1.57,Bet365
2122,I1,2022-04-16,Sampdoria,Salernitana,1,2,H,0.5227621284774127,Bet365,-0.5,1.84,Bet365,2.5,1.84,1.98,Bet365
2122,D1,2022-04-16,Augsburg,Hertha,0,1,H,0.4966391861675799,Bet365,-0.5,1.94,Bet365,2.5,1.9,1.93,Bet365
2122,D1,2022-04-16,Dortmund,Wolfsburg,6,1,H,0.6267919552979093,Bet365,-1.0,1.86,Bet365,2.5,1.55,2.46,Bet365
2122,D1,2022-04-16,Mainz,Stuttgart,0,0,H,0.47701895059233895,Bet365,-0.5,1.99,Bet365,2.5,1.9,1.92,Bet365
2122,E0,2022-04-16,Southampton,Arsenal,1,0,A,0.49263721552878187,Bet365,-0.5,1.97,Bet365,2.5,1.88,1.95,Bet365
2122,E0,2022-04-16,Watford,Brentford,1,2,A,0.37102604871180306,Bet365,-0.0,1.84,Bet365,2.5,2.12,1.74,Bet365
2122,SP1,2022-04-16,Alaves,Vallecano,1,0,H,0.35332848586131677,Bet365,0.0,1.9,Bet365,2.5,2.32,1.62,Bet365
2122,I1,2022-04-16,Fiorentina,Venezia,1,0,H,0.7041986209971298,Bet365,-1.5,2.05,Bet365,2.5,1.67,2.22,Bet365
2122,D1,2022-04-16,MGladbach,FC Koln,1,3,H,0.4786235662148071,Bet365,-0.5,1.98,Bet365,2.5,1.59,2.37,Bet365
2122,I1,2022-04-16,Juventus,Bologna,1,1,H,0.7106937883106235,Bet365,-1.5,2.0,Bet365,2.5,1.81,2.02,Bet365
2122,F1,2022-04-16,Lille,Lens,1,2,H,0.4683173155237009,Bet365,-0.5,2.02,Bet365,2.5,2.03,1.8,Bet365
2122,F1,2022-04-17,Metz,Clermont,1,1,A,0.35346287188583403,Bet365,-0.0,1.93,Bet365,2.5,2.24,1.65,Bet365
2122,F1,2022-04-17,Nantes,Angers,1,1,H,0.4872045321351827,Bet365,-0.5,1.95,Bet365,2.5,2.21,1.67,Bet365
2122,F1,2022-04-17,Troyes,Strasbourg,1,1,A,0.46489655701137933,Bet365,-0.5,2.05,Bet365,2.5,2.18,1.69,Bet365
2122,D1,2022-04-17,Bielefeld,Bayern Munich,0,3,A,0.8057208332241189,Bet365,-2.0,1.84,Bet365,2.5,1.32,3.39,Bet365
2122,SP1,2022-04-17,Ath Bilbao,Celta,0,2,H,0.5232046897899365,Bet365,-0.5,1.75,Bet365,2.5,2.18,1.69,Bet365
2122,F1,2022-04-17,Paris SG,Marseille,2,1,H,0.7008055855728478,Bet365,-1.5,1.97,Bet365,2.5,1.43,2.79,Bet365
2122,I1,2022-04-18,Napoli,Roma,1,1,H,0.500755564631407,Bet365,-0.5,1.91,Bet365,2.5,1.85,1.97,Bet365
2122,I1,2022-04-18,Atalanta,Verona,1,2,H,0.5908567222453356,Bet365,-1.0,2.08,Bet365,2.5,1.66,2.23,Bet365
2122,SP1,2022-04-19,Mallorca,Alaves,2,1,H,0.4812056834670243,Bet365,-0.5,1.98,Bet365,2.5,2.46,1.56,Bet365
2122,E0,2022-04-19,Liverpool,Man United,4,0,H,0.6848613665636611,Bet365,-1.5,2.02,Bet365,2.5,1.5,2.6,Bet365
2122,SP1,2022-04-19,Betis,Elche,0,1,H,0.6213971665852468,Bet365,-1.0,1.95,Bet365,2.5,1.81,2.03,Bet365
2122,I1,2022-04-20,Udinese,Salernitana,0,1,H,0.6322197833128662,Bet365,-1.0,1.88,Bet365,2.5,1.72,2.13,Bet365
2122,SP1,2022-04-20,Ath Madrid,Granada,0,0,H,0.7351098461712833,Bet365,-1.5,1.95,Bet365,2.5,1.74,2.12,Bet365
2122,F1,2022-04-20,Monaco,Nice,1,0,H,0.5116714841024619,Bet365,-0.5,1.9,Bet365,2.5,1.82,2.01,Bet365
2122,E0,2022-04-20,Chelsea,Arsenal,2,4,H,0.5142414437406005,Bet365,-0.5,1.88,Bet365,2.5,2.04,1.8,Bet365
2122,E0,2022-04-20,Man City,Brighton,3,0,H,0.8030348681147114,Bet365,-2.0,2.07,Bet365,2.5,1.63,2.3,Bet365
2122,F1,2022-04-20,Strasbourg,Rennes,2,1,H,0.368767369463142,Bet365,0.0,1.91,Bet365,2.5,1.93,1.89,Bet365
2122,E0,2022-04-21,Burnley,Southampton,2,0,A,0.3688610363193848,Bet365,-0.0,1.92,Bet365,2.5,1.95,1.88,Bet365
2122,I1,2022-04-23,Venezia,Atalanta,1,3,A,0.6438033382458785,Bet365,-1.0,1.82,Bet365,2.5,1.64,2.27,Bet365
2122,D1,2022-04-23,Ein Frankfurt,Hoffenheim,2,2,H,0.3800331600955565,Bet365,0.0,1.92,Bet365,2.5,1.52,2.54,Bet365
2122,D1,2022-04-23,FC Koln,Bielefeld,3,1,H,0.6254593043740877,Bet365,-1.0,1.9,Bet365,2.5,1.76,2.09,Bet365
2122,D1,2022-04-23,Freiburg,MGladbach,3,3,H,0.5184541674967584,Bet365,-0.5,1.85,Bet365,2.5,1.59,2.37,Bet365
2122,D1,2022-04-23,Greuther Furth,Leverkusen,1,4,A,0.706634141167736,Bet365,-1.5,2.0,Bet365,2.5,1.53,2.53,Bet365
2122,D1,2022-04-23,RB Leipzig,Union Berlin,1,2,H,0.6242458504816606,Bet365,-1.0,2.0,Bet365,2.5,1.95,1.87,Bet365
2122,E0,2022-04-23,Leicester,Aston Villa,0,0,A,0.37871749944141964,Bet365,-0.0,1.84,Bet365,2.5,1.83,2.01,Bet365
2122,E0,2022-04-23,Man City,Watford,5,1,H,0.8647001740577008,Bet365,-2.5,1.98,Bet365,2.5,1.38,3.03,Bet365
2122,F1,2022-04-23,Lyon,Montpellier,5,2,H,0.7087547405835223,Bet365,-1.5,1.96,Bet365,2.5,1.43,2.81,Bet365
2122,I1,2022-04-23,Inter,Roma,3,1,H,0.586975193520508,Bet365,-1.0,2.02,Bet365,2.5,1.74,2.11,Bet365
2122,E0,2022-04-23,Brentford,Tottenham,0,0,A,0.5137551064463057,Bet365,-0.5,1.86,Bet365,2.5,1.86,1.97,Bet365
2122,D1,2022-04-23,Bayern Munich,Dortmund,3,1,H,0.6953774031730008,Bet365,-1.5,1.94,Bet365,2.5,1.25,3.93,Bet365
2122,F1,2022-04-23,St Etienne,Monaco,1,4,A,0.5225467289719625,Bet365,-0.5,1.8,Bet365,2.5,1.83,2.0,Bet365
2122,I1,2022-04-24,Salernitana,Fiorentina,2,1,A,0.5841309153815365,Bet365,-1.0,2.05,Bet365,2.5,1.77,2.07,Bet365
2122,F1,2022-04-24,Metz,Brest,0,1,A,0.3747825147889944,Bet365,-0.0,1.82,Bet365,2.5,2.19,1.68,Bet365
2122,F1,2022-04-24,Nice,Troyes,1,0,H,0.5871158257337952,Bet365,-1.0,2.05,Bet365,2.5,1.97,1.85,Bet365
2122,I1,2022-04-24,Bologna,Udinese,2,2,A,0.3776748560566842,Bet365,-0.0,1.83,Bet365,2.5,1.94,1.88,Bet365
2122,I1,2022-04-24,Empoli,Napoli,3,2,A,0.5921802420501584,Bet365,-1.0,2.04,Bet365,2.5,1.63,2.29,Bet365
2122,E0,2022-04-24,Burnley,Wolves,1,0,H,0.35474389091184644,Bet365,0.0,1.87,Bet365,2.5,2.39,1.59,Bet365
2122,E0,2022-04-24,Chelsea,West Ham,1,0,H,0.6292565601931328,Bet365,-1.0,1.88,Bet365,2.5,1.81,2.03,Bet365
2122,E0,2022-04-24,Liverpool,Everton,2,0,H,0.8077598461409816,Bet365,-2.0,1.96,Bet365,2.5,1.44,2.77,Bet365
2122,F1,2022-04-24,Reims,Marseille,0,1,A,0.46844366278399263,Bet365,-0.5,2.07,Bet365,2.5,2.18,1.69,Bet365
2122,SP1,2022-04-24,Barcelona,Vallecano,0,1,H,0.7356764826324274,Bet365,-1.5,1.87,Bet365,2.5,1.52,2.52,Bet365
2122,E0,2022-04-25,Crystal Palace,Leeds,0,0,H,0.4611222495933746,Bet365,-0.5,2.05,Bet365,2.5,1.83,2.0,Bet365
2122,I1,2022-04-27,Atalanta,Torino,4,4,H,0.6001037370773604,Bet365,-1.0,2.04,Bet365,2.5,1.78,2.06,Bet365
2122,D1,2022-04-29,Union Berlin,Greuther Furth,1,1,H,0.7594742096308664,Bet365,-1.5,1.84,Bet365,2.5,1.77,2.08,Bet365
2122,F1,2022-04-29,Strasbourg,Paris SG,3,3,A,0.48691485953843366,Bet365,-0.5,1.97,Bet365,2.5,1.66,2.24,Bet365
2122,I1,2022-04-30,Cagliari,Verona,1,2,H,0.3776758649934821,Bet365,0.0,1.84,Bet365,2.5,1.96,1.86,Bet365
2122,D1,2022-04-30,Augsburg,FC Koln,1,4,A,0.38171988006327373,Bet365,-0.0,1.84,Bet365,2.5,1.81,2.02,Bet365
2122,D1,2022-04-30,Bielefeld,Hertha,1,1,H,0.36229018000738616,Bet365,0.0,1.87,Bet365,2.5,2.07,1.77,Bet365
2122,D1,2022-04-30,Dortmund,Bochum,3,4,H,0.7034131491130495,Bet365,-1.5,2.01,Bet365,2.5,1.44,2.8,Bet365
2122,D1,2022-04-30,Mainz,Bayern Munich,3,1,A,0.6275064973482367,Bet365,-1.0,1.77,Bet365,2.5,1.41,2.93,Bet365
2122,D1,2022-04-30,Stuttgart,Wolfsburg,1,1,H,0.46854438209297744,Bet365,-0.5,2.05,Bet365,2.5,1.77,2.07,Bet365
2122,E0,2022-04-30,Watford,Burnley,1,2,H,0.3591679063105436,Bet365,0.0,1.94,Bet365,2.5,2.07,1.78,Bet365
2122,E0,2022-04-30,Wolves,Brighton,0,3,H,0.3494427505624443,Bet365,0.0,1.92,Bet365,2.5,2.49,1.54,Bet365
2122,SP1,2022-04-30,Real Madrid,Espanol,4,0,H,0.6367130239294628,Bet365,-1.0,1.82,Bet365,2.5,1.66,2.22,Bet365
2122,I1,2022-04-30,Sampdoria,Genoa,1,0,A,0.3495627207949219,Bet365,-0.0,1.94,Bet365,2.5,2.18,1.69,Bet365
2122,E0,2022-04-30,Leeds,Man City,0,4,A,0.7357688279020143,Bet365,-1.5,1.85,Bet365,2.5,1.47,2.68,Bet365
2122,D1,2022-04-30,Hoffenheim,Freiburg,3,4,H,0.3869511055745874,Bet365,0.0,1.84,Bet365,2.5,1.65,2.26,Bet365
2122,F1,2022-04-30,Rennes,St Etienne,2,0,H,0.720348280466912,Bet365,-1.5,1.94,Bet365,2.5,1.51,2.57,Bet365
2122,SP1,2022-04-30,Ath Bilbao,Ath Madrid,2,0,A,0.37277262723136717,Bet365,-0.0,1.81,Bet365,2.5,2.41,1.57,Bet365
2122,I1,2022-05-01,Juventus,Venezia,2,1,H,0.7912916981499688,Bet365,-2.0,2.06,Bet365,2.5,1.53,2.52,Bet365
2122,SP1,2022-05-01,Elche,Osasuna,1,1,A,0.3580223254922627,Bet365,-0.0,1.91,Bet365,2.5,2.32,1.62,Bet365
2122,I1,2022-05-01,Empoli,Torino,1,3,A,0.37598111537326645,Bet365,-0.0,1.86,Bet365,2.5,1.81,2.02,Bet365
2122,I1,2022-05-01,Milan,Fiorentina,1,0,H,0.5825242718446602,Bet365,-1.0,2.05,Bet365,2.5,1.79,2.05,Bet365
2122,SP1,2022-05-01,Granada,Celta,1,1,A,0.3647166034597339,Bet365,-0.0,1.87,Bet365,2.5,2.11,1.74,Bet365
2122,F1,2022-05-01,Bordeaux,Nice,0,1,A,0.47221700226947483,Bet365,-0.5,2.05,Bet365,2.5,1.77,2.06,Bet365
2122,I1,2022-05-01,Udinese,Inter,1,2,A,0.6160576329724894,Bet365,-1.0,1.93,Bet365,2.5,1.65,2.26,Bet365
2122,SP1,2022-05-01,Barcelona,Mallorca,2,1,H,0.7261144372362957,Bet365,-1.5,1.91,Bet365,2.5,1.52,2.54,Bet365
2122,SP1,2022-05-02,Getafe,Betis,0,0,A,0.3503585564328769,Bet365,-0.0,1.92,Bet365,2.5,2.39,1.58,Bet365
2122,I1,2022-05-06,Inter,Empoli,4,2,H,0.8412115473271047,Bet365,-2.5,2.05,Bet365,2.5,1.27,3.75,Bet365
2122,F1,2022-05-06,Lille,Monaco,1,2,A,0.48755922115938205,Bet365,-0.5,1.97,Bet365,2.5,1.8,2.04,Bet365
2122,SP1,2022-05-07,Mallorca,Granada,2,6,H,0.47570664387680817,Bet365,-0.5,2.02,Bet365,2.5,2.19,1.69,Bet365
2122,I1,2022-05-07,Torino,Napoli,0,1,A,0.4675017317016856,Bet365,-0.5,2.07,Bet365,2.5,1.79,2.05,Bet365
2122,D1,2022-05-07,FC Koln,Wolfsburg,0,1,H,0.5932580460622497,Bet365,-1.0,2.01,Bet365,2.5,1.53,2.52,Bet365
2122,D1,2022-05-07,Freiburg,Union Berlin,1,4,H,0.49241973585126253,Bet365,-0.5,1.95,Bet365,2.5,1.77,2.08,Bet365
2122,D1,2022-05-07,Greuther Furth,Dortmund,1,3,A,0.7318146727676361,Bet365,-1.5,1.77,Bet365,2.5,1.37,3.13,Bet365
2122,SP1,2022-05-07,Ath Bilbao,Valencia,0,0,H,0.6135107354135668,Bet365,-1.0,1.99,Bet365,2.5,2.0,1.83,Bet365
2122,SP1,2022-05-07,Celta,Alaves,4,0,H,0.5017751874551193,Bet365,-0.5,1.9,Bet365,2.5,2.23,1.67,Bet365
2122,E0,2022-05-07,Brighton,Man United,4,0,A,0.3761559610097475,Bet365,-0.0,1.86,Bet365,2.5,1.93,1.9,Bet365
2122,D1,2022-05-07,Hertha,Mainz,1,2,H,0.38545451700845235,Bet365,0.0,1.81,Bet365,2.5,1.86,1.98,Bet365
2122,SP1,2022-05-08,Getafe,Vallecano,0,0,H,0.45491925327669164,Bet365,-0.5,2.08,Bet365,2.5,2.74,1.45,Bet365
2122,F1,2022-05-08,Clermont,Montpellier,2,1,H,0.5032072505254865,Bet365,-0.5,1.91,Bet365,2.5,1.73,2.12,Bet365
2122,E0,2022-05-08,Leicester,Everton,1,2,H,0.36851686934043676,Bet365,0.0,1.89,Bet365,2.5,1.98,1.85,Bet365
2122,F1,2022-05-08,Lorient,Marseille,0,3,A,0.5038342235316802,Bet365,-0.5,1.9,Bet365,2.5,1.8,2.04,Bet365
2122,E0,2022-05-08,Man City,Newcastle,5,0,H,0.817382618629942,Bet365,-2.0,1.86,Bet365,2.5,1.48,2.68,Bet365
2122,D1,2022-05-08,Bayern Munich,Stuttgart,2,2,H,0.7694891238749967,Bet365,-2.0,2.04,Bet365,2.5,1.3,3.52,Bet365
2122,F1,2022-05-08,Paris SG,Troyes,2,2,H,0.8166407225576899,Bet365,-2.0,1.75,Bet365,2.5,1.39,2.96,Bet365
2122,SP1,2022-05-11,Osasuna,Getafe,1,1,H,0.360909229010258,Bet365,0.0,1.82,Bet365,2.5,2.78,1.45,Bet365
2122,F1,2022-05-11,Nice,St Etienne,4,2,H,0.598607235808577,Bet365,-1.0,2.04,Bet365,2.5,1.83,2.0,Bet365
2122,SP1,2022-05-11,Sevilla,Mallorca,0,0,H,0.5917296713470143,Bet365,-1.0,2.13,Bet365,2.5,2.07,1.77,Bet365
2122,E0,2022-05-11,Watford,Everton,0,0,A,0.5135792115211993,Bet365,-0.5,1.87,Bet365,2.5,1.91,1.92,Bet365
2122,D1,2022-05-14,Augsburg,Greuther Furth,2,1,H,0.6078442286575955,Bet365,-1.0,1.92,Bet365,2.5,1.39,2.95,Bet365
2122,D1,2022-05-14,Leverkusen,Freiburg,2,1,H,0.39963942307692313,Bet365,0.0,1.85,Bet365,2.5,1.4,2.95,Bet365
2122,D1,2022-05-14,MGladbach,Hoffenheim,5,1,H,0.4703726328649969,Bet365,-0.5,2.02,Bet365,2.5,1.23,4.16,Bet365
2122,D1,2022-05-14,Wolfsburg,Bayern Munich,2,2,A,0.6191191276599375,Bet365,-1.0,1.85,Bet365,2.5,1.22,4.27,Bet365
2122,I1,2022-05-14,Udinese,Spezia,2,3,H,0.5156059113300493,Bet365,-0.5,1.85,Bet365,2.5,1.69,2.18,Bet365
2122,SP1,2022-05-14,Espanol,Valencia,1,1,H,0.3757476846533516,Bet365,0.0,1.85,Bet365,2.5,1.98,1.85,Bet365
2122,F1,2022-05-14,Metz,Angers,1,0,H,0.4879159467532195,Bet365,-0.5,1.95,Bet365,2.5,1.8,2.04,Bet365
2122,F1,2022-05-14,Montpellier,Paris SG,0,4,A,0.6936860487134351,Bet365,-1.5,1.97,Bet365,2.5,1.32,3.34,Bet365
2122,F1,2022-05-14,Rennes,Marseille,2,0,H,0.4726323370543753,Bet365,-0.5,2.02,Bet365,2.5,1.69,2.17,Bet365
2122,I1,2022-05-15,Bologna,Sassuolo,1,3,H,0.3878138518142213,Bet365,0.0,1.87,Bet365,2.5,1.43,2.78,Bet365
2122,E0,2022-05-15,Tottenham,Burnley,1,0,H,0.715772932626203,Bet365,-1.5,2.01,Bet365,2.5,1.58,2.39,Bet365
2122,E0,2022-05-15,Aston Villa,Crystal Palace,1,1,H,0.4655981616703942,Bet365,-0.5,2.03,Bet365,2.5,1.89,1.94,Bet365
2122,E0,2022-05-15,Leeds,Brighton,1,1,A,0.3677815475282046,Bet365,-0.0,1.92,Bet365,2.5,1.84,1.99,Bet365
2122,E0,2022-05-15,Watford,Leicester,1,5,A,0.4756609746942129,Bet365,-0.5,2.01,Bet365,2.5,1.77,2.08,Bet365
2122,E0,2022-05-15,West Ham,Man City,2,2,A,0.6955702734386742,Bet365,-1.5,2.09,Bet365,2.5,1.54,2.47,Bet365
2122,SP1,2022-05-15,Ath Bilbao,Osasuna,2,0,H,0.6174327653288886,Bet365,-1.0,1.98,Bet365,2.5,1.98,1.84,Bet365
2122,SP1,2022-05-15,Betis,Granada,2,0,H,0.6350370299806598,Bet365,-1.0,1.84,Bet365,2.5,1.7,2.17,Bet365
2122,I1,2022-05-16,Sampdoria,Fiorentina,4,1,A,0.5034708570034031,Bet365,-0.5,1.94,Bet365,2.5,1.75,2.08,Bet365
2122,E0,2022-05-16,Newcastle,Arsenal,2,0,A,0.5089121081745543,Bet365,-0.5,1.87,Bet365,2.5,1.85,1.97,Bet365
2122,E0,2022-05-17,Southampton,Liverpool,1,2,A,0.7040431094445821,Bet365,-1.5,1.97,Bet365,2.5,1.44,2.79,Bet365
2122,E0,2022-05-19,Everton,Crystal Palace,3,2,H,0.4924386890771209,Bet365,-0.5,1.94,Bet365,2.5,2.04,1.79,Bet365
2122,E0,2022-05-19,Aston Villa,Burnley,1,1,H,0.4695063268579577,Bet365,-0.5,2.03,Bet365,2.5,1.95,1.87,Bet365
2122,SP1,2022-05-20,Vallecano,Levante,2,4,H,0.5083936762206338,Bet365,-0.5,1.88,Bet365,2.5,1.55,2.44,Bet365
2122,SP1,2022-05-21,Valencia,Celta,2,0,A,0.3644287752741553,Bet365,-0.0,1.9,Bet365,2.5,2.03,1.8,Bet365
2122,I1,2022-05-21,Atalanta,Empoli,0,1,H,0.7830637104211498,Bet365,-2.0,1.93,Bet365,2.5,1.26,3.79,Bet365
2122,F1,2022-05-21,Angers,Montpellier,2,0,H,0.47227887602066915,Bet365,-0.5,2.02,Bet365,2.5,1.64,2.26,Bet365
2122,F1,2022-05-21,Brest,Bordeaux,2,4,H,0.48937059284408463,Bet365,-0.5,1.96,Bet365,2.5,1.5,2.59,Bet365
2122,F1,2022-05-21,Marseille,Strasbourg,4,0,H,0.46649268439640373,Bet365,-0.5,2.04,Bet365,2.5,1.74,2.11,Bet365
2122,F1,2022-05-21,Nantes,St Etienne,1,1,H,0.3701784957377667,Bet365,0.0,1.91,Bet365,2.5,1.6,2.35,Bet365
2122,F1,2022-05-21,Reims,Nice,2,3,A,0.5158786753121839,Bet365,-0.5,1.87,Bet365,2.5,1.7,2.17,Bet365
2122,I1,2022-05-22,Spezia,Napoli,0,3,A,0.626633816148269,Bet365,-1.0,1.85,Bet365,2.5,1.46,2.69,Bet365
2122,E0,2022-05-22,Arsenal,Everton,5,1,H,0.702409035334297,Bet365,-1.5,2.04,Bet365,2.5,1.57,2.42,Bet365
2122,E0,2022-05-22,Brentford,Leeds,1,2,H,0.3992403685506491,Bet365,0.0,1.77,Bet365,2.5,1.6,2.36,Bet365
2122,E0,2022-05-22,Chelsea,Watford,2,1,H,0.8232803086664169,Bet365,-2.0,1.84,Bet365,2.5,1.44,2.78,Bet365
2122,E0,2022-05-22,Leicester,Southampton,4,1,H,0.5118891704235085,Bet365,-0.5,1.87,Bet365,2.5,1.58,2.39,Bet365
2122,E0,2022-05-22,Liverpool,Wolves,3,1,H,0.8305159028299524,Bet365,-2.0,1.73,Bet365,2.5,1.43,2.82,Bet365
2122,E0,2022-05-22,Man City,Aston Villa,3,2,H,0.8295961532473655,Bet365,-2.0,1.84,Bet365,2.5,1.43,2.81,Bet365
2122,SP1,2022-05-22,Elche,Getafe,3,1,A,0.36448014850613714,Bet365,-0.0,1.79,Bet365,2.5,2.39,1.58,Bet365
2122,I1,2022-05-22,Inter,Sampdoria,3,0,H,0.8479429111164976,Bet365,-2.5,2.0,Bet365,2.5,1.27,3.73,Bet365
2122,SP1,2022-05-22,Alaves,Cadiz,0,1,A,0.5130096102878478,Bet365,-0.5,1.86,Bet365,2.5,1.9,1.91,Bet365
2122,SP1,2022-05-22,Sevilla,Ath Bilbao,1,0,H,0.37994832902741893,Bet365,0.0,1.79,Bet365,2.5,2.11,1.74,Bet365
2122,SP1,2022-05-22,Sociedad,Ath Madrid,1,2,H,0.3570393428173253,Bet365,0.0,1.91,Bet365,2.5,2.11,1.75,Bet365
2223,F1,2022-08-05,Lyon,Ajaccio,2,1,H,0.7227958419376291,Bet365,-1.5,2.0,Bet365,2.5,1.68,2.21,Bet365
2223,E0,2022-08-05,Crystal Palace,Arsenal,0,2,A,0.512315318976026,Bet365,-0.5,1.89,Bet365,2.5,2.09,1.76,Bet365
2223,D1,2022-08-06,Wolfsburg,Werder Bremen,2,2,H,0.5087173851864756,Bet365,-0.5,1.91,Bet365,2.5,1.78,2.06,Bet365
2223,E0,2022-08-06,Bournemouth,Aston Villa,2,0,A,0.47176503972758227,Bet365,-0.5,2.06,Bet365,2.5,2.03,1.8,Bet365
2223,E0,2022-08-06,Tottenham,Southampton,4,1,H,0.7064781599493564,Bet365,-1.5,2.04,Bet365,2.5,1.61,2.34,Bet365
2223,F1,2022-08-06,Strasbourg,Monaco,1,2,H,0.3677465573509512,Bet365,0.0,1.91,Bet365,2.5,1.97,1.85,Bet365
2223,D1,2022-08-06,Dortmund,Leverkusen,1,0,H,0.4660336011687363,Bet365,-0.5,2.06,Bet365,2.5,1.39,3.01,Bet365
2223,F1,2022-08-07,Toulouse,Nice,1,1,A,0.3835876879933774,Bet365,-0.0,1.85,Bet365,2.5,1.86,1.96,Bet365
2223,F1,2022-08-07,Angers,Nantes,0,0,A,0.3528221841373304,Bet365,-0.0,1.96,Bet365,2.5,2.13,1.72,Bet365
2223,F1,2022-08-07,Lens,Brest,3,2,H,0.612095153059952,Bet365,-1.0,1.98,Bet365,2.5,1.66,2.23,Bet365
2223,E0,2022-08-07,Leicester,Brentford,2,2,H,0.47340928312024283,Bet365,-0.5,2.04,Bet365,2.5,1.77,2.08,Bet365
2223,E0,2022-08-07,Man United,Brighton,1,2,H,0.5919957582405014,Bet365,-1.0,2.05,Bet365,2.5,1.89,1.93,Bet365
2223,F1,2022-08-07,Rennes,Lorient,0,1,H,0.7109086318881824,Bet365,-1.5,2.03,Bet365,2.5,1.62,2.31,Bet365
2223,E0,2022-08-07,West Ham,Man City,0,2,A,0.7014512396641127,Bet365,-1.5,2.07,Bet365,2.5,1.54,2.47,Bet365
2223,F1,2022-08-07,Marseille,Reims,4,1,H,0.6078090635097343,Bet365,-1.0,2.04,Bet365,2.5,1.92,1.89,Bet365
2223,E0,2022-08-13,Aston Villa,Everton,2,1,H,0.5305173226274335,Bet365,-0.5,1.77,Bet365,2.5,2.08,1.77,Bet365
2223,D1,2022-08-13,Hoffenheim,Bochum,3,2,H,0.6071100384735784,Bet365,-1.0,1.97,Bet365,2.5,1.51,2.59,Bet365
2223,D1,2022-08-13,Leverkusen,Augsburg,1,2,H,0.7231328710148396,Bet365,-1.5,1.9,Bet365,2.5,1.46,2.72,Bet365
2223,E0,2022-08-13,Arsenal,Leicester,4,2,H,0.6206116580414434,Bet365,-1.0,1.92,Bet365,2.5,1.69,2.21,Bet365
2223,SP1,2022-08-13,Celta,Espanol,2,2,H,0.525224076576148,Bet365,-0.5,1.77,Bet365,2.5,2.04,1.8,Bet365
2223,E0,2022-08-13,Brentford,Man United,4,0,A,0.4754603617710201,Bet365,-0.5,2.03,Bet365,2.5,1.82,2.02,Bet365
2223,SP1,2022-08-13,Valladolid,Villarreal,0,3,A,0.494146019705652,Bet365,-0.5,1.95,Bet365,2.5,1.95,1.87,Bet365
2223,I1,2022-08-13,Lecce,Inter,1,2,A,0.7372030064474762,Bet365,-1.5,1.89,Bet365,2.5,1.6,2.37,Bet365
2223,I1,2022-08-13,Monza,Torino,1,2,H,0.37138201041376845,Bet365,0.0,1.84,Bet365,2.5,2.09,1.76,Bet365
2223,SP1,2022-08-13,Barcelona,Vallecano,0,0,H,0.7915058707442953,Bet365,-2.0,2.09,Bet365,2.5,1.5,2.58,Bet365
2223,F1,2022-08-14,Troyes,Toulouse,0,3,H,0.3574007220216607,Bet365,0.0,1.95,Bet365,2.5,2.1,1.74,Bet365
2223,E0,2022-08-14,Nottm Forest,West Ham,1,0,A,0.5067693142059696,Bet365,-0.5,1.9,Bet365,2.5,1.9,1.93,Bet365
2223,D1,2022-08-14,Bayern Munich,Wolfsburg,2,0,H,0.8360199382438837,Bet365,-2.5,1.94,Bet365,2.5,1.22,4.26,Bet365
2223,I1,2022-08-14,Lazio,Bologna,2,1,H,0.6041427810990091,Bet365,-1.0,2.0,Bet365,2.5,1.65,2.26,Bet365
2223,SP1,2022-08-14,Valencia,Girona,1,0,H,0.5064617534055188,Bet365,-0.5,1.9,Bet365,2.5,2.07,1.77,Bet365
2223,F1,2022-08-14,Brest,Marseille,1,1,A,0.5186435987071224,Bet365,-0.5,1.85,Bet365,2.5,1.73,2.13,Bet365
2223,I1,2022-08-14,Salernitana,Roma,0,1,A,0.6417963665795318,Bet365,-1.0,1.75,Bet365,2.5,1.77,2.08,Bet365
2223,I1,2022-08-14,Spezia,Empoli,1,0,H,0.38411044914558873,Bet365,0.0,1.8,Bet365,2.5,1.9,1.92,Bet365
2223,SP1,2022-08-15,Ath Bilbao,Mallorca,0,0,H,0.597165946307146,Bet365,-1.0,2.09,Bet365,2.5,2.16,1.7,Bet365
2223,SP1,2022-08-15,Getafe,Ath Madrid,0,3,A,0.49932193309522016,Bet365,-0.5,1.85,Bet365,2.5,2.71,1.47,Bet365
2223,E0,2022-08-15,Liverpool,Crystal Palace,1,1,H,0.8008541164762863,Bet365,-2.0,2.01,Bet365,2.5,1.55,2.46,Bet365
2223,D1,2022-08-19,MGladbach,Hertha,1,0,H,0.630988782247289,Bet365,-1.0,1.81,Bet365,2.5,1.51,2.59,Bet365
2223,SP1,2022-08-19,Sevilla,Valladolid,1,1,H,0.6269889820310978,Bet365,-1.0,1.94,Bet365,2.5,1.95,1.88,Bet365
2223,D1,2022-08-20,Dortmund,Werder Bremen,2,3,H,0.69088429156732,Bet365,-1.5,2.02,Bet365,2.5,1.4,2.97,Bet365
2223,D1,2022-08-20,Stuttgart,Freiburg,0,1,A,0.36740629544495,Bet365,-0.0,1.94,Bet365,2.5,1.73,2.13,Bet365
2223,D1,2022-08-20,Wolfsburg,Schalke 04,0,0,H,0.5180020947892118,Bet365,-0.5,1.84,Bet365,2.5,1.67,2.24,Bet365
2223,E0,2022-08-20,Crystal Palace,Aston Villa,3,1,H,0.3805899143672693,Bet365,0.0,1.78,Bet365,2.5,2.19,1.69,Bet365
2223,E0,2022-08-20,Everton,Nottm Forest,1,1,H,0.487207939684943,Bet365,-0.5,1.98,Bet365,2.5,2.06,1.78,Bet365
2223,E0,2022-08-20,Leicester,Southampton,1,2,H,0.5188493841806621,Bet365,-0.5,1.84,Bet365,2.5,1.63,2.29,Bet365
2223,SP1,2022-08-20,Osasuna,Cadiz,2,0,H,0.49083399458788585,Bet365,-0.5,1.95,Bet365,2.5,2.42,1.57,Bet365
2223,F1,2022-08-20,Marseille,Nantes,2,1,H,0.5996392516931104,Bet365,-1.0,2.04,Bet365,2.5,1.79,2.04,Bet365
2223,F1,2022-08-21,Clermont,Nice,1,0,A,0.45932908804800204,Bet365,-0.5,2.09,Bet365,2.5,2.0,1.82,Bet365
2223,F1,2022-08-21,Toulouse,Lorient,2,2,H,0.47258295699273245,Bet365,-0.5,2.01,Bet365,2.5,2.01,1.82,Bet365
2223,E0,2022-08-21,Leeds,Chelsea,3,0,A,0.6206284743632451,Bet365,-1.0,1.89,Bet365,2.5,1.68,2.21,Bet365
2223,D1,2022-08-21,Ein Frankfurt,FC Koln,1,1,H,0.4691654803308525,Bet365,-0.5,2.03,Bet365,2.5,1.67,2.23,Bet365
2223,I1,2022-08-21,Empoli,Fiorentina,0,0,A,0.49342884675828863,Bet365,-0.5,1.93,Bet365,2.5,1.66,2.23,Bet365
2223,I1,2022-08-21,Napoli,Monza,4,0,H,0.7097178683385581,Bet365,-1.5,1.96,Bet365,2.5,1.52,2.55,Bet365
2223,SP1,2022-08-21,Ath Madrid,Villarreal,0,2,H,0.49640625958046913,Bet365,-0.5,1.95,Bet365,2.5,2.05,1.78,Bet365
2223,I1,2022-08-22,Sampdoria,Juventus,0,0,A,0.5962888665997993,Bet365,-1.0,2.07,Bet365,2.5,1.85,1.96,Bet365
2223,E0,2022-08-22,Man United,Liverpool,2,1,A,0.5981540200295105,Bet365,-1.0,2.02,Bet365,2.5,1.5,2.58,Bet365
2223,SP1,2022-08-22,Girona,Getafe,3,1,H,0.3406499763740414,Bet365,0.0,1.89,Bet365,2.5,2.89,1.41,Bet365
2223,SP1,2022-08-26,Girona,Celta,0,1,A,0.3489432324888524,Bet365,-0.0,1.97,Bet365,2.5,2.21,1.68,Bet365
2223,D1,2022-08-26,Freiburg,Bochum,1,0,H,0.6367950921448905,Bet365,-1.0,1.84,Bet365,2.5,1.61,2.34,Bet365
2223,I1,2022-08-26,Lazio,Inter,3,1,A,0.51,Bet365,-0.5,1.9,Bet365,2.5,1.67,2.21,Bet365
2223,D1,2022-08-27,Mainz,Leverkusen,0,3,A,0.39126454818883216,Bet365,-0.0,1.86,Bet365,2.5,1.61,2.34,Bet365
2223,E0,2022-08-27,Brentford,Everton,1,1,H,0.46727246100377556,Bet365,-0.5,2.07,Bet365,2.5,2.04,1.8,Bet365
2223,E0,2022-08-27,Brighton,Leeds,1,0,H,0.5038198054824656,Bet365,-0.5,1.91,Bet365,2.5,1.82,2.01,Bet365
2223,E0,2022-08-27,Liverpool,Bournemouth,9,0,H,0.8675608569379166,Bet365,-2.5,1.86,Bet365,2.5,1.36,3.16,Bet365
2223,E0,2022-08-27,Man City,Crystal Palace,4,2,H,0.8094280926099756,Bet365,-2.0,1.91,Bet365,2.5,1.45,2.77,Bet365
2223,E0,2022-08-27,Arsenal,Fulham,2,1,H,0.7306736779974781,Bet365,-1.5,1.87,Bet365,2.5,1.49,2.62,Bet365
2223,SP1,2022-08-27,Vallecano,Mallorca,0,2,H,0.4638665909310126,Bet365,-0.5,2.07,Bet365,2.5,2.34,1.61,Bet365
2223,I1,2022-08-27,Milan,Bologna,2,0,H,0.7113089419435211,Bet365,-1.5,2.01,Bet365,2.5,1.61,2.34,Bet365
2223,F1,2022-08-27,Lens,Rennes,2,1,H,0.37658904971680296,Bet365,0.0,1.88,Bet365,2.5,1.72,2.14,Bet365
2223,F1,2022-08-28,Brest,Montpellier,0,7,H,0.4982555514509708,Bet365,-0.5,1.92,Bet365,2.5,1.73,2.13,Bet365
2223,F1,2022-08-28,Lorient,Clermont,2,1,H,0.4636317822946414,Bet365,-0.5,2.06,Bet365,2.5,2.01,1.82,Bet365
2223,F1,2022-08-28,Nice,Marseille,0,3,A,0.37767586499348205,Bet365,-0.0,1.84,Bet365,2.5,1.94,1.88,Bet365
2223,F1,2022-08-28,Troyes,Angers,3,1,H,0.38688533690734406,Bet365,0.0,1.77,Bet365,2.5,2.07,1.77,Bet365
2223,E0,2022-08-28,Wolves,Newcastle,1,1,A,0.35586694188631307,Bet365,-0.0,1.93,Bet365,2.5,2.11,1.75,Bet365
2223,SP1,2022-08-28,Getafe,Villarreal,0,0,A,0.5015442205592439,Bet365,-0.5,1.92,Bet365,2.5,2.37,1.6,Bet365
2223,D1,2022-08-28,Werder Bremen,Ein Frankfurt,3,4,H,0.38209127311821256,Bet365,0.0,1.82,Bet365,2.5,1.63,2.31,Bet365
2223,SP1,2022-08-29,Valencia,Ath Madrid,0,1,A,0.4729060906980934,Bet365,-0.5,2.04,Bet365,2.5,2.25,1.66,Bet365
2223,I1,2022-08-30,Sassuolo,Milan,0,0,A,0.6000461958962646,Bet365,-1.0,1.98,Bet365,2.5,1.53,2.5,Bet365
2223,E0,2022-08-30,Crystal Palace,Brentford,1,1,H,0.4590206520327315,Bet365,-0.5,2.02,Bet365,2.5,2.09,1.77,Bet365
2223,I1,2022-08-30,Inter,Cremonese,3,1,H,0.8435019901023445,Bet365,-2.5,2.02,Bet365,2.5,1.29,3.56,Bet365
2223,I1,2022-08-30,Roma,Monza,3,0,H,0.7403496863883755,Bet365,-1.5,1.86,Bet365,2.5,1.52,2.54,Bet365
2223,I1,2022-08-31,Empoli,Verona,1,1,A,0.35964570218929304,Bet365,-0.0,1.93,Bet365,2.5,1.83,2.01,Bet365
2223,I1,2022-08-31,Sampdoria,Lazio,1,1,A,0.5063700361556204,Bet365,-0.5,1.9,Bet365,2.5,1.87,1.95,Bet365
2223,I1,2022-08-31,Udinese,Fiorentina,1,0,A,0.3709824404984988,Bet365,-0.0,1.91,Bet365,2.5,1.79,2.04,Bet365
2223,F1,2022-08-31,Angers,Reims,2,4,H,0.3761232656777935,Bet365,0.0,1.83,Bet365,2.5,2.09,1.75,Bet365
2223,F1,2022-08-31,Monaco,Troyes,2,4,H,0.7055635138797476,Bet365,-1.5,2.03,Bet365,2.5,1.54,2.49,Bet365
2223,F1,2022-08-31,Strasbourg,Nantes,1,1,H,0.4999709496061109,Bet365,-0.5,1.9,Bet365,2.5,1.91,1.9,Bet365
2223,E0,2022-08-31,Man City,Nottm Forest,6,0,H,0.8936853169469599,Bet365,-3.0,2.02,Bet365,2.5,1.24,4.07,Bet365
2223,E0,2022-08-31,West Ham,Tottenham,1,1,A,0.4782052772288737,Bet365,-0.5,2.04,Bet365,2.5,1.75,2.1,Bet365
2223,I1,2022-08-31,Juventus,Spezia,2,0,H,0.7538026273397718,Bet365,-1.5,1.77,Bet365,2.5,1.66,2.23,Bet365
2223,F1,2022-08-31,Lens,Lorient,5,2,H,0.6199233862514533,Bet365,-1.0,1.94,Bet365,2.5,1.75,2.09,Bet365
2223,F1,2022-08-31,Lille,Nice,1,2,H,0.46868081781481963,Bet365,-0.5,2.04,Bet365,2.5,1.98,1.85,Bet365
2223,F1,2022-08-31,Toulouse,Paris SG,0,3,A,0.7855399012332872,Bet365,-2.0,1.98,Bet365,2.5,1.33,3.31,Bet365
2223,E0,2022-08-31,Liverpool,Newcastle,2,1,H,0.7340976804487428,Bet365,-1.5,1.87,Bet365,2.5,1.49,2.61,Bet365
2223,I1,2022-09-01,Bologna,Salernitana,1,1,H,0.5081493955614362,Bet365,-0.5,1.89,Bet365,2.5,1.79,2.04,Bet365
2223,E0,2022-09-01,Leicester,Man United,0,1,A,0.4650416107382551,Bet365,-0.5,2.02,Bet365,2.5,1.63,2.3,Bet365
2223,D1,2022-09-02,Dortmund,Hoffenheim,1,0,H,0.5789400573422532,Bet365,-1.0,2.06,Bet365,2.5,1.39,3.04,Bet365
2223,D1,2022-09-03,Leverkusen,Freiburg,2,3,H,0.5003045932664582,Bet365,-0.5,1.9,Bet365,2.5,1.55,2.46,Bet365
2223,D1,2022-09-03,Union Berlin,Bayern Munich,1,1,A,0.6969461978164875,Bet365,-1.5,2.02,Bet365,2.5,1.42,2.88,Bet365
2223,E0,2022-09-03,Chelsea,West Ham,2,1,H,0.6207596793185873,Bet365,-1.0,1.93,Bet365,2.5,1.74,2.12,Bet365
2223,E0,2022-09-03,Newcastle,Crystal Palace,0,0,H,0.46980247264459296,Bet365,-0.5,2.05,Bet365,2.5,2.05,1.79,Bet365
2223,E0,2022-09-03,Nottm Forest,Bournemouth,2,3,H,0.47587033544270324,Bet365,-0.5,2.02,Bet365,2.5,2.1,1.75,Bet365
2223,I1,2022-09-03,Milan,Inter,3,2,A,0.36501385601636555,Bet365,-0.0,1.84,Bet365,2.5,1.84,1.99,Bet365
2223,SP1,2022-09-03,Sociedad,Ath Madrid,1,1,A,0.37236989356551553,Bet365,-0.0,1.8,Bet365,2.5,2.31,1.63,Bet365
2223,D1,2022-09-03,Ein Frankfurt,RB Leipzig,4,0,A,0.47325954203899995,Bet365,-0.5,2.02,Bet365,2.5,1.61,2.35,Bet365
2223,E0,2022-09-03,Aston Villa,Man City,1,1,A,0.7188279292648511,Bet365,-1.5,1.95,Bet365,2.5,1.52,2.54,Bet365
2223,F1,2022-09-03,Lyon,Angers,5,0,H,0.7362351363373809,Bet365,-1.5,1.75,Bet365,2.5,1.44,2.78,Bet365
2223,SP1,2022-09-04,Osasuna,Vallecano,2,1,H,0.4661690403675863,Bet365,-0.5,2.04,Bet365,2.5,2.33,1.61,Bet365
2223,F1,2022-09-04,Brest,Strasbourg,1,1,A,0.38187085764178275,Bet365,-0.0,1.84,Bet365,2.5,1.89,1.92,Bet365
2223,E0,2022-09-04,Brighton,Leicester,5,2,H,0.5150480717992771,Bet365,-0.5,1.86,Bet365,2.5,1.97,1.86,Bet365
2223,D1,2022-09-04,Augsburg,Hertha,0,2,H,0.3776327522667908,Bet365,0.0,1.8,Bet365,2.5,1.86,1.96,Bet365
2223,SP1,2022-09-04,Ath Bilbao,Espanol,0,1,H,0.610684629562772,Bet365,-1.0,1.99,Bet365,2.5,2.06,1.78,Bet365
2223,F1,2022-09-04,Troyes,Rennes,1,1,A,0.5215045153108749,Bet365,-0.5,1.7,Bet365,2.5,1.81,2.02,Bet365
2223,E0,2022-09-04,Man United,Arsenal,3,1,H,0.36863106558237757,Bet365,0.0,1.9,Bet365,2.5,1.7,2.18,Bet365
2223,I1,2022-09-04,Verona,Sampdoria,2,1,H,0.4652237195594401,Bet365,-0.5,2.06,Bet365,2.5,1.89,1.93,Bet365
2223,SP1,2022-09-04,Villarreal,Elche,4,0,H,0.7107515425413587,Bet365,-1.5,2.03,Bet365,2.5,1.73,2.13,Bet365
2223,F1,2022-09-04,Nice,Monaco,0,1,A,0.3887959996874756,Bet365,-0.0,1.83,Bet365,2.5,1.8,2.03,Bet365
2223,I1,2022-09-04,Udinese,Roma,4,0,A,0.4998645059888353,Bet365,-0.5,1.95,Bet365,2.5,1.82,2.01,Bet365
2223,SP1,2022-09-04,Valencia,Getafe,5,1,H,0.48872790182191705,Bet365,-0.5,1.96,Bet365,2.5,2.62,1.48,Bet365
2223,I1,2022-09-05,Monza,Atalanta,0,2,A,0.6069494358964092,Bet365,-1.0,2.0,Bet365,2.5,1.65,2.26,Bet365
2223,D1,2022-09-09,Werder Bremen,Augsburg,0,1,H,0.6225022176015567,Bet365,-1.0,1.87,Bet365,2.5,1.57,2.44,Bet365
2223,F1,2022-09-09,Lens,Troyes,1,0,H,0.637904468412943,Bet365,-1.0,1.75,Bet365,2.5,1.6,2.35,Bet365
2223,SP1,2022-09-10,Vallecano,Valencia,2,1,H,0.3680880880880881,Bet365,0.0,1.84,Bet365,2.5,2.15,1.71,Bet365
2223,D1,2022-09-10,Bayern Munich,Stuttgart,2,2,H,0.8291573787231611,Bet365,-2.5,2.02,Bet365,2.5,1.23,4.19,Bet365
2223,D1,2022-09-10,Ein Frankfurt,Wolfsburg,0,1,H,0.46978128639834343,Bet365,-0.5,2.07,Bet365,2.5,1.68,2.21,Bet365
2223,D1,2022-09-10,Hertha,Leverkusen,2,2,A,0.4968401512359582,Bet365,-0.5,1.94,Bet365,2.5,1.53,2.52,Bet365
2223,SP1,2022-09-10,Espanol,Sevilla,2,3,A,0.37723822769719845,Bet365,-0.0,1.81,Bet365,2.5,2.19,1.68,Bet365
2223,F1,2022-09-10,Paris SG,Brest,1,0,H,0.8895305931902783,Bet365,-3.0,1.96,Bet365,2.5,1.19,4.56,Bet365
2223,D1,2022-09-10,Schalke 04,Bochum,3,1,H,0.4697279107225034,Bet365,-0.5,2.07,Bet365,2.5,1.72,2.15,Bet365
2223,I1,2022-09-10,Sampdoria,Milan,1,2,A,0.6294400832718914,Bet365,-1.0,1.9,Bet365,2.5,1.75,2.09,Bet365
2223,F1,2022-09-10,Marseille,Lille,2,1,H,0.483289076091933,Bet365,-0.5,2.0,Bet365,2.5,1.78,2.06,Bet365
2223,I1,2022-09-11,Atalanta,Cremonese,1,1,H,0.7205627112450899,Bet365,-1.5,1.95,Bet365,2.5,1.58,2.39,Bet365
2223,F1,2022-09-11,Angers,Montpellier,2,1,H,0.3933541308843633,Bet365,0.0,1.82,Bet365,2.5,1.72,2.13,Bet365
2223,I1,2022-09-11,Sassuolo,Udinese,1,3,A,0.37117450732961443,Bet365,-0.0,1.9,Bet365,2.5,1.67,2.21,Bet365
2223,SP1,2022-09-11,Elche,Ath Bilbao,1,4,A,0.4921649378834225,Bet365,-0.5,1.95,Bet365,2.5,2.21,1.67,Bet365
2223,D1,2022-09-11,Freiburg,MGladbach,0,0,H,0.4680319590556049,Bet365,-0.5,2.04,Bet365,2.5,1.59,2.39,Bet365
2223,I1,2022-09-11,Lazio,Verona,2,0,H,0.6007980636130937,Bet365,-1.0,1.99,Bet365,2.5,1.67,2.21,Bet365
2223,F1,2022-09-11,Monaco,Lyon,2,1,H,0.3812428814379106,Bet365,0.0,1.86,Bet365,2.5,1.56,2.42,Bet365
2223,SP1,2022-09-12,Almeria,Osasuna,0,1,H,0.35705373798968965,Bet365,0.0,1.91,Bet365,2.5,2.23,1.66,Bet365
2223,SP1,2022-09-16,Valladolid,Cadiz,0,1,H,0.4700381018358157,Bet365,-0.5,2.04,Bet365,2.5,2.41,1.58,Bet365
2223,F1,2022-09-16,Auxerre,Lorient,1,3,A,0.36351803718490155,Bet365,-0.0,1.92,Bet365,2.5,1.92,1.89,Bet365
2223,E0,2022-09-16,Nottm Forest,Fulham,2,3,A,0.3744654832501754,Bet365,-0.0,1.89,Bet365,2.5,1.88,1.94,Bet365
2223,E0,2022-09-17,Wolves,Man City,0,3,A,0.7195086053783794,Bet365,-1.5,1.97,Bet365,2.5,1.58,2.39,Bet365
2223,SP1,2022-09-17,Mallorca,Almeria,1,0,H,0.4677761963681617,Bet365,-0.5,2.03,Bet365,2.5,2.23,1.66,Bet365
2223,D1,2022-09-17,Dortmund,Schalke 04,1,0,H,0.6918168291707012,Bet365,-1.5,2.03,Bet365,2.5,1.44,2.81,Bet365
2223,D1,2022-09-17,Leverkusen,Werder Bremen,1,1,H,0.5817715444127259,Bet365,-1.0,2.05,Bet365,2.5,1.47,2.69,Bet365
2223,F1,2022-09-17,Montpellier,Strasbourg,2,1,H,0.38042804276478187,Bet365,0.0,1.85,Bet365,2.5,1.84,1.98,Bet365
2223,I1,2022-09-17,Spezia,Sampdoria,2,1,H,0.355618936219646,Bet365,0.0,1.94,Bet365,2.5,2.0,1.8,Bet365
2223,I1,2022-09-17,Torino,Sassuolo,0,1,H,0.5232882814542708,Bet365,-0.5,1.77,Bet365,2.5,1.77,2.07,Bet365
2223,SP1,2022-09-17,Ath Bilbao,Vallecano,3,2,H,0.6193139233208418,Bet365,-1.0,1.97,Bet365,2.5,1.99,1.83,Bet365
2223,I1,2022-09-18,Udinese,Inter,3,1,A,0.4983632154939802,Bet365,-0.5,1.92,Bet365,2.5,1.68,2.2,Bet365
2223,SP1,2022-09-18,Osasuna,Getafe,0,2,H,0.5234242026842266,Bet365,-0.5,1.84,Bet365,2.5,2.58,1.51,Bet365
2223,F1,2022-09-18,Brest,Ajaccio,0,1,H,0.46270488659319314,Bet365,-0.5,2.07,Bet365,2.5,2.28,1.63,Bet365
2223,F1,2022-09-18,Marseille,Rennes,1,1,H,0.46352400703733365,Bet365,-0.5,2.05,Bet365,2.5,1.79,2.04,Bet365
2223,I1,2022-09-18,Monza,Juventus,1,0,A,0.5197179394777596,Bet365,-0.5,1.85,Bet365,2.5,1.94,1.87,Bet365
2223,D1,2022-09-18,Union Berlin,Wolfsburg,2,0,H,0.47464332728501796,Bet365,-0.5,2.03,Bet365,2.5,1.98,1.84,Bet365
2223,I1,2022-09-18,Roma,Atalanta,0,1,H,0.46233570091821435,Bet365,-0.5,2.06,Bet365,2.5,1.83,2.0,Bet365
2223,F1,2022-09-18,Lyon,Paris SG,0,1,A,0.586522455717933,Bet365,-1.0,2.04,Bet365,2.5,1.38,3.05,Bet365
2223,D1,2022-09-30,Bayern Munich,Leverkusen,4,0,H,0.700563353223988,Bet365,-1.5,1.91,Bet365,2.5,1.3,3.56,Bet365
2223,E0,2022-10-01,Arsenal,Tottenham,3,1,H,0.46299226188763914,Bet365,-0.5,2.06,Bet365,2.5,1.71,2.16,Bet365
2223,SP1,2022-10-01,Cadiz,Villarreal,0,0,A,0.5905726692262968,Bet365,-1.0,2.0,Bet365,2.5,1.98,1.84,Bet365
2223,I1,2022-10-01,Napoli,Torino,3,1,H,0.5971352997214731,Bet365,-1.0,2.06,Bet365,2.5,1.8,2.02,Bet365
2223,E0,2022-10-01,Crystal Palace,Chelsea,1,2,A,0.506302625184715,Bet365,-0.5,1.91,Bet365,2.5,2.04,1.79,Bet365
2223,E0,2022-10-01,Liverpool,Brighton,3,3,H,0.7026931577206359,Bet365,-1.5,2.01,Bet365,2.5,1.56,2.46,Bet365
2223,I1,2022-10-01,Inter,Roma,1,2,H,0.4607311896965409,Bet365,-0.5,2.07,Bet365,2.5,1.81,2.02,Bet365
2223,D1,2022-10-01,Werder Bremen,MGladbach,5,1,A,0.3740976121429012,Bet365,-0.0,1.95,Bet365,2.5,1.55,2.47,Bet365
2223,E0,2022-10-01,West Ham,Wolves,2,0,H,0.49044934595807566,Bet365,-0.5,1.98,Bet365,2.5,2.16,1.71,Bet365
2223,I1,2022-10-01,Empoli,Milan,1,3,A,0.5937666734126912,Bet365,-1.0,2.08,Bet365,2.5,1.81,2.02,Bet365
2223,SP1,2022-10-02,Espanol,Valencia,2,2,A,0.3545008235651576,Bet365,-0.0,1.95,Bet365,2.5,2.02,1.81,Bet365
2223,I1,2022-10-02,Lecce,Cremonese,1,1,H,0.45930523281466,Bet365,-0.5,2.08,Bet365,2.5,1.99,1.83,Bet365
2223,I1,2022-10-02,Sassuolo,Salernitana,5,0,H,0.4679008398965387,Bet365,-0.5,2.06,Bet365,2.5,1.69,2.18,Bet365
2223,F1,2022-10-02,Auxerre,Brest,1,1,A,0.36791923280653344,Bet365,-0.0,1.92,Bet365,2.5,1.81,2.02,Bet365
2223,F1,2022-10-02,Toulouse,Montpellier,4,2,H,0.49803749348118465,Bet365,-0.5,1.92,Bet365,2.5,1.72,2.15,Bet365
2223,F1,2022-10-02,Troyes,Reims,2,2,H,0.3802961932213498,Bet365,0.0,1.83,Bet365,2.5,1.9,1.92,Bet365
2223,E0,2022-10-02,Man City,Man United,6,3,H,0.7114439503861456,Bet365,-1.5,1.93,Bet365,2.5,1.44,2.79,Bet365
2223,SP1,2022-10-02,Celta,Betis,1,0,H,0.38593983240267593,Bet365,0.0,1.8,Bet365,2.5,2.0,1.82,Bet365
2223,F1,2022-10-02,Monaco,Nantes,4,1,H,0.6150497204769207,Bet365,-1.0,1.93,Bet365,2.5,1.64,2.27,Bet365
2223,D1,2022-10-02,Schalke 04,Augsburg,2,3,H,0.4836573742144996,Bet365,-0.5,1.98,Bet365,2.5,1.79,2.04,Bet365
2223,I1,2022-10-02,Atalanta,Fiorentina,1,0,H,0.4851771714390086,Bet365,-0.5,1.97,Bet365,2.5,1.89,1.93,Bet365
2223,F1,2022-10-02,Lens,Lyon,1,0,H,0.37728539544135165,Bet365,0.0,1.91,Bet365,2.5,1.58,2.4,Bet365
2223,I1,2022-10-02,Juventus,Bologna,3,0,H,0.6312384180074215,Bet365,-1.0,1.86,Bet365,2.5,1.84,1.98,Bet365
2223,SP1,2022-10-02,Real Madrid,Osasuna,1,1,H,0.7210052999146648,Bet365,-1.5,1.95,Bet365,2.5,1.6,2.34,Bet365
2223,D1,2022-10-07,Hoffenheim,Werder Bremen,1,2,H,0.4733170277607682,Bet365,-0.5,2.05,Bet365,2.5,1.56,2.44,Bet365
2223,D1,2022-10-08,Bochum,Ein Frankfurt,3,0,A,0.5052066728638882,Bet365,-0.5,1.91,Bet365,2.5,1.65,2.28,Bet365
2223,E0,2022-10-08,Bournemouth,Leicester,2,1,A,0.46129172771551896,Bet365,-0.5,2.05,Bet365,2.5,1.84,1.99,Bet365
2223,E0,2022-10-08,Man City,Southampton,4,0,H,0.8608126637399286,Bet365,-2.5,1.87,Bet365,2.5,1.25,3.9,Bet365
2223,SP1,2022-10-08,Ath Madrid,Girona,2,1,H,0.644540241911857,Bet365,-1.0,1.81,Bet365,2.5,1.93,1.9,Bet365
2223,D1,2022-10-08,Dortmund,Bayern Munich,2,2,A,0.5781654467553334,Bet365,-1.0,2.06,Bet365,2.5,1.36,3.19,Bet365
2223,E0,2022-10-08,Brighton,Tottenham,0,1,A,0.37337138312554086,Bet365,-0.0,1.86,Bet365,2.5,1.86,1.98,Bet365
2223,I1,2022-10-08,Bologna,Sampdoria,1,1,H,0.46452851315684235,Bet365,-0.5,2.07,Bet365,2.5,1.94,1.89,Bet365
2223,F1,2022-10-08,Reims,Paris SG,0,0,A,0.686753062747699,Bet365,-1.5,2.06,Bet365,2.5,1.44,2.76,Bet365
2223,SP1,2022-10-08,Getafe,Real Madrid,0,1,A,0.6401120515990697,Bet365,-1.0,1.83,Bet365,2.5,1.8,2.05,Bet365
2223,F1,2022-10-09,Montpellier,Monaco,0,2,A,0.49861066544687416,Bet365,-0.5,1.92,Bet365,2.5,1.55,2.44,Bet365
2223,SP1,2022-10-09,Valladolid,Betis,0,0,A,0.38665912945166764,Bet365,-0.0,1.78,Bet365,2.5,1.97,1.86,Bet365
2223,F1,2022-10-09,Angers,Strasbourg,2,3,H,0.3624149363112895,Bet365,0.0,1.94,Bet365,2.5,1.95,1.88,Bet365
2223,I1,2022-10-09,Monza,Spezia,2,0,H,0.5012852427079388,Bet365,-0.5,1.91,Bet365,2.5,2.0,1.83,Bet365
2223,I1,2022-10-09,Salernitana,Verona,2,1,H,0.3908101875455921,Bet365,0.0,1.75,Bet365,2.5,1.82,2.01,Bet365
2223,I1,2022-10-09,Udinese,Atalanta,2,2,H,0.37337543837377213,Bet365,0.0,1.86,Bet365,2.5,1.85,1.98,Bet365
2223,E0,2022-10-09,Crystal Palace,Leeds,2,1,H,0.4647584934566129,Bet365,-0.5,2.04,Bet365,2.5,1.85,1.99,Bet365
2223,D1,2022-10-09,MGladbach,FC Koln,5,2,H,0.4798604057791726,Bet365,-0.5,1.99,Bet365,2.5,1.62,2.34,Bet365
2223,SP1,2022-10-09,Cadiz,Espanol,2,2,A,0.3632880306533025,Bet365,-0.0,1.88,Bet365,2.5,2.4,1.58,Bet365
2223,F1,2022-10-09,Rennes,Nantes,3,0,H,0.6327510727555488,Bet365,-1.0,1.83,Bet365,2.5,1.68,2.17,Bet365
2223,E0,2022-10-09,Arsenal,Liverpool,3,2,H,0.37337378752355993,Bet365,0.0,1.93,Bet365,2.5,1.6,2.38,Bet365
2223,SP1,2022-10-09,Sociedad,Villarreal,1,0,H,0.3738266827255316,Bet365,0.0,1.86,Bet365,2.5,2.06,1.79,Bet365
2223,D1,2022-10-09,Stuttgart,Union Berlin,0,1,H,0.36799107621342464,Bet365,0.0,1.83,Bet365,2.5,2.15,1.72,Bet365
2223,E0,2022-10-09,Everton,Man United,1,2,A,0.4606432118666734,Bet365,-0.5,2.1,Bet365,2.5,1.85,1.99,Bet365
2223,SP1,2022-10-09,Barcelona,Celta,1,0,H,0.7470436126823091,Bet365,-1.5,1.83,Bet365,2.5,1.56,2.43,Bet365
2223,I1,2022-10-10,Fiorentina,Lazio,0,4,H,0.38779975253844495,Bet365,0.0,1.79,Bet365,2.5,1.87,1.96,Bet365
2223,SP1,2022-10-10,Elche,Mallorca,1,1,A,0.3740731270774738,Bet365,-0.0,1.79,Bet365,2.5,2.54,1.52,Bet365
2223,D1,2022-10-14,Schalke 04,Hoffenheim,0,3,A,0.4827262899744261,Bet365,-0.5,2.01,Bet365,2.5,1.68,2.21,Bet365
2223,SP1,2022-10-14,Vallecano,Getafe,0,0,H,0.4643882520575912,Bet365,-0.5,2.07,Bet365,2.5,2.54,1.51,Bet365
2223,SP1,2022-10-15,Girona,Cadiz,1,1,H,0.5019244353779221,Bet365,-0.5,1.93,Bet365,2.5,2.46,1.56,Bet365
2223,I1,2022-10-15,Empoli,Monza,1,0,H,0.3770186014946283,Bet365,0.0,1.83,Bet365,2.5,1.95,1.87,Bet365
2223,D1,2022-10-15,Ein Frankfurt,Leverkusen,5,1,A,0.3871262162956546,Bet365,-0.0,1.84,Bet365,2.5,1.63,2.31,Bet365
2223,D1,2022-10-15,Wolfsburg,MGladbach,2,2,A,0.3699482828032578,Bet365,-0.0,1.92,Bet365,2.5,1.65,2.27,Bet365
2223,E0,2022-10-15,Fulham,Bournemouth,2,2,H,0.5087267922953899,Bet365,-0.5,1.88,Bet365,2.5,1.9,1.92,Bet365
2223,SP1,2022-10-15,Mallorca,Sevilla,0,1,A,0.36452845284528457,Bet365,-0.0,1.88,Bet365,2.5,2.34,1.61,Bet365
2223,I1,2022-10-16,Inter,Salernitana,2,0,H,0.7411495613186614,Bet365,-1.5,1.77,Bet365,2.5,1.47,2.68,Bet365
2223,F1,2022-10-16,Toulouse,Angers,3,2,H,0.5156923260920842,Bet365,-0.5,1.84,Bet365,2.5,1.73,2.13,Bet365
2223,SP1,2022-10-16,Celta,Sociedad,1,2,H,0.3717915107605042,Bet365,0.0,1.83,Bet365,2.5,2.22,1.67,Bet365
2223,E0,2022-10-16,Leeds,Arsenal,0,1,A,0.6167802575045521,Bet365,-1.0,1.92,Bet365,2.5,1.62,2.31,Bet365
2223,E0,2022-10-16,Man United,Newcastle,0,0,H,0.4814530481208779,Bet365,-0.5,2.01,Bet365,2.5,1.7,2.18,Bet365
2223,F1,2022-10-16,Monaco,Clermont,1,1,H,0.7004765933129254,Bet365,-1.5,2.05,Bet365,2.5,1.61,2.32,Bet365
2223,E0,2022-10-16,Liverpool,Man City,1,0,A,0.504760258490014,Bet365,-0.5,1.91,Bet365,2.5,1.46,2.7,Bet365
2223,F1,2022-10-16,Paris SG,Marseille,1,0,H,0.7142355566817997,Bet365,-1.5,1.93,Bet365,2.5,1.45,2.71,Bet365
2223,I1,2022-10-16,Verona,Milan,1,2,A,0.6123006544253129,Bet365,-1.0,1.98,Bet365,2.5,1.77,2.06,Bet365
2223,SP1,2022-10-16,Betis,Almeria,3,1,H,0.6067085932983833,Bet365,-1.0,2.03,Bet365,2.5,1.83,1.99,Bet365
2223,I1,2022-10-17,Lecce,Fiorentina,1,1,A,0.46211490727246957,Bet365,-0.5,2.07,Bet365,2.5,2.13,1.72,Bet365
2223,SP1,2022-10-17,Villarreal,Osasuna,2,0,H,0.6072753097135644,Bet365,-1.0,2.02,Bet365,2.5,1.85,1.97,Bet365
2223,SP1,2022-10-18,Getafe,Ath Bilbao,2,2,A,0.5031053855222514,Bet365,-0.5,1.93,Bet365,2.5,2.34,1.61,Bet365
2223,SP1,2022-10-18,Ath Madrid,Vallecano,1,1,H,0.6275917325117087,Bet365,-1.0,1.95,Bet365,2.5,2.15,1.72,Bet365
2223,SP1,2022-10-19,Valladolid,Celta,4,1,A,0.3759692535904524,Bet365,-0.0,1.79,Bet365,2.5,2.14,1.73,Bet365
2223,SP1,2022-10-19,Sociedad,Mallorca,1,0,H,0.6177678960961396,Bet365,-1.0,2.0,Bet365,2.5,2.07,1.77,Bet365
2223,E0,2022-10-19,Bournemouth,Southampton,0,1,A,0.3575542493516132,Bet365,-0.0,1.95,Bet365,2.5,2.05,1.78,Bet365
2223,E0,2022-10-19,Newcastle,Everton,1,0,H,0.5864055116230967,Bet365,-1.0,2.09,Bet365,2.5,1.88,1.94,Bet365
2223,SP1,2022-10-19,Elche,Real Madrid,0,3,A,0.7311441765007696,Bet365,-1.5,1.86,Bet365,2.5,1.51,2.57,Bet365
2223,SP1,2022-10-20,Almeria,Girona,3,2,H,0.3673582109123854,Bet365,0.0,1.89,Bet365,2.5,2.15,1.71,Bet365
2223,E0,2022-10-20,Fulham,Aston Villa,3,0,A,0.38381146103668373,Bet365,-0.0,1.82,Bet365,2.5,1.94,1.88,Bet365
2223,F1,2022-10-21,Ajaccio,Paris SG,0,3,A,0.7359961313341886,Bet365,-1.5,1.94,Bet365,2.5,1.72,2.15,Bet365
2223,I1,2022-10-22,Salernitana,Spezia,1,0,H,0.47384932006088365,Bet365,-0.5,2.02,Bet365,2.5,1.95,1.87,Bet365
2223,D1,2022-10-22,Augsburg,RB Leipzig,3,3,A,0.6073240612870687,Bet365,-1.0,1.97,Bet365,2.5,1.57,2.42,Bet365
2223,D1,2022-10-22,Dortmund,Stuttgart,5,0,H,0.6205810356932769,Bet365,-1.0,1.92,Bet365,2.5,1.59,2.39,Bet365
2223,D1,2022-10-22,Freiburg,Werder Bremen,2,0,H,0.49771899207005293,Bet365,-0.5,1.93,Bet365,2.5,1.65,2.28,Bet365
2223,E0,2022-10-22,Everton,Crystal Palace,3,0,H,0.3727251128534093,Bet365,0.0,1.8,Bet365,2.5,2.22,1.67,Bet365
2223,E0,2022-10-22,Man City,Brighton,3,1,H,0.7945251348545899,Bet365,-2.0,2.06,Bet365,2.5,1.47,2.68,Bet365
2223,F1,2022-10-22,Montpellier,Lyon,1,2,A,0.5183182389105574,Bet365,-0.5,1.85,Bet365,2.5,1.57,2.39,Bet365
2223,I1,2022-10-22,Fiorentina,Inter,3,4,A,0.46645395245510685,Bet365,-0.5,2.06,Bet365,2.5,1.79,2.04,Bet365
2223,SP1,2022-10-22,Real Madrid,Sevilla,3,1,H,0.6986662713445732,Bet365,-1.5,2.05,Bet365,2.5,1.59,2.37,Bet365
2223,I1,2022-10-23,Udinese,Torino,1,2,H,0.4713522756133944,Bet365,-0.5,2.03,Bet365,2.5,2.02,1.8,Bet365
2223,F1,2022-10-23,Reims,Auxerre,2,1,H,0.5176184690157959,Bet365,-0.5,1.86,Bet365,2.5,1.93,1.88,Bet365
2223,E0,2022-10-23,Leeds,Fulham,2,3,H,0.4666623576219819,Bet365,-0.5,2.05,Bet365,2.5,1.73,2.13,Bet365
2223,E0,2022-10-23,Southampton,Arsenal,1,1,A,0.6085020562332961,Bet365,-1.0,1.97,Bet365,2.5,1.67,2.22,Bet365
2223,D1,2022-10-23,Bochum,Union Berlin,2,1,A,0.4979616939617074,Bet365,-0.5,1.94,Bet365,2.5,2.08,1.77,Bet365
2223,F1,2022-10-23,Nice,Nantes,1,1,H,0.5132887398027034,Bet365,-0.5,1.87,Bet365,2.5,2.0,1.82,Bet365
2223,E0,2022-10-23,Tottenham,Newcastle,1,2,H,0.459586941263324,Bet365,-0.5,2.05,Bet365,2.5,1.87,1.96,Bet365
2223,I1,2022-10-23,Atalanta,Lazio,0,2,H,0.484358756261223,Bet365,-0.5,1.99,Bet365,2.5,1.71,2.16,Bet365
2223,SP1,2022-10-23,Girona,Osasuna,1,1,H,0.369683624985514,Bet365,0.0,1.83,Bet365,2.5,2.28,1.64,Bet365
2223,F1,2022-10-23,Lille,Monaco,4,3,H,0.3940055762081784,Bet365,0.0,1.82,Bet365,2.5,1.68,2.2,Bet365
2223,SP1,2022-10-23,Barcelona,Ath Bilbao,4,0,H,0.6158996303088522,Bet365,-1.0,1.92,Bet365,2.5,1.62,2.32,Bet365
2223,I1,2022-10-24,Sassuolo,Verona,2,1,H,0.48637533947025,Bet365,-0.5,1.95,Bet365,2.5,1.71,2.13,Bet365
2223,E0,2022-10-24,West Ham,Bournemouth,2,0,H,0.6162962962962963,Bet365,-1.0,2.01,Bet365,2.5,1.93,1.89,Bet365
2223,D1,2022-10-28,Werder Bremen,Hertha,1,0,H,0.46768545621060575,Bet365,-0.5,2.03,Bet365,2.5,1.58,2.4,Bet365
2223,F1,2022-10-28,Lens,Toulouse,3,0,H,0.607447087221828,Bet365,-1.0,1.95,Bet365,2.5,1.61,2.33,Bet365
2223,D1,2022-10-29,Bayern Munich,Mainz,6,2,H,0.7663053638897221,Bet365,-2.0,2.05,Bet365,2.5,1.31,3.37,Bet365
2223,E0,2022-10-29,Crystal Palace,Southampton,1,0,H,0.4925891307250635,Bet365,-0.5,1.95,Bet365,2.5,2.03,1.8,Bet365
2223,SP1,2022-10-29,Cadiz,Ath Madrid,3,2,A,0.5977904027993474,Bet365,-1.0,2.11,Bet365,2.5,2.26,1.64,Bet365
2223,I1,2022-10-29,Lecce,Juventus,0,1,A,0.5049909801563439,Bet365,-0.5,1.91,Bet365,2.5,2.15,1.7,Bet365
2223,SP1,2022-10-29,Sevilla,Vallecano,0,1,H,0.48023252941031136,Bet365,-0.5,2.0,Bet365,2.5,2.16,1.69,Bet365
2223,SP1,2022-10-29,Valencia,Barcelona,0,1,A,0.6011129703856481,Bet365,-1.0,1.97,Bet365,2.5,1.6,2.35,Bet365
2223,F1,2022-10-30,Auxerre,Ajaccio,1,0,H,0.3698909279848671,Bet365,0.0,1.82,Bet365,2.5,2.41,1.56,Bet365
2223,SP1,2022-10-30,Osasuna,Valladolid,2,0,H,0.49556016413213944,Bet365,-0.5,1.92,Bet365,2.5,2.13,1.72,Bet365
2223,F1,2022-10-30,Brest,Reims,0,0,H,0.3688875721640817,Bet365,0.0,1.9,Bet365,2.5,1.92,1.89,Bet365
2223,F1,2022-10-30,Nantes,Clermont,1,1,H,0.47015182001097494,Bet365,-0.5,2.03,Bet365,2.5,1.85,1.96,Bet365
2223,F1,2022-10-30,Rennes,Montpellier,3,0,H,0.7100293747377255,Bet365,-1.5,1.98,Bet365,2.5,1.54,2.43,Bet365
2223,I1,2022-10-30,Cremonese,Udinese,0,0,A,0.5092493456049987,Bet365,-0.5,1.89,Bet365,2.5,1.73,2.1,Bet365
2223,I1,2022-10-30,Spezia,Fiorentina,1,2,A,0.5031603488177321,Bet365,-0.5,1.92,Bet365,2.5,1.91,1.89,Bet365
2223,E0,2022-10-30,Arsenal,Nottm Forest,5,0,H,0.7978391623969704,Bet365,-2.0,2.04,Bet365,2.5,1.5,2.57,Bet365
2223,D1,2022-10-30,Union Berlin,MGladbach,2,1,H,0.4632073726701992,Bet365,-0.5,2.04,Bet365,2.5,1.86,1.95,Bet365
2223,SP1,2022-10-30,Real Madrid,Girona,1,1,H,0.7901473439951663,Bet365,-2.0,2.04,Bet365,2.5,1.42,2.82,Bet365
2223,F1,2022-10-30,Lorient,Nice,1,2,H,0.3852456724181325,Bet365,0.0,1.81,Bet365,2.5,2.06,1.75,Bet365
2223,D1,2022-10-30,Schalke 04,Freiburg,0,2,A,0.5007922742188857,Bet365,-0.5,1.93,Bet365,2.5,1.76,2.08,Bet365
2223,I1,2022-10-30,Lazio,Salernitana,1,3,H,0.6395644856114387,Bet365,-1.0,1.75,Bet365,2.5,1.63,2.27,Bet365
2223,F1,2022-10-30,Lyon,Lille,1,0,H,0.46544396412013855,Bet365,-0.5,2.05,Bet365,2.5,1.61,2.32,Bet365
2223,SP1,2022-10-30,Sociedad,Betis,0,2,H,0.466885369232383,Bet365,-0.5,2.05,Bet365,2.5,2.03,1.79,Bet365
2223,I1,2022-10-31,Verona,Roma,1,3,A,0.5158732270683094,Bet365,-0.5,1.88,Bet365,2.5,1.91,1.88,Bet365
2223,SP1,2022-10-31,Elche,Getafe,0,1,H,0.35150577893537355,Bet365,0.0,1.87,Bet365,2.5,2.55,1.51,Bet365
2223,F1,2022-11-04,Troyes,Auxerre,1,1,H,0.48760498107457284,Bet365,-0.5,1.96,Bet365,2.5,1.86,1.96,Bet365
2223,SP1,2022-11-04,Girona,Ath Bilbao,2,1,A,0.4810484824317791,Bet365,-0.5,2.02,Bet365,2.5,1.97,1.85,Bet365
2223,I1,2022-11-05,Empoli,Sassuolo,1,0,A,0.3815474576471004,Bet365,-0.0,1.85,Bet365,2.5,1.7,2.17,Bet365
2223,D1,2022-11-05,Mainz,Wolfsburg,0,3,H,0.46785453262431015,Bet365,-0.5,2.06,Bet365,2.5,1.82,2.01,Bet365
2223,E0,2022-11-05,Man City,Fulham,2,1,H,0.8524515961918773,Bet365,-2.5,1.94,Bet365,2.5,1.27,3.79,Bet365
2223,E0,2022-11-05,Nottm Forest,Brentford,2,2,A,0.37096577378023576,Bet365,-0.0,1.88,Bet365,2.5,1.99,1.84,Bet365
2223,SP1,2022-11-05,Valladolid,Elche,2,1,H,0.526035601397438,Bet365,-0.5,1.82,Bet365,2.5,1.94,1.87,Bet365
2223,F1,2022-11-05,Ajaccio,Strasbourg,4,2,A,0.3568155139976523,Bet365,-0.0,1.89,Bet365,2.5,2.31,1.62,Bet365
2223,D1,2022-11-05,Werder Bremen,Schalke 04,2,1,H,0.5844454356148191,Bet365,-1.0,2.06,Bet365,2.5,1.59,2.37,Bet365
2223,E0,2022-11-06,Chelsea,Arsenal,0,1,H,0.3636750319013186,Bet365,0.0,1.93,Bet365,2.5,1.89,1.94,Bet365
2223,I1,2022-11-06,Sampdoria,Fiorentina,0,2,A,0.4904281130697531,Bet365,-0.5,1.96,Bet365,2.5,2.02,1.81,Bet365
2223,E0,2022-11-06,Southampton,Newcastle,1,4,A,0.4994500794329708,Bet365,-0.5,1.94,Bet365,2.5,1.9,1.92,Bet365
2223,E0,2022-11-06,West Ham,Crystal Palace,1,2,H,0.49505226007872954,Bet365,-0.5,1.94,Bet365,2.5,2.1,1.75,Bet365
2223,SP1,2022-11-06,Sociedad,Valencia,1,1,H,0.49179498053915766,Bet365,-0.5,1.94,Bet365,2.5,2.15,1.71,Bet365
2223,F1,2022-11-06,Lille,Rennes,1,1,H,0.3888901888293516,Bet365,0.0,1.82,Bet365,2.5,1.71,2.16,Bet365
2223,I1,2022-11-06,Roma,Lazio,0,1,H,0.47181266261925414,Bet365,-0.5,2.03,Bet365,2.5,1.91,1.91,Bet365
2223,SP1,2022-11-06,Villarreal,Mallorca,0,2,H,0.594172170471201,Bet365,-1.0,2.02,Bet365,2.5,2.12,1.73,Bet365
2223,I1,2022-11-08,Spezia,Udinese,1,1,A,0.4929181600337001,Bet365,-0.5,1.98,Bet365,2.5,1.93,1.89,Bet365
2223,D1,2022-11-08,Bayern Munich,Werder Bremen,6,1,H,0.8332639211708248,Bet365,-2.5,2.02,Bet365,2.5,1.21,4.21,Bet365
2223,D1,2022-11-08,Stuttgart,Hertha,2,1,H,0.489214924212981,Bet365,-0.5,1.96,Bet365,2.5,1.73,2.13,Bet365
2223,I1,2022-11-08,Cremonese,Milan,0,0,A,0.6210333095823443,Bet365,-1.0,1.98,Bet365,2.5,1.72,2.14,Bet365
2223,SP1,2022-11-08,Osasuna,Barcelona,1,2,A,0.623899727662264,Bet365,-1.0,1.93,Bet365,2.5,1.71,2.17,Bet365
2223,SP1,2022-11-09,Sevilla,Sociedad,1,2,H,0.3692056206722375,Bet365,0.0,1.84,Bet365,2.5,2.26,1.65,Bet365
2223,D1,2022-11-09,Ein Frankfurt,Hoffenheim,4,2,H,0.49704736175197844,Bet365,-0.5,1.94,Bet365,2.5,1.59,2.38,Bet365
2223,D1,2022-11-09,Schalke 04,Mainz,1,0,A,0.46139785882148143,Bet365,-0.5,2.02,Bet365,2.5,1.7,2.17,Bet365
2223,D1,2022-11-09,Union Berlin,Augsburg,2,2,H,0.6154533019226385,Bet365,-1.0,1.97,Bet365,2.5,1.82,2.02,Bet365
2223,I1,2022-11-09,Fiorentina,Salernitana,2,1,H,0.62104540179523,Bet365,-1.0,1.92,Bet365,2.5,1.76,2.09,Bet365
2223,I1,2022-11-09,Inter,Bologna,6,1,H,0.7302475728220715,Bet365,-1.5,1.94,Bet365,2.5,1.55,2.45,Bet365
2223,I1,2022-11-10,Lazio,Monza,1,0,H,0.5903439354132894,Bet365,-1.0,2.05,Bet365,2.5,1.72,2.14,Bet365
2223,I1,2022-11-11,Empoli,Cremonese,2,0,H,0.37997432605905007,Bet365,0.0,1.82,Bet365,2.5,1.92,1.9,Bet365
2223,D1,2022-11-12,Werder Bremen,RB Leipzig,1,2,A,0.4974334219454323,Bet365,-0.5,1.93,Bet365,2.5,1.55,2.46,Bet365
2223,E0,2022-11-12,Bournemouth,Everton,3,0,A,0.3691275167785234,Bet365,-0.0,1.85,Bet365,2.5,2.15,1.72,Bet365
2223,E0,2022-11-12,Tottenham,Leeds,4,3,H,0.5846676687798184,Bet365,-1.0,2.05,Bet365,2.5,1.61,2.33,Bet365
2223,I1,2022-11-12,Sampdoria,Lecce,0,2,H,0.3597146916874972,Bet365,0.0,1.86,Bet365,2.5,2.43,1.56,Bet365
2223,E0,2022-11-12,Wolves,Arsenal,0,2,A,0.6188569606349431,Bet365,-1.0,1.95,Bet365,2.5,1.78,2.05,Bet365
2223,F1,2022-11-12,Rennes,Toulouse,2,1,H,0.6285511363636364,Bet365,-1.0,1.88,Bet365,2.5,1.6,2.33,Bet365
2223,F1,2022-11-13,Paris SG,Auxerre,5,0,H,0.8632632745010212,Bet365,-2.5,1.9,Bet365,2.5,1.26,3.79,Bet365
2223,F1,2022-11-13,Lille,Angers,1,0,H,0.7230277844849132,Bet365,-1.5,1.94,Bet365,2.5,1.61,2.32,Bet365
2223,F1,2022-11-13,Montpellier,Reims,1,1,H,0.3813694204470769,Bet365,0.0,1.87,Bet365,2.5,1.81,2.01,Bet365
2223,F1,2022-11-13,Nantes,Ajaccio,2,2,H,0.47605432451751256,Bet365,-0.5,2.02,Bet365,2.5,2.26,1.65,Bet365
2223,I1,2022-11-13,Roma,Torino,1,1,H,0.49832123903390024,Bet365,-0.5,1.95,Bet365,2.5,2.19,1.68,Bet365
2223,E0,2022-11-13,Brighton,Aston Villa,1,2,H,0.5146275325120344,Bet365,-0.5,1.86,Bet365,2.5,1.91,1.91,Bet365
2223,D1,2022-11-13,Freiburg,Union Berlin,4,1,H,0.47085925391197264,Bet365,-0.5,2.05,Bet365,2.5,2.18,1.7,Bet365
2223,E0,2022-11-13,Fulham,Man United,1,2,A,0.5074881497563049,Bet365,-0.5,1.9,Bet365,2.5,1.63,2.28,Bet365
2223,I1,2022-11-13,Juventus,Lazio,3,0,H,0.47899041173152845,Bet365,-0.5,2.0,Bet365,2.5,2.01,1.82,Bet365
2223,E0,2022-12-26,Brentford,Tottenham,2,2,A,0.4931248822753815,Bet365,-0.5,1.95,Bet365,2.5,1.8,2.01,Bet365
2223,E0,2022-12-26,Crystal Palace,Fulham,0,3,H,0.46268216585784966,Bet365,-0.5,2.07,Bet365,2.5,1.97,1.85,Bet365
2223,E0,2022-12-26,Arsenal,West Ham,3,1,H,0.6346955112213922,Bet365,-1.0,1.87,Bet365,2.5,1.77,2.07,Bet365
2223,E0,2022-12-27,Chelsea,Bournemouth,2,0,H,0.7259208193815244,Bet365,-1.5,1.98,Bet365,2.5,1.66,2.23,Bet365
2223,E0,2022-12-27,Man United,Nottm Forest,3,0,H,0.7332931521854577,Bet365,-1.5,1.93,Bet365,2.5,1.64,2.27,Bet365
2223,F1,2022-12-28,Ajaccio,Angers,1,0,H,0.47440815844052575,Bet365,-0.5,2.02,Bet365,2.5,2.27,1.64,Bet365
2223,F1,2022-12-28,Brest,Lyon,2,4,A,0.4816090154953828,Bet365,-0.5,2.0,Bet365,2.5,1.73,2.13,Bet365
2223,F1,2022-12-28,Paris SG,Strasbourg,2,1,H,0.7854458839207724,Bet365,-2.0,1.98,Bet365,2.5,1.38,3.02,Bet365
2223,F1,2022-12-29,Lorient,Montpellier,0,2,H,0.47128570400748265,Bet365,-0.5,2.05,Bet365,2.5,1.78,2.05,Bet365
2223,SP1,2022-12-29,Betis,Ath Bilbao,0,0,A,0.3797752808988764,Bet365,-0.0,1.8,Bet365,2.5,1.98,1.86,Bet365
2223,F1,2022-12-29,Marseille,Toulouse,6,1,H,0.6337309354447848,Bet365,-1.0,1.84,Bet365,2.5,1.65,2.27,Bet365
2223,SP1,2022-12-29,Ath Madrid,Elche,2,0,H,0.7449999824653076,Bet365,-1.5,1.87,Bet365,2.5,1.69,2.21,Bet365
2223,SP1,2022-12-30,Getafe,Mallorca,2,0,H,0.34115682173125794,Bet365,0.0,1.85,Bet365,2.5,3.29,1.34,Bet365
2223,E0,2022-12-30,West Ham,Brentford,0,2,H,0.46734426745441937,Bet365,-0.5,2.06,Bet365,2.5,1.93,1.89,Bet365
2223,SP1,2022-12-30,Valladolid,Real Madrid,0,2,A,0.6460569295380308,Bet365,-1.0,1.73,Bet365,2.5,1.58,2.4,Bet365
2223,E0,2022-12-31,Wolves,Man United,0,1,A,0.5007736501486754,Bet365,-0.5,1.93,Bet365,2.5,1.97,1.86,Bet365
2223,E0,2022-12-31,Bournemouth,Crystal Palace,0,2,A,0.3764911156215504,Bet365,-0.0,1.84,Bet365,2.5,2.13,1.73,Bet365
2223,E0,2022-12-31,Fulham,Southampton,2,1,H,0.4758199372827966,Bet365,-0.5,2.03,Bet365,2.5,1.74,2.11,Bet365
2223,E0,2022-12-31,Man City,Everton,1,1,H,0.843595115012032,Bet365,-2.5,2.07,Bet365,2.5,1.38,3.04,Bet365
2223,SP1,2022-12-31,Sociedad,Osasuna,2,0,H,0.5046517475484034,Bet365,-0.5,1.89,Bet365,2.5,2.28,1.64,Bet365
2223,SP1,2022-12-31,Villarreal,Valencia,2,1,H,0.48716868696982146,Bet365,-0.5,1.97,Bet365,2.5,1.91,1.91,Bet365
2223,F1,2023-01-01,Angers,Lorient,1,2,A,0.37778453254592037,Bet365,-0.0,1.87,Bet365,2.5,1.9,1.92,Bet365
2223,F1,2023-01-01,Monaco,Brest,1,0,H,0.6354352785947938,Bet365,-1.0,1.75,Bet365,2.5,1.55,2.45,Bet365
2223,F1,2023-01-01,Nantes,Auxerre,1,0,H,0.4978061672210772,Bet365,-0.5,1.9,Bet365,2.5,1.93,1.89,Bet365
2223,F1,2023-01-01,Toulouse,Ajaccio,2,0,H,0.4701630550378347,Bet365,-0.5,2.02,Bet365,2.5,2.02,1.81,Bet365
2223,F1,2023-01-02,Strasbourg,Troyes,2,3,H,0.5232797692624639,Bet365,-0.5,1.77,Bet365,2.5,1.81,2.01,Bet365
2223,E0,2023-01-02,Brentford,Liverpool,3,1,A,0.6168122270742358,Bet365,-1.0,1.92,Bet365,2.5,1.6,2.37,Bet365
2223,F1,2023-01-02,Rennes,Nice,2,1,H,0.5219719476521404,Bet365,-0.5,1.77,Bet365,2.5,1.82,2.01,Bet365
2223,I1,2023-01-04,Torino,Verona,1,1,H,0.5174802432599434,Bet365,-0.5,1.85,Bet365,2.5,2.0,1.82,Bet365
2223,E0,2023-01-04,Southampton,Nottm Forest,0,1,H,0.47211704696452306,Bet365,-0.5,2.04,Bet365,2.5,2.02,1.8,Bet365
2223,E0,2023-01-04,Leeds,West Ham,2,2,H,0.3658986247420901,Bet365,0.0,1.94,Bet365,2.5,1.79,2.04,Bet365
2223,I1,2023-01-04,Udinese,Empoli,1,1,H,0.5903881526199123,Bet365,-1.0,2.05,Bet365,2.5,1.69,2.19,Bet365
2223,E0,2023-01-04,Aston Villa,Wolves,1,1,H,0.4824003444666543,Bet365,-0.5,1.97,Bet365,2.5,2.05,1.78,Bet365
2223,SP1,2023-01-06,Elche,Celta,0,1,A,0.4722162284533836,Bet365,-0.5,2.05,Bet365,2.5,2.39,1.59,Bet365
2223,SP1,2023-01-06,Valencia,Cadiz,0,1,H,0.6033609679587721,Bet365,-1.0,2.03,Bet365,2.5,1.9,1.93,Bet365
2223,SP1,2023-01-07,Villarreal,Real Madrid,2,1,A,0.46052380523805236,Bet365,-0.5,2.11,Bet365,2.5,1.64,2.3,Bet365
2223,SP1,2023-01-07,Mallorca,Valladolid,1,0,H,0.48853881968383894,Bet365,-0.5,1.99,Bet365,2.5,2.36,1.6,Bet365
2223,I1,2023-01-07,Monza,Inter,2,2,A,0.6123949423392921,Bet365,-1.0,1.94,Bet365,2.5,1.67,2.23,Bet365
2223,SP1,2023-01-08,Almeria,Sociedad,0,2,A,0.48182509930399936,Bet365,-0.5,2.01,Bet365,2.5,2.08,1.77,Bet365
2223,I1,2023-01-08,Lazio,Empoli,2,2,H,0.6173833961283617,Bet365,-1.0,1.92,Bet365,2.5,1.74,2.12,Bet365
2223,I1,2023-01-08,Spezia,Lecce,0,0,H,0.3651254189337984,Bet365,0.0,1.83,Bet365,2.5,2.2,1.69,Bet365
2223,I1,2023-01-08,Milan,Roma,2,2,H,0.512616406744944,Bet365,-0.5,1.85,Bet365,2.5,2.06,1.79,Bet365
2223,I1,2023-01-09,Verona,Cremonese,2,0,H,0.4601879092720888,Bet365,-0.5,2.07,Bet365,2.5,1.91,1.91,Bet365
2223,F1,2023-01-11,Auxerre,Toulouse,0,5,A,0.3680412371134021,Bet365,-0.0,1.9,Bet365,2.5,1.87,1.95,Bet365
2223,F1,2023-01-11,Brest,Lille,0,0,A,0.4900183070351321,Bet365,-0.5,1.97,Bet365,2.5,1.84,1.99,Bet365
2223,F1,2023-01-11,Clermont,Rennes,2,1,A,0.4927726948463461,Bet365,-0.5,1.96,Bet365,2.5,1.89,1.94,Bet365
2223,F1,2023-01-11,Lorient,Monaco,2,2,A,0.4973958333333334,Bet365,-0.5,1.92,Bet365,2.5,1.71,2.16,Bet365
2223,F1,2023-01-11,Nice,Montpellier,6,1,H,0.5280666873043279,Bet365,-0.5,1.75,Bet365,2.5,1.9,1.92,Bet365
2223,F1,2023-01-11,Strasbourg,Lens,2,2,A,0.47320437523573466,Bet365,-0.5,2.03,Bet365,2.5,1.96,1.87,Bet365
2223,I1,2023-01-13,Napoli,Juventus,5,1,H,0.4891498719249915,Bet365,-0.5,1.98,Bet365,2.5,2.04,1.8,Bet365
2223,E0,2023-01-13,Aston Villa,Leeds,2,1,H,0.4957803326810176,Bet365,-0.5,1.96,Bet365,2.5,1.79,2.06,Bet365
2223,SP1,2023-01-13,Celta,Villarreal,1,1,A,0.3688995006564048,Bet365,-0.0,1.8,Bet365,2.5,2.11,1.75,Bet365
2223,E0,2023-01-14,Man United,Man City,2,1,A,0.5238757681533052,Bet365,-0.5,1.8,Bet365,2.5,1.7,2.19,Bet365
2223,SP1,2023-01-14,Valladolid,Vallecano,0,1,A,0.36032191682486003,Bet365,-0.0,1.89,Bet365,2.5,2.17,1.71,Bet365
2223,I1,2023-01-14,Cremonese,Monza,2,3,A,0.3769073212556167,Bet365,-0.0,1.84,Bet365,2.5,2.05,1.79,Bet365
2223,E0,2023-01-14,Nottm Forest,Leicester,2,0,A,0.36315086782376504,Bet365,-0.0,1.95,Bet365,2.5,1.99,1.85,Bet365
2223,E0,2023-01-14,Wolves,West Ham,1,0,H,0.35618798645356775,Bet365,0.0,1.94,Bet365,2.5,2.22,1.68,Bet365
2223,SP1,2023-01-14,Osasuna,Mallorca,1,0,H,0.4652098459358952,Bet365,-0.5,2.07,Bet365,2.5,2.75,1.45,Bet365
2223,F1,2023-01-14,Lyon,Strasbourg,1,2,H,0.5953908915237254,Bet365,-1.0,2.04,Bet365,2.5,1.71,2.16,Bet365
2223,F1,2023-01-15,Montpellier,Nantes,0,3,H,0.3741996360450226,Bet365,0.0,1.88,Bet365,2.5,1.82,2.01,Bet365
2223,F1,2023-01-15,Reims,Nice,0,0,H,0.38587865315619124,Bet365,0.0,1.79,Bet365,2.5,2.08,1.76,Bet365
2223,F1,2023-01-15,Toulouse,Brest,1,1,H,0.4763192726017149,Bet365,-0.5,2.01,Bet365,2.5,1.79,2.05,Bet365
2223,I1,2023-01-15,Udinese,Bologna,1,2,H,0.4857579992541813,Bet365,-0.5,1.98,Bet365,2.5,1.96,1.87,Bet365
2223,E0,2023-01-15,Newcastle,Fulham,1,0,H,0.6311546525920034,Bet365,-1.0,1.87,Bet365,2.5,1.74,2.12,Bet365
2223,I1,2023-01-15,Roma,Fiorentina,2,0,H,0.4780128932237682,Bet365,-0.5,2.01,Bet365,2.5,2.04,1.79,Bet365
2223,F1,2023-01-15,Rennes,Paris SG,1,0,A,0.6115455694481512,Bet365,-1.0,1.93,Bet365,2.5,1.56,2.41,Bet365
2223,SP1,2023-01-16,Cadiz,Elche,1,1,H,0.4935398230088495,Bet365,-0.5,1.94,Bet365,2.5,2.26,1.65,Bet365
2223,E0,2023-01-19,Man City,Tottenham,4,2,H,0.7026370279655486,Bet365,-1.5,2.02,Bet365,2.5,1.53,2.51,Bet365
2223,D1,2023-01-20,RB Leipzig,Bayern Munich,1,1,A,0.5148499988578179,Bet365,-0.5,1.88,Bet365,2.5,1.51,2.59,Bet365
2223,SP1,2023-01-20,Mallorca,Celta,1,0,H,0.3373840511972388,Bet365,0.0,1.85,Bet365,2.5,3.34,1.33,Bet365
2223,E0,2023-01-21,Liverpool,Chelsea,0,0,H,0.510725310159061,Bet365,-0.5,1.87,Bet365,2.5,1.71,2.18,Bet365
2223,D1,2023-01-21,Ein Frankfurt,Schalke 04,3,0,H,0.696859793174733,Bet365,-1.5,2.04,Bet365,2.5,1.54,2.5,Bet365
2223,D1,2023-01-21,Wolfsburg,Freiburg,6,0,H,0.3779982418686424,Bet365,0.0,1.85,Bet365,2.5,1.92,1.91,Bet365
2223,E0,2023-01-21,Bournemouth,Nottm Forest,1,1,H,0.3486842105263158,Bet365,0.0,1.95,Bet365,2.5,2.28,1.65,Bet365
2223,E0,2023-01-21,Leicester,Brighton,2,2,A,0.4624372389845619,Bet365,-0.5,2.08,Bet365,2.5,1.83,2.01,Bet365
2223,E0,2023-01-21,Southampton,Aston Villa,0,1,A,0.38066337663556515,Bet365,-0.0,1.84,Bet365,2.5,2.03,1.8,Bet365
2223,SP1,2023-01-21,Espanol,Betis,1,0,A,0.3526503575942785,Bet365,-0.0,1.92,Bet365,2.5,2.2,1.69,Bet365
2223,I1,2023-01-21,Salernitana,Napoli,0,2,A,0.7297916139489395,Bet365,-1.5,1.9,Bet365,2.5,1.55,2.45,Bet365
2223,E0,2023-01-21,Crystal Palace,Newcastle,0,0,A,0.5121868740733033,Bet365,-0.5,1.89,Bet365,2.5,2.14,1.73,Bet365
2223,E0,2023-01-22,Man City,Wolves,3,0,H,0.8040990010726441,Bet365,-2.0,1.96,Bet365,2.5,1.49,2.62,Bet365
2223,D1,2023-01-22,Dortmund,Augsburg,4,3,H,0.7243581161706413,Bet365,-1.5,1.87,Bet365,2.5,1.4,2.96,Bet365
2223,D1,2023-01-22,MGladbach,Leverkusen,2,3,A,0.39907989817235356,Bet365,-0.0,1.83,Bet365,2.5,1.58,2.42,Bet365
2223,E0,2023-01-22,Arsenal,Man United,3,2,H,0.5160630726278951,Bet365,-0.5,1.86,Bet365,2.5,1.7,2.17,Bet365
2223,I1,2023-01-22,Spezia,Roma,0,2,A,0.5246806831343584,Bet365,-0.5,1.84,Bet365,2.5,2.04,1.8,Bet365
2223,SP1,2023-01-22,Barcelona,Getafe,1,0,H,0.8144398300544724,Bet365,-2.0,2.0,Bet365,2.5,1.64,2.27,Bet365
2223,I1,2023-01-23,Bologna,Cremonese,1,1,H,0.492883920659805,Bet365,-0.5,1.94,Bet365,2.5,2.1,1.75,Bet365
2223,I1,2023-01-23,Inter,Empoli,0,1,H,0.7453886173734826,Bet365,-1.5,1.77,Bet365,2.5,1.57,2.38,Bet365
2223,SP1,2023-01-23,Valencia,Almeria,2,2,H,0.5935766799948407,Bet365,-1.0,2.07,Bet365,2.5,1.82,2.01,Bet365
2223,D1,2023-01-24,Schalke 04,RB Leipzig,1,6,A,0.6124497942939461,Bet365,-1.0,1.97,Bet365,2.5,1.67,2.25,Bet365
2223,D1,2023-01-24,Bayern Munich,FC Koln,1,1,H,0.7874346279129875,Bet365,-2.0,1.91,Bet365,2.5,1.27,3.75,Bet365
2223,D1,2023-01-25,Freiburg,Ein Frankfurt,1,1,H,0.3766352439491093,Bet365,0.0,1.89,Bet365,2.5,1.78,2.07,Bet365
2223,D1,2023-01-25,Werder Bremen,Union Berlin,1,2,A,0.370150202654375,Bet365,-0.0,1.85,Bet365,2.5,2.1,1.76,Bet365
2223,I1,2023-01-27,Bologna,Spezia,2,0,H,0.5077562064356743,Bet365,-0.5,1.87,Bet365,2.5,2.19,1.7,Bet365
2223,D1,2023-01-27,RB Leipzig,Stuttgart,2,1,H,0.7190519598906107,Bet365,-1.5,1.87,Bet365,2.5,1.54,2.51,Bet365
2223,I1,2023-01-27,Lecce,Salernitana,1,2,H,0.5242619324466123,Bet365,-0.5,1.83,Bet365,2.5,2.15,1.72,Bet365
2223,F1,2023-01-27,Lorient,Rennes,2,1,A,0.48551724137931035,Bet365,-0.5,1.97,Bet365,2.5,1.96,1.87,Bet365
2223,SP1,2023-01-28,Cadiz,Mallorca,2,0,H,0.3316599921033335,Bet365,0.0,1.93,Bet365,2.5,3.08,1.38,Bet365
2223,D1,2023-01-28,Freiburg,Augsburg,3,1,H,0.6346503357468767,Bet365,-1.0,1.84,Bet365,2.5,1.69,2.2,Bet365
2223,D1,2023-01-28,Hoffenheim,MGladbach,1,4,H,0.46789226990443294,Bet365,-0.5,2.06,Bet365,2.5,1.51,2.58,Bet365
2223,SP1,2023-01-28,Girona,Barcelona,0,1,A,0.5955739101933792,Bet365,-1.0,2.05,Bet365,2.5,1.7,2.18,Bet365
2223,I1,2023-01-28,Cremonese,Inter,1,2,A,0.6386138613861386,Bet365,-1.0,1.82,Bet365,2.5,1.68,2.21,Bet365
2223,SP1,2023-01-28,Sevilla,Elche,3,0,H,0.6299708796203566,Bet365,-1.0,1.9,Bet365,2.5,2.09,1.76,Bet365
2223,I1,2023-01-28,Atalanta,Sampdoria,2,0,H,0.7139928136081233,Bet365,-1.5,2.01,Bet365,2.5,1.7,2.18,Bet365
2223,SP1,2023-01-28,Getafe,Betis,0,1,A,0.3643046657089005,Bet365,-0.0,1.77,Bet365,2.5,2.84,1.43,Bet365
2223,F1,2023-01-29,Nice,Lille,1,0,A,0.3819616398219731,Bet365,-0.0,1.8,Bet365,2.5,2.06,1.78,Bet365
2223,F1,2023-01-29,Auxerre,Montpellier,0,2,H,0.3890279614585301,Bet365,0.0,1.8,Bet365,2.5,1.99,1.84,Bet365
2223,I1,2023-01-29,Juventus,Monza,0,2,H,0.6177678960961396,Bet365,-1.0,1.96,Bet365,2.5,1.92,1.91,Bet365
2223,D1,2023-01-29,Schalke 04,FC Koln,0,0,A,0.48504551365409626,Bet365,-0.5,1.99,Bet365,2.5,1.79,2.05,Bet365
2223,D1,2023-01-29,Leverkusen,Dortmund,0,2,H,0.39357853769359497,Bet365,0.0,1.84,Bet365,2.5,1.54,2.49,Bet365
2223,SP1,2023-01-29,Celta,Ath Bilbao,1,0,A,0.35507828181453227,Bet365,-0.0,1.89,Bet365,2.5,2.46,1.56,Bet365
2223,I1,2023-01-30,Udinese,Verona,1,1,H,0.520023909145248,Bet365,-0.5,1.84,Bet365,2.5,1.94,1.88,Bet365
2223,F1,2023-02-01,Lille,Clermont,0,0,H,0.6400958316301214,Bet365,-1.0,1.82,Bet365,2.5,1.82,2.01,Bet365
2223,F1,2023-02-01,Reims,Lorient,4,2,H,0.5206463195691202,Bet365,-0.5,1.85,Bet365,2.5,1.94,1.89,Bet365
2223,F1,2023-02-01,Lyon,Brest,0,0,H,0.6312849162011173,Bet365,-1.0,1.84,Bet365,2.5,1.67,2.23,Bet365
2223,F1,2023-02-01,Monaco,Auxerre,3,2,H,0.7191748450054212,Bet365,-1.5,1.93,Bet365,2.5,1.54,2.48,Bet365
2223,F1,2023-02-01,Rennes,Strasbourg,3,0,H,0.6157704364600917,Bet365,-1.0,1.96,Bet365,2.5,1.88,1.95,Bet365
2223,D1,2023-02-03,Augsburg,Leverkusen,1,0,A,0.5216276419394943,Bet365,-0.5,1.85,Bet365,2.5,1.67,2.25,Bet365
2223,E0,2023-02-03,Chelsea,Fulham,0,0,H,0.5880852399827322,Bet365,-1.0,2.11,Bet365,2.5,1.88,1.95,Bet365
2223,SP1,2023-02-04,Espanol,Osasuna,1,1,H,0.3707291829636672,Bet365,0.0,1.81,Bet365,2.5,2.56,1.52,Bet365
2223,I1,2023-02-04,Cremonese,Lecce,0,2,H,0.356941559173551,Bet365,0.0,1.9,Bet365,2.5,2.39,1.59,Bet365
2223,D1,2023-02-04,Bochum,Hoffenheim,5,2,A,0.3847773009909342,Bet365,-0.0,1.87,Bet365,2.5,1.7,2.19,Bet365
2223,D1,2023-02-04,FC Koln,RB Leipzig,0,0,A,0.5008227899322885,Bet365,-0.5,1.93,Bet365,2.5,1.73,2.13,Bet365
2223,D1,2023-02-04,Union Berlin,Mainz,2,1,H,0.4845966143053225,Bet365,-0.5,1.99,Bet365,2.5,2.23,1.67,Bet365
2223,E0,2023-02-04,Aston Villa,Leicester,2,4,H,0.483960217312065,Bet365,-0.5,2.01,Bet365,2.5,1.91,1.92,Bet365
2223,E0,2023-02-04,Brentford,Southampton,3,0,H,0.5080882864901247,Bet365,-0.5,1.9,Bet365,2.5,1.99,1.84,Bet365
2223,E0,2023-02-04,Brighton,Bournemouth,1,0,H,0.7113997113997114,Bet365,-1.5,2.05,Bet365,2.5,1.71,2.18,Bet365
2223,E0,2023-02-04,Wolves,Liverpool,3,0,A,0.5112544016701571,Bet365,-0.5,1.9,Bet365,2.5,1.79,2.05,Bet365
2223,F1,2023-02-04,Paris SG,Toulouse,2,1,H,0.6958325492423524,Bet365,-1.5,2.05,Bet365,2.5,1.45,2.75,Bet365
2223,I1,2023-02-04,Roma,Empoli,2,0,H,0.638295202999109,Bet365,-1.0,1.89,Bet365,2.5,1.98,1.85,Bet365
2223,D1,2023-02-04,MGladbach,Schalke 04,0,0,H,0.6226102642906912,Bet365,-1.0,1.93,Bet365,2.5,1.56,2.43,Bet365
2223,I1,2023-02-04,Sassuolo,Atalanta,1,0,A,0.4911403986040887,Bet365,-0.5,1.98,Bet365,2.5,1.59,2.39,Bet365
2223,I1,2023-02-05,Spezia,Napoli,0,3,A,0.7041354366052577,Bet365,-1.5,2.06,Bet365,2.5,1.67,2.23,Bet365
2223,F1,2023-02-05,Clermont,Monaco,0,2,A,0.5111755809799791,Bet365,-0.5,1.91,Bet365,2.5,1.83,2.01,Bet365
2223,F1,2023-02-05,Ajaccio,Nantes,0,2,A,0.34907677043084046,Bet365,-0.0,1.93,Bet365,2.5,2.48,1.54,Bet365
2223,F1,2023-02-05,Lorient,Angers,0,0,H,0.5095353407970378,Bet365,-0.5,1.9,Bet365,2.5,1.97,1.85,Bet365
2223,E0,2023-02-05,Nottm Forest,Leeds,1,0,H,0.3644515367635238,Bet365,0.0,1.92,Bet365,2.5,1.91,1.93,Bet365
2223,D1,2023-02-05,Stuttgart,Werder Bremen,0,2,H,0.46460682926121,Bet365,-0.5,2.08,Bet365,2.5,1.67,2.22,Bet365
2223,D1,2023-02-05,Wolfsburg,Bayern Munich,2,4,A,0.6024989712706296,Bet365,-1.0,1.95,Bet365,2.5,1.44,2.81,Bet365
2223,I1,2023-02-05,Fiorentina,Bologna,1,2,H,0.5204954290769684,Bet365,-0.5,1.86,Bet365,2.5,2.07,1.78,Bet365
2223,I1,2023-02-05,Inter,Milan,1,0,H,0.48161233508052176,Bet365,-0.5,2.01,Bet365,2.5,1.83,2.01,Bet365
2223,SP1,2023-02-05,Barcelona,Sevilla,3,0,H,0.7226129778156171,Bet365,-1.5,1.99,Bet365,2.5,1.7,2.16,Bet365
2223,I1,2023-02-06,Verona,Lazio,1,1,A,0.47334794504849076,Bet365,-0.5,2.06,Bet365,2.5,2.05,1.78,Bet365
2223,I1,2023-02-06,Monza,Sampdoria,2,2,H,0.5231788709999904,Bet365,-0.5,1.85,Bet365,2.5,2.12,1.74,Bet365
2223,I1,2023-02-07,Salernitana,Juventus,0,3,A,0.638934665886981,Bet365,-1.0,1.86,Bet365,2.5,1.97,1.87,Bet365
2223,D1,2023-02-10,Schalke 04,Wolfsburg,0,0,A,0.48725905488006166,Bet365,-0.5,1.99,Bet365,2.5,1.85,1.99,Bet365
2223,I1,2023-02-10,Milan,Torino,1,0,H,0.5253992378824242,Bet365,-0.5,1.84,Bet365,2.5,2.18,1.71,Bet365
2223,F1,2023-02-10,Nice,Ajaccio,3,0,H,0.6049582969411357,Bet365,-1.0,2.07,Bet365,2.5,2.3,1.64,Bet365
2223,I1,2023-02-11,Empoli,Spezia,2,2,H,0.4673559333028221,Bet365,-0.5,2.06,Bet365,2.5,2.05,1.79,Bet365
2223,D1,2023-02-11,Bayern Munich,Bochum,3,0,H,0.847731976699135,Bet365,-2.5,1.91,Bet365,2.5,1.26,3.87,Bet365
2223,D1,2023-02-11,Freiburg,Stuttgart,2,1,H,0.5201477589032544,Bet365,-0.5,1.84,Bet365,2.5,1.93,1.91,Bet365
2223,D1,2023-02-11,Mainz,Augsburg,3,1,H,0.5240633449208187,Bet365,-0.5,1.77,Bet365,2.5,1.77,2.08,Bet365
2223,E0,2023-02-11,Crystal Palace,Brighton,1,1,A,0.4724492067024896,Bet365,-0.5,2.04,Bet365,2.5,2.05,1.79,Bet365
2223,E0,2023-02-11,Fulham,Nottm Forest,2,0,H,0.5001298329482733,Bet365,-0.5,1.93,Bet365,2.5,2.06,1.78,Bet365
2223,E0,2023-02-11,Southampton,Wolves,1,2,A,0.37921507509209407,Bet365,-0.0,1.82,Bet365,2.5,2.29,1.64,Bet365
2223,SP1,2023-02-11,Almeria,Betis,2,3,A,0.3857232731776223,Bet365,-0.0,1.8,Bet365,2.5,2.03,1.78,Bet365
2223,F1,2023-02-11,Monaco,Paris SG,3,1,H,0.36639038378442074,Bet365,0.0,1.97,Bet365,2.5,1.68,2.23,Bet365
2223,I1,2023-02-11,Lecce,Roma,1,1,A,0.48251237184439677,Bet365,-0.5,2.03,Bet365,2.5,2.44,1.57,Bet365
2223,E0,2023-02-11,Bournemouth,Newcastle,1,1,A,0.6125964878311401,Bet365,-1.0,2.02,Bet365,2.5,2.02,1.83,Bet365
2223,SP1,2023-02-11,Sevilla,Mallorca,2,0,H,0.4862703900499596,Bet365,-0.5,2.02,Bet365,2.5,2.78,1.45,Bet365
2223,I1,2023-02-12,Udinese,Sassuolo,2,2,H,0.46638422078700026,Bet365,-0.5,2.08,Bet365,2.5,1.79,2.05,Bet365
2223,SP1,2023-02-12,Getafe,Vallecano,1,1,H,0.3336657770097028,Bet365,0.0,1.92,Bet365,2.5,3.05,1.39,Bet365
2223,F1,2023-02-12,Lille,Strasbourg,2,0,H,0.6461970074812968,Bet365,-1.0,1.83,Bet365,2.5,1.78,2.06,Bet365
2223,F1,2023-02-12,Reims,Troyes,4,0,H,0.6149555628177376,Bet365,-1.0,1.96,Bet365,2.5,1.74,2.11,Bet365
2223,E0,2023-02-12,Leeds,Man United,0,2,A,0.5009742383074548,Bet365,-0.5,1.95,Bet365,2.5,1.65,2.27,Bet365
2223,D1,2023-02-12,Hertha,MGladbach,4,1,A,0.39294059198422615,Bet365,-0.0,1.73,Bet365,2.5,1.76,2.09,Bet365
2223,F1,2023-02-12,Nantes,Lorient,1,0,H,0.47445594121899376,Bet365,-0.5,2.03,Bet365,2.5,2.03,1.8,Bet365
2223,D1,2023-02-12,FC Koln,Ein Frankfurt,3,0,A,0.3758357771260997,Bet365,-0.0,1.9,Bet365,2.5,1.74,2.13,Bet365
2223,I1,2023-02-12,Juventus,Fiorentina,1,0,H,0.5167154370535058,Bet365,-0.5,1.86,Bet365,2.5,2.05,1.79,Bet365
2223,SP1,2023-02-12,Valladolid,Osasuna,0,0,A,0.3462993500824523,Bet365,-0.0,1.96,Bet365,2.5,2.5,1.54,Bet365
2223,I1,2023-02-12,Napoli,Cremonese,3,0,H,0.8088598905959197,Bet365,-2.0,1.96,Bet365,2.5,1.45,2.76,Bet365
2223,SP1,2023-02-12,Villarreal,Barcelona,0,1,A,0.5232755691471288,Bet365,-0.5,1.86,Bet365,2.5,1.77,2.08,Bet365
2223,I1,2023-02-13,Verona,Salernitana,1,0,H,0.5165855701157858,Bet365,-0.5,1.86,Bet365,2.5,2.01,1.83,Bet365
2223,E0,2023-02-13,Liverpool,Everton,2,0,H,0.6269981870696014,Bet365,-1.0,1.88,Bet365,2.5,1.78,2.06,Bet365
2223,SP1,2023-02-15,Real Madrid,Elche,4,0,H,0.7997831520141135,Bet365,-2.0,2.01,Bet365,2.5,1.52,2.53,Bet365
2223,D1,2023-02-17,Augsburg,Hoffenheim,1,0,A,0.37216745316077177,Bet365,-0.0,1.92,Bet365,2.5,1.71,2.17,Bet365
2223,I1,2023-02-17,Sassuolo,Napoli,0,2,A,0.5914535602243559,Bet365,-1.0,2.09,Bet365,2.5,1.73,2.13,Bet365
2223,F1,2023-02-17,Auxerre,Lyon,2,1,A,0.4932051432475895,Bet365,-0.5,1.96,Bet365,2.5,1.91,1.91,Bet365
2223,SP1,2023-02-17,Girona,Almeria,6,2,H,0.5204692355198872,Bet365,-0.5,1.86,Bet365,2.5,1.95,1.88,Bet365
2223,E0,2023-02-18,Aston Villa,Arsenal,2,4,A,0.5232022513044005,Bet365,-0.5,1.84,Bet365,2.5,1.98,1.86,Bet365
2223,D1,2023-02-18,MGladbach,Bayern Munich,3,2,A,0.6926578024929834,Bet365,-1.5,1.97,Bet365,2.5,1.34,3.34,Bet365
2223,E0,2023-02-18,Brentford,Crystal Palace,1,1,H,0.5179596052329584,Bet365,-0.5,1.86,Bet365,2.5,2.14,1.72,Bet365
2223,E0,2023-02-18,Nottm Forest,Man City,1,1,A,0.7331565263288219,Bet365,-1.5,1.91,Bet365,2.5,1.64,2.28,Bet365
2223,D1,2023-02-18,Ein Frankfurt,Werder Bremen,2,0,H,0.5941597377146823,Bet365,-1.0,2.01,Bet365,2.5,1.58,2.4,Bet365
2223,E0,2023-02-18,Newcastle,Liverpool,0,2,H,0.3749898021421329,Bet365,0.0,1.88,Bet365,2.5,1.79,2.04,Bet365
2223,I1,2023-02-18,Inter,Udinese,3,1,H,0.6296032636968486,Bet365,-1.0,1.89,Bet365,2.5,1.76,2.1,Bet365
2223,F1,2023-02-18,Strasbourg,Angers,2,1,H,0.5155492763384862,Bet365,-0.5,1.85,Bet365,2.5,2.07,1.77,Bet365
2223,SP1,2023-02-18,Osasuna,Real Madrid,0,2,A,0.526071842410197,Bet365,-0.5,1.83,Bet365,2.5,2.02,1.82,Bet365
2223,I1,2023-02-19,Atalanta,Lecce,1,2,H,0.63608789520391,Bet365,-1.0,1.86,Bet365,2.5,1.83,2.0,Bet365
2223,F1,2023-02-19,Paris SG,Lille,4,3,H,0.5859712564252432,Bet365,-1.0,2.07,Bet365,2.5,1.6,2.35,Bet365
2223,SP1,2023-02-19,Elche,Espanol,0,1,A,0.36395211261956806,Bet365,-0.0,1.84,Bet365,2.5,2.31,1.63,Bet365
2223,I1,2023-02-19,Fiorentina,Empoli,1,1,H,0.5896822648946654,Bet365,-1.0,2.05,Bet365,2.5,1.84,2.0,Bet365
2223,F1,2023-02-19,Lorient,Ajaccio,3,0,H,0.4615011859522049,Bet365,-0.5,2.06,Bet365,2.5,2.32,1.62,Bet365
2223,F1,2023-02-19,Rennes,Clermont,2,0,H,0.6066205325641565,Bet365,-1.0,2.02,Bet365,2.5,1.99,1.84,Bet365
2223,F1,2023-02-19,Troyes,Montpellier,0,1,A,0.37102401313813066,Bet365,-0.0,1.87,Bet365,2.5,1.9,1.93,Bet365
2223,E0,2023-02-19,Man United,Leicester,3,0,H,0.5933503836317134,Bet365,-1.0,2.02,Bet365,2.5,1.62,2.32,Bet365
2223,D1,2023-02-19,Union Berlin,Schalke 04,0,0,H,0.5991755318489269,Bet365,-1.0,2.07,Bet365,2.5,2.07,1.78,Bet365
2223,F1,2023-02-19,Lens,Nantes,3,1,H,0.6285299881329652,Bet365,-1.0,1.89,Bet365,2.5,1.92,1.91,Bet365
2223,D1,2023-02-19,Dortmund,Hertha,4,1,H,0.7185780787134997,Bet365,-1.5,1.91,Bet365,2.5,1.49,2.66,Bet365
2223,E0,2023-02-19,Tottenham,West Ham,2,0,H,0.525331865096162,Bet365,-0.5,1.77,Bet365,2.5,1.84,1.99,Bet365
2223,SP1,2023-02-19,Ath Madrid,Ath Bilbao,1,0,H,0.46741830006968393,Bet365,-0.5,2.04,Bet365,2.5,2.34,1.6,Bet365
2223,D1,2023-02-19,Leverkusen,Mainz,2,3,H,0.5235777511149344,Bet365,-0.5,1.83,Bet365,2.5,1.75,2.11,Bet365
2223,F1,2023-02-19,Toulouse,Marseille,2,3,A,0.49111145354701335,Bet365,-0.5,1.95,Bet365,2.5,1.68,2.2,Bet365
2223,SP1,2023-02-19,Barcelona,Cadiz,2,0,H,0.8016755110694233,Bet365,-2.0,1.99,Bet365,2.5,1.53,2.52,Bet365
2223,SP1,2023-02-20,Getafe,Valencia,1,0,H,0.33800097939625484,Bet365,0.0,1.95,Bet365,2.5,2.78,1.45,Bet365
2223,SP1,2023-02-24,Elche,Betis,2,3,A,0.4591857160014413,Bet365,-0.5,2.05,Bet365,2.5,2.16,1.72,Bet365
2223,F1,2023-02-24,Lille,Brest,2,1,H,0.7099982337676454,Bet365,-1.5,1.98,Bet365,2.5,1.62,2.3,Bet365
2223,E0,2023-02-24,Fulham,Wolves,1,1,H,0.3794365798859334,Bet365,0.0,1.81,Bet365,2.5,2.23,1.67,Bet365
2223,D1,2023-02-25,Werder Bremen,Bochum,3,0,H,0.47492728164937303,Bet365,-0.5,2.03,Bet365,2.5,1.75,2.11,Bet365
2223,E0,2023-02-25,Everton,Aston Villa,0,2,H,0.3782682969266541,Bet365,0.0,1.8,Bet365,2.5,2.27,1.65,Bet365
2223,E0,2023-02-25,Leeds,Southampton,1,0,H,0.48332735872368415,Bet365,-0.5,2.02,Bet365,2.5,2.01,1.82,Bet365
2223,SP1,2023-02-25,Cadiz,Vallecano,1,0,A,0.3552180579079605,Bet365,-0.0,1.86,Bet365,2.5,2.71,1.47,Bet365
2223,E0,2023-02-25,Bournemouth,Man City,1,4,A,0.7401495518808775,Bet365,-1.5,1.77,Bet365,2.5,1.56,2.45,Bet365
2223,I1,2023-02-25,Lecce,Sassuolo,0,1,H,0.3763855344604213,Bet365,0.0,1.8,Bet365,2.5,2.13,1.73,Bet365
2223,F1,2023-02-25,Montpellier,Lens,1,1,A,0.5211980787003893,Bet365,-0.5,1.83,Bet365,2.5,1.99,1.84,Bet365
2223,E0,2023-02-26,Tottenham,Chelsea,2,0,H,0.3794180869932928,Bet365,0.0,1.81,Bet365,2.5,2.04,1.81,Bet365
2223,F1,2023-02-26,Clermont,Strasbourg,1,1,H,0.37114248458603644,Bet365,0.0,1.83,Bet365,2.5,2.2,1.68,Bet365
2223,F1,2023-02-26,Monaco,Nice,0,3,H,0.4696156487675832,Bet365,-0.5,2.05,Bet365,2.5,1.88,1.94,Bet365
2223,D1,2023-02-26,Bayern Munich,Union Berlin,3,0,H,0.721611325750412,Bet365,-1.5,1.96,Bet365,2.5,1.57,2.44,Bet365
2223,F1,2023-02-26,Marseille,Paris SG,0,3,A,0.3918867588120838,Bet365,-0.0,1.85,Bet365,2.5,1.59,2.36,Bet365
2223,SP1,2023-02-26,Sevilla,Osasuna,2,3,H,0.510150973251123,Bet365,-0.5,1.87,Bet365,2.5,2.35,1.61,Bet365
2223,E0,2023-03-01,Liverpool,Wolves,2,0,H,0.6450046947757047,Bet365,-1.0,1.82,Bet365,2.5,1.73,2.14,Bet365
2223,SP1,2023-03-03,Sociedad,Cadiz,0,0,H,0.6273005250100964,Bet365,-1.0,1.97,Bet365,2.5,2.39,1.59,Bet365
2223,SP1,2023-03-04,Getafe,Girona,3,2,H,0.3438830353876644,Bet365,0.0,1.91,Bet365,2.5,2.6,1.5,Bet365
2223,I1,2023-03-04,Monza,Empoli,2,1,H,0.45439803655169386,Bet365,-0.5,2.1,Bet365,2.5,2.09,1.77,Bet365
2223,D1,2023-03-04,Mainz,Hoffenheim,1,0,H,0.49639111098919564,Bet365,-0.5,1.93,Bet365,2.5,1.71,2.17,Bet365
2223,D1,2023-03-04,MGladbach,Freiburg,0,0,H,0.3879100080001561,Bet365,0.0,1.83,Bet365,2.5,1.75,2.11,Bet365
2223,D1,2023-03-04,Union Berlin,FC Koln,0,0,H,0.4963557368028385,Bet365,-0.5,1.93,Bet365,2.5,2.29,1.64,Bet365
2223,E0,2023-03-04,Aston Villa,Crystal Palace,1,0,H,0.4636070482552113,Bet365,-0.5,2.07,Bet365,2.5,2.28,1.64,Bet365
2223,E0,2023-03-04,Southampton,Leicester,1,0,A,0.3635502123323249,Bet365,-0.0,1.9,Bet365,2.5,2.03,1.81,Bet365
2223,I1,2023-03-04,Fiorentina,Milan,2,1,A,0.3737489641104099,Bet365,-0.0,1.85,Bet365,2.5,2.13,1.73,Bet365
2223,F1,2023-03-04,Paris SG,Nantes,4,2,H,0.7286988687018588,Bet365,-1.5,1.89,Bet365,2.5,1.54,2.48,Bet365
2223,I1,2023-03-05,Spezia,Verona,0,0,H,0.350330340504828,Bet365,0.0,1.89,Bet365,2.5,2.25,1.66,Bet365
2223,F1,2023-03-05,Troyes,Monaco,2,2,A,0.6343167916747392,Bet365,-1.0,1.84,Bet365,2.5,1.64,2.29,Bet365
2223,SP1,2023-03-05,Valladolid,Espanol,2,1,H,0.37527681018900905,Bet365,0.0,1.81,Bet365,2.5,2.27,1.65,Bet365
2223,F1,2023-03-05,Reims,Ajaccio,1,0,H,0.5931621168858822,Bet365,-1.0,2.11,Bet365,2.5,2.11,1.74,Bet365
2223,F1,2023-03-05,Strasbourg,Brest,0,1,H,0.4763485270523616,Bet365,-0.5,2.0,Bet365,2.5,2.12,1.73,Bet365
2223,E0,2023-03-05,Nottm Forest,Everton,2,2,H,0.3586880224618722,Bet365,0.0,1.86,Bet365,2.5,2.47,1.54,Bet365
2223,D1,2023-03-05,Leverkusen,Hertha,4,1,H,0.617031542857697,Bet365,-1.0,1.92,Bet365,2.5,1.68,2.21,Bet365
2223,SP1,2023-03-05,Barcelona,Valencia,1,0,H,0.6257239901132721,Bet365,-1.0,1.89,Bet365,2.5,1.83,2.0,Bet365
2223,F1,2023-03-05,Lyon,Lorient,0,0,H,0.623377673553552,Bet365,-1.0,1.91,Bet365,2.5,1.72,2.14,Bet365
2223,D1,2023-03-05,Wolfsburg,Ein Frankfurt,2,2,H,0.3886219081272085,Bet365,0.0,1.81,Bet365,2.5,1.82,2.02,Bet365
2223,I1,2023-03-05,Roma,Juventus,1,0,H,0.35664256665160415,Bet365,0.0,1.9,Bet365,2.5,2.45,1.56,Bet365
2223,F1,2023-03-05,Rennes,Marseille,0,1,A,0.38368519429414655,Bet365,-0.0,1.85,Bet365,2.5,1.85,1.99,Bet365
2223,I1,2023-03-06,Sassuolo,Cremonese,3,2,H,0.5226411008142328,Bet365,-0.5,1.85,Bet365,2.5,1.94,1.88,Bet365
2223,SP1,2023-03-06,Osasuna,Celta,0,0,A,0.34590180421183897,Bet365,-0.0,1.92,Bet365,2.5,2.47,1.55,Bet365
2223,E0,2023-03-06,Brentford,Fulham,3,2,H,0.47915008049820423,Bet365,-0.5,2.0,Bet365,2.5,1.89,1.93,Bet365
2223,F1,2023-03-10,Lille,Lyon,3,3,H,0.4986328338619709,Bet365,-0.5,1.94,Bet365,2.5,1.68,2.2,Bet365
2223,D1,2023-03-11,Bayern Munich,Augsburg,5,3,H,0.8449403804988359,Bet365,-2.5,1.92,Bet365,2.5,1.22,4.3,Bet365
2223,D1,2023-03-11,Ein Frankfurt,Stuttgart,1,1,H,0.5202695876339056,Bet365,-0.5,1.85,Bet365,2.5,1.82,2.0,Bet365
2223,E0,2023-03-11,Everton,Brentford,1,0,H,0.3535119038088986,Bet365,0.0,1.95,Bet365,2.5,2.25,1.66,Bet365
2223,E0,2023-03-11,Leeds,Brighton,2,2,A,0.48785114668974466,Bet365,-0.5,2.01,Bet365,2.5,1.85,1.98,Bet365
2223,E0,2023-03-11,Leicester,Chelsea,1,3,A,0.47984852963948366,Bet365,-0.5,2.02,Bet365,2.5,1.98,1.85,Bet365
2223,SP1,2023-03-11,Elche,Valladolid,1,1,H,0.358477914676054,Bet365,0.0,1.95,Bet365,2.5,2.12,1.73,Bet365
2223,F1,2023-03-11,Auxerre,Rennes,0,0,A,0.47823470626793174,Bet365,-0.5,2.03,Bet365,2.5,2.06,1.77,Bet365
2223,E0,2023-03-11,Crystal Palace,Man City,0,1,A,0.7062639466400029,Bet365,-1.5,2.05,Bet365,2.5,1.75,2.05,Bet365
2223,I1,2023-03-12,Lecce,Torino,0,2,A,0.35855791324783404,Bet365,-0.0,1.86,Bet365,2.5,2.7,1.47,Bet365
2223,F1,2023-03-12,Clermont,Lens,0,4,A,0.5174625569076219,Bet365,-0.5,1.86,Bet365,2.5,2.22,1.67,Bet365
2223,F1,2023-03-12,Ajaccio,Montpellier,0,1,A,0.37788552926204555,Bet365,-0.0,1.81,Bet365,2.5,2.35,1.59,Bet365
2223,F1,2023-03-12,Angers,Toulouse,0,2,A,0.4780097798279354,Bet365,-0.5,2.01,Bet365,2.5,1.74,2.11,Bet365
2223,I1,2023-03-12,Cremonese,Fiorentina,0,2,A,0.5148313693620479,Bet365,-0.5,1.88,Bet365,2.5,1.98,1.84,Bet365
2223,E0,2023-03-12,Fulham,Arsenal,0,3,A,0.6030277607721318,Bet365,-1.0,2.05,Bet365,2.5,1.81,2.02,Bet365
2223,E0,2023-03-12,Man United,Southampton,0,0,H,0.7142402695713131,Bet365,-1.5,2.02,Bet365,2.5,1.63,2.28,Bet365
2223,D1,2023-03-12,Freiburg,Hoffenheim,2,1,H,0.4932205498196294,Bet365,-0.5,1.95,Bet365,2.5,1.8,2.02,Bet365
2223,SP1,2023-03-12,Villarreal,Betis,1,1,H,0.4819366932219998,Bet365,-0.5,2.01,Bet365,2.5,1.88,1.94,Bet365
2223,SP1,2023-03-17,Valladolid,Ath Bilbao,1,3,A,0.5155536795814396,Bet365,-0.5,1.86,Bet365,2.5,1.94,1.89,Bet365
2223,F1,2023-03-17,Lyon,Nantes,1,1,H,0.59691439636057,Bet365,-1.0,2.06,Bet365,2.5,1.73,2.13,Bet365
2223,I1,2023-03-18,Monza,Cremonese,1,1,H,0.5203535134925609,Bet365,-0.5,1.83,Bet365,2.5,2.05,1.79,Bet365
2223,D1,2023-03-18,Bochum,RB Leipzig,1,0,A,0.6134275705242457,Bet365,-1.0,1.94,Bet365,2.5,1.69,2.19,Bet365
2223,D1,2023-03-18,Hoffenheim,Hertha,3,1,H,0.4593489658012192,Bet365,-0.5,2.06,Bet365,2.5,1.85,1.97,Bet365
2223,E0,2023-03-18,Brentford,Leicester,1,1,H,0.4917580046603954,Bet365,-0.5,1.95,Bet365,2.5,1.85,1.98,Bet365
2223,E0,2023-03-18,Southampton,Tottenham,3,3,A,0.5280700871053824,Bet365,-0.5,1.78,Bet365,2.5,2.0,1.83,Bet365
2223,SP1,2023-03-18,Vallecano,Girona,2,2,H,0.46025489423203253,Bet365,-0.5,2.07,Bet365,2.5,2.15,1.72,Bet365
2223,SP1,2023-03-18,Espanol,Celta,1,3,A,0.3679413036861413,Bet365,-0.0,1.84,Bet365,2.5,2.34,1.61,Bet365
2223,E0,2023-03-18,Chelsea,Everton,2,2,H,0.64433098135681,Bet365,-1.0,1.85,Bet365,2.5,2.08,1.76,Bet365
2223,SP1,2023-03-18,Ath Madrid,Valencia,3,0,H,0.6105389482355003,Bet365,-1.0,2.04,Bet365,2.5,2.18,1.7,Bet365
2223,I1,2023-03-19,Sampdoria,Verona,3,1,A,0.37364951987378164,Bet365,-0.0,1.78,Bet365,2.5,2.39,1.58,Bet365
2223,SP1,2023-03-19,Betis,Mallorca,1,0,H,0.5150589400945074,Bet365,-0.5,1.85,Bet365,2.5,2.53,1.53,Bet365
2223,F1,2023-03-19,Montpellier,Clermont,2,1,H,0.5091337654684738,Bet365,-0.5,1.87,Bet365,2.5,2.16,1.71,Bet365
2223,F1,2023-03-19,Strasbourg,Auxerre,2,0,H,0.47703104682852104,Bet365,-0.5,2.01,Bet365,2.5,2.13,1.72,Bet365
2223,F1,2023-03-19,Troyes,Brest,2,2,A,0.3828922517870377,Bet365,-0.0,1.81,Bet365,2.5,1.99,1.84,Bet365
2223,E0,2023-03-19,Arsenal,Crystal Palace,4,1,H,0.7629591002762749,Bet365,-1.5,1.77,Bet365,2.5,1.73,2.14,Bet365
2223,D1,2023-03-19,Leverkusen,Bayern Munich,2,1,A,0.6022077486834824,Bet365,-1.0,1.9,Bet365,2.5,1.41,2.92,Bet365
2223,I1,2023-03-19,Lazio,Roma,1,0,A,0.34642614683347883,Bet365,-0.0,1.92,Bet365,2.5,2.52,1.53,Bet365
2223,SP1,2023-03-19,Getafe,Sevilla,2,0,A,0.36395592211246053,Bet365,-0.0,1.8,Bet365,2.5,2.66,1.48,Bet365
2223,I1,2023-03-19,Inter,Juventus,0,1,H,0.48363415171314406,Bet365,-0.5,1.98,Bet365,2.5,2.11,1.75,Bet365
2223,D1,2023-03-31,Ein Frankfurt,Bochum,1,1,H,0.633457972993989,Bet365,-1.0,1.84,Bet365,2.5,1.72,2.13,Bet365
2223,E0,2023-04-01,Man City,Liverpool,4,1,H,0.5860055487450804,Bet365,-1.0,2.09,Bet365,2.5,1.65,2.27,Bet365
2223,SP1,2023-04-01,Girona,Espanol,2,1,H,0.4930568909155839,Bet365,-0.5,1.92,Bet365,2.5,2.03,1.8,Bet365
2223,D1,2023-04-01,RB Leipzig,Mainz,0,3,H,0.6259484066767831,Bet365,-1.0,1.85,Bet365,2.5,1.66,2.24,Bet365
2223,D1,2023-04-01,Schalke 04,Leverkusen,0,3,A,0.4987543937480804,Bet365,-0.5,1.93,Bet365,2.5,1.86,1.95,Bet365
2223,D1,2023-04-01,Union Berlin,Stuttgart,3,0,H,0.46326513708274664,Bet365,-0.5,2.06,Bet365,2.5,2.39,1.58,Bet365
2223,D1,2023-04-01,Wolfsburg,Augsburg,2,2,H,0.5874706528528658,Bet365,-1.0,2.07,Bet365,2.5,1.72,2.15,Bet365
2223,E0,2023-04-01,Arsenal,Leeds,4,1,H,0.7440575763470142,Bet365,-1.5,1.84,Bet365,2.5,1.53,2.51,Bet365
2223,E0,2023-04-01,Bournemouth,Fulham,2,1,H,0.3748300825087724,Bet365,0.0,1.83,Bet365,2.5,2.04,1.8,Bet365
2223,E0,2023-04-01,Crystal Palace,Leicester,2,1,H,0.3776583091488653,Bet365,0.0,1.79,Bet365,2.5,2.17,1.7,Bet365
2223,E0,2023-04-01,Nottm Forest,Wolves,1,1,A,0.3682396848929041,Bet365,-0.0,1.82,Bet365,2.5,2.38,1.59,Bet365
2223,F1,2023-04-01,Auxerre,Troyes,1,0,H,0.505139026311007,Bet365,-0.5,1.89,Bet365,2.5,2.04,1.79,Bet365
2223,F1,2023-04-01,Rennes,Lens,0,1,H,0.37107121613151767,Bet365,0.0,1.89,Bet365,2.5,1.94,1.88,Bet365
2223,SP1,2023-04-01,Elche,Barcelona,0,4,A,0.7134504294435395,Bet365,-1.5,2.02,Bet365,2.5,1.72,2.14,Bet365
2223,F1,2023-04-02,Lille,Lorient,3,1,H,0.6949274115368037,Bet365,-1.5,2.07,Bet365,2.5,1.56,2.42,Bet365
2223,SP1,2023-04-02,Celta,Almeria,2,2,H,0.6106012284287952,Bet365,-1.0,1.98,Bet365,2.5,1.86,1.97,Bet365
2223,F1,2023-04-02,Angers,Nice,1,1,A,0.6021092905430651,Bet365,-1.0,2.06,Bet365,2.5,2.13,1.73,Bet365
2223,F1,2023-04-02,Brest,Toulouse,3,1,A,0.3844079732585758,Bet365,-0.0,1.78,Bet365,2.5,1.85,1.97,Bet365
2223,I1,2023-04-02,Monza,Lazio,0,2,A,0.4596079921656898,Bet365,-0.5,2.08,Bet365,2.5,2.28,1.64,Bet365
2223,SP1,2023-04-02,Real Madrid,Valladolid,6,0,H,0.7939131986901565,Bet365,-2.0,1.96,Bet365,2.5,1.42,2.89,Bet365
2223,F1,2023-04-02,Monaco,Strasbourg,4,3,H,0.630222894366246,Bet365,-1.0,1.84,Bet365,2.5,1.72,2.13,Bet365
2223,SP1,2023-04-02,Ath Madrid,Betis,1,0,H,0.6221512492649687,Bet365,-1.0,1.93,Bet365,2.5,1.96,1.86,Bet365
2223,E0,2023-04-04,Bournemouth,Brighton,0,2,A,0.6133926443720709,Bet365,-1.0,1.96,Bet365,2.5,1.8,2.04,Bet365
2223,E0,2023-04-04,Leicester,Aston Villa,1,2,H,0.3729493255559606,Bet365,0.0,1.91,Bet365,2.5,1.94,1.89,Bet365
2223,F1,2023-04-07,Lens,Strasbourg,2,1,H,0.6234055235446057,Bet365,-1.0,1.94,Bet365,2.5,1.87,1.95,Bet365
2223,I1,2023-04-08,Udinese,Monza,2,2,H,0.4586382384854541,Bet365,-0.5,2.08,Bet365,2.5,2.0,1.83,Bet365
2223,E0,2023-04-08,Man United,Everton,2,0,H,0.6387851226246548,Bet365,-1.0,1.84,Bet365,2.5,1.83,1.99,Bet365
2223,D1,2023-04-08,Augsburg,FC Koln,1,3,A,0.38140831318945223,Bet365,-0.0,1.86,Bet365,2.5,1.85,1.98,Bet365
2223,D1,2023-04-08,Dortmund,Union Berlin,2,1,H,0.5993312007084998,Bet365,-1.0,2.05,Bet365,2.5,1.84,1.97,Bet365
2223,D1,2023-04-08,Leverkusen,Ein Frankfurt,3,1,H,0.5175947059886041,Bet365,-0.5,1.85,Bet365,2.5,1.66,2.24,Bet365
2223,E0,2023-04-08,Aston Villa,Nottm Forest,2,0,H,0.5924241119314756,Bet365,-1.0,2.06,Bet365,2.5,1.91,1.91,Bet365
2223,E0,2023-04-08,Fulham,West Ham,0,1,A,0.3604392449580133,Bet365,-0.0,1.92,Bet365,2.5,2.17,1.7,Bet365
2223,E0,2023-04-08,Leicester,Bournemouth,0,1,H,0.5094769673704415,Bet365,-0.5,1.9,Bet365,2.5,1.85,1.97,Bet365
2223,E0,2023-04-08,Tottenham,Brighton,2,1,H,0.3744232964764392,Bet365,0.0,1.88,Bet365,2.5,1.81,2.01,Bet365
2223,E0,2023-04-08,Wolves,Chelsea,1,0,A,0.4918901706197163,Bet365,-0.5,1.94,Bet365,2.5,2.16,1.7,Bet365
2223,I1,2023-04-08,Verona,Sassuolo,2,1,H,0.36193211343252796,Bet365,0.0,1.92,Bet365,2.5,2.01,1.81,Bet365
2223,D1,2023-04-08,Hertha,RB Leipzig,0,1,A,0.5892875807009221,Bet365,-1.0,2.09,Bet365,2.5,1.78,2.05,Bet365
2223,I1,2023-04-08,Lazio,Juventus,2,1,H,0.34670334331034985,Bet365,0.0,1.89,Bet365,2.5,2.59,1.5,Bet365
2223,SP1,2023-04-08,Real Madrid,Villarreal,2,3,H,0.6260736232223327,Bet365,-1.0,1.88,Bet365,2.5,1.62,2.32,Bet365
2223,F1,2023-04-08,Nice,Paris SG,0,2,A,0.5107221226486206,Bet365,-0.5,1.9,Bet365,2.5,1.67,2.21,Bet365
2223,F1,2023-04-09,Ajaccio,Auxerre,0,3,A,0.33758466578971025,Bet365,-0.0,1.95,Bet365,2.5,2.8,1.44,Bet365
2223,F1,2023-04-09,Montpellier,Toulouse,1,2,H,0.4616943297199738,Bet365,-0.5,2.06,Bet365,2.5,1.77,2.05,Bet365
2223,F1,2023-04-09,Reims,Brest,1,1,H,0.5868751376348822,Bet365,-1.0,2.0,Bet365,2.5,1.79,2.03,Bet365
2223,F1,2023-04-09,Troyes,Clermont,0,2,A,0.3670673726404252,Bet365,-0.0,1.88,Bet365,2.5,2.05,1.77,Bet365
2223,F1,2023-04-09,Nantes,Monaco,2,2,A,0.4907689770250874,Bet365,-0.5,1.96,Bet365,2.5,1.82,1.99,Bet365
2223,D1,2023-04-09,Hoffenheim,Schalke 04,2,0,H,0.4934655872682563,Bet365,-0.5,1.93,Bet365,2.5,1.76,2.08,Bet365
2223,SP1,2023-04-09,Vallecano,Ath Madrid,1,2,A,0.5069592352271038,Bet365,-0.5,1.9,Bet365,2.5,2.32,1.62,Bet365
2223,SP1,2023-04-10,Barcelona,Girona,0,0,H,0.7359609705995634,Bet365,-1.5,1.88,Bet365,2.5,1.61,2.33,Bet365
2223,I1,2023-04-14,Cremonese,Empoli,1,0,H,0.3814863754865898,Bet365,0.0,1.77,Bet365,2.5,2.05,1.78,Bet365
2223,F1,2023-04-14,Toulouse,Lyon,1,2,A,0.4660664342640321,Bet365,-0.5,2.05,Bet365,2.5,1.6,2.35,Bet365
2223,D1,2023-04-15,Bayern Munich,Hoffenheim,1,1,H,0.7928223800009409,Bet365,-2.0,1.85,Bet365,2.5,1.24,4.03,Bet365
2223,D1,2023-04-15,FC Koln,Mainz,1,1,H,0.36492761756464626,Bet365,0.0,1.88,Bet365,2.5,2.01,1.83,Bet365
2223,D1,2023-04-15,Stuttgart,Dortmund,3,3,A,0.4771386404578289,Bet365,-0.5,2.02,Bet365,2.5,1.65,2.24,Bet365
2223,E0,2023-04-15,Chelsea,Brighton,1,2,H,0.3601046651422645,Bet365,0.0,1.94,Bet365,2.5,1.91,1.91,Bet365
2223,E0,2023-04-15,Everton,Fulham,1,3,H,0.46334081811969147,Bet365,-0.5,2.06,Bet365,2.5,2.21,1.69,Bet365
2223,E0,2023-04-15,Southampton,Crystal Palace,0,2,A,0.3586987629980602,Bet365,-0.0,1.89,Bet365,2.5,2.28,1.64,Bet365
2223,E0,2023-04-15,Wolves,Brentford,2,0,H,0.38165233008791005,Bet365,0.0,1.7,Bet365,2.5,2.24,1.67,Bet365
2223,I1,2023-04-15,Napoli,Verona,0,0,H,0.6248381315693724,Bet365,-1.0,1.94,Bet365,2.5,1.98,1.84,Bet365
2223,SP1,2023-04-15,Betis,Espanol,3,1,H,0.518591337535419,Bet365,-0.5,1.85,Bet365,2.5,2.14,1.73,Bet365
2223,SP1,2023-04-15,Cadiz,Real Madrid,0,2,A,0.6096925636860664,Bet365,-1.0,1.99,Bet365,2.5,1.78,2.06,Bet365
2223,I1,2023-04-16,Lecce,Sampdoria,1,1,H,0.4876221319574047,Bet365,-0.5,1.97,Bet365,2.5,2.4,1.58,Bet365
2223,F1,2023-04-16,Lille,Montpellier,2,1,H,0.6261118419644067,Bet365,-1.0,1.86,Bet365,2.5,1.59,2.35,Bet365
2223,SP1,2023-04-16,Girona,Elche,2,0,H,0.6254684928475607,Bet365,-1.0,1.9,Bet365,2.5,1.84,1.98,Bet365
2223,E0,2023-04-16,West Ham,Arsenal,2,2,A,0.6107837720220428,Bet365,-1.0,1.98,Bet365,2.5,1.8,2.04,Bet365
2223,D1,2023-04-16,Werder Bremen,Freiburg,1,2,A,0.37195322406424647,Bet365,-0.0,1.92,Bet365,2.5,1.86,1.97,Bet365
2223,SP1,2023-04-16,Getafe,Barcelona,0,0,A,0.5957120364813387,Bet365,-1.0,2.05,Bet365,2.5,2.22,1.68,Bet365
2223,F1,2023-04-16,Monaco,Lorient,3,1,H,0.6815011624045167,Bet365,-1.5,2.02,Bet365,2.5,1.47,2.68,Bet365
2223,D1,2023-04-16,Union Berlin,Bochum,1,1,H,0.5929119188943286,Bet365,-1.0,2.09,Bet365,2.5,2.12,1.74,Bet365
2223,I1,2023-04-16,Sassuolo,Juventus,1,0,A,0.4677306820163963,Bet365,-0.5,2.07,Bet365,2.5,2.03,1.8,Bet365
2223,D1,2023-04-16,Wolfsburg,Leverkusen,0,0,A,0.3923597048488565,Bet365,-0.0,1.82,Bet365,2.5,1.72,2.14,Bet365
2223,F1,2023-04-16,Marseille,Troyes,3,1,H,0.788626453012532,Bet365,-2.0,2.03,Bet365,2.5,1.47,2.66,Bet365
2223,I1,2023-04-16,Roma,Udinese,3,0,H,0.5071496663489037,Bet365,-0.5,1.89,Bet365,2.5,2.29,1.63,Bet365
2223,SP1,2023-04-17,Celta,Mallorca,0,1,H,0.5288340491424008,Bet365,-0.5,1.75,Bet365,2.5,2.64,1.49,Bet365
2223,I1,2023-04-21,Verona,Bologna,2,1,H,0.34457743924555684,Bet365,0.0,1.92,Bet365,2.5,2.69,1.48,Bet365
2223,F1,2023-04-21,Angers,Paris SG,1,2,A,0.803995762876195,Bet365,-2.0,1.93,Bet365,2.5,1.42,2.87,Bet365
2223,SP1,2023-04-21,Espanol,Cadiz,0,0,H,0.46121787450798785,Bet365,-0.5,2.11,Bet365,2.5,2.36,1.6,Bet365
2223,E0,2023-04-21,Arsenal,Southampton,3,3,H,0.8008632291073097,Bet365,-2.0,2.05,Bet365,2.5,1.51,2.58,Bet365
2223,SP1,2023-04-22,Osasuna,Betis,3,2,H,0.3627790608160123,Bet365,0.0,1.86,Bet365,2.5,2.45,1.56,Bet365
2223,D1,2023-04-22,Mainz,Bayern Munich,3,1,A,0.6100486948914359,Bet365,-1.0,1.94,Bet365,2.5,1.5,2.58,Bet365
2223,E0,2023-04-22,Brentford,Aston Villa,1,1,H,0.3788788986335541,Bet365,0.0,1.83,Bet365,2.5,1.97,1.85,Bet365
2223,E0,2023-04-22,Liverpool,Nottm Forest,3,2,H,0.8143821632714828,Bet365,-2.0,1.85,Bet365,2.5,1.45,2.78,Bet365
2223,SP1,2023-04-22,Almeria,Ath Bilbao,1,2,A,0.5080550890157877,Bet365,-0.5,1.88,Bet365,2.5,1.88,1.94,Bet365
2223,I1,2023-04-22,Lazio,Torino,0,1,H,0.5168883135224197,Bet365,-0.5,1.85,Bet365,2.5,2.56,1.51,Bet365
2223,SP1,2023-04-22,Valladolid,Girona,1,0,H,0.3871693022558645,Bet365,0.0,1.8,Bet365,2.5,1.93,1.89,Bet365
2223,D1,2023-04-22,Dortmund,Ein Frankfurt,4,0,H,0.5931353828527783,Bet365,-1.0,2.0,Bet365,2.5,1.5,2.58,Bet365
2223,I1,2023-04-22,Sampdoria,Spezia,1,1,H,0.3763922489161417,Bet365,0.0,1.82,Bet365,2.5,2.1,1.74,Bet365
2223,SP1,2023-04-22,Real Madrid,Celta,2,0,H,0.6998662020496081,Bet365,-1.5,2.04,Bet365,2.5,1.56,2.43,Bet365
2223,I1,2023-04-23,Empoli,Inter,0,3,A,0.6282987704165903,Bet365,-1.0,1.89,Bet365,2.5,1.78,2.05,Bet365
2223,F1,2023-04-23,Reims,Strasbourg,0,2,H,0.4903785289277124,Bet365,-0.5,1.96,Bet365,2.5,1.9,1.9,Bet365
2223,SP1,2023-04-23,Elche,Valencia,0,2,A,0.5064617534055187,Bet365,-0.5,1.9,Bet365,2.5,2.2,1.68,Bet365
2223,E0,2023-04-23,Bournemouth,West Ham,0,4,A,0.3669269098351172,Bet365,-0.0,1.87,Bet365,2.5,2.12,1.73,Bet365
2223,E0,2023-04-23,Newcastle,Tottenham,6,1,H,0.5197632355650956,Bet365,-0.5,1.83,Bet365,2.5,1.83,2.0,Bet365
2223,SP1,2023-04-23,Barcelona,Ath Madrid,1,0,H,0.48637975807038775,Bet365,-0.5,1.96,Bet365,2.5,2.16,1.7,Bet365
2223,D1,2023-04-23,Leverkusen,RB Leipzig,2,0,H,0.3772111107219167,Bet365,0.0,1.9,Bet365,2.5,1.76,2.08,Bet365
2223,I1,2023-04-23,Milan,Lecce,2,0,H,0.6373768989999236,Bet365,-1.0,1.88,Bet365,2.5,2.09,1.75,Bet365
2223,F1,2023-04-23,Lyon,Marseille,1,2,H,0.38366587359543947,Bet365,0.0,1.87,Bet365,2.5,1.67,2.22,Bet365
2223,I1,2023-04-23,Juventus,Napoli,0,1,A,0.36331136320680735,Bet365,-0.0,1.87,Bet365,2.5,2.23,1.67,Bet365
2223,SP1,2023-04-23,Sevilla,Villarreal,2,1,A,0.37797411331768294,Bet365,-0.0,1.86,Bet365,2.5,1.97,1.85,Bet365
2223,SP1,2023-04-25,Girona,Real Madrid,4,2,A,0.6061277794526344,Bet365,-1.0,1.97,Bet365,2.5,1.56,2.43,Bet365
2223,SP1,2023-04-25,Betis,Sociedad,0,0,A,0.3628341757988875,Bet365,-0.0,1.92,Bet365,2.5,2.31,1.63,Bet365
2223,SP1,2023-04-26,Getafe,Almeria,1,2,H,0.5063049445085327,Bet365,-0.5,1.88,Bet365,2.5,2.28,1.64,Bet365
2223,E0,2023-04-26,Nottm Forest,Brighton,3,1,A,0.6224710236131723,Bet365,-1.0,1.91,Bet365,2.5,1.74,2.11,Bet365
2223,E0,2023-04-26,West Ham,Liverpool,1,2,A,0.5097374879948777,Bet365,-0.5,1.89,Bet365,2.5,1.68,2.21,Bet365
2223,E0,2023-04-26,Man City,Arsenal,4,1,H,0.6168563536710581,Bet365,-1.0,1.93,Bet365,2.5,1.6,2.35,Bet365
2223,SP1,2023-04-26,Celta,Elche,1,0,H,0.7204525905393042,Bet365,-1.5,2.02,Bet365,2.5,1.76,2.08,Bet365
2223,SP1,2023-04-27,Villarreal,Espanol,4,2,H,0.5976133957785333,Bet365,-1.0,2.03,Bet365,2.5,1.84,1.99,Bet365
2223,E0,2023-04-27,Tottenham,Man United,2,2,A,0.3932293577273131,Bet365,-0.0,1.75,Bet365,2.5,1.65,2.25,Bet365
2223,I1,2023-04-28,Spezia,Monza,0,2,A,0.36448858991893524,Bet365,-0.0,1.89,Bet365,2.5,2.12,1.73,Bet365
2223,F1,2023-04-28,Strasbourg,Lyon,1,2,A,0.3653130971921561,Bet365,-0.0,1.91,Bet365,2.5,1.93,1.88,Bet365
2223,E0,2023-04-29,Crystal Palace,West Ham,4,3,H,0.35588319632957366,Bet365,0.0,1.94,Bet365,2.5,2.3,1.63,Bet365
2223,D1,2023-04-29,Ein Frankfurt,Augsburg,1,1,H,0.6154565649479714,Bet365,-1.0,1.92,Bet365,2.5,1.61,2.34,Bet365
2223,D1,2023-04-29,Stuttgart,MGladbach,2,1,H,0.5210793456856718,Bet365,-0.5,1.77,Bet365,2.5,1.69,2.18,Bet365
2223,D1,2023-04-29,Union Berlin,Leverkusen,0,0,A,0.38447545154802465,Bet365,-0.0,1.81,Bet365,2.5,2.04,1.8,Bet365
2223,E0,2023-04-29,Brighton,Wolves,6,0,H,0.6364368609301222,Bet365,-1.0,1.86,Bet365,2.5,1.8,2.02,Bet365
2223,SP1,2023-04-29,Elche,Vallecano,4,0,A,0.5236553405454822,Bet365,-0.5,1.84,Bet365,2.5,2.19,1.68,Bet365
2223,I1,2023-04-29,Roma,Milan,1,1,H,0.34401907109234536,Bet365,0.0,1.94,Bet365,2.5,2.45,1.56,Bet365
2223,SP1,2023-04-29,Barcelona,Betis,4,0,H,0.7122721574789925,Bet365,-1.5,2.02,Bet365,2.5,1.66,2.24,Bet365
2223,F1,2023-04-30,Monaco,Montpellier,0,4,H,0.6342544702231417,Bet365,-1.0,1.75,Bet365,2.5,1.58,2.38,Bet365
2223,F1,2023-04-30,Rennes,Angers,4,2,H,0.7319225696838759,Bet365,-1.5,1.95,Bet365,2.5,1.74,2.1,Bet365
2223,E0,2023-04-30,Bournemouth,Leeds,4,1,H,0.36770182439689847,Bet365,0.0,1.91,Bet365,2.5,1.8,2.02,Bet365
2223,E0,2023-04-30,Newcastle,Southampton,3,1,H,0.727224294086308,Bet365,-1.5,1.95,Bet365,2.5,1.71,2.15,Bet365
2223,D1,2023-04-30,Bayern Munich,Hertha,2,0,H,0.8570815488751624,Bet365,-2.5,1.9,Bet365,2.5,1.26,3.8,Bet365
2223,SP1,2023-04-30,Villarreal,Celta,3,1,H,0.5251949358598139,Bet365,-0.5,1.84,Bet365,2.5,1.84,1.98,Bet365
2223,E0,2023-04-30,Liverpool,Tottenham,4,3,H,0.6252012485625102,Bet365,-1.0,1.86,Bet365,2.5,1.5,2.61,Bet365
2223,I1,2023-04-30,Fiorentina,Sampdoria,5,0,H,0.7256727248846639,Bet365,-1.5,1.94,Bet365,2.5,1.62,2.31,Bet365
2223,F1,2023-04-30,Marseille,Auxerre,2,1,H,0.7285114576057016,Bet365,-1.5,1.99,Bet365,2.5,1.68,2.19,Bet365
2223,SP1,2023-05-01,Sevilla,Girona,0,2,H,0.4801267577176521,Bet365,-0.5,2.03,Bet365,2.5,1.95,1.86,Bet365
2223,E0,2023-05-01,Leicester,Everton,2,2,H,0.46957992609112553,Bet365,-0.5,2.03,Bet365,2.5,2.02,1.8,Bet365
2223,SP1,2023-05-02,Almeria,Elche,2,1,H,0.5934455899258433,Bet365,-1.0,2.04,Bet365,2.5,1.55,2.47,Bet365
2223,SP1,2023-05-02,Barcelona,Osasuna,1,0,H,0.8255019232253874,Bet365,-2.0,1.82,Bet365,2.5,1.5,2.6,Bet365
2223,E0,2023-05-02,Arsenal,Chelsea,3,1,H,0.6048512736400505,Bet365,-1.0,2.01,Bet365,2.5,1.75,2.1,Bet365
2223,F1,2023-05-02,Toulouse,Lens,0,1,A,0.5973787680209699,Bet365,-1.0,2.02,Bet365,2.5,1.6,2.37,Bet365
2223,SP1,2023-05-02,Sociedad,Real Madrid,2,0,H,0.3783255224626475,Bet365,0.0,1.81,Bet365,2.5,2.03,1.81,Bet365
2223,I1,2023-05-03,Juventus,Lecce,2,1,H,0.6027857725072674,Bet365,-1.0,2.11,Bet365,2.5,2.24,1.66,Bet365
2223,I1,2023-05-03,Sampdoria,Torino,0,2,A,0.5017751874551194,Bet365,-0.5,1.9,Bet365,2.5,2.24,1.66,Bet365
2223,SP1,2023-05-03,Valencia,Villarreal,1,1,A,0.373986694688937,Bet365,-0.0,1.89,Bet365,2.5,1.86,1.96,Bet365
2223,E0,2023-05-03,Man City,West Ham,3,0,H,0.7977948403983443,Bet365,-2.0,2.01,Bet365,2.5,1.45,2.76,Bet365
2223,I1,2023-05-03,Milan,Cremonese,1,1,H,0.7322027245817457,Bet365,-1.5,1.97,Bet365,2.5,1.82,2.0,Bet365
2223,SP1,2023-05-03,Ath Madrid,Cadiz,5,1,H,0.7515102535830009,Bet365,-1.5,1.86,Bet365,2.5,1.75,2.11,Bet365
2223,SP1,2023-05-03,Getafe,Celta,1,0,H,0.3743251971580534,Bet365,0.0,1.74,Bet365,2.5,2.66,1.48,Bet365
2223,SP1,2023-05-04,Sevilla,Espanol,3,2,H,0.5138327429782863,Bet365,-0.5,1.87,Bet365,2.5,2.05,1.79,Bet365
2223,I1,2023-05-04,Empoli,Bologna,3,1,A,0.37817748004037816,Bet365,-0.0,1.8,Bet365,2.5,2.26,1.65,Bet365
2223,E0,2023-05-04,Brighton,Man United,1,0,H,0.4736163459631027,Bet365,-0.5,2.03,Bet365,2.5,1.56,2.45,Bet365
2223,D1,2023-05-05,Mainz,Schalke 04,2,3,H,0.5835123523093447,Bet365,-1.0,2.09,Bet365,2.5,1.72,2.15,Bet365
2223,I1,2023-05-06,Milan,Lazio,2,0,H,0.4873689023027819,Bet365,-0.5,1.95,Bet365,2.5,2.26,1.65,Bet365
2223,D1,2023-05-06,Freiburg,RB Leipzig,0,1,A,0.4973633234720383,Bet365,-0.5,1.93,Bet365,2.5,1.91,1.91,Bet365
2223,D1,2023-05-06,MGladbach,Bochum,2,0,H,0.5051485494113067,Bet365,-0.5,1.9,Bet365,2.5,1.62,2.31,Bet365
2223,F1,2023-05-06,Nice,Rennes,2,1,H,0.36972201050984793,Bet365,0.0,1.85,Bet365,2.5,2.08,1.76,Bet365
2223,F1,2023-05-06,Reims,Lille,1,0,A,0.46749847308262804,Bet365,-0.5,2.05,Bet365,2.5,1.7,2.16,Bet365
2223,F1,2023-05-07,Nantes,Strasbourg,0,2,A,0.3721165098347253,Bet365,-0.0,1.86,Bet365,2.5,2.01,1.81,Bet365
2223,I1,2023-05-07,Torino,Monza,1,1,H,0.4803575753108778,Bet365,-0.5,1.98,Bet365,2.5,2.34,1.6,Bet365
2223,E0,2023-05-07,Newcastle,Arsenal,0,2,H,0.38664086077440624,Bet365,0.0,1.85,Bet365,2.5,1.64,2.29,Bet365
2223,I1,2023-05-07,Napoli,Fiorentina,1,0,H,0.5164076277751223,Bet365,-0.5,1.75,Bet365,2.5,1.8,2.03,Bet365
2223,F1,2023-05-07,Troyes,Paris SG,1,3,A,0.7222770823881075,Bet365,-1.5,1.82,Bet365,2.5,1.41,2.91,Bet365
2223,E0,2023-05-08,Fulham,Leicester,5,3,A,0.3689592133129249,Bet365,-0.0,1.92,Bet365,2.5,1.83,2.01,Bet365
2223,I1,2023-05-08,Udinese,Sampdoria,2,0,H,0.6237860276604547,Bet365,-1.0,1.9,Bet365,2.5,1.83,1.99,Bet365
2223,E0,2023-05-08,Brighton,Everton,1,5,H,0.7071620418868787,Bet365,-1.5,2.03,Bet365,2.5,1.59,2.38,Bet365
2223,D1,2023-05-12,FC Koln,Hertha,5,2,H,0.5063670960187354,Bet365,-0.5,1.89,Bet365,2.5,1.84,1.99,Bet365
2223,F1,2023-05-12,Lens,Reims,2,1,H,0.6280233059182795,Bet365,-1.0,1.88,Bet365,2.5,1.6,2.35,Bet365
2223,D1,2023-05-13,Bayern Munich,Schalke 04,6,0,H,0.8534132888380463,Bet365,-2.5,1.9,Bet365,2.5,1.23,4.18,Bet365
2223,D1,2023-05-13,Wolfsburg,Hoffenheim,2,1,H,0.4964493354059811,Bet365,-0.5,1.93,Bet365,2.5,1.57,2.42,Bet365
2223,E0,2023-05-13,Chelsea,Nottm Forest,2,2,H,0.6372553270833514,Bet365,-1.0,1.85,Bet365,2.5,1.84,1.99,Bet365
2223,E0,2023-05-13,Crystal Palace,Bournemouth,2,0,H,0.5107594351461672,Bet365,-0.5,1.87,Bet365,2.5,1.9,1.92,Bet365
2223,E0,2023-05-13,Man United,Wolves,2,0,H,0.6966394453909877,Bet365,-1.5,2.02,Bet365,2.5,1.65,2.25,Bet365
2223,E0,2023-05-13,Southampton,Fulham,0,2,A,0.38171988006327373,Bet365,-0.0,1.84,Bet365,2.5,1.88,1.94,Bet365
2223,I1,2023-05-13,Spezia,Milan,2,0,A,0.4964606556206014,Bet365,-0.5,1.94,Bet365,2.5,1.98,1.84,Bet365
2223,D1,2023-05-13,Dortmund,MGladbach,5,2,H,0.7684462595497353,Bet365,-2.0,1.99,Bet365,2.5,1.26,3.85,Bet365
2223,F1,2023-05-13,Paris SG,Ajaccio,5,0,H,0.8617183518849386,Bet365,-2.5,2.03,Bet365,2.5,1.42,2.86,Bet365
2223,SP1,2023-05-13,Real Madrid,Getafe,1,0,H,0.6096431357254289,Bet365,-1.0,2.01,Bet365,2.5,1.9,1.91,Bet365
2223,F1,2023-05-14,Montpellier,Lorient,1,1,H,0.5151374878863464,Bet365,-0.5,1.84,Bet365,2.5,1.77,2.06,Bet365
2223,I1,2023-05-14,Fiorentina,Udinese,2,0,H,0.47987454260324097,Bet365,-0.5,2.0,Bet365,2.5,1.87,1.95,Bet365
2223,E0,2023-05-14,Brentford,West Ham,2,0,H,0.46817531781564187,Bet365,-0.5,2.04,Bet365,2.5,1.95,1.87,Bet365
2223,E0,2023-05-14,Everton,Man City,0,3,A,0.7069459291409248,Bet365,-1.5,2.04,Bet365,2.5,1.64,2.27,Bet365
2223,D1,2023-05-14,Stuttgart,Leverkusen,1,1,H,0.38619603685630094,Bet365,0.0,1.84,Bet365,2.5,1.72,2.12,Bet365
2223,SP1,2023-05-14,Elche,Ath Madrid,1,0,A,0.7033579327657511,Bet365,-1.5,2.05,Bet365,2.5,1.67,2.22,Bet365
2223,F1,2023-05-14,Monaco,Lille,0,0,A,0.39489930599906337,Bet365,-0.0,1.82,Bet365,2.5,1.62,2.31,Bet365
2223,I1,2023-05-14,Juventus,Cremonese,2,0,H,0.6988533455981476,Bet365,-1.5,2.02,Bet365,2.5,1.78,2.05,Bet365
2223,F1,2023-05-14,Marseille,Angers,3,1,H,0.8018829749925814,Bet365,-2.0,1.95,Bet365,2.5,1.47,2.67,Bet365
2223,SP1,2023-05-14,Espanol,Barcelona,2,4,A,0.5832444550856496,Bet365,-1.0,2.05,Bet365,2.5,1.77,2.06,Bet365
2223,SP1,2023-05-15,Betis,Vallecano,3,1,H,0.49798189156757944,Bet365,-0.5,1.91,Bet365,2.5,2.06,1.77,Bet365
2223,E0,2023-05-15,Leicester,Liverpool,0,3,A,0.6032964743466083,Bet365,-1.0,1.96,Bet365,2.5,1.49,2.63,Bet365
2223,E0,2023-05-18,Newcastle,Brighton,4,1,H,0.4757119046273801,Bet365,-0.5,2.02,Bet365,2.5,1.6,2.36,Bet365
2223,D1,2023-05-19,Freiburg,Wolfsburg,2,0,H,0.4745068718766201,Bet365,-0.5,2.03,Bet365,2.5,1.68,2.23,Bet365
2223,F1,2023-05-19,Lyon,Monaco,3,1,H,0.4007491768117693,Bet365,0.0,1.83,Bet365,2.5,1.47,2.7,Bet365
2223,D1,2023-05-20,Hoffenheim,Union Berlin,4,2,H,0.379841354856113,Bet365,0.0,1.86,Bet365,2.5,1.95,1.88,Bet365
2223,D1,2023-05-20,Werder Bremen,FC Koln,1,1,H,0.3730914935139479,Bet365,0.0,1.94,Bet365,2.5,1.64,2.29,Bet365
2223,E0,2023-05-20,Bournemouth,Man United,0,1,A,0.638676962847579,Bet365,-1.0,1.75,Bet365,2.5,1.55,2.46,Bet365
2223,E0,2023-05-20,Wolves,Everton,1,1,A,0.3656931401255562,Bet365,-0.0,1.89,Bet365,2.5,2.07,1.78,Bet365
2223,I1,2023-05-20,Atalanta,Verona,3,1,H,0.612796679527651,Bet365,-1.0,1.97,Bet365,2.5,1.83,2.0,Bet365
2223,SP1,2023-05-20,Getafe,Elche,1,1,H,0.6362917840586086,Bet365,-1.0,1.92,Bet365,2.5,2.2,1.69,Bet365
2223,E0,2023-05-20,Nottm Forest,Arsenal,1,0,A,0.6048169717769797,Bet365,-1.0,1.99,Bet365,2.5,1.57,2.41,Bet365
2223,I1,2023-05-20,Milan,Sampdoria,5,1,H,0.8062071263553827,Bet365,-2.0,2.02,Bet365,2.5,1.6,2.37,Bet365
2223,SP1,2023-05-20,Barcelona,Sociedad,1,2,H,0.5188735769922108,Bet365,-0.5,1.84,Bet365,2.5,1.93,1.9,Bet365
2223,F1,2023-05-20,Lille,Marseille,2,1,H,0.39091648929510453,Bet365,0.0,1.83,Bet365,2.5,1.71,2.15,Bet365
2223,F1,2023-05-21,Ajaccio,Rennes,0,5,A,0.6399407924343993,Bet365,-1.0,1.85,Bet365,2.5,2.04,1.8,Bet365
2223,E0,2023-05-21,West Ham,Leeds,3,1,H,0.39202183758297654,Bet365,0.0,1.81,Bet365,2.5,1.8,2.03,Bet365
2223,E0,2023-05-21,Brighton,Southampton,3,1,H,0.7831117027338746,Bet365,-2.0,2.05,Bet365,2.5,1.41,2.91,Bet365
2223,I1,2023-05-21,Torino,Fiorentina,1,1,H,0.4770533529814073,Bet365,-0.5,1.99,Bet365,2.5,2.2,1.69,Bet365
2223,F1,2023-05-21,Nice,Toulouse,0,0,H,0.5075107151066102,Bet365,-0.5,1.89,Bet365,2.5,1.74,2.12,Bet365
2223,F1,2023-05-21,Troyes,Strasbourg,1,1,A,0.6049035369774919,Bet365,-1.0,1.99,Bet365,2.5,1.72,2.13,Bet365
2223,D1,2023-05-21,Mainz,Stuttgart,1,4,H,0.383013508029451,Bet365,0.0,1.87,Bet365,2.5,1.75,2.12,Bet365
2223,F1,2023-05-21,Lorient,Lens,1,3,A,0.5968239385786469,Bet365,-1.0,2.04,Bet365,2.5,1.73,2.12,Bet365
2223,D1,2023-05-21,Augsburg,Dortmund,0,3,A,0.6845190651274008,Bet365,-1.5,2.07,Bet365,2.5,1.39,3.04,Bet365
2223,I1,2023-05-21,Napoli,Inter,3,1,A,0.37159291508816467,Bet365,-0.0,1.88,Bet365,2.5,1.96,1.87,Bet365
2223,I1,2023-05-21,Udinese,Lazio,0,1,A,0.4737700928960966,Bet365,-0.5,2.03,Bet365,2.5,1.98,1.85,Bet365
2223,F1,2023-05-21,Auxerre,Paris SG,1,2,A,0.6984310572771899,Bet365,-1.5,2.04,Bet365,2.5,1.56,2.43,Bet365
2223,I1,2023-05-22,Roma,Salernitana,2,2,H,0.646011589199852,Bet365,-1.0,1.83,Bet365,2.5,1.97,1.86,Bet365
2223,E0,2023-05-22,Newcastle,Leicester,0,0,H,0.6962884761975432,Bet365,-1.5,2.03,Bet365,2.5,1.51,2.57,Bet365
2223,SP1,2023-05-23,Celta,Girona,1,1,H,0.4723036546392673,Bet365,-0.5,2.06,Bet365,2.5,1.98,1.85,Bet365
2223,SP1,2023-05-23,Valladolid,Barcelona,3,1,A,0.48218337395451594,Bet365,-0.5,2.03,Bet365,2.5,1.6,2.36,Bet365
2223,SP1,2023-05-24,Elche,Sevilla,1,1,A,0.506798864955155,Bet365,-0.5,1.91,Bet365,2.5,1.81,2.03,Bet365
2223,SP1,2023-05-24,Real Madrid,Vallecano,2,1,H,0.5816528531883262,Bet365,-1.0,2.02,Bet365,2.5,1.63,2.33,Bet365
2223,SP1,2023-05-24,Villarreal,Cadiz,2,0,H,0.642314928956076,Bet365,-1.0,1.8,Bet365,2.5,1.64,2.29,Bet365
2223,SP1,2023-05-24,Betis,Getafe,0,1,H,0.46546407207001417,Bet365,-0.5,2.06,Bet365,2.5,2.47,1.55,Bet365
2223,E0,2023-05-25,Man United,Chelsea,4,1,H,0.5906423288365098,Bet365,-1.0,2.05,Bet365,2.5,1.6,2.38,Bet365
2223,I1,2023-05-26,Sampdoria,Sassuolo,2,2,A,0.5146670723399188,Bet365,-0.5,1.86,Bet365,2.5,1.62,2.32,Bet365
2223,I1,2023-05-27,Salernitana,Udinese,3,2,A,0.3748227684758885,Bet365,-0.0,1.89,Bet365,2.5,1.82,2.01,Bet365
2223,D1,2023-05-27,Bochum,Leverkusen,3,0,A,0.47208650579102707,Bet365,-0.5,2.04,Bet365,2.5,1.46,2.72,Bet365
2223,D1,2023-05-27,Dortmund,Mainz,2,2,H,0.8329505619973331,Bet365,-2.5,2.01,Bet365,2.5,1.21,4.34,Bet365
2223,D1,2023-05-27,RB Leipzig,Schalke 04,4,2,H,0.5936687845815084,Bet365,-1.0,1.97,Bet365,2.5,1.36,3.15,Bet365
2223,D1,2023-05-27,Stuttgart,Hoffenheim,1,1,H,0.6018581357796448,Bet365,-1.0,1.97,Bet365,2.5,1.46,2.71,Bet365
2223,D1,2023-05-27,Wolfsburg,Hertha,1,2,H,0.7148464090566223,Bet365,-1.5,1.91,Bet365,2.5,1.4,2.92,Bet365
2223,F1,2023-05-27,Angers,Troyes,2,1,H,0.4756002426974083,Bet365,-0.5,2.0,Bet365,2.5,1.71,2.15,Bet365
2223,F1,2023-05-27,Lyon,Reims,3,0,H,0.5949182407479424,Bet365,-1.0,2.01,Bet365,2.5,1.52,2.51,Bet365
2223,F1,2023-05-27,Marseille,Brest,1,2,H,0.6938586923849848,Bet365,-1.5,2.06,Bet365,2.5,1.59,2.36,Bet365
2223,F1,2023-05-27,Montpellier,Nice,2,3,H,0.38944902940376247,Bet365,0.0,1.79,Bet365,2.5,1.78,2.05,Bet365
2223,E0,2023-05-28,Arsenal,Wolves,5,0,H,0.6987561447316474,Bet365,-1.5,2.01,Bet365,2.5,1.46,2.71,Bet365
2223,E0,2023-05-28,Aston Villa,Brighton,2,1,H,0.469238056959118,Bet365,-0.5,2.04,Bet365,2.5,1.53,2.52,Bet365
2223,E0,2023-05-28,Brentford,Man City,1,0,A,0.5132698404320244,Bet365,-0.5,1.85,Bet365,2.5,1.61,2.33,Bet365
2223,E0,2023-05-28,Leicester,West Ham,2,1,H,0.4934848139947161,Bet365,-0.5,1.95,Bet365,2.5,1.68,2.21,Bet365
2223,E0,2023-05-28,Man United,Fulham,2,1,H,0.6254071661237786,Bet365,-1.0,1.87,Bet365,2.5,1.49,2.63,Bet365
2223,E0,2023-05-28,Southampton,Liverpool,4,4,A,0.6739637096464036,Bet365,-1.5,2.05,Bet365,2.5,1.39,3.01,Bet365
2223,SP1,2023-05-28,Ath Bilbao,Elche,0,1,H,0.7217649543656635,Bet365,-1.5,1.95,Bet365,2.5,1.64,2.27,Bet365
2223,SP1,2023-05-28,Ath Madrid,Sociedad,2,1,H,0.46668357549186573,Bet365,-0.5,2.06,Bet365,2.5,1.87,1.95,Bet365
2223,SP1,2023-05-28,Barcelona,Mallorca,3,0,H,0.7224037876764106,Bet365,-1.5,1.91,Bet365,2.5,1.54,2.46,Bet365
2223,SP1,2023-05-28,Cadiz,Celta,1,0,H,0.3632779408281173,Bet365,0.0,1.89,Bet365,2.5,2.11,1.75,Bet365
2223,SP1,2023-05-28,Girona,Betis,1,2,H,0.4763927198449317,Bet365,-0.5,1.99,Bet365,2.5,1.89,1.93,Bet365
2223,SP1,2023-05-28,Valencia,Espanol,2,2,H,0.4745079115861344,Bet365,-0.5,1.99,Bet365,2.5,1.87,1.95,Bet365
2223,I1,2023-06-02,Sassuolo,Fiorentina,1,3,H,0.3743505268910733,Bet365,0.0,1.96,Bet365,2.5,1.47,2.67,Bet365
2223,F1,2023-06-03,Ajaccio,Marseille,1,0,A,0.707619442081933,Bet365,-1.5,1.98,Bet365,2.5,1.58,2.4,Bet365
2223,F1,2023-06-03,Brest,Rennes,1,2,A,0.6112285723579352,Bet365,-1.0,1.97,Bet365,2.5,1.65,2.26,Bet365
2223,F1,2023-06-03,Nantes,Angers,1,0,H,0.6999639812702606,Bet365,-1.5,2.05,Bet365,2.5,1.57,2.41,Bet365
2223,F1,2023-06-03,Nice,Lyon,3,1,H,0.404909466520841,Bet365,0.0,1.82,Bet365,2.5,1.47,2.66,Bet365
2223,F1,2023-06-03,Paris SG,Clermont,2,3,H,0.7767252634123106,Bet365,-2.0,1.98,Bet365,2.5,1.29,3.54,Bet365
2223,F1,2023-06-03,Reims,Montpellier,1,3,H,0.46952049232101933,Bet365,-0.5,2.03,Bet365,2.5,1.48,2.66,Bet365
2223,F1,2023-06-03,Troyes,Lille,1,1,A,0.7820910160280464,Bet365,-2.0,2.03,Bet365,2.5,1.36,3.14,Bet365
2223,I1,2023-06-03,Cremonese,Salernitana,2,0,A,0.3764903913592369,Bet365,-0.0,1.93,Bet365,2.5,1.59,2.39,Bet365
2223,I1,2023-06-04,Napoli,Sampdoria,2,0,H,0.8027515790893007,Bet365,-2.0,1.89,Bet365,2.5,1.37,3.11,Bet365
2223,SP1,2023-06-04,Real Madrid,Ath Bilbao,1,1,H,0.4963151198400533,Bet365,-0.5,1.94,Bet365,2.5,1.65,2.27,Bet365
2223,SP1,2023-06-04,Villarreal,Ath Madrid,2,2,A,0.3815691806667988,Bet365,-0.0,1.91,Bet365,2.5,1.6,2.37,Bet365
2223,SP1,2023-06-04,Betis,Valencia,1,1,A,0.38908555032280195,Bet365,-0.0,1.85,Bet365,2.5,1.72,2.15,Bet365
2223,SP1,2023-06-04,Celta,Barcelona,2,1,A,0.37650646935711,Bet365,-0.0,1.92,Bet365,2.5,1.75,2.1,Bet365
2223,SP1,2023-06-04,Elche,Cadiz,1,1,A,0.36076062550917,Bet365,-0.0,1.95,Bet365,2.5,1.9,1.92,Bet365
2223,SP1,2023-06-04,Espanol,Almeria,3,3,A,0.3991983167723803,Bet365,-0.0,1.8,Bet365,2.5,1.53,2.51,Bet365
2223,I1,2023-06-04,Atalanta,Monza,5,2,H,0.599324500280143,Bet365,-1.0,1.99,Bet365,2.5,1.54,2.48,Bet365
2223,I1,2023-06-04,Lecce,Bologna,2,3,A,0.37032082367836405,Bet365,-0.0,1.89,Bet365,2.5,1.93,1.88,Bet365
2223,I1,2023-06-04,Roma,Spezia,2,1,H,0.48000028441511805,Bet365,-0.5,2.01,Bet365,2.5,1.95,1.87,Bet365
2223,I1,2023-06-04,Udinese,Juventus,0,1,A,0.4837134416857874,Bet365,-0.5,2.02,Bet365,2.5,1.93,1.89,Bet365
2324,SP1,2023-08-11,Almeria,Vallecano,0,2,H,0.377500356910582,Bet365,0.0,1.84,Bet365,2.5,2.15,1.72,Bet365
2324,F1,2023-08-11,Nice,Lille,1,1,H,0.3727697083145748,Bet365,0.0,1.88,Bet365,2.5,1.88,1.94,Bet365
2324,E0,2023-08-11,Burnley,Man City,0,3,A,0.713264800869096,Bet365,-1.5,2.07,Bet365,2.5,1.65,2.27,Bet365
2324,SP1,2023-08-11,Sevilla,Valencia,1,2,H,0.49667857588669706,Bet365,-0.5,1.95,Bet365,2.5,2.29,1.64,Bet365
2324,E0,2023-08-12,Arsenal,Nottm Forest,2,1,H,0.8131711684052801,Bet365,-2.0,1.88,Bet365,2.5,1.42,2.85,Bet365
2324,E0,2023-08-12,Bournemouth,West Ham,1,1,A,0.363787897848786,Bet365,-0.0,1.95,Bet365,2.5,1.88,1.94,Bet365
2324,E0,2023-08-12,Brighton,Luton,4,1,H,0.7249846590342229,Bet365,-1.5,1.95,Bet365,2.5,1.61,2.34,Bet365
2324,SP1,2023-08-12,Sociedad,Girona,1,1,H,0.5873045751356739,Bet365,-1.0,2.05,Bet365,2.5,1.9,1.92,Bet365
2324,F1,2023-08-12,Paris SG,Lorient,0,0,H,0.7167796392434238,Bet365,-1.5,1.99,Bet365,2.5,1.5,2.6,Bet365
2324,F1,2023-08-13,Brest,Lens,3,2,A,0.48534372785258684,Bet365,-0.5,1.99,Bet365,2.5,2.01,1.82,Bet365
2324,F1,2023-08-13,Clermont,Monaco,2,4,A,0.4678235088943146,Bet365,-0.5,2.05,Bet365,2.5,1.72,2.13,Bet365
2324,F1,2023-08-13,Montpellier,Le Havre,2,2,H,0.48928134252623434,Bet365,-0.5,1.98,Bet365,2.5,2.1,1.74,Bet365
2324,F1,2023-08-13,Nantes,Toulouse,1,2,H,0.37060217050292926,Bet365,0.0,1.88,Bet365,2.5,1.98,1.85,Bet365
2324,E0,2023-08-13,Brentford,Tottenham,2,2,A,0.38395731870328825,Bet365,-0.0,1.87,Bet365,2.5,1.7,2.18,Bet365
2324,F1,2023-08-13,Strasbourg,Lyon,2,1,H,0.3711099676738952,Bet365,0.0,1.91,Bet365,2.5,1.71,2.15,Bet365
2324,SP1,2023-08-13,Getafe,Barcelona,0,0,A,0.6094856183380923,Bet365,-1.0,2.03,Bet365,2.5,2.08,1.77,Bet365
2324,E0,2023-08-14,Man United,Wolves,1,0,H,0.7326794589079418,Bet365,-1.5,1.99,Bet365,2.5,1.6,2.38,Bet365
2324,SP1,2023-08-14,Ath Madrid,Granada,3,1,H,0.7334731359185537,Bet365,-1.5,1.93,Bet365,2.5,1.68,2.2,Bet365
2324,SP1,2023-08-18,Mallorca,Villarreal,0,1,A,0.36533889767165895,Bet365,-0.0,1.83,Bet365,2.5,2.38,1.6,Bet365
2324,E0,2023-08-18,Nottm Forest,Sheffield United,2,1,H,0.49325798974740725,Bet365,-0.5,1.98,Bet365,2.5,2.24,1.67,Bet365
2324,SP1,2023-08-18,Valencia,Las Palmas,1,0,H,0.6035957358573415,Bet365,-1.0,2.07,Bet365,2.5,2.15,1.73,Bet365
2324,D1,2023-08-19,Augsburg,MGladbach,4,4,A,0.3879781209532461,Bet365,-0.0,1.87,Bet365,2.5,1.61,2.34,Bet365
2324,D1,2023-08-19,Leverkusen,RB Leipzig,3,2,H,0.388982513644305,Bet365,0.0,1.83,Bet365,2.5,1.68,2.2,Bet365
2324,D1,2023-08-19,Wolfsburg,Heidenheim,2,0,H,0.5924139739240285,Bet365,-1.0,2.03,Bet365,2.5,1.61,2.34,Bet365
2324,E0,2023-08-19,Fulham,Brentford,0,3,A,0.364904749127985,Bet365,-0.0,1.92,Bet365,2.5,1.93,1.9,Bet365
2324,E0,2023-08-19,Liverpool,Bournemouth,3,1,H,0.7792038561774949,Bet365,-2.0,2.04,Bet365,2.5,1.35,3.21,Bet365
2324,E0,2023-08-19,Wolves,Brighton,1,4,A,0.5079847604571863,Bet365,-0.5,1.87,Bet365,2.5,1.74,2.12,Bet365
2324,I1,2023-08-19,Frosinone,Napoli,1,3,A,0.7040536650688961,Bet365,-1.5,2.06,Bet365,2.5,1.68,2.2,Bet365
2324,SP1,2023-08-19,Osasuna,Ath Bilbao,0,2,A,0.3534843184583934,Bet365,-0.0,1.91,Bet365,2.5,2.39,1.59,Bet365
2324,F1,2023-08-20,Le Havre,Brest,1,2,H,0.35177814867120294,Bet365,0.0,1.95,Bet365,2.5,2.22,1.67,Bet365
2324,F1,2023-08-20,Reims,Clermont,2,0,H,0.5057514703450883,Bet365,-0.5,1.91,Bet365,2.5,1.8,2.02,Bet365
2324,D1,2023-08-20,Union Berlin,Mainz,4,1,H,0.47724409532177986,Bet365,-0.5,2.02,Bet365,2.5,2.1,1.75,Bet365
2324,E0,2023-08-20,West Ham,Chelsea,3,1,A,0.46974697469746973,Bet365,-0.5,2.08,Bet365,2.5,1.92,1.91,Bet365
2324,I1,2023-08-20,Roma,Salernitana,2,2,H,0.6250261382211619,Bet365,-1.0,1.93,Bet365,2.5,2.1,1.75,Bet365
2324,SP1,2023-08-20,Girona,Getafe,3,0,H,0.46758906584938087,Bet365,-0.5,2.05,Bet365,2.5,2.59,1.5,Bet365
2324,I1,2023-08-20,Udinese,Juventus,0,3,A,0.5148100324764252,Bet365,-0.5,1.85,Bet365,2.5,2.1,1.75,Bet365
2324,SP1,2023-08-20,Betis,Ath Madrid,0,0,A,0.47296697364355406,Bet365,-0.5,2.03,Bet365,2.5,2.14,1.73,Bet365
2324,I1,2023-08-21,Bologna,Milan,0,2,A,0.480663627278217,Bet365,-0.5,2.01,Bet365,2.5,2.05,1.78,Bet365
2324,E0,2023-08-21,Crystal Palace,Arsenal,0,1,A,0.5986492612192302,Bet365,-1.0,2.06,Bet365,2.5,1.92,1.9,Bet365
2324,SP1,2023-08-21,Granada,Vallecano,0,2,H,0.36128161455153135,Bet365,0.0,1.83,Bet365,2.5,2.38,1.58,Bet365
2324,SP1,2023-08-25,Las Palmas,Sociedad,0,0,A,0.47180667433831985,Bet365,-0.5,2.05,Bet365,2.5,2.44,1.57,Bet365
2324,D1,2023-08-25,RB Leipzig,Stuttgart,5,1,H,0.6375347562561261,Bet365,-1.0,1.83,Bet365,2.5,1.54,2.49,Bet365
2324,E0,2023-08-25,Chelsea,Luton,3,0,H,0.7463786266901711,Bet365,-1.5,1.95,Bet365,2.5,1.66,2.27,Bet365
2324,E0,2023-08-26,Bournemouth,Tottenham,0,2,A,0.49352032301112997,Bet365,-0.5,1.94,Bet365,2.5,1.55,2.47,Bet365
2324,D1,2023-08-26,Bochum,Dortmund,1,1,A,0.6757941562268311,Bet365,-1.5,2.06,Bet365,2.5,1.36,3.17,Bet365
2324,D1,2023-08-26,Darmstadt,Union Berlin,1,4,A,0.473190861778011,Bet365,-0.5,2.05,Bet365,2.5,2.08,1.77,Bet365
2324,E0,2023-08-26,Man United,Nottm Forest,3,2,H,0.7308976324538861,Bet365,-1.5,1.89,Bet365,2.5,1.52,2.56,Bet365
2324,I1,2023-08-26,Monza,Empoli,2,0,H,0.49204633204633214,Bet365,-0.5,1.95,Bet365,2.5,2.03,1.81,Bet365
2324,E0,2023-08-26,Brighton,West Ham,1,3,H,0.6271012465111048,Bet365,-1.0,1.86,Bet365,2.5,1.49,2.63,Bet365
2324,D1,2023-08-26,MGladbach,Leverkusen,0,3,A,0.5038099626683763,Bet365,-0.5,1.91,Bet365,2.5,1.49,2.63,Bet365
2324,F1,2023-08-26,Marseille,Brest,2,0,H,0.6289970829920956,Bet365,-1.0,1.87,Bet365,2.5,1.72,2.15,Bet365
2324,SP1,2023-08-26,Granada,Mallorca,3,2,H,0.36182958347524696,Bet365,0.0,1.82,Bet365,2.5,2.7,1.47,Bet365
2324,I1,2023-08-26,Verona,Roma,2,1,A,0.51559845933184,Bet365,-0.5,1.87,Bet365,2.5,2.29,1.65,Bet365
2324,F1,2023-08-26,Paris SG,Lens,3,1,H,0.5953512264029793,Bet365,-1.0,2.05,Bet365,2.5,1.66,2.23,Bet365
2324,F1,2023-08-27,Clermont,Metz,0,1,H,0.5043830074173973,Bet365,-0.5,1.92,Bet365,2.5,1.82,2.02,Bet365
2324,E0,2023-08-27,Sheffield United,Man City,1,2,A,0.8143921480106242,Bet365,-2.0,1.96,Bet365,2.5,1.57,2.41,Bet365
2324,F1,2023-08-27,Lorient,Lille,4,1,A,0.48883102644922577,Bet365,-0.5,1.99,Bet365,2.5,1.83,2.01,Bet365
2324,SP1,2023-08-27,Villarreal,Barcelona,3,4,A,0.46879026485325703,Bet365,-0.5,2.05,Bet365,2.5,1.68,2.23,Bet365
2324,D1,2023-08-27,Bayern Munich,Augsburg,3,1,H,0.8874312307833946,Bet365,-3.0,2.0,Bet365,2.5,1.19,4.78,Bet365
2324,I1,2023-08-27,Fiorentina,Lecce,2,2,H,0.5969340827797649,Bet365,-1.0,2.08,Bet365,2.5,2.07,1.77,Bet365
2324,I1,2023-08-27,Juventus,Bologna,1,1,H,0.6424221221513763,Bet365,-1.0,1.83,Bet365,2.5,1.91,1.92,Bet365
2324,SP1,2023-08-27,Valencia,Osasuna,1,2,H,0.5042326082676837,Bet365,-0.5,1.89,Bet365,2.5,2.23,1.68,Bet365
2324,I1,2023-08-27,Lazio,Genoa,0,1,H,0.6058688888448505,Bet365,-1.0,2.04,Bet365,2.5,2.04,1.8,Bet365
2324,I1,2023-08-27,Napoli,Sassuolo,2,0,H,0.719828877889494,Bet365,-1.5,1.92,Bet365,2.5,1.45,2.78,Bet365
2324,SP1,2023-08-27,Ath Bilbao,Betis,4,2,H,0.49974588847553425,Bet365,-0.5,1.94,Bet365,2.5,2.0,1.85,Bet365
2324,I1,2023-08-28,Salernitana,Udinese,1,1,A,0.36471274377431745,Bet365,-0.0,1.9,Bet365,2.5,2.01,1.82,Bet365
2324,SP1,2023-08-28,Vallecano,Ath Madrid,0,7,A,0.4865358252208166,Bet365,-0.5,1.98,Bet365,2.5,2.12,1.74,Bet365
2324,I1,2023-09-01,Sassuolo,Verona,3,1,H,0.47457500293961496,Bet365,-0.5,2.03,Bet365,2.5,1.82,2.02,Bet365
2324,I1,2023-09-01,Roma,Milan,1,2,A,0.35486198809309044,Bet365,-0.0,1.91,Bet365,2.5,2.31,1.63,Bet365
2324,E0,2023-09-02,Sheffield United,Everton,2,2,A,0.38394221693921965,Bet365,-0.0,1.81,Bet365,2.5,2.26,1.66,Bet365
2324,D1,2023-09-02,Augsburg,Bochum,2,2,H,0.4719489211674753,Bet365,-0.5,2.05,Bet365,2.5,1.73,2.14,Bet365
2324,D1,2023-09-02,Hoffenheim,Wolfsburg,3,1,H,0.3875569347815206,Bet365,0.0,1.89,Bet365,2.5,1.53,2.51,Bet365
2324,D1,2023-09-02,Leverkusen,Darmstadt,5,1,H,0.7984923817161187,Bet365,-2.0,1.98,Bet365,2.5,1.41,2.9,Bet365
2324,D1,2023-09-02,Werder Bremen,Mainz,4,0,A,0.3761194029850746,Bet365,-0.0,1.91,Bet365,2.5,1.74,2.12,Bet365
2324,E0,2023-09-02,Burnley,Tottenham,2,5,A,0.5096737183698926,Bet365,-0.5,1.9,Bet365,2.5,1.64,2.31,Bet365
2324,SP1,2023-09-02,Real Madrid,Getafe,2,1,H,0.7221148762828801,Bet365,-1.5,2.06,Bet365,2.5,1.88,1.95,Bet365
2324,SP1,2023-09-02,Alaves,Valencia,1,0,A,0.3463120273698345,Bet365,-0.0,1.91,Bet365,2.5,2.76,1.45,Bet365
2324,E0,2023-09-02,Brighton,Newcastle,3,1,H,0.3760932944606414,Bet365,0.0,1.94,Bet365,2.5,1.49,2.65,Bet365
2324,I1,2023-09-02,Atalanta,Monza,3,0,H,0.586734348744896,Bet365,-1.0,2.05,Bet365,2.5,1.72,2.14,Bet365
2324,SP1,2023-09-02,Betis,Vallecano,1,0,H,0.48497666277712953,Bet365,-0.5,1.99,Bet365,2.5,2.09,1.77,Bet365
2324,F1,2023-09-03,Toulouse,Clermont,2,2,H,0.47973114966643043,Bet365,-0.5,2.04,Bet365,2.5,1.86,1.97,Bet365
2324,F1,2023-09-03,Le Havre,Lorient,3,0,A,0.35356104651162784,Bet365,-0.0,1.94,Bet365,2.5,2.24,1.66,Bet365
2324,F1,2023-09-03,Metz,Reims,2,2,A,0.4990069086114965,Bet365,-0.5,1.93,Bet365,2.5,1.85,1.98,Bet365
2324,E0,2023-09-03,Crystal Palace,Wolves,3,2,H,0.49137709137709146,Bet365,-0.5,1.98,Bet365,2.5,2.23,1.68,Bet365
2324,E0,2023-09-03,Liverpool,Aston Villa,3,0,H,0.5770510336371486,Bet365,-1.0,2.05,Bet365,2.5,1.41,2.94,Bet365
2324,F1,2023-09-03,Nice,Strasbourg,2,0,H,0.48864533930583687,Bet365,-0.5,2.0,Bet365,2.5,1.93,1.89,Bet365
2324,I1,2023-09-03,Torino,Genoa,1,0,H,0.4658722654868534,Bet365,-0.5,2.08,Bet365,2.5,2.39,1.59,Bet365
2324,I1,2023-09-03,Lecce,Salernitana,2,0,H,0.47268319970165956,Bet365,-0.5,2.05,Bet365,2.5,2.18,1.7,Bet365
2324,D1,2023-09-15,Bayern Munich,Leverkusen,2,2,H,0.5924256182896213,Bet365,-1.0,2.06,Bet365,2.5,1.37,3.09,Bet365
2324,F1,2023-09-15,Paris SG,Nice,2,3,H,0.6218732791563067,Bet365,-1.0,1.95,Bet365,2.5,1.6,2.35,Bet365
2324,SP1,2023-09-15,Vallecano,Alaves,2,0,H,0.47866719729926305,Bet365,-0.5,2.03,Bet365,2.5,2.66,1.49,Bet365
2324,SP1,2023-09-16,Ath Bilbao,Cadiz,3,0,H,0.6187420243753583,Bet365,-1.0,1.97,Bet365,2.5,2.05,1.79,Bet365
2324,I1,2023-09-16,Juventus,Lazio,3,1,H,0.4959738846572361,Bet365,-0.5,1.93,Bet365,2.5,2.12,1.74,Bet365
2324,D1,2023-09-16,Mainz,Stuttgart,1,3,H,0.376325122579895,Bet365,0.0,1.91,Bet365,2.5,1.69,2.2,Bet365
2324,D1,2023-09-16,RB Leipzig,Augsburg,3,0,H,0.779260831164137,Bet365,-2.0,2.07,Bet365,2.5,1.37,3.1,Bet365
2324,E0,2023-09-16,Aston Villa,Crystal Palace,3,1,H,0.5049627791563275,Bet365,-0.5,1.91,Bet365,2.5,1.87,1.97,Bet365
2324,SP1,2023-09-16,Valencia,Ath Madrid,3,0,A,0.46539021612191633,Bet365,-0.5,2.06,Bet365,2.5,2.16,1.72,Bet365
2324,SP1,2023-09-16,Celta,Mallorca,0,1,H,0.46787893709441997,Bet365,-0.5,2.06,Bet365,2.5,2.64,1.49,Bet365
2324,E0,2023-09-16,Newcastle,Brentford,1,0,H,0.6249553092599213,Bet365,-1.0,1.89,Bet365,2.5,1.67,2.24,Bet365
2324,F1,2023-09-16,Lens,Metz,0,1,H,0.6365096852218748,Bet365,-1.0,1.83,Bet365,2.5,1.67,2.23,Bet365
2324,SP1,2023-09-16,Barcelona,Betis,5,0,H,0.6976348559494217,Bet365,-1.5,2.06,Bet365,2.5,1.56,2.45,Bet365
2324,I1,2023-09-17,Cagliari,Udinese,0,0,A,0.3748652468677383,Bet365,-0.0,1.84,Bet365,2.5,2.1,1.75,Bet365
2324,F1,2023-09-17,Lorient,Monaco,2,2,A,0.510771292186584,Bet365,-0.5,1.87,Bet365,2.5,1.63,2.29,Bet365
2324,I1,2023-09-17,Frosinone,Sassuolo,4,2,A,0.38090378606692704,Bet365,-0.0,1.85,Bet365,2.5,1.83,2.0,Bet365
2324,F1,2023-09-17,Clermont,Nantes,0,1,H,0.4765751211631664,Bet365,-0.5,2.01,Bet365,2.5,1.99,1.84,Bet365
2324,F1,2023-09-17,Reims,Brest,1,2,H,0.5079823689090763,Bet365,-0.5,1.9,Bet365,2.5,1.82,2.02,Bet365
2324,E0,2023-09-17,Everton,Arsenal,0,1,A,0.631122760272298,Bet365,-1.0,1.85,Bet365,2.5,1.65,2.27,Bet365
2324,I1,2023-09-17,Fiorentina,Atalanta,3,2,H,0.38845383497624003,Bet365,0.0,1.83,Bet365,2.5,1.79,2.05,Bet365
2324,SP1,2023-09-18,Granada,Girona,2,4,A,0.36264041709187217,Bet365,-0.0,1.93,Bet365,2.5,2.02,1.8,Bet365
2324,I1,2023-09-22,Salernitana,Frosinone,1,1,H,0.38062708282211016,Bet365,0.0,1.82,Bet365,2.5,2.11,1.75,Bet365
2324,D1,2023-09-22,Stuttgart,Darmstadt,3,1,H,0.6928146781467814,Bet365,-1.5,2.03,Bet365,2.5,1.56,2.47,Bet365
2324,SP1,2023-09-22,Alaves,Ath Bilbao,0,2,A,0.45890113362562707,Bet365,-0.5,2.11,Bet365,2.5,2.57,1.52,Bet365
2324,SP1,2023-09-23,Girona,Mallorca,5,3,H,0.49939162176255864,Bet365,-0.5,1.92,Bet365,2.5,2.39,1.59,Bet365
2324,D1,2023-09-23,Augsburg,Mainz,2,1,H,0.37008961752036146,Bet365,0.0,1.91,Bet365,2.5,1.68,2.22,Bet365
2324,D1,2023-09-23,MGladbach,RB Leipzig,0,1,A,0.6066032128288659,Bet365,-1.0,1.95,Bet365,2.5,1.4,2.96,Bet365
2324,E0,2023-09-23,Crystal Palace,Fulham,0,0,H,0.49204651784520786,Bet365,-0.5,1.98,Bet365,2.5,2.05,1.8,Bet365
2324,SP1,2023-09-23,Osasuna,Sevilla,0,0,H,0.37569417075704925,Bet365,0.0,1.81,Bet365,2.5,2.26,1.66,Bet365
2324,SP1,2023-09-23,Barcelona,Celta,3,2,H,0.7446535202169788,Bet365,-1.5,1.78,Bet365,2.5,1.52,2.55,Bet365
2324,D1,2023-09-23,Werder Bremen,FC Koln,2,1,H,0.37744129227034345,Bet365,0.0,1.89,Bet365,2.5,1.71,2.17,Bet365
2324,F1,2023-09-23,Brest,Lyon,1,0,H,0.37657010821002745,Bet365,0.0,1.89,Bet365,2.5,1.66,2.25,Bet365
2324,I1,2023-09-24,Empoli,Inter,0,1,A,0.7171077417804582,Bet365,-1.5,1.99,Bet365,2.5,1.55,2.47,Bet365
2324,F1,2023-09-24,Metz,Strasbourg,0,1,A,0.3791851163688573,Bet365,-0.0,1.82,Bet365,2.5,2.14,1.73,Bet365
2324,SP1,2023-09-24,Sociedad,Getafe,4,3,H,0.6167309258876984,Bet365,-1.0,2.05,Bet365,2.5,2.51,1.54,Bet365
2324,E0,2023-09-24,Brighton,Bournemouth,3,1,H,0.6935077018505117,Bet365,-1.5,2.01,Bet365,2.5,1.37,3.11,Bet365
2324,E0,2023-09-24,Chelsea,Aston Villa,0,1,H,0.5026024888091295,Bet365,-0.5,1.91,Bet365,2.5,1.7,2.2,Bet365
2324,E0,2023-09-24,Liverpool,West Ham,3,1,H,0.6888530749984418,Bet365,-1.5,2.03,Bet365,2.5,1.4,2.96,Bet365
2324,D1,2023-09-24,Leverkusen,Heidenheim,4,1,H,0.7788625766535474,Bet365,-2.0,2.02,Bet365,2.5,1.34,3.3,Bet365
2324,SP1,2023-09-24,Vallecano,Villarreal,1,1,H,0.38000094024728504,Bet365,0.0,1.86,Bet365,2.5,1.76,2.1,Bet365
2324,F1,2023-09-24,Montpellier,Rennes,0,0,A,0.37157451946948,Bet365,-0.0,1.94,Bet365,2.5,1.74,2.12,Bet365
2324,I1,2023-09-24,Bologna,Napoli,0,0,A,0.4803882613384799,Bet365,-0.5,2.01,Bet365,2.5,1.83,2.01,Bet365
2324,SP1,2023-09-24,Betis,Cadiz,1,1,H,0.5176815030006251,Bet365,-0.5,1.85,Bet365,2.5,2.14,1.73,Bet365
2324,SP1,2023-09-24,Las Palmas,Granada,1,0,H,0.4716706518349101,Bet365,-0.5,2.03,Bet365,2.5,2.05,1.79,Bet365
2324,F1,2023-09-24,Paris SG,Marseille,4,0,H,0.5854015723755204,Bet365,-1.0,2.06,Bet365,2.5,1.53,2.51,Bet365
2324,SP1,2023-09-24,Ath Madrid,Real Madrid,3,1,A,0.3750236637849435,Bet365,-0.0,1.85,Bet365,2.5,2.03,1.82,Bet365
2324,I1,2023-09-26,Juventus,Lecce,1,0,H,0.6393641084456337,Bet365,-1.0,1.87,Bet365,2.5,1.91,1.92,Bet365
2324,F1,2023-09-26,Lille,Reims,1,2,H,0.4930430569015645,Bet365,-0.5,1.95,Bet365,2.5,1.83,2.01,Bet365
2324,SP1,2023-09-26,Mallorca,Barcelona,2,2,A,0.6409547354470385,Bet365,-1.0,1.83,Bet365,2.5,1.86,1.98,Bet365
2324,I1,2023-09-27,Verona,Atalanta,0,1,A,0.526656488744259,Bet365,-0.5,1.83,Bet365,2.5,1.92,1.91,Bet365
2324,SP1,2023-09-27,Real Madrid,Las Palmas,2,0,H,0.7877549176025668,Bet365,-2.0,2.02,Bet365,2.5,1.44,2.8,Bet365
2324,I1,2023-09-27,Inter,Sassuolo,1,2,H,0.7206116475882052,Bet365,-1.5,1.9,Bet365,2.5,1.4,2.95,Bet365
2324,SP1,2023-09-27,Cadiz,Vallecano,0,0,H,0.3719606540684377,Bet365,0.0,1.81,Bet365,2.5,2.36,1.6,Bet365
2324,SP1,2023-09-27,Valencia,Sociedad,0,1,H,0.36220019876986204,Bet365,0.0,1.85,Bet365,2.5,2.45,1.57,Bet365
2324,I1,2023-09-28,Frosinone,Fiorentina,1,1,A,0.47847093932073337,Bet365,-0.5,2.03,Bet365,2.5,1.84,2.0,Bet365
2324,SP1,2023-09-29,Barcelona,Sevilla,1,0,H,0.6982331596484116,Bet365,-1.5,2.08,Bet365,2.5,1.5,2.61,Bet365
2324,E0,2023-09-30,Aston Villa,Brighton,6,1,A,0.3778427061056056,Bet365,-0.0,1.96,Bet365,2.5,1.43,2.84,Bet365
2324,SP1,2023-09-30,Getafe,Villarreal,0,0,A,0.37574033373712185,Bet365,-0.0,1.82,Bet365,2.5,2.11,1.75,Bet365
2324,D1,2023-09-30,Mainz,Leverkusen,0,3,A,0.6232615197348713,Bet365,-1.0,1.86,Bet365,2.5,1.54,2.48,Bet365
2324,E0,2023-09-30,Bournemouth,Arsenal,0,4,A,0.6281060939102766,Bet365,-1.0,1.93,Bet365,2.5,1.54,2.49,Bet365
2324,E0,2023-09-30,Everton,Luton,1,2,H,0.5972623848070362,Bet365,-1.0,2.09,Bet365,2.5,2.02,1.82,Bet365
2324,E0,2023-09-30,Man United,Crystal Palace,0,1,H,0.6128691140778167,Bet365,-1.0,2.0,Bet365,2.5,1.77,2.08,Bet365
2324,E0,2023-09-30,Newcastle,Burnley,2,0,H,0.7241620267883098,Bet365,-1.5,1.96,Bet365,2.5,1.53,2.52,Bet365
2324,E0,2023-09-30,Wolves,Man City,2,1,A,0.7246568753877359,Bet365,-1.5,1.96,Bet365,2.5,1.53,2.51,Bet365
2324,SP1,2023-09-30,Girona,Real Madrid,0,3,A,0.4855019670697945,Bet365,-0.5,2.0,Bet365,2.5,1.62,2.34,Bet365
2324,D1,2023-09-30,RB Leipzig,Bayern Munich,2,2,A,0.4998582563192669,Bet365,-0.5,1.94,Bet365,2.5,1.4,2.96,Bet365
2324,SP1,2023-10-01,Almeria,Granada,3,3,H,0.48854839496366287,Bet365,-0.5,1.96,Bet365,2.5,1.76,2.09,Bet365
2324,F1,2023-10-01,Le Havre,Lille,0,2,A,0.4808042844399942,Bet365,-0.5,2.01,Bet365,2.5,2.03,1.8,Bet365
2324,E0,2023-10-01,Nottm Forest,Brentford,1,1,A,0.3631796748706557,Bet365,-0.0,1.89,Bet365,2.5,2.09,1.76,Bet365
2324,SP1,2023-10-01,Alaves,Osasuna,0,2,H,0.3533729001106528,Bet365,0.0,1.88,Bet365,2.5,2.56,1.52,Bet365
2324,I1,2023-10-01,Atalanta,Juventus,0,0,H,0.38202829577448194,Bet365,0.0,1.84,Bet365,2.5,1.89,1.94,Bet365
2324,F1,2023-10-01,Rennes,Nantes,3,1,H,0.6292089757473026,Bet365,-1.0,1.85,Bet365,2.5,1.66,2.25,Bet365
2324,SP1,2023-10-01,Ath Madrid,Cadiz,3,2,H,0.706282183316169,Bet365,-1.5,2.06,Bet365,2.5,1.75,2.11,Bet365
2324,I1,2023-10-02,Torino,Verona,0,0,H,0.5053820293093645,Bet365,-0.5,1.89,Bet365,2.5,2.33,1.61,Bet365
2324,I1,2023-10-02,Fiorentina,Cagliari,3,0,H,0.6427463971329567,Bet365,-1.0,1.75,Bet365,2.5,1.83,2.0,Bet365
2324,E0,2023-10-02,Fulham,Chelsea,0,2,A,0.4667364624303984,Bet365,-0.5,2.05,Bet365,2.5,1.93,1.89,Bet365
2324,E0,2023-10-03,Luton,Burnley,1,2,A,0.36660533941868084,Bet365,-0.0,1.85,Bet365,2.5,2.24,1.67,Bet365
2324,D1,2023-10-06,MGladbach,Mainz,2,2,H,0.4684633027522936,Bet365,-0.5,2.06,Bet365,2.5,1.58,2.42,Bet365
2324,I1,2023-10-06,Lecce,Sassuolo,1,1,H,0.3742176159333198,Bet365,0.0,1.88,Bet365,2.5,1.79,2.06,Bet365
2324,SP1,2023-10-06,Ath Bilbao,Almeria,3,0,H,0.698091767563967,Bet365,-1.5,2.03,Bet365,2.5,1.54,2.49,Bet365
2324,D1,2023-10-07,Augsburg,Darmstadt,1,2,H,0.5071074325332979,Bet365,-0.5,1.9,Bet365,2.5,1.69,2.21,Bet365
2324,D1,2023-10-07,Dortmund,Union Berlin,4,2,H,0.5985223386268712,Bet365,-1.0,1.98,Bet365,2.5,1.63,2.31,Bet365
2324,D1,2023-10-07,RB Leipzig,Bochum,0,0,H,0.773218237121685,Bet365,-2.0,2.05,Bet365,2.5,1.35,3.21,Bet365
2324,D1,2023-10-07,Stuttgart,Wolfsburg,3,1,H,0.48045383059986524,Bet365,-0.5,2.0,Bet365,2.5,1.67,2.23,Bet365
2324,E0,2023-10-07,Everton,Bournemouth,3,0,H,0.48792559800911683,Bet365,-0.5,1.98,Bet365,2.5,1.83,2.01,Bet365
2324,E0,2023-10-07,Fulham,Sheffield United,3,1,H,0.5874176190873446,Bet365,-1.0,2.08,Bet365,2.5,1.93,1.9,Bet365
2324,SP1,2023-10-07,Real Madrid,Osasuna,4,0,H,0.7345645946386566,Bet365,-1.5,1.89,Bet365,2.5,1.58,2.4,Bet365
2324,I1,2023-10-07,Juventus,Torino,2,0,H,0.49779605054923826,Bet365,-0.5,1.95,Bet365,2.5,2.36,1.6,Bet365
2324,I1,2023-10-07,Genoa,Milan,0,1,A,0.49233362107945905,Bet365,-0.5,1.96,Bet365,2.5,2.05,1.8,Bet365
2324,SP1,2023-10-07,Sevilla,Vallecano,2,2,H,0.507471010619757,Bet365,-0.5,1.9,Bet365,2.5,2.05,1.79,Bet365
2324,F1,2023-10-07,Reims,Monaco,1,3,A,0.37556846008535655,Bet365,-0.0,1.94,Bet365,2.5,1.59,2.37,Bet365
2324,F1,2023-10-08,Marseille,Le Havre,3,0,H,0.6414958270777744,Bet365,-1.0,1.73,Bet365,2.5,1.73,2.13,Bet365
2324,SP1,2023-10-08,Villarreal,Las Palmas,1,2,H,0.5937855661745217,Bet365,-1.0,2.08,Bet365,2.5,1.76,2.08,Bet365
2324,I1,2023-10-08,Lazio,Atalanta,3,2,A,0.3676829195760524,Bet365,-0.0,1.87,Bet365,2.5,1.99,1.85,Bet365
2324,D1,2023-10-08,Leverkusen,FC Koln,3,0,H,0.7171833402354612,Bet365,-1.5,1.94,Bet365,2.5,1.48,2.65,Bet365
2324,SP1,2023-10-08,Ath Madrid,Sociedad,2,1,H,0.5035880940665175,Bet365,-0.5,1.93,Bet365,2.5,2.12,1.72,Bet365
2324,I1,2023-10-08,Cagliari,Roma,1,4,A,0.5201695531992313,Bet365,-0.5,1.85,Bet365,2.5,2.28,1.64,Bet365
2324,SP1,2023-10-08,Alaves,Betis,1,1,A,0.36233108108108103,Bet365,-0.0,1.87,Bet365,2.5,2.38,1.59,Bet365
2324,SP1,2023-10-08,Celta,Getafe,2,2,H,0.46620773751710354,Bet365,-0.5,2.06,Bet365,2.5,2.57,1.51,Bet365
2324,I1,2023-10-08,Napoli,Fiorentina,1,3,H,0.5937719850409153,Bet365,-1.0,2.05,Bet365,2.5,1.64,2.24,Bet365
2324,F1,2023-10-20,Le Havre,Lens,0,0,A,0.5170746576475204,Bet365,-0.5,1.88,Bet365,2.5,2.11,1.74,Bet365
2324,E0,2023-10-21,Liverpool,Everton,2,0,H,0.7091844236779616,Bet365,-1.5,2.0,Bet365,2.5,1.41,2.92,Bet365
2324,SP1,2023-10-21,Sociedad,Mallorca,1,0,H,0.6126764878770616,Bet365,-1.0,2.03,Bet365,2.5,2.38,1.59,Bet365
2324,D1,2023-10-21,Union Berlin,Stuttgart,0,3,H,0.3786228783895206,Bet365,0.0,1.86,Bet365,2.5,1.8,2.04,Bet365
2324,E0,2023-10-21,Brentford,Burnley,3,0,H,0.524875447337029,Bet365,-0.5,1.86,Bet365,2.5,1.92,1.92,Bet365
2324,SP1,2023-10-21,Sevilla,Real Madrid,1,1,A,0.5163948902101607,Bet365,-0.5,1.86,Bet365,2.5,1.68,2.21,Bet365
2324,I1,2023-10-21,Sassuolo,Lazio,0,2,A,0.3837932795740531,Bet365,-0.0,1.86,Bet365,2.5,1.63,2.29,Bet365
2324,F1,2023-10-22,Lorient,Rennes,2,1,A,0.5040758041566721,Bet365,-0.5,1.91,Bet365,2.5,1.79,2.04,Bet365
2324,SP1,2023-10-22,Las Palmas,Vallecano,0,1,H,0.3604950716845878,Bet365,0.0,1.87,Bet365,2.5,2.29,1.63,Bet365
2324,F1,2023-10-22,Monaco,Metz,2,1,H,0.7128092430209534,Bet365,-1.5,1.94,Bet365,2.5,1.44,2.78,Bet365
2324,E0,2023-10-22,Aston Villa,West Ham,4,1,H,0.5045615642729122,Bet365,-0.5,1.91,Bet365,2.5,1.58,2.39,Bet365
2324,I1,2023-10-22,Atalanta,Genoa,2,0,H,0.617691696176917,Bet365,-1.0,1.95,Bet365,2.5,1.98,1.85,Bet365
2324,E0,2023-10-23,Tottenham,Fulham,2,0,H,0.6355810714100268,Bet365,-1.0,1.83,Bet365,2.5,1.51,2.55,Bet365
2324,D1,2023-10-27,Bochum,Mainz,2,2,A,0.3753274292129226,Bet365,-0.0,1.89,Bet365,2.5,1.75,2.11,Bet365
2324,F1,2023-10-27,Clermont,Nice,0,1,A,0.4961688612900932,Bet365,-0.5,1.95,Bet365,2.5,2.25,1.66,Bet365
2324,I1,2023-10-28,Sassuolo,Bologna,1,1,A,0.3639825130447046,Bet365,-0.0,1.96,Bet365,2.5,1.73,2.15,Bet365
2324,D1,2023-10-28,Bayern Munich,Darmstadt,8,0,H,0.8991816197559276,Bet365,-3.0,1.93,Bet365,2.5,1.17,4.98,Bet365
2324,D1,2023-10-28,Stuttgart,Hoffenheim,2,3,H,0.5164792099384724,Bet365,-0.5,1.88,Bet365,2.5,1.49,2.63,Bet365
2324,D1,2023-10-28,Werder Bremen,Union Berlin,2,0,A,0.36884461965522874,Bet365,-0.0,1.92,Bet365,2.5,1.81,2.03,Bet365
2324,E0,2023-10-28,Arsenal,Sheffield United,5,0,H,0.854773427967747,Bet365,-2.5,2.03,Bet365,2.5,1.36,3.13,Bet365
2324,SP1,2023-10-28,Barcelona,Real Madrid,1,2,H,0.3776130090314832,Bet365,0.0,1.91,Bet365,2.5,1.6,2.4,Bet365
2324,F1,2023-10-28,Reims,Lorient,1,0,H,0.5779091498954632,Bet365,-1.0,2.08,Bet365,2.5,1.71,2.16,Bet365
2324,I1,2023-10-28,Lecce,Torino,0,1,H,0.34612275756125616,Bet365,0.0,1.91,Bet365,2.5,2.54,1.53,Bet365
2324,F1,2023-10-28,Lens,Nantes,4,0,H,0.6067648205343489,Bet365,-1.0,2.01,Bet365,2.5,1.76,2.08,Bet365
2324,F1,2023-10-29,Brest,Paris SG,2,3,A,0.6241045270833779,Bet365,-1.0,1.88,Bet365,2.5,1.63,2.29,Bet365
2324,SP1,2023-10-29,Betis,Osasuna,2,1,H,0.46165485386636934,Bet365,-0.5,2.1,Bet365,2.5,2.15,1.72,Bet365
2324,F1,2023-10-29,Metz,Le Havre,0,0,H,0.37581212374083567,Bet365,0.0,1.84,Bet365,2.5,2.18,1.69,Bet365
2324,E0,2023-10-29,Brighton,Fulham,1,1,H,0.6146457873146103,Bet365,-1.0,1.95,Bet365,2.5,1.5,2.59,Bet365
2324,F1,2023-10-29,Rennes,Strasbourg,1,1,H,0.5986269355115331,Bet365,-1.0,2.06,Bet365,2.5,1.87,1.96,Bet365
2324,D1,2023-10-29,Leverkusen,Freiburg,2,1,H,0.7470706028593639,Bet365,-1.5,1.78,Bet365,2.5,1.48,2.65,Bet365
2324,I1,2023-11-03,Bologna,Lazio,1,0,H,0.3523108561532633,Bet365,0.0,1.93,Bet365,2.5,2.25,1.66,Bet365
2324,SP1,2023-11-04,Osasuna,Girona,2,4,A,0.38856365193519243,Bet365,-0.0,1.8,Bet365,2.5,1.94,1.89,Bet365
2324,D1,2023-11-04,Hoffenheim,Leverkusen,2,3,A,0.6032416140461341,Bet365,-1.0,1.96,Bet365,2.5,1.32,3.35,Bet365
2324,D1,2023-11-04,Mainz,RB Leipzig,2,0,A,0.6001364580856584,Bet365,-1.0,2.02,Bet365,2.5,1.59,2.38,Bet365
2324,D1,2023-11-04,Union Berlin,Ein Frankfurt,0,3,H,0.3753183680572034,Bet365,0.0,1.83,Bet365,2.5,2.04,1.8,Bet365
2324,E0,2023-11-04,Burnley,Crystal Palace,0,2,A,0.3653570620616847,Bet365,-0.0,1.88,Bet365,2.5,2.23,1.68,Bet365
2324,E0,2023-11-04,Man City,Bournemouth,6,1,H,0.8782895288893809,Bet365,-2.5,1.89,Bet365,2.5,1.3,3.53,Bet365
2324,E0,2023-11-04,Sheffield United,Wolves,2,1,A,0.4852184687349905,Bet365,-0.5,2.0,Bet365,2.5,1.89,1.94,Bet365
2324,SP1,2023-11-04,Betis,Mallorca,2,0,H,0.5002263467632413,Bet365,-0.5,1.94,Bet365,2.5,2.34,1.62,Bet365
2324,SP1,2023-11-04,Celta,Sevilla,1,1,H,0.3735428600634556,Bet365,0.0,1.91,Bet365,2.5,1.93,1.9,Bet365
2324,E0,2023-11-04,Newcastle,Arsenal,1,0,A,0.3755214593791982,Bet365,-0.0,1.87,Bet365,2.5,1.92,1.91,Bet365
2324,D1,2023-11-04,Dortmund,Bayern Munich,0,4,A,0.5284661246954967,Bet365,-0.5,1.78,Bet365,2.5,1.34,3.32,Bet365
2324,F1,2023-11-05,Nantes,Reims,0,1,A,0.37774299677388445,Bet365,-0.0,1.84,Bet365,2.5,2.11,1.74,Bet365
2324,I1,2023-11-05,Cagliari,Genoa,2,1,A,0.35424065490880635,Bet365,-0.0,1.97,Bet365,2.5,2.18,1.7,Bet365
2324,E0,2023-11-05,Nottm Forest,Aston Villa,2,0,A,0.5093130567767806,Bet365,-0.5,1.89,Bet365,2.5,1.76,2.1,Bet365
2324,I1,2023-11-05,Roma,Lecce,2,1,H,0.6072621796759224,Bet365,-1.0,2.08,Bet365,2.5,2.14,1.72,Bet365
2324,I1,2023-11-05,Fiorentina,Juventus,0,1,A,0.37712489881434214,Bet365,-0.0,1.83,Bet365,2.5,2.03,1.81,Bet365
2324,SP1,2023-11-06,Getafe,Cadiz,1,0,H,0.4963955879479852,Bet365,-0.5,1.95,Bet365,2.5,2.73,1.46,Bet365
2324,I1,2023-11-10,Genoa,Verona,1,0,H,0.49289962414696764,Bet365,-0.5,1.95,Bet365,2.5,2.47,1.56,Bet365
2324,D1,2023-11-11,Augsburg,Hoffenheim,1,1,A,0.3789505983430501,Bet365,-0.0,1.92,Bet365,2.5,1.47,2.69,Bet365
2324,D1,2023-11-11,Bayern Munich,Heidenheim,4,2,H,0.9080707487188545,Bet365,-3.0,1.85,Bet365,2.5,1.16,5.07,Bet365
2324,D1,2023-11-11,Stuttgart,Dortmund,2,1,A,0.3753924639277369,Bet365,-0.0,1.93,Bet365,2.5,1.47,2.7,Bet365
2324,E0,2023-11-11,Arsenal,Burnley,3,1,H,0.8057432272473316,Bet365,-2.0,1.99,Bet365,2.5,1.49,2.62,Bet365
2324,E0,2023-11-11,Man United,Luton,1,0,H,0.7233073366001794,Bet365,-1.5,1.93,Bet365,2.5,1.53,2.52,Bet365
2324,F1,2023-11-11,Reims,Paris SG,0,3,A,0.5970442181799022,Bet365,-1.0,2.01,Bet365,2.5,1.59,2.36,Bet365
2324,SP1,2023-11-11,Granada,Getafe,1,1,H,0.37628055462905613,Bet365,0.0,1.79,Bet365,2.5,2.34,1.62,Bet365
2324,SP1,2023-11-11,Osasuna,Las Palmas,1,1,H,0.4826064588303943,Bet365,-0.5,2.0,Bet365,2.5,2.35,1.61,Bet365
2324,SP1,2023-11-11,Real Madrid,Valencia,5,1,H,0.7225226108826476,Bet365,-1.5,1.96,Bet365,2.5,1.63,2.31,Bet365
2324,F1,2023-11-12,Lille,Toulouse,1,1,H,0.6093232235334599,Bet365,-1.0,2.02,Bet365,2.5,1.76,2.08,Bet365
2324,F1,2023-11-12,Metz,Nantes,3,1,A,0.3843056914950527,Bet365,-0.0,1.78,Bet365,2.5,1.99,1.83,Bet365
2324,I1,2023-11-12,Fiorentina,Bologna,2,1,H,0.46217874098212297,Bet365,-0.5,2.08,Bet365,2.5,1.98,1.85,Bet365
2324,I1,2023-11-12,Udinese,Atalanta,1,1,A,0.470389494946575,Bet365,-0.5,2.04,Bet365,2.5,1.94,1.88,Bet365
2324,E0,2023-11-12,Aston Villa,Fulham,3,1,H,0.6051751962307704,Bet365,-1.0,2.02,Bet365,2.5,1.69,2.19,Bet365
2324,E0,2023-11-12,West Ham,Nottm Forest,3,2,H,0.5093130567767806,Bet365,-0.5,1.89,Bet365,2.5,1.79,2.05,Bet365
2324,I1,2023-11-12,Lazio,Roma,0,0,A,0.36751396302343875,Bet365,-0.0,1.82,Bet365,2.5,2.34,1.61,Bet365
2324,I1,2023-11-12,Inter,Frosinone,2,0,H,0.8049119734181618,Bet365,-2.0,1.88,Bet365,2.5,1.37,3.08,Bet365
2324,SP1,2023-11-12,Ath Madrid,Villarreal,3,1,H,0.6992931463188776,Bet365,-1.5,2.02,Bet365,2.5,1.5,2.57,Bet365
2324,D1,2023-11-25,Freiburg,Darmstadt,1,1,H,0.6083839242652506,Bet365,-1.0,1.98,Bet365,2.5,1.66,2.27,Bet365
2324,D1,2023-11-25,Union Berlin,Augsburg,1,1,H,0.47885989748339636,Bet365,-0.5,2.04,Bet365,2.5,1.93,1.9,Bet365
2324,D1,2023-11-25,Wolfsburg,RB Leipzig,2,1,A,0.5008530869609198,Bet365,-0.5,1.95,Bet365,2.5,1.6,2.36,Bet365
2324,E0,2023-11-25,Newcastle,Chelsea,4,1,H,0.366813183375307,Bet365,0.0,1.93,Bet365,2.5,1.84,2.01,Bet365
2324,F1,2023-11-25,Clermont,Lens,0,3,A,0.47577252828411487,Bet365,-0.5,2.03,Bet365,2.5,2.05,1.79,Bet365
2324,I1,2023-11-25,Atalanta,Napoli,1,2,A,0.3612654745529574,Bet365,-0.0,1.94,Bet365,2.5,1.81,2.02,Bet365
2324,D1,2023-11-25,Ein Frankfurt,Stuttgart,1,2,A,0.3702588430999561,Bet365,-0.0,1.93,Bet365,2.5,1.7,2.19,Bet365
2324,F1,2023-11-25,Strasbourg,Marseille,1,1,A,0.48579086220530293,Bet365,-0.5,1.99,Bet365,2.5,2.04,1.8,Bet365
2324,I1,2023-11-26,Cagliari,Monza,1,1,A,0.37871322422725323,Bet365,-0.0,1.85,Bet365,2.5,1.95,1.88,Bet365
2324,F1,2023-11-26,Nice,Toulouse,1,0,H,0.6322117022749906,Bet365,-1.0,1.92,Bet365,2.5,2.02,1.82,Bet365
2324,I1,2023-11-26,Empoli,Sassuolo,3,4,A,0.38635321902749403,Bet365,-0.0,1.86,Bet365,2.5,1.65,2.27,Bet365
2324,F1,2023-11-26,Lorient,Metz,2,3,H,0.48092256027372665,Bet365,-0.5,2.01,Bet365,2.5,2.12,1.74,Bet365
2324,F1,2023-11-26,Rennes,Reims,3,1,H,0.4810053220437213,Bet365,-0.5,2.02,Bet365,2.5,1.9,1.93,Bet365
2324,D1,2023-11-26,Hoffenheim,Mainz,1,1,H,0.5188164507864904,Bet365,-0.5,1.86,Bet365,2.5,1.6,2.39,Bet365
2324,E0,2023-11-26,Everton,Man United,0,3,A,0.3757167788581401,Bet365,-0.0,1.9,Bet365,2.5,1.82,2.03,Bet365
2324,SP1,2023-11-26,Cadiz,Real Madrid,0,3,A,0.6402548901830717,Bet365,-1.0,1.83,Bet365,2.5,1.74,2.12,Bet365
2324,I1,2023-11-27,Verona,Lecce,2,2,H,0.355192178017532,Bet365,0.0,1.87,Bet365,2.5,2.51,1.54,Bet365
2324,F1,2023-11-29,Montpellier,Clermont,1,1,H,0.49512251691770354,Bet365,-0.5,1.96,Bet365,2.5,1.94,1.89,Bet365
2324,SP1,2023-11-29,Mallorca,Cadiz,1,1,H,0.4846919955735891,Bet365,-0.5,2.0,Bet365,2.5,2.57,1.52,Bet365
2324,D1,2023-12-01,Darmstadt,FC Koln,0,1,A,0.36621571642691697,Bet365,-0.0,1.98,Bet365,2.5,1.79,2.06,Bet365
2324,I1,2023-12-01,Monza,Juventus,1,2,A,0.48333846137890263,Bet365,-0.5,2.02,Bet365,2.5,2.21,1.69,Bet365
2324,I1,2023-12-02,Genoa,Empoli,1,1,H,0.4897023915698194,Bet365,-0.5,2.0,Bet365,2.5,2.13,1.74,Bet365
2324,D1,2023-12-02,Bochum,Wolfsburg,3,1,A,0.3735840054177184,Bet365,-0.0,1.97,Bet365,2.5,1.66,2.26,Bet365
2324,E0,2023-12-02,Arsenal,Wolves,2,1,H,0.7557909308598452,Bet365,-1.5,1.83,Bet365,2.5,1.65,2.27,Bet365
2324,SP1,2023-12-02,Ath Bilbao,Vallecano,4,0,H,0.6043211576496507,Bet365,-1.0,2.03,Bet365,2.5,1.81,2.03,Bet365
2324,E0,2023-12-02,Nottm Forest,Everton,0,1,A,0.36794414152904714,Bet365,-0.0,1.88,Bet365,2.5,2.04,1.8,Bet365
2324,F1,2023-12-02,Nantes,Nice,1,0,A,0.47211788500433405,Bet365,-0.5,2.06,Bet365,2.5,2.19,1.69,Bet365
2324,E0,2023-12-02,Newcastle,Man United,1,0,H,0.49740932642487046,Bet365,-0.5,1.95,Bet365,2.5,1.71,2.19,Bet365
2324,F1,2023-12-03,Le Havre,Paris SG,0,2,A,0.7323008114191658,Bet365,-1.5,1.9,Bet365,2.5,1.53,2.49,Bet365
2324,E0,2023-12-03,Bournemouth,Aston Villa,2,2,A,0.4795913048011261,Bet365,-0.5,1.98,Bet365,2.5,1.52,2.54,Bet365
2324,E0,2023-12-03,West Ham,Crystal Palace,1,1,H,0.4765809032929479,Bet365,-0.5,2.04,Bet365,2.5,2.0,1.84,Bet365
2324,F1,2023-12-03,Monaco,Montpellier,2,0,H,0.5804630121074525,Bet365,-1.0,2.05,Bet365,2.5,1.51,2.56,Bet365
2324,F1,2023-12-03,Toulouse,Lorient,1,1,H,0.4739583333333333,Bet365,-0.5,2.05,Bet365,2.5,1.94,1.89,Bet365
2324,I1,2023-12-03,Sassuolo,Roma,1,2,A,0.49470682783224984,Bet365,-0.5,1.97,Bet365,2.5,1.76,2.09,Bet365
2324,D1,2023-12-03,Augsburg,Ein Frankfurt,2,1,A,0.3717635753531878,Bet365,-0.0,1.93,Bet365,2.5,1.78,2.06,Bet365
2324,F1,2023-12-03,Marseille,Rennes,2,0,H,0.4989253914645379,Bet365,-0.5,1.94,Bet365,2.5,1.82,2.02,Bet365
2324,SP1,2023-12-03,Barcelona,Ath Madrid,1,0,H,0.4733643697359537,Bet365,-0.5,2.05,Bet365,2.5,1.76,2.1,Bet365
2324,SP1,2023-12-04,Celta,Cadiz,1,1,H,0.5982599404716477,Bet365,-1.0,2.08,Bet365,2.5,2.0,1.84,Bet365
2324,E0,2023-12-05,Wolves,Burnley,1,0,H,0.5100441649041023,Bet365,-0.5,1.9,Bet365,2.5,2.0,1.85,Bet365
2324,E0,2023-12-06,Brighton,Brentford,2,1,H,0.4986182098629712,Bet365,-0.5,1.93,Bet365,2.5,1.63,2.32,Bet365
2324,E0,2023-12-06,Fulham,Nottm Forest,5,0,H,0.4695451617151379,Bet365,-0.5,2.05,Bet365,2.5,2.05,1.81,Bet365
2324,E0,2023-12-06,Sheffield United,Liverpool,0,2,A,0.8031612373340923,Bet365,-2.0,1.88,Bet365,2.5,1.32,3.4,Bet365
2324,F1,2023-12-07,Brest,Strasbourg,1,1,H,0.5173520071655403,Bet365,-0.5,1.83,Bet365,2.5,2.07,1.78,Bet365
2324,SP1,2023-12-08,Getafe,Valencia,1,0,H,0.35655988941643124,Bet365,0.0,1.82,Bet365,2.5,2.9,1.41,Bet365
2324,E0,2023-12-09,Crystal Palace,Liverpool,1,2,A,0.6316449940892971,Bet365,-1.0,1.84,Bet365,2.5,1.65,2.28,Bet365
2324,SP1,2023-12-09,Alaves,Las Palmas,0,1,H,0.46462328228447225,Bet365,-0.5,2.07,Bet365,2.5,2.59,1.51,Bet365
2324,I1,2023-12-09,Verona,Lazio,1,1,A,0.481881310263122,Bet365,-0.5,2.02,Bet365,2.5,2.15,1.71,Bet365
2324,D1,2023-12-09,Ein Frankfurt,Bayern Munich,5,1,A,0.726409561129859,Bet365,-1.5,1.85,Bet365,2.5,1.42,2.85,Bet365
2324,E0,2023-12-09,Brighton,Burnley,1,1,H,0.6399803926763996,Bet365,-1.0,1.75,Bet365,2.5,1.59,2.4,Bet365
2324,E0,2023-12-09,Man United,Bournemouth,0,3,H,0.6199179410667661,Bet365,-1.0,1.91,Bet365,2.5,1.51,2.56,Bet365
2324,E0,2023-12-09,Wolves,Nottm Forest,1,1,H,0.5142414437406005,Bet365,-0.5,1.89,Bet365,2.5,2.0,1.83,Bet365
2324,F1,2023-12-09,Rennes,Monaco,1,2,H,0.37937806873977087,Bet365,0.0,1.91,Bet365,2.5,1.68,2.23,Bet365
2324,I1,2023-12-09,Atalanta,Milan,3,2,H,0.37901575223971595,Bet365,0.0,1.83,Bet365,2.5,2.05,1.8,Bet365
2324,D1,2023-12-09,Dortmund,RB Leipzig,2,3,A,0.3774959946112775,Bet365,-0.0,1.95,Bet365,2.5,1.43,2.81,Bet365
2324,SP1,2023-12-09,Mallorca,Sevilla,1,0,H,0.35776924307889263,Bet365,0.0,1.87,Bet365,2.5,2.38,1.59,Bet365
2324,F1,2023-12-09,Paris SG,Nantes,2,1,H,0.7810772447394164,Bet365,-2.0,2.03,Bet365,2.5,1.4,2.96,Bet365
2324,F1,2023-12-10,Nice,Reims,2,1,H,0.5117719950433706,Bet365,-0.5,1.89,Bet365,2.5,2.1,1.75,Bet365
2324,SP1,2023-12-10,Ath Madrid,Almeria,2,1,H,0.7873023169627903,Bet365,-2.0,1.99,Bet365,2.5,1.38,3.06,Bet365
2324,F1,2023-12-10,Lyon,Toulouse,3,0,H,0.4816735490892794,Bet365,-0.5,2.02,Bet365,2.5,1.77,2.07,Bet365
2324,SP1,2023-12-10,Cadiz,Osasuna,1,1,A,0.3708879208174509,Bet365,-0.0,1.82,Bet365,2.5,2.43,1.57,Bet365
2324,SP1,2023-12-10,Barcelona,Girona,2,4,H,0.6278923332248769,Bet365,-1.0,1.82,Bet365,2.5,1.48,2.64,Bet365
2324,D1,2023-12-15,MGladbach,Werder Bremen,2,2,H,0.480823982582482,Bet365,-0.5,2.04,Bet365,2.5,1.52,2.54,Bet365
2324,I1,2023-12-15,Genoa,Juventus,1,1,A,0.49983841114081734,Bet365,-0.5,1.94,Bet365,2.5,2.72,1.47,Bet365
2324,D1,2023-12-16,Augsburg,Dortmund,1,1,A,0.49727681742836854,Bet365,-0.5,1.94,Bet365,2.5,1.43,2.82,Bet365
2324,D1,2023-12-16,Bochum,Union Berlin,3,0,A,0.36389037139358926,Bet365,-0.0,1.95,Bet365,2.5,1.93,1.9,Bet365
2324,E0,2023-12-16,Man City,Crystal Palace,2,2,H,0.8160996065546324,Bet365,-2.0,1.91,Bet365,2.5,1.46,2.71,Bet365
2324,E0,2023-12-16,Newcastle,Fulham,3,0,H,0.5148586346719991,Bet365,-0.5,1.88,Bet365,2.5,1.72,2.16,Bet365
2324,F1,2023-12-16,Le Havre,Nice,3,1,A,0.48947210721290046,Bet365,-0.5,1.99,Bet365,2.5,2.46,1.55,Bet365
2324,I1,2023-12-16,Napoli,Cagliari,2,1,H,0.7215295994807582,Bet365,-1.5,2.0,Bet365,2.5,1.58,2.4,Bet365
2324,SP1,2023-12-16,Sevilla,Getafe,0,3,H,0.49285387314989065,Bet365,-0.5,2.01,Bet365,2.5,2.25,1.66,Bet365
2324,I1,2023-12-16,Torino,Empoli,1,0,H,0.5958370591409153,Bet365,-1.0,2.11,Bet365,2.5,1.98,1.84,Bet365
2324,F1,2023-12-16,Lens,Reims,2,0,H,0.5118612320537218,Bet365,-0.5,1.91,Bet365,2.5,1.82,2.03,Bet365
2324,I1,2023-12-17,Milan,Monza,3,0,H,0.5906743185078909,Bet365,-1.0,2.11,Bet365,2.5,1.81,2.03,Bet365
2324,F1,2023-12-17,Nantes,Brest,0,2,H,0.36404228066605215,Bet365,0.0,1.89,Bet365,2.5,2.15,1.72,Bet365
2324,SP1,2023-12-17,Almeria,Mallorca,0,0,H,0.3628094597801155,Bet365,0.0,1.91,Bet365,2.5,2.12,1.75,Bet365
2324,F1,2023-12-17,Lorient,Strasbourg,1,2,H,0.37850933503988815,Bet365,0.0,1.85,Bet365,2.5,2.16,1.71,Bet365
2324,D1,2023-12-17,Freiburg,FC Koln,2,0,H,0.5248969347056212,Bet365,-0.5,1.78,Bet365,2.5,1.87,1.96,Bet365
2324,D1,2023-12-17,Leverkusen,Ein Frankfurt,3,0,H,0.7072915298857606,Bet365,-1.5,1.99,Bet365,2.5,1.47,2.69,Bet365
2324,E0,2023-12-17,Liverpool,Man United,0,0,H,0.728840191597746,Bet365,-1.5,1.8,Bet365,2.5,1.32,3.39,Bet365
2324,SP1,2023-12-17,Las Palmas,Cadiz,1,1,H,0.4925221799746515,Bet365,-0.5,1.95,Bet365,2.5,2.41,1.59,Bet365
2324,F1,2023-12-17,Lille,Paris SG,1,1,A,0.5189479125850754,Bet365,-0.5,1.86,Bet365,2.5,1.68,2.23,Bet365
2324,I1,2023-12-18,Atalanta,Salernitana,4,1,H,0.7314298790263035,Bet365,-1.5,1.93,Bet365,2.5,1.6,2.35,Bet365
2324,SP1,2023-12-18,Girona,Alaves,3,0,H,0.616914823075532,Bet365,-1.0,1.94,Bet365,2.5,1.75,2.11,Bet365
2324,D1,2023-12-19,Werder Bremen,RB Leipzig,1,1,A,0.601494396014944,Bet365,-1.0,1.98,Bet365,2.5,1.45,2.76,Bet365
2324,D1,2023-12-19,Dortmund,Mainz,1,1,H,0.6249089584850692,Bet365,-1.0,1.9,Bet365,2.5,1.46,2.74,Bet365
2324,SP1,2023-12-19,Granada,Sevilla,0,3,A,0.37778550431456837,Bet365,-0.0,1.82,Bet365,2.5,2.07,1.78,Bet365
2324,D1,2023-12-20,Union Berlin,FC Koln,2,0,H,0.49266729655342406,Bet365,-0.5,1.95,Bet365,2.5,2.0,1.84,Bet365
2324,SP1,2023-12-20,Barcelona,Almeria,3,2,H,0.8423548240940403,Bet365,-2.5,2.03,Bet365,2.5,1.26,3.87,Bet365
2324,D1,2023-12-20,Ein Frankfurt,MGladbach,2,1,H,0.5130063486712736,Bet365,-0.5,1.87,Bet365,2.5,1.61,2.34,Bet365
2324,D1,2023-12-20,Leverkusen,Bochum,4,0,H,0.8095218908989681,Bet365,-2.0,1.86,Bet365,2.5,1.37,3.11,Bet365
2324,D1,2023-12-20,Stuttgart,Augsburg,3,0,H,0.698557015191688,Bet365,-1.5,2.03,Bet365,2.5,1.48,2.67,Bet365
2324,D1,2023-12-20,Wolfsburg,Bayern Munich,1,2,A,0.7036210337933437,Bet365,-1.5,1.98,Bet365,2.5,1.39,3.01,Bet365
2324,F1,2023-12-20,Brest,Lorient,4,0,H,0.5936615453394709,Bet365,-1.0,2.06,Bet365,2.5,1.94,1.88,Bet365
2324,F1,2023-12-20,Strasbourg,Lille,2,1,A,0.48080664009405144,Bet365,-0.5,2.0,Bet365,2.5,2.05,1.79,Bet365
2324,SP1,2023-12-21,Cadiz,Sociedad,0,0,A,0.516533301381796,Bet365,-0.5,1.86,Bet365,2.5,2.27,1.65,Bet365
2324,SP1,2023-12-21,Alaves,Real Madrid,0,1,A,0.6100135692588317,Bet365,-1.0,1.98,Bet365,2.5,1.78,2.07,Bet365
2324,I1,2023-12-22,Empoli,Lazio,0,2,A,0.4891545358141328,Bet365,-0.5,1.99,Bet365,2.5,2.16,1.71,Bet365
2324,I1,2023-12-22,Monza,Fiorentina,0,1,A,0.375385840884198,Bet365,-0.0,1.84,Bet365,2.5,2.1,1.76,Bet365
2324,E0,2023-12-23,West Ham,Man United,2,0,A,0.36920841003778704,Bet365,-0.0,1.93,Bet365,2.5,1.68,2.22,Bet365
2324,I1,2023-12-23,Bologna,Atalanta,1,0,H,0.35127674810277987,Bet365,0.0,1.95,Bet365,2.5,2.12,1.74,Bet365
2324,E0,2023-12-23,Nottm Forest,Bournemouth,2,3,A,0.3776315892642919,Bet365,-0.0,1.88,Bet365,2.5,1.89,1.95,Bet365
2324,SP1,2023-12-23,Ath Madrid,Sevilla,1,0,H,0.6264248873344898,Bet365,-1.0,1.89,Bet365,2.5,1.71,2.18,Bet365
2324,I1,2023-12-23,Roma,Napoli,2,0,A,0.38027698982145836,Bet365,-0.0,1.79,Bet365,2.5,2.13,1.73,Bet365
2324,E0,2023-12-24,Wolves,Chelsea,2,1,A,0.48504551365409626,Bet365,-0.5,1.99,Bet365,2.5,1.83,2.02,Bet365
2324,E0,2023-12-26,Newcastle,Nottm Forest,1,3,H,0.6360367479996049,Bet365,-1.0,1.88,Bet365,2.5,1.78,2.02,Bet365
2324,E0,2023-12-26,Burnley,Liverpool,0,2,A,0.6927655919549143,Bet365,-1.5,2.03,Bet365,2.5,1.45,2.73,Bet365
2324,E0,2023-12-26,Man United,Aston Villa,3,2,A,0.3688126557339051,Bet365,-0.0,1.95,Bet365,2.5,1.63,2.33,Bet365
2324,E0,2023-12-27,Brentford,Wolves,1,4,H,0.4902768843374074,Bet365,-0.5,1.98,Bet365,2.5,1.97,1.86,Bet365
2324,E0,2023-12-27,Everton,Man City,1,3,A,0.6047575412168756,Bet365,-1.0,2.01,Bet365,2.5,1.74,2.11,Bet365
2324,E0,2023-12-28,Brighton,Tottenham,4,2,H,0.38070603249846163,Bet365,0.0,1.95,Bet365,2.5,1.45,2.76,Bet365
2324,E0,2023-12-28,Arsenal,West Ham,0,2,H,0.7108766434488727,Bet365,-1.5,2.03,Bet365,2.5,1.58,2.4,Bet365
2324,I1,2023-12-29,Napoli,Monza,0,0,H,0.5890165595591174,Bet365,-1.0,2.09,Bet365,2.5,1.74,2.07,Bet365
2324,E0,2023-12-30,Luton,Chelsea,2,3,A,0.6285119667013529,Bet365,-1.0,1.87,Bet365,2.5,1.66,2.27,Bet365
2324,E0,2023-12-30,Aston Villa,Burnley,3,2,H,0.7002505873395516,Bet365,-1.5,2.06,Bet365,2.5,1.57,2.43,Bet365
2324,E0,2023-12-30,Wolves,Everton,3,0,H,0.3643559682115036,Bet365,0.0,1.91,Bet365,2.5,2.03,1.81,Bet365
2324,I1,2023-12-30,Verona,Salernitana,0,1,H,0.4943435363473847,Bet365,-0.5,1.95,Bet365,2.5,2.06,1.78,Bet365
2324,E0,2023-12-31,Fulham,Arsenal,2,1,A,0.6099470668810083,Bet365,-1.0,1.99,Bet365,2.5,1.76,2.1,Bet365
2324,SP1,2024-01-02,Sociedad,Alaves,1,1,H,0.6046382387517367,Bet365,-1.0,2.08,Bet365,2.5,2.34,1.62,Bet365
2324,E0,2024-01-02,West Ham,Brighton,0,0,H,0.3887526892480112,Bet365,0.0,1.85,Bet365,2.5,1.62,2.34,Bet365
2324,SP1,2024-01-02,Valencia,Villarreal,3,1,H,0.4679918047518062,Bet365,-0.5,2.05,Bet365,2.5,1.99,1.85,Bet365
2324,SP1,2024-01-03,Girona,Ath Madrid,4,3,H,0.3734022903583302,Bet365,0.0,1.92,Bet365,2.5,1.68,2.22,Bet365
2324,SP1,2024-01-04,Las Palmas,Barcelona,1,2,A,0.6101299674275182,Bet365,-1.0,2.01,Bet365,2.5,1.71,2.12,Bet365
2324,I1,2024-01-05,Bologna,Genoa,1,1,H,0.4650990726908875,Bet365,-0.5,2.08,Bet365,2.5,2.7,1.47,Bet365
2324,I1,2024-01-06,Inter,Verona,2,1,H,0.8159992651384413,Bet365,-2.0,1.92,Bet365,2.5,1.52,2.53,Bet365
2324,I1,2024-01-06,Frosinone,Monza,2,3,H,0.35977440622765905,Bet365,0.0,1.95,Bet365,2.5,1.87,1.96,Bet365
2324,I1,2024-01-07,Torino,Napoli,3,0,A,0.38094327368643344,Bet365,-0.0,1.81,Bet365,2.5,2.19,1.69,Bet365
2324,D1,2024-01-12,Bayern Munich,Hoffenheim,3,0,H,0.8362187379766913,Bet365,-2.5,2.04,Bet365,2.5,1.21,4.38,Bet365
2324,E0,2024-01-12,Burnley,Luton,1,1,H,0.47397411571464987,Bet365,-0.5,2.06,Bet365,2.5,1.92,1.88,Bet365
2324,SP1,2024-01-12,Sevilla,Alaves,2,3,H,0.4955355947631925,Bet365,-0.5,1.95,Bet365,2.5,2.4,1.59,Bet365
2324,F1,2024-01-12,Marseille,Strasbourg,1,1,H,0.5987963891675026,Bet365,-1.0,2.09,Bet365,2.5,2.06,1.79,Bet365
2324,E0,2024-01-13,Chelsea,Fulham,1,0,H,0.587273290135252,Bet365,-1.0,2.08,Bet365,2.5,1.64,2.3,Bet365
2324,I1,2024-01-13,Genoa,Torino,0,0,A,0.3545231976028941,Bet365,-0.0,1.84,Bet365,2.5,2.69,1.47,Bet365
2324,I1,2024-01-13,Napoli,Salernitana,2,1,H,0.7185473943373,Bet365,-1.5,1.99,Bet365,2.5,1.55,2.44,Bet365
2324,D1,2024-01-13,Augsburg,Leverkusen,0,1,A,0.6233565480444792,Bet365,-1.0,1.88,Bet365,2.5,1.54,2.49,Bet365
2324,SP1,2024-01-13,Ath Bilbao,Sociedad,2,1,H,0.47119481847622297,Bet365,-0.5,2.03,Bet365,2.5,2.17,1.7,Bet365
2324,E0,2024-01-13,Newcastle,Man City,2,3,A,0.6109911302528214,Bet365,-1.0,1.98,Bet365,2.5,1.61,2.35,Bet365
2324,D1,2024-01-13,Darmstadt,Dortmund,0,3,A,0.6218972187117128,Bet365,-1.0,1.9,Bet365,2.5,1.45,2.75,Bet365
2324,I1,2024-01-13,Monza,Inter,1,5,A,0.6392823377366836,Bet365,-1.0,1.84,Bet365,2.5,1.83,2.01,Bet365
2324,F1,2024-01-14,Brest,Montpellier,2,0,H,0.5131844224860915,Bet365,-0.5,1.88,Bet365,2.5,1.94,1.89,Bet365
2324,F1,2024-01-14,Nantes,Clermont,1,2,H,0.4821802935010482,Bet365,-0.5,1.99,Bet365,2.5,2.15,1.72,Bet365
2324,SP1,2024-01-14,Cadiz,Valencia,1,4,A,0.35517147260933785,Bet365,-0.0,1.88,Bet365,2.5,2.5,1.55,Bet365
2324,D1,2024-01-14,MGladbach,Stuttgart,3,1,A,0.49685631038184325,Bet365,-0.5,1.95,Bet365,2.5,1.51,2.58,Bet365
2324,F1,2024-01-14,Lens,Paris SG,0,2,A,0.5003654047113303,Bet365,-0.5,1.91,Bet365,2.5,1.62,2.34,Bet365
2324,E0,2024-01-20,Arsenal,Crystal Palace,5,0,H,0.7462574198068324,Bet365,-1.5,1.91,Bet365,2.5,1.75,2.1,Bet365
2324,SP1,2024-01-20,Vallecano,Las Palmas,0,2,H,0.5002185876236022,Bet365,-0.5,1.91,Bet365,2.5,2.33,1.62,Bet365
2324,D1,2024-01-20,Bochum,Stuttgart,1,0,A,0.4880977474006476,Bet365,-0.5,1.99,Bet365,2.5,1.67,2.24,Bet365
2324,D1,2024-01-20,Darmstadt,Ein Frankfurt,2,2,A,0.4895196930025075,Bet365,-0.5,1.98,Bet365,2.5,1.84,2.0,Bet365
2324,D1,2024-01-20,Freiburg,Hoffenheim,3,2,H,0.46876405456920733,Bet365,-0.5,2.06,Bet365,2.5,1.64,2.29,Bet365
2324,D1,2024-01-20,Heidenheim,Wolfsburg,1,1,A,0.3751252627105096,Bet365,-0.0,1.89,Bet365,2.5,1.77,2.09,Bet365
2324,I1,2024-01-20,Roma,Verona,2,1,H,0.6557374518566544,Bet365,-1.0,1.73,Bet365,2.5,2.11,1.75,Bet365
2324,E0,2024-01-20,Brentford,Nottm Forest,3,2,H,0.505373897447566,Bet365,-0.5,1.89,Bet365,2.5,1.84,2.0,Bet365
2324,D1,2024-01-20,RB Leipzig,Leverkusen,2,3,H,0.3935183412100833,Bet365,0.0,1.82,Bet365,2.5,1.6,2.38,Bet365
2324,I1,2024-01-20,Udinese,Milan,2,3,A,0.5066350376964089,Bet365,-0.5,1.91,Bet365,2.5,1.87,1.95,Bet365
2324,I1,2024-01-21,Empoli,Monza,3,0,A,0.3759586515565395,Bet365,-0.0,1.84,Bet365,2.5,2.01,1.82,Bet365
2324,D1,2024-01-21,MGladbach,Augsburg,1,2,H,0.49830874833696437,Bet365,-0.5,1.95,Bet365,2.5,1.54,2.46,Bet365
2324,E0,2024-01-22,Brighton,Wolves,0,0,H,0.582089552238806,Bet365,-1.0,2.05,Bet365,2.5,1.63,2.29,Bet365
2324,F1,2024-01-26,Lyon,Rennes,2,3,H,0.37836606099035014,Bet365,0.0,1.83,Bet365,2.5,2.03,1.8,Bet365
2324,SP1,2024-01-26,Almeria,Alaves,0,3,H,0.3675609862848003,Bet365,0.0,1.85,Bet365,2.5,2.23,1.68,Bet365
2324,I1,2024-01-27,Atalanta,Udinese,2,0,H,0.6369435245482631,Bet365,-1.0,1.85,Bet365,2.5,1.75,2.1,Bet365
2324,D1,2024-01-27,Stuttgart,RB Leipzig,5,2,A,0.3915539595365753,Bet365,-0.0,1.85,Bet365,2.5,1.57,2.4,Bet365
2324,D1,2024-01-27,Werder Bremen,Freiburg,3,1,H,0.3912569370071074,Bet365,0.0,1.75,Bet365,2.5,1.77,2.06,Bet365
2324,I1,2024-01-27,Juventus,Empoli,1,1,H,0.7389803237210296,Bet365,-1.5,1.98,Bet365,2.5,1.85,1.98,Bet365
2324,SP1,2024-01-27,Barcelona,Villarreal,3,5,H,0.7155967972556719,Bet365,-1.5,1.91,Bet365,2.5,1.35,3.23,Bet365
2324,I1,2024-01-28,Genoa,Lecce,2,1,H,0.45919518616021066,Bet365,-0.5,2.09,Bet365,2.5,2.62,1.49,Bet365
2324,F1,2024-01-28,Montpellier,Lille,0,0,A,0.4785104087127037,Bet365,-0.5,2.0,Bet365,2.5,1.96,1.84,Bet365
2324,SP1,2024-01-28,Celta,Girona,0,1,A,0.38368519429414655,Bet365,-0.0,1.85,Bet365,2.5,1.74,2.09,Bet365
2324,F1,2024-01-28,Clermont,Strasbourg,1,1,A,0.3639394158997029,Bet365,-0.0,1.89,Bet365,2.5,2.22,1.67,Bet365
2324,F1,2024-01-28,Lorient,Le Havre,3,3,A,0.3680374888906844,Bet365,-0.0,1.83,Bet365,2.5,2.38,1.58,Bet365
2324,F1,2024-01-28,Reims,Nantes,0,0,H,0.521238131632323,Bet365,-0.5,1.83,Bet365,2.5,1.88,1.92,Bet365
2324,D1,2024-01-28,Dortmund,Bochum,3,1,H,0.6989143436236932,Bet365,-1.5,1.98,Bet365,2.5,1.41,2.92,Bet365
2324,SP1,2024-01-28,Sevilla,Osasuna,1,1,H,0.46368621510810754,Bet365,-0.5,2.07,Bet365,2.5,2.22,1.67,Bet365
2324,I1,2024-01-28,Fiorentina,Inter,0,1,A,0.5028844848649382,Bet365,-0.5,1.92,Bet365,2.5,1.91,1.91,Bet365
2324,SP1,2024-01-28,Ath Madrid,Valencia,2,0,H,0.6370314284955235,Bet365,-1.0,1.84,Bet365,2.5,1.81,2.02,Bet365
2324,SP1,2024-01-29,Getafe,Granada,2,0,H,0.5245852148683905,Bet365,-0.5,1.78,Bet365,2.5,2.3,1.62,Bet365
2324,E0,2024-01-30,Aston Villa,Newcastle,1,3,H,0.5177344089720208,Bet365,-0.5,1.87,Bet365,2.5,1.51,2.57,Bet365
2324,SP1,2024-01-31,Barcelona,Osasuna,1,0,H,0.7267805195625721,Bet365,-1.5,1.95,Bet365,2.5,1.62,2.34,Bet365
2324,E0,2024-01-31,Man City,Burnley,3,1,H,0.8742111078986502,Bet365,-2.5,1.89,Bet365,2.5,1.34,3.31,Bet365
2324,SP1,2024-01-31,Ath Madrid,Vallecano,2,1,H,0.6395767554732145,Bet365,-1.0,1.85,Bet365,2.5,1.77,2.08,Bet365
2324,E0,2024-01-31,Liverpool,Chelsea,4,1,H,0.6062335460378987,Bet365,-1.0,1.95,Bet365,2.5,1.45,2.77,Bet365
2324,SP1,2024-02-01,Getafe,Real Madrid,0,2,A,0.6177703308744352,Bet365,-1.0,1.95,Bet365,2.5,1.92,1.91,Bet365
2324,E0,2024-02-01,Wolves,Man United,3,4,A,0.3773246100276377,Bet365,-0.0,1.9,Bet365,2.5,1.76,2.09,Bet365
2324,SP1,2024-02-02,Ath Bilbao,Mallorca,4,0,H,0.619411466831711,Bet365,-1.0,1.99,Bet365,2.5,2.24,1.67,Bet365
2324,I1,2024-02-03,Empoli,Genoa,0,0,A,0.3655538494228772,Bet365,-0.0,1.8,Bet365,2.5,2.46,1.56,Bet365
2324,D1,2024-02-03,Bayern Munich,MGladbach,3,1,H,0.83394329493186,Bet365,-2.5,2.07,Bet365,2.5,1.24,4.07,Bet365
2324,SP1,2024-02-03,Alaves,Barcelona,1,3,A,0.5124495656282941,Bet365,-0.5,1.89,Bet365,2.5,1.87,1.97,Bet365
2324,E0,2024-02-03,Sheffield United,Aston Villa,0,5,A,0.5883871592348465,Bet365,-1.0,2.1,Bet365,2.5,1.63,2.31,Bet365
2324,I1,2024-02-04,Torino,Salernitana,0,0,H,0.6368933358248254,Bet365,-1.0,1.92,Bet365,2.5,2.15,1.7,Bet365
2324,E0,2024-02-04,Chelsea,Wolves,2,4,H,0.5891624880770318,Bet365,-1.0,2.09,Bet365,2.5,1.69,2.19,Bet365
2324,I1,2024-02-04,Atalanta,Lazio,3,1,H,0.46092563656770624,Bet365,-0.5,2.11,Bet365,2.5,2.18,1.69,Bet365
2324,SP1,2024-02-04,Betis,Getafe,1,1,H,0.5020254118337395,Bet365,-0.5,1.91,Bet365,2.5,2.28,1.64,Bet365
2324,I1,2024-02-04,Inter,Juventus,1,0,H,0.5276698340660898,Bet365,-0.5,1.78,Bet365,2.5,2.26,1.65,Bet365
2324,F1,2024-02-04,Lyon,Marseille,1,0,A,0.3815548228780968,Bet365,-0.0,1.8,Bet365,2.5,1.91,1.91,Bet365
2324,I1,2024-02-05,Roma,Cagliari,4,0,H,0.6498368805344105,Bet365,-1.0,1.73,Bet365,2.5,1.84,1.98,Bet365
2324,SP1,2024-02-09,Cadiz,Betis,0,2,A,0.36220400036781314,Bet365,-0.0,1.82,Bet365,2.5,2.67,1.49,Bet365
2324,E0,2024-02-10,Man City,Everton,2,0,H,0.798638903389208,Bet365,-2.0,2.1,Bet365,2.5,1.44,2.78,Bet365
2324,D1,2024-02-10,MGladbach,Darmstadt,0,0,H,0.5994046880813594,Bet365,-1.0,2.05,Bet365,2.5,1.68,2.23,Bet365
2324,D1,2024-02-10,Werder Bremen,Heidenheim,1,2,H,0.5183470524327339,Bet365,-0.5,1.88,Bet365,2.5,1.74,2.13,Bet365
2324,SP1,2024-02-10,Sociedad,Osasuna,0,1,H,0.5122423720604854,Bet365,-0.5,1.89,Bet365,2.5,2.79,1.44,Bet365
2324,I1,2024-02-10,Roma,Inter,2,4,A,0.503692455884517,Bet365,-0.5,1.91,Bet365,2.5,2.2,1.69,Bet365
2324,D1,2024-02-10,Leverkusen,Bayern Munich,3,0,A,0.386279489611701,Bet365,-0.0,1.87,Bet365,2.5,1.48,2.66,Bet365
2324,SP1,2024-02-10,Las Palmas,Valencia,2,0,H,0.3523575097232445,Bet365,0.0,1.88,Bet365,2.5,2.57,1.52,Bet365
2324,F1,2024-02-10,Paris SG,Lille,3,1,H,0.5907669277446604,Bet365,-1.0,2.1,Bet365,2.5,1.69,2.19,Bet365
2324,I1,2024-02-11,Fiorentina,Frosinone,5,1,H,0.6277484771950677,Bet365,-1.0,1.91,Bet365,2.5,1.77,2.07,Bet365
2324,F1,2024-02-11,Lorient,Reims,2,0,A,0.46663541922230484,Bet365,-0.5,2.09,Bet365,2.5,1.94,1.88,Bet365
2324,E0,2024-02-11,West Ham,Arsenal,0,6,A,0.617031542857697,Bet365,-1.0,1.95,Bet365,2.5,1.67,2.22,Bet365
2324,I1,2024-02-11,Genoa,Atalanta,1,4,A,0.45740561471442404,Bet365,-0.5,2.11,Bet365,2.5,2.23,1.66,Bet365
2324,I1,2024-02-11,Milan,Napoli,1,0,H,0.4891582236530631,Bet365,-0.5,1.99,Bet365,2.5,1.79,2.04,Bet365
2324,SP1,2024-02-11,Barcelona,Granada,3,3,H,0.7901562240805614,Bet365,-2.0,2.05,Bet365,2.5,1.4,2.91,Bet365
2324,E0,2024-02-12,Crystal Palace,Chelsea,1,3,A,0.5202086049543677,Bet365,-0.5,1.86,Bet365,2.5,1.83,2.0,Bet365
2324,I1,2024-02-16,Torino,Lecce,2,0,H,0.5261777816624421,Bet365,-0.5,1.83,Bet365,2.5,2.33,1.62,Bet365
2324,D1,2024-02-16,FC Koln,Werder Bremen,0,1,H,0.3841205083947906,Bet365,0.0,1.8,Bet365,2.5,1.98,1.86,Bet365
2324,SP1,2024-02-16,Villarreal,Getafe,1,1,H,0.47921819132548504,Bet365,-0.5,2.01,Bet365,2.5,1.95,1.89,Bet365
2324,F1,2024-02-16,Lyon,Nice,1,0,H,0.36034666261213316,Bet365,0.0,1.87,Bet365,2.5,2.24,1.67,Bet365
2324,E0,2024-02-17,Brentford,Liverpool,1,4,A,0.6041547628764998,Bet365,-1.0,1.99,Bet365,2.5,1.5,2.61,Bet365
2324,D1,2024-02-17,Heidenheim,Leverkusen,1,2,A,0.7122505550881935,Bet365,-1.5,1.95,Bet365,2.5,1.52,2.56,Bet365
2324,D1,2024-02-17,Hoffenheim,Union Berlin,0,1,H,0.4700081815441588,Bet365,-0.5,2.04,Bet365,2.5,1.78,2.08,Bet365
2324,D1,2024-02-17,Mainz,Augsburg,1,0,H,0.4742775949104981,Bet365,-0.5,2.04,Bet365,2.5,1.95,1.89,Bet365
2324,E0,2024-02-17,Burnley,Arsenal,0,5,A,0.7350714148358561,Bet365,-1.5,1.91,Bet365,2.5,1.6,2.37,Bet365
2324,E0,2024-02-17,Newcastle,Bournemouth,2,2,H,0.5187420843060073,Bet365,-0.5,1.85,Bet365,2.5,1.47,2.68,Bet365
2324,E0,2024-02-17,Tottenham,Wolves,1,2,H,0.6192117688470269,Bet365,-1.0,1.87,Bet365,2.5,1.43,2.82,Bet365
2324,F1,2024-02-17,Lille,Le Havre,3,0,H,0.6284892421567662,Bet365,-1.0,1.93,Bet365,2.5,2.08,1.76,Bet365
2324,SP1,2024-02-17,Celta,Barcelona,1,2,A,0.5094089973537195,Bet365,-0.5,1.88,Bet365,2.5,1.68,2.22,Bet365
2324,E0,2024-02-17,Man City,Chelsea,1,1,H,0.7124560869685486,Bet365,-1.5,1.98,Bet365,2.5,1.46,2.73,Bet365
2324,D1,2024-02-17,RB Leipzig,MGladbach,2,0,H,0.6942924159499608,Bet365,-1.5,2.01,Bet365,2.5,1.38,3.07,Bet365
2324,I1,2024-02-17,Atalanta,Sassuolo,3,0,H,0.7046450482033303,Bet365,-1.5,1.99,Bet365,2.5,1.49,2.61,Bet365
2324,F1,2024-02-18,Monaco,Toulouse,1,2,H,0.6303160983313204,Bet365,-1.0,1.86,Bet365,2.5,1.59,2.37,Bet365
2324,F1,2024-02-18,Rennes,Clermont,3,1,H,0.6352653259352646,Bet365,-1.0,1.88,Bet365,2.5,1.78,2.05,Bet365
2324,I1,2024-02-18,Udinese,Cagliari,1,1,H,0.5062864367493152,Bet365,-0.5,1.88,Bet365,2.5,2.04,1.79,Bet365
2324,E0,2024-02-18,Sheffield United,Brighton,0,5,A,0.581704198630702,Bet365,-1.0,2.08,Bet365,2.5,1.57,2.42,Bet365
2324,F1,2024-02-18,Reims,Lens,1,1,A,0.3627523619193323,Bet365,-0.0,1.91,Bet365,2.5,2.0,1.83,Bet365
2324,D1,2024-02-18,Bochum,Bayern Munich,3,2,A,0.7181243613518525,Bet365,-1.5,1.91,Bet365,2.5,1.41,2.92,Bet365
2324,I1,2024-02-18,Frosinone,Roma,0,3,A,0.49474865210209745,Bet365,-0.5,1.95,Bet365,2.5,1.74,2.11,Bet365
2324,F1,2024-02-18,Brest,Marseille,1,0,H,0.3776075521510431,Bet365,0.0,1.7,Bet365,2.5,2.12,1.73,Bet365
2324,SP1,2024-02-19,Ath Bilbao,Girona,3,2,H,0.48302142433736983,Bet365,-0.5,1.95,Bet365,2.5,1.71,2.15,Bet365
2324,E0,2024-02-20,Man City,Brentford,1,0,H,0.8175567976537097,Bet365,-2.0,1.78,Bet365,2.5,1.34,3.26,Bet365
2324,E0,2024-02-21,Liverpool,Luton,4,1,H,0.8020760195077519,Bet365,-2.0,1.88,Bet365,2.5,1.3,3.51,Bet365
2324,I1,2024-02-23,Bologna,Verona,2,0,H,0.6102418174145315,Bet365,-1.0,2.06,Bet365,2.5,2.15,1.72,Bet365
2324,F1,2024-02-23,Metz,Lyon,1,2,A,0.4878285460796274,Bet365,-0.5,1.97,Bet365,2.5,2.22,1.68,Bet365
2324,D1,2024-02-24,MGladbach,Bochum,5,2,H,0.4771386404578289,Bet365,-0.5,2.04,Bet365,2.5,1.63,2.31,Bet365
2324,D1,2024-02-24,Stuttgart,FC Koln,1,1,H,0.7281170105885652,Bet365,-1.5,1.91,Bet365,2.5,1.54,2.49,Bet365
2324,D1,2024-02-24,Union Berlin,Heidenheim,2,2,H,0.47682607678068645,Bet365,-0.5,2.03,Bet365,2.5,2.03,1.81,Bet365
2324,E0,2024-02-24,Aston Villa,Nottm Forest,4,2,H,0.6185360942993972,Bet365,-1.0,1.95,Bet365,2.5,1.57,2.42,Bet365
2324,E0,2024-02-24,Brighton,Everton,1,1,H,0.5216555189360338,Bet365,-0.5,1.84,Bet365,2.5,1.67,2.24,Bet365
2324,E0,2024-02-24,Crystal Palace,Burnley,3,0,H,0.47762791844208896,Bet365,-0.5,2.02,Bet365,2.5,2.12,1.74,Bet365
2324,E0,2024-02-24,Man United,Fulham,1,2,H,0.6060962983126044,Bet365,-1.0,2.0,Bet365,2.5,1.57,2.43,Bet365
2324,F1,2024-02-24,Lorient,Nantes,0,1,H,0.3720201078979888,Bet365,0.0,1.82,Bet365,2.5,2.17,1.71,Bet365
2324,I1,2024-02-24,Salernitana,Monza,0,2,A,0.379589755438788,Bet365,-0.0,1.7,Bet365,2.5,2.11,1.75,Bet365
2324,SP1,2024-02-24,Alaves,Mallorca,1,1,H,0.49310615920246825,Bet365,-0.5,1.95,Bet365,2.5,2.93,1.41,Bet365
2324,F1,2024-02-24,Strasbourg,Brest,0,3,A,0.38247011952191234,Bet365,-0.0,1.7,Bet365,2.5,2.21,1.68,Bet365
2324,E0,2024-02-24,Arsenal,Newcastle,4,1,H,0.6936285164255108,Bet365,-1.5,2.06,Bet365,2.5,1.48,2.67,Bet365
2324,I1,2024-02-25,Juventus,Frosinone,3,2,H,0.7251026076862483,Bet365,-1.5,1.98,Bet365,2.5,1.69,2.19,Bet365
2324,I1,2024-02-25,Cagliari,Napoli,1,1,A,0.5116017106002053,Bet365,-0.5,1.88,Bet365,2.5,1.85,1.98,Bet365
2324,F1,2024-02-25,Nice,Clermont,0,0,H,0.6475252872434449,Bet365,-1.0,1.83,Bet365,2.5,2.09,1.76,Bet365
2324,F1,2024-02-25,Toulouse,Lille,3,1,A,0.49757181661042055,Bet365,-0.5,1.95,Bet365,2.5,1.97,1.86,Bet365
2324,SP1,2024-02-25,Real Madrid,Sevilla,1,0,H,0.7352508013514685,Bet365,-1.5,1.86,Bet365,2.5,1.51,2.55,Bet365
2324,I1,2024-02-26,Roma,Torino,3,2,H,0.4916083268447789,Bet365,-0.5,1.95,Bet365,2.5,2.39,1.58,Bet365
2324,E0,2024-02-26,West Ham,Brentford,4,2,H,0.38311308618874984,Bet365,0.0,1.88,Bet365,2.5,1.72,2.12,Bet365
2324,SP1,2024-03-01,Celta,Almeria,1,0,H,0.5159977565314933,Bet365,-0.5,1.86,Bet365,2.5,1.96,1.88,Bet365
2324,F1,2024-03-01,Monaco,Paris SG,0,0,A,0.47203125278724206,Bet365,-0.5,2.06,Bet365,2.5,1.52,2.53,Bet365
2324,SP1,2024-03-02,Sevilla,Sociedad,3,2,H,0.3685431920937862,Bet365,0.0,1.8,Bet365,2.5,2.63,1.49,Bet365
2324,D1,2024-03-02,Heidenheim,Ein Frankfurt,1,2,A,0.37460928866858206,Bet365,-0.0,1.83,Bet365,2.5,1.9,1.93,Bet365
2324,D1,2024-03-02,Mainz,MGladbach,1,1,H,0.4866337583506305,Bet365,-0.5,1.99,Bet365,2.5,1.78,2.07,Bet365
2324,E0,2024-03-02,Fulham,Brighton,3,0,H,0.3703582884793128,Bet365,0.0,1.91,Bet365,2.5,1.64,2.31,Bet365
2324,E0,2024-03-02,Newcastle,Wolves,3,0,H,0.5047923322683707,Bet365,-0.5,1.91,Bet365,2.5,1.59,2.39,Bet365
2324,E0,2024-03-02,Nottm Forest,Liverpool,0,1,A,0.6237139447882887,Bet365,-1.0,1.88,Bet365,2.5,1.48,2.65,Bet365
2324,F1,2024-03-02,Reims,Lille,0,1,A,0.365034263747284,Bet365,-0.0,1.91,Bet365,2.5,1.9,1.88,Bet365
2324,I1,2024-03-02,Monza,Roma,1,4,A,0.4621787409821231,Bet365,-0.5,2.08,Bet365,2.5,1.99,1.84,Bet365
2324,SP1,2024-03-02,Getafe,Las Palmas,3,3,H,0.46758906584938087,Bet365,-0.5,2.06,Bet365,2.5,2.53,1.53,Bet365
2324,I1,2024-03-02,Torino,Fiorentina,0,0,H,0.3579633253313429,Bet365,0.0,1.85,Bet365,2.5,2.42,1.58,Bet365
2324,F1,2024-03-02,Clermont,Marseille,1,5,A,0.5076214585802004,Bet365,-0.5,1.9,Bet365,2.5,1.88,1.94,Bet365
2324,SP1,2024-03-03,Villarreal,Granada,5,1,H,0.5805227714235974,Bet365,-1.0,2.08,Bet365,2.5,1.64,2.3,Bet365
2324,E0,2024-03-03,Burnley,Bournemouth,0,2,A,0.4889018691588784,Bet365,-0.5,1.97,Bet365,2.5,1.71,2.18,Bet365
2324,F1,2024-03-03,Brest,Le Havre,1,0,H,0.5950515463917526,Bet365,-1.0,2.1,Bet365,2.5,2.03,1.8,Bet365
2324,F1,2024-03-03,Montpellier,Strasbourg,2,2,H,0.4684620110587754,Bet365,-0.5,2.04,Bet365,2.5,1.96,1.86,Bet365
2324,SP1,2024-03-03,Ath Madrid,Betis,2,1,H,0.6128583891525825,Bet365,-1.0,1.98,Bet365,2.5,1.74,2.11,Bet365
2324,D1,2024-03-03,Hoffenheim,Werder Bremen,2,1,H,0.4911294620916888,Bet365,-0.5,1.97,Bet365,2.5,1.56,2.43,Bet365
2324,I1,2024-03-03,Atalanta,Bologna,1,2,H,0.4894719251336899,Bet365,-0.5,1.99,Bet365,2.5,2.07,1.77,Bet365
2324,F1,2024-03-03,Lyon,Lens,0,3,H,0.37362505259361667,Bet365,0.0,1.85,Bet365,2.5,1.94,1.88,Bet365
2324,SP1,2024-03-03,Ath Bilbao,Barcelona,0,0,A,0.39529290499914105,Bet365,-0.0,1.73,Bet365,2.5,1.74,2.12,Bet365
2324,E0,2024-03-04,Sheffield United,Arsenal,0,6,A,0.8186765063347793,Bet365,-2.0,1.85,Bet365,2.5,1.42,2.85,Bet365
2324,E0,2024-03-09,Man United,Everton,2,0,H,0.5186987947093707,Bet365,-0.5,1.87,Bet365,2.5,1.68,2.23,Bet365
2324,SP1,2024-03-09,Valencia,Getafe,1,0,H,0.47948940389143635,Bet365,-0.5,2.02,Bet365,2.5,2.69,1.48,Bet365
2324,I1,2024-03-09,Cagliari,Salernitana,4,2,H,0.5152634267080501,Bet365,-0.5,1.87,Bet365,2.5,1.97,1.86,Bet365
2324,D1,2024-03-09,Augsburg,Heidenheim,1,0,H,0.507481559536354,Bet365,-0.5,1.9,Bet365,2.5,1.67,2.25,Bet365
2324,D1,2024-03-09,Bayern Munich,Mainz,8,1,H,0.7781008472420607,Bet365,-2.0,2.05,Bet365,2.5,1.39,3.01,Bet365
2324,D1,2024-03-09,MGladbach,FC Koln,3,3,H,0.5189745056487992,Bet365,-0.5,1.86,Bet365,2.5,1.74,2.08,Bet365
2324,E0,2024-03-09,Bournemouth,Sheffield United,2,2,H,0.714606598908042,Bet365,-1.5,2.01,Bet365,2.5,1.53,2.52,Bet365
2324,E0,2024-03-09,Wolves,Fulham,2,1,H,0.37783953743066756,Bet365,0.0,1.82,Bet365,2.5,1.9,1.94,Bet365
2324,SP1,2024-03-09,Granada,Sociedad,2,3,A,0.506058744416956,Bet365,-0.5,1.91,Bet365,2.5,2.27,1.65,Bet365
2324,D1,2024-03-09,Werder Bremen,Dortmund,1,2,A,0.5103451936986556,Bet365,-0.5,1.9,Bet365,2.5,1.46,2.72,Bet365
2324,SP1,2024-03-09,Girona,Osasuna,2,0,H,0.5934155475813655,Bet365,-1.0,2.07,Bet365,2.5,1.72,2.14,Bet365
2324,E0,2024-03-10,Aston Villa,Tottenham,0,4,H,0.3973297253899107,Bet365,0.0,1.86,Bet365,2.5,1.36,3.19,Bet365
2324,F1,2024-03-10,Le Havre,Toulouse,1,0,A,0.3597562205308778,Bet365,-0.0,1.92,Bet365,2.5,2.18,1.69,Bet365
2324,F1,2024-03-10,Strasbourg,Monaco,0,1,A,0.47301869345275865,Bet365,-0.5,2.06,Bet365,2.5,1.67,2.22,Bet365
2324,SP1,2024-03-10,Las Palmas,Ath Bilbao,0,2,A,0.4755707851828682,Bet365,-0.5,2.03,Bet365,2.5,2.19,1.69,Bet365
2324,F1,2024-03-10,Lille,Rennes,2,2,H,0.46687427355863076,Bet365,-0.5,2.08,Bet365,2.5,1.99,1.83,Bet365
2324,D1,2024-03-10,Ein Frankfurt,Hoffenheim,3,1,H,0.46571735452282337,Bet365,-0.5,2.08,Bet365,2.5,1.6,2.36,Bet365
2324,SP1,2024-03-10,Real Madrid,Celta,4,0,H,0.7385576987700786,Bet365,-1.5,1.88,Bet365,2.5,1.52,2.52,Bet365
2324,D1,2024-03-10,Leverkusen,Wolfsburg,2,0,H,0.7244420091949694,Bet365,-1.5,1.99,Bet365,2.5,1.55,2.47,Bet365
2324,I1,2024-03-10,Fiorentina,Roma,2,2,H,0.36947414042184334,Bet365,0.0,1.9,Bet365,2.5,2.01,1.8,Bet365
2324,F1,2024-03-10,Marseille,Nantes,2,0,H,0.6374150908757115,Bet365,-1.0,1.83,Bet365,2.5,1.84,1.99,Bet365
2324,I1,2024-03-11,Lazio,Udinese,1,2,H,0.49173990183151195,Bet365,-0.5,1.94,Bet365,2.5,2.2,1.68,Bet365
2324,E0,2024-03-11,Chelsea,Newcastle,3,2,H,0.49419010470129343,Bet365,-0.5,1.98,Bet365,2.5,1.46,2.71,Bet365
2324,I1,2024-03-15,Empoli,Bologna,0,1,A,0.4667082321071529,Bet365,-0.5,2.08,Bet365,2.5,2.37,1.6,Bet365
2324,SP1,2024-03-15,Sociedad,Cadiz,2,0,H,0.6479050076174582,Bet365,-1.0,1.85,Bet365,2.5,2.43,1.58,Bet365
2324,F1,2024-03-15,Toulouse,Lyon,2,3,A,0.3690272868093895,Bet365,-0.0,1.84,Bet365,2.5,2.03,1.82,Bet365
2324,SP1,2024-03-16,Mallorca,Granada,1,0,H,0.5206820334701611,Bet365,-0.5,1.86,Bet365,2.5,2.41,1.59,Bet365
2324,I1,2024-03-16,Monza,Cagliari,1,0,H,0.4621414495292314,Bet365,-0.5,2.1,Bet365,2.5,1.95,1.88,Bet365
2324,I1,2024-03-16,Udinese,Torino,0,2,A,0.3419081272084806,Bet365,-0.0,1.92,Bet365,2.5,2.6,1.5,Bet365
2324,D1,2024-03-16,Heidenheim,MGladbach,1,1,H,0.3914856740508043,Bet365,0.0,1.82,Bet365,2.5,1.67,2.24,Bet365
2324,D1,2024-03-16,Union Berlin,Werder Bremen,2,1,H,0.4719489211674753,Bet365,-0.5,2.06,Bet365,2.5,1.96,1.88,Bet365
2324,SP1,2024-03-16,Osasuna,Real Madrid,2,4,A,0.6141127948939507,Bet365,-1.0,1.95,Bet365,2.5,1.83,2.01,Bet365
2324,I1,2024-03-16,Salernitana,Lecce,0,1,A,0.3776075521510431,Bet365,-0.0,1.8,Bet365,2.5,2.15,1.72,Bet365
2324,E0,2024-03-16,Fulham,Tottenham,3,0,A,0.4755955622470663,Bet365,-0.5,2.01,Bet365,2.5,1.49,2.62,Bet365
2324,D1,2024-03-16,Hoffenheim,Stuttgart,0,3,A,0.5130128067775379,Bet365,-0.5,1.88,Bet365,2.5,1.44,2.7,Bet365
2324,SP1,2024-03-16,Ath Bilbao,Alaves,2,0,H,0.6164782288782168,Bet365,-1.0,2.02,Bet365,2.5,2.19,1.69,Bet365
2324,F1,2024-03-16,Lens,Nice,1,3,H,0.47203125278724206,Bet365,-0.5,2.05,Bet365,2.5,2.13,1.71,Bet365
2324,I1,2024-03-17,Juventus,Genoa,0,0,H,0.6285761534645279,Bet365,-1.0,1.95,Bet365,2.5,2.23,1.67,Bet365
2324,F1,2024-03-17,Brest,Lille,1,1,H,0.37107067840138047,Bet365,0.0,1.79,Bet365,2.5,2.33,1.62,Bet365
2324,SP1,2024-03-17,Sevilla,Celta,1,2,H,0.4760829267253319,Bet365,-0.5,2.03,Bet365,2.5,2.07,1.78,Bet365
2324,F1,2024-03-17,Clermont,Le Havre,2,1,H,0.36208809765040767,Bet365,0.0,1.89,Bet365,2.5,2.27,1.65,Bet365
2324,F1,2024-03-17,Monaco,Lorient,2,2,H,0.7113887620978036,Bet365,-1.5,2.0,Bet365,2.5,1.55,2.47,Bet365
2324,F1,2024-03-17,Reims,Metz,2,1,H,0.6110058876213129,Bet365,-1.0,2.04,Bet365,2.5,1.97,1.86,Bet365
2324,E0,2024-03-17,West Ham,Aston Villa,1,1,A,0.381665978075781,Bet365,-0.0,1.89,Bet365,2.5,1.56,2.44,Bet365
2324,D1,2024-03-17,Freiburg,Leverkusen,2,3,A,0.612450171846815,Bet365,-1.0,1.99,Bet365,2.5,1.72,2.15,Bet365
2324,SP1,2024-03-17,Las Palmas,Almeria,0,1,H,0.500528787461446,Bet365,-0.5,1.92,Bet365,2.5,1.93,1.88,Bet365
2324,F1,2024-03-17,Rennes,Marseille,2,0,H,0.38394276629570745,Bet365,0.0,1.8,Bet365,2.5,1.86,1.96,Bet365
2324,D1,2024-03-17,Dortmund,Ein Frankfurt,3,1,H,0.5899855451430055,Bet365,-1.0,2.08,Bet365,2.5,1.5,2.58,Bet365
2324,F1,2024-03-17,Montpellier,Paris SG,2,6,A,0.6220346532123221,Bet365,-1.0,1.88,Bet365,2.5,1.5,2.58,Bet365
2324,I1,2024-03-17,Inter,Napoli,1,1,H,0.6027258079413786,Bet365,-1.0,2.03,Bet365,2.5,1.73,2.12,Bet365
2324,SP1,2024-03-29,Cadiz,Granada,1,0,H,0.4767641037781831,Bet365,-0.5,2.02,Bet365,2.5,2.33,1.61,Bet365
2324,I1,2024-03-30,Genoa,Frosinone,1,1,H,0.4908862676750387,Bet365,-0.5,1.98,Bet365,2.5,2.02,1.81,Bet365
2324,I1,2024-03-30,Torino,Monza,1,0,H,0.5176846809822253,Bet365,-0.5,1.84,Bet365,2.5,2.3,1.63,Bet365
2324,D1,2024-03-30,Ein Frankfurt,Union Berlin,0,0,H,0.46982406331999826,Bet365,-0.5,2.06,Bet365,2.5,2.11,1.75,Bet365
2324,D1,2024-03-30,Leverkusen,Hoffenheim,2,1,H,0.7877649232761459,Bet365,-2.0,1.98,Bet365,2.5,1.31,3.47,Bet365
2324,D1,2024-03-30,Werder Bremen,Wolfsburg,0,2,A,0.3939771806222333,Bet365,-0.0,1.73,Bet365,2.5,1.77,2.08,Bet365
2324,E0,2024-03-30,Tottenham,Luton,2,1,H,0.7866650278917627,Bet365,-2.0,1.92,Bet365,2.5,1.25,3.94,Bet365
2324,SP1,2024-03-30,Almeria,Osasuna,0,3,H,0.3660390574320156,Bet365,0.0,1.87,Bet365,2.5,2.12,1.75,Bet365
2324,F1,2024-03-30,Metz,Monaco,2,5,A,0.5878069186670577,Bet365,-1.0,2.07,Bet365,2.5,1.71,2.16,Bet365
2324,SP1,2024-03-30,Valencia,Mallorca,0,0,H,0.4561589967052822,Bet365,-0.5,2.1,Bet365,2.5,2.99,1.4,Bet365
2324,D1,2024-03-30,Bayern Munich,Dortmund,0,2,H,0.6841970749522647,Bet365,-1.5,1.95,Bet365,2.5,1.24,4.08,Bet365
2324,E0,2024-03-30,Aston Villa,Wolves,2,0,H,0.5841538512200745,Bet365,-1.0,2.07,Bet365,2.5,1.56,2.44,Bet365
2324,I1,2024-03-30,Fiorentina,Milan,1,2,A,0.37836606099035014,Bet365,-0.0,1.83,Bet365,2.5,1.94,1.87,Bet365
2324,F1,2024-03-31,Lorient,Brest,0,1,A,0.47440815844052575,Bet365,-0.5,2.03,Bet365,2.5,2.2,1.68,Bet365
2324,SP1,2024-03-31,Celta,Vallecano,0,0,H,0.48796556449045686,Bet365,-0.5,1.97,Bet365,2.5,2.2,1.69,Bet365
2324,F1,2024-03-31,Le Havre,Montpellier,0,2,H,0.37375554371471953,Bet365,0.0,1.84,Bet365,2.5,2.03,1.81,Bet365
2324,E0,2024-03-31,Liverpool,Brighton,2,1,H,0.6996784316502846,Bet365,-1.5,1.99,Bet365,2.5,1.36,3.16,Bet365
2324,E0,2024-03-31,Man City,Arsenal,0,0,H,0.49933277050028596,Bet365,-0.5,1.92,Bet365,2.5,1.74,2.12,Bet365
2324,SP1,2024-03-31,Real Madrid,Ath Bilbao,2,0,H,0.6152483612384957,Bet365,-1.0,1.98,Bet365,2.5,1.76,2.09,Bet365
2324,I1,2024-04-01,Bologna,Salernitana,3,0,H,0.739754938045524,Bet365,-1.5,1.93,Bet365,2.5,1.79,2.04,Bet365
2324,I1,2024-04-01,Sassuolo,Udinese,1,1,A,0.3756890374492104,Bet365,-0.0,1.83,Bet365,2.5,2.03,1.8,Bet365
2324,I1,2024-04-01,Lecce,Roma,0,0,A,0.5080601074680996,Bet365,-0.5,1.88,Bet365,2.5,2.03,1.79,Bet365
2324,E0,2024-04-02,Newcastle,Everton,1,1,H,0.47792575780536883,Bet365,-0.5,2.03,Bet365,2.5,1.67,2.24,Bet365
2324,E0,2024-04-02,Nottm Forest,Fulham,3,1,A,0.3679844680743447,Bet365,-0.0,1.91,Bet365,2.5,1.81,2.03,Bet365
2324,E0,2024-04-02,Bournemouth,Crystal Palace,1,0,H,0.48343025585455,Bet365,-0.5,2.01,Bet365,2.5,1.72,2.16,Bet365
2324,E0,2024-04-02,Burnley,Wolves,1,1,H,0.38044515041443294,Bet365,0.0,1.85,Bet365,2.5,1.81,2.03,Bet365
2324,E0,2024-04-02,West Ham,Tottenham,1,1,A,0.47795116041026925,Bet365,-0.5,2.04,Bet365,2.5,1.35,3.26,Bet365
2324,E0,2024-04-03,Arsenal,Luton,2,0,H,0.8724694249728325,Bet365,-2.5,1.86,Bet365,2.5,1.26,3.86,Bet365
2324,E0,2024-04-03,Brentford,Brighton,0,0,H,0.4015549669378966,Bet365,0.0,1.75,Bet365,2.5,1.56,2.44,Bet365
2324,E0,2024-04-03,Man City,Aston Villa,4,1,H,0.736754816308843,Bet365,-1.5,1.86,Bet365,2.5,1.41,2.95,Bet365
2324,E0,2024-04-04,Chelsea,Man United,4,3,H,0.4741499750642847,Bet365,-0.5,2.04,Bet365,2.5,1.41,2.92,Bet365
2324,E0,2024-04-06,Crystal Palace,Man City,2,4,A,0.734467024437162,Bet365,-1.5,1.95,Bet365,2.5,1.66,2.25,Bet365
2324,D1,2024-04-06,Heidenheim,Bayern Munich,3,2,A,0.7042653146657983,Bet365,-1.5,2.0,Bet365,2.5,1.33,3.36,Bet365
2324,D1,2024-04-06,Union Berlin,Leverkusen,0,1,A,0.6159068308727912,Bet365,-1.0,1.98,Bet365,2.5,1.82,2.02,Bet365
2324,E0,2024-04-06,Luton,Bournemouth,2,1,A,0.5020599478596804,Bet365,-0.5,1.91,Bet365,2.5,1.49,2.62,Bet365
2324,E0,2024-04-06,Wolves,West Ham,1,2,H,0.38257821577489093,Bet365,0.0,1.84,Bet365,2.5,1.77,2.08,Bet365
2324,F1,2024-04-06,Lens,Le Havre,1,1,H,0.6208444226007771,Bet365,-1.0,1.98,Bet365,2.5,1.99,1.84,Bet365
2324,E0,2024-04-06,Brighton,Arsenal,0,3,A,0.5867411905049124,Bet365,-1.0,2.06,Bet365,2.5,1.63,2.32,Bet365
2324,F1,2024-04-06,Paris SG,Clermont,1,1,H,0.8114652231453041,Bet365,-2.0,1.87,Bet365,2.5,1.33,3.31,Bet365
2324,I1,2024-04-07,Frosinone,Bologna,0,0,A,0.4989479971222631,Bet365,-0.5,1.93,Bet365,2.5,1.91,1.91,Bet365
2324,F1,2024-04-07,Brest,Metz,4,3,H,0.6276924569317125,Bet365,-1.0,1.95,Bet365,2.5,2.16,1.71,Bet365
2324,I1,2024-04-07,Monza,Napoli,2,4,A,0.5091875434004594,Bet365,-0.5,1.88,Bet365,2.5,1.8,2.04,Bet365
2324,E0,2024-04-07,Man United,Liverpool,2,2,A,0.5888984600096672,Bet365,-1.0,1.98,Bet365,2.5,1.34,3.25,Bet365
2324,F1,2024-04-07,Monaco,Rennes,1,0,H,0.5235539732195447,Bet365,-0.5,1.78,Bet365,2.5,1.58,2.39,Bet365
2324,D1,2024-04-07,Wolfsburg,MGladbach,1,3,H,0.5045615642729122,Bet365,-0.5,1.92,Bet365,2.5,1.65,2.27,Bet365
2324,I1,2024-04-07,Verona,Genoa,1,2,H,0.3507931611164331,Bet365,0.0,1.87,Bet365,2.5,2.55,1.52,Bet365
2324,I1,2024-04-07,Juventus,Fiorentina,1,0,H,0.5179389710476984,Bet365,-0.5,1.87,Bet365,2.5,2.18,1.7,Bet365
2324,I1,2024-04-08,Udinese,Inter,1,2,A,0.6476895130920207,Bet365,-1.0,1.75,Bet365,2.5,1.76,2.07,Bet365
2324,SP1,2024-04-12,Betis,Celta,2,1,H,0.4653509009741727,Bet365,-0.5,2.1,Bet365,2.5,2.03,1.81,Bet365
2324,SP1,2024-04-13,Ath Madrid,Girona,3,1,H,0.4859207470638303,Bet365,-0.5,1.98,Bet365,2.5,1.64,2.29,Bet365
2324,D1,2024-04-13,Bayern Munich,FC Koln,2,0,H,0.7988911567002179,Bet365,-2.0,1.9,Bet365,2.5,1.31,3.45,Bet365
2324,D1,2024-04-13,Mainz,Hoffenheim,4,1,H,0.48269485085016617,Bet365,-0.5,2.01,Bet365,2.5,1.58,2.42,Bet365
2324,D1,2024-04-13,MGladbach,Dortmund,1,2,A,0.4721833623016378,Bet365,-0.5,2.02,Bet365,2.5,1.4,2.99,Bet365
2324,D1,2024-04-13,RB Leipzig,Wolfsburg,3,0,H,0.7024143795148764,Bet365,-1.5,2.0,Bet365,2.5,1.45,2.74,Bet365
2324,E0,2024-04-13,Burnley,Brighton,1,1,A,0.47422092276973543,Bet365,-0.5,2.04,Bet365,2.5,1.65,2.26,Bet365
2324,E0,2024-04-13,Man City,Luton,5,1,H,0.8768530973942226,Bet365,-2.5,1.88,Bet365,2.5,1.26,3.77,Bet365
2324,F1,2024-04-13,Strasbourg,Reims,3,1,H,0.36876213611628295,Bet365,0.0,1.87,Bet365,2.5,1.98,1.85,Bet365
2324,E0,2024-04-13,Bournemouth,Man United,2,2,H,0.39652471373540304,Bet365,0.0,1.84,Bet365,2.5,1.43,2.84,Bet365
2324,D1,2024-04-13,Stuttgart,Ein Frankfurt,3,0,H,0.6304107421305657,Bet365,-1.0,1.83,Bet365,2.5,1.56,2.43,Bet365
2324,I1,2024-04-13,Bologna,Monza,0,0,H,0.6182469648302972,Bet365,-1.0,1.98,Bet365,2.5,2.0,1.83,Bet365
2324,SP1,2024-04-13,Cadiz,Barcelona,0,1,A,0.5099983173925523,Bet365,-0.5,1.9,Bet365,2.5,1.97,1.86,Bet365
2324,F1,2024-04-13,Rennes,Toulouse,1,2,H,0.5232023836011338,Bet365,-0.5,1.83,Bet365,2.5,1.88,1.95,Bet365
2324,I1,2024-04-14,Napoli,Frosinone,2,2,H,0.7092036278031533,Bet365,-1.5,1.99,Bet365,2.5,1.51,2.54,Bet365
2324,SP1,2024-04-14,Las Palmas,Sevilla,0,2,H,0.3498951714866444,Bet365,0.0,1.95,Bet365,2.5,2.17,1.7,Bet365
2324,E0,2024-04-14,Liverpool,Crystal Palace,0,1,H,0.7969297112360453,Bet365,-2.0,1.99,Bet365,2.5,1.39,3.0,Bet365
2324,D1,2024-04-14,Darmstadt,Freiburg,0,1,A,0.5143538767395626,Bet365,-0.5,1.86,Bet365,2.5,1.66,2.26,Bet365
2324,D1,2024-04-14,Leverkusen,Werder Bremen,5,0,H,0.7969983432413995,Bet365,-2.0,2.02,Bet365,2.5,1.43,2.82,Bet365
2324,I1,2024-04-14,Inter,Cagliari,2,2,H,0.8089146644086997,Bet365,-2.0,1.91,Bet365,2.5,1.42,2.83,Bet365
2324,SP1,2024-04-14,Sociedad,Almeria,2,2,H,0.7198545961474644,Bet365,-1.5,2.0,Bet365,2.5,1.76,2.08,Bet365
2324,I1,2024-04-15,Fiorentina,Genoa,1,1,H,0.5075405799622635,Bet365,-0.5,1.9,Bet365,2.5,2.05,1.78,Bet365
2324,D1,2024-04-19,Ein Frankfurt,Augsburg,3,1,H,0.4688568763602446,Bet365,-0.5,2.05,Bet365,2.5,1.67,2.26,Bet365
2324,SP1,2024-04-19,Ath Bilbao,Granada,1,1,H,0.753054390913668,Bet365,-1.5,1.9,Bet365,2.5,1.7,2.2,Bet365
2324,F1,2024-04-19,Nice,Lorient,3,0,H,0.6142611559741705,Bet365,-1.0,1.98,Bet365,2.5,1.87,1.96,Bet365
2324,D1,2024-04-20,FC Koln,Darmstadt,0,2,H,0.6392030749237326,Bet365,-1.0,1.84,Bet365,2.5,1.65,2.28,Bet365
2324,E0,2024-04-20,Sheffield United,Burnley,1,4,A,0.38829397607171506,Bet365,-0.0,1.85,Bet365,2.5,1.66,2.25,Bet365
2324,D1,2024-04-20,Union Berlin,Bayern Munich,1,5,A,0.5927200944972385,Bet365,-1.0,2.02,Bet365,2.5,1.6,2.38,Bet365
2324,I1,2024-04-20,Verona,Udinese,1,0,H,0.3713374956559253,Bet365,0.0,1.81,Bet365,2.5,2.22,1.66,Bet365
2324,F1,2024-04-21,Lille,Strasbourg,1,0,H,0.5929470451392258,Bet365,-1.0,2.08,Bet365,2.5,1.9,1.92,Bet365
2324,F1,2024-04-21,Reims,Montpellier,1,2,H,0.481658799970122,Bet365,-0.5,2.02,Bet365,2.5,1.72,2.14,Bet365
2324,D1,2024-04-21,Werder Bremen,Stuttgart,2,1,A,0.5977056982898271,Bet365,-1.0,1.99,Bet365,2.5,1.48,2.67,Bet365
2324,E0,2024-04-21,Aston Villa,Bournemouth,3,1,H,0.5122089458245638,Bet365,-0.5,1.87,Bet365,2.5,1.44,2.77,Bet365
2324,SP1,2024-04-21,Almeria,Villarreal,1,2,A,0.46399068379489794,Bet365,-0.5,2.06,Bet365,2.5,1.63,2.32,Bet365
2324,F1,2024-04-21,Brest,Monaco,0,2,A,0.3694216553816023,Bet365,-0.0,1.9,Bet365,2.5,1.77,2.07,Bet365
2324,E0,2024-04-21,Fulham,Liverpool,1,3,A,0.6102423365015421,Bet365,-1.0,1.92,Bet365,2.5,1.41,2.91,Bet365
2324,D1,2024-04-21,Dortmund,Leverkusen,1,1,H,0.375366568914956,Bet365,0.0,1.95,Bet365,2.5,1.48,2.58,Bet365
2324,SP1,2024-04-21,Alaves,Ath Madrid,2,0,A,0.48610064225696537,Bet365,-0.5,1.99,Bet365,2.5,2.2,1.69,Bet365
2324,F1,2024-04-21,Toulouse,Marseille,2,2,A,0.3679859045830173,Bet365,-0.0,1.89,Bet365,2.5,1.94,1.88,Bet365
2324,D1,2024-04-21,Freiburg,Mainz,1,1,H,0.37160751565761996,Bet365,0.0,1.92,Bet365,2.5,1.75,2.11,Bet365
2324,I1,2024-04-21,Monza,Atalanta,1,2,A,0.5047502672979992,Bet365,-0.5,1.91,Bet365,2.5,1.85,1.97,Bet365
2324,SP1,2024-04-21,Real Madrid,Barcelona,3,2,H,0.512047972503565,Bet365,-0.5,1.88,Bet365,2.5,1.54,2.48,Bet365
2324,I1,2024-04-22,Milan,Inter,1,2,A,0.4826686465846414,Bet365,-0.5,1.99,Bet365,2.5,1.73,2.13,Bet365
2324,SP1,2024-04-22,Sevilla,Mallorca,2,1,H,0.4834125805528685,Bet365,-0.5,2.0,Bet365,2.5,2.63,1.49,Bet365
2324,F1,2024-04-24,Lorient,Paris SG,1,4,A,0.6915129746963155,Bet365,-1.5,2.04,Bet365,2.5,1.49,2.63,Bet365
2324,E0,2024-04-24,Wolves,Bournemouth,0,1,A,0.3807390817469205,Bet365,-0.0,1.9,Bet365,2.5,1.66,2.24,Bet365
2324,E0,2024-04-24,Crystal Palace,Newcastle,2,0,A,0.3935828877005347,Bet365,-0.0,1.83,Bet365,2.5,1.61,2.35,Bet365
2324,E0,2024-04-24,Man United,Sheffield United,4,2,H,0.7301317166202503,Bet365,-1.5,1.87,Bet365,2.5,1.36,3.18,Bet365
2324,F1,2024-04-26,Montpellier,Nantes,1,1,H,0.4748152310767458,Bet365,-0.5,2.04,Bet365,2.5,1.91,1.92,Bet365
2324,E0,2024-04-27,West Ham,Liverpool,2,2,A,0.6341156120223236,Bet365,-1.0,1.75,Bet365,2.5,1.37,3.1,Bet365
2324,I1,2024-04-27,Lecce,Monza,1,1,H,0.4665737010268151,Bet365,-0.5,2.08,Bet365,2.5,2.22,1.67,Bet365
2324,E0,2024-04-27,Newcastle,Sheffield United,5,1,H,0.7778912600715535,Bet365,-2.0,2.04,Bet365,2.5,1.33,3.31,Bet365
2324,E0,2024-04-27,Wolves,Luton,2,1,H,0.48308154119338204,Bet365,-0.5,2.01,Bet365,2.5,1.63,2.31,Bet365
2324,SP1,2024-04-27,Almeria,Getafe,1,3,A,0.35950964341332914,Bet365,-0.0,1.93,Bet365,2.5,2.1,1.76,Bet365
2324,SP1,2024-04-27,Alaves,Celta,3,0,H,0.3603206412825651,Bet365,0.0,1.96,Bet365,2.5,2.41,1.59,Bet365
2324,SP1,2024-04-27,Ath Madrid,Ath Bilbao,3,1,H,0.4837895799167403,Bet365,-0.5,1.99,Bet365,2.5,1.96,1.87,Bet365
2324,F1,2024-04-27,Paris SG,Le Havre,3,3,H,0.7184017172844267,Bet365,-1.5,2.01,Bet365,2.5,1.62,2.32,Bet365
2324,I1,2024-04-28,Inter,Torino,2,0,H,0.6246402946706059,Bet365,-1.0,1.98,Bet365,2.5,2.03,1.81,Bet365
2324,F1,2024-04-28,Clermont,Reims,4,1,A,0.4624873952053938,Bet365,-0.5,2.07,Bet365,2.5,1.86,1.96,Bet365
2324,F1,2024-04-28,Lorient,Toulouse,1,2,H,0.3586901763224181,Bet365,0.0,1.92,Bet365,2.5,2.0,1.83,Bet365
2324,SP1,2024-04-28,Granada,Osasuna,3,0,H,0.3679117740272557,Bet365,0.0,1.82,Bet365,2.5,2.3,1.64,Bet365
2324,E0,2024-04-28,Nottm Forest,Man City,0,2,A,0.7315740015240002,Bet365,-1.5,1.91,Bet365,2.5,1.53,2.5,Bet365
2324,D1,2024-04-28,Mainz,FC Koln,1,1,H,0.6208663251047973,Bet365,-1.0,1.94,Bet365,2.5,1.73,2.13,Bet365
2324,I1,2024-04-28,Napoli,Roma,2,2,H,0.4844662148560693,Bet365,-0.5,2.0,Bet365,2.5,1.88,1.94,Bet365
2324,F1,2024-04-28,Lyon,Monaco,3,2,H,0.3716283716283717,Bet365,0.0,1.95,Bet365,2.5,1.54,2.47,Bet365
2324,F1,2024-04-28,Marseille,Lens,2,1,H,0.38725146059661353,Bet365,0.0,1.73,Bet365,2.5,1.91,1.87,Bet365
2324,SP1,2024-04-29,Barcelona,Valencia,4,2,H,0.7027382433240174,Bet365,-1.5,2.06,Bet365,2.5,1.64,2.28,Bet365
2324,I1,2024-05-03,Torino,Bologna,0,0,A,0.33792881689744575,Bet365,-0.0,1.98,Bet365,2.5,2.69,1.47,Bet365
2324,SP1,2024-05-03,Getafe,Ath Bilbao,0,2,A,0.4617644178987565,Bet365,-0.5,2.08,Bet365,2.5,2.43,1.58,Bet365
2324,E0,2024-05-03,Luton,Everton,1,1,A,0.36807928384792593,Bet365,-0.0,1.94,Bet365,2.5,1.74,2.12,Bet365
2324,E0,2024-05-04,Arsenal,Bournemouth,3,0,H,0.7985343447906809,Bet365,-2.0,1.95,Bet365,2.5,1.34,3.23,Bet365
2324,D1,2024-05-04,Dortmund,Augsburg,5,1,H,0.5182432630131375,Bet365,-0.5,1.89,Bet365,2.5,1.32,3.33,Bet365
2324,SP1,2024-05-04,Real Madrid,Cadiz,3,0,H,0.713454364287365,Bet365,-1.5,2.04,Bet365,2.5,1.67,2.22,Bet365
2324,I1,2024-05-04,Monza,Lazio,2,2,A,0.5192050175124215,Bet365,-0.5,1.86,Bet365,2.5,1.97,1.86,Bet365
2324,SP1,2024-05-04,Girona,Barcelona,4,2,A,0.3975621782155511,Bet365,-0.0,1.85,Bet365,2.5,1.45,2.77,Bet365
2324,E0,2024-05-04,Man City,Wolves,5,1,H,0.8789414293892835,Bet365,-2.5,1.88,Bet365,2.5,1.3,3.52,Bet365
2324,F1,2024-05-04,Metz,Rennes,2,3,A,0.46338268813545685,Bet365,-0.5,2.09,Bet365,2.5,1.86,1.95,Bet365
2324,E0,2024-05-05,Brighton,Aston Villa,1,0,A,0.3940196195211546,Bet365,-0.0,1.85,Bet365,2.5,1.48,2.63,Bet365
2324,E0,2024-05-05,Chelsea,West Ham,5,0,H,0.5804169509936357,Bet365,-1.0,2.09,Bet365,2.5,1.4,2.93,Bet365
2324,D1,2024-05-05,Union Berlin,Bochum,3,4,H,0.4859622291819807,Bet365,-0.5,1.99,Bet365,2.5,2.05,1.78,Bet365
2324,I1,2024-05-05,Roma,Juventus,1,1,A,0.3561027698679782,Bet365,-0.0,1.9,Bet365,2.5,2.42,1.57,Bet365
2324,SP1,2024-05-05,Vallecano,Almeria,0,1,H,0.6049106581890378,Bet365,-1.0,2.04,Bet365,2.5,1.83,2.0,Bet365
2324,I1,2024-05-06,Salernitana,Atalanta,1,2,A,0.7049591151849327,Bet365,-1.5,2.03,Bet365,2.5,1.51,2.53,Bet365
2324,I1,2024-05-06,Udinese,Napoli,1,1,A,0.4802851446521035,Bet365,-0.5,2.03,Bet365,2.5,1.81,1.98,Bet365
2324,F1,2024-05-06,Lille,Lyon,3,4,H,0.49899523988432326,Bet365,-0.5,1.95,Bet365,2.5,1.74,2.09,Bet365
2324,D1,2024-05-10,Augsburg,Stuttgart,0,1,A,0.5309136310038024,Bet365,-0.5,1.75,Bet365,2.5,1.36,3.16,Bet365
2324,F1,2024-05-10,Nice,Le Havre,1,0,H,0.6172077568104359,Bet365,-1.0,1.98,Bet365,2.5,1.93,1.9,Bet365
2324,E0,2024-05-11,Fulham,Man City,0,4,A,0.7860172948278675,Bet365,-2.0,2.06,Bet365,2.5,1.34,3.18,Bet365
2324,D1,2024-05-11,FC Koln,Union Berlin,3,2,A,0.37338341237089,Bet365,-0.0,1.87,Bet365,2.5,1.98,1.82,Bet365
2324,D1,2024-05-11,MGladbach,Ein Frankfurt,1,1,H,0.3816562440780747,Bet365,0.0,1.9,Bet365,2.5,1.57,2.43,Bet365
2324,E0,2024-05-11,Bournemouth,Brentford,1,2,H,0.48497666277712953,Bet365,-0.5,1.98,Bet365,2.5,1.46,2.71,Bet365
2324,E0,2024-05-11,Newcastle,Brighton,1,1,H,0.6027459681699673,Bet365,-1.0,1.92,Bet365,2.5,1.33,3.32,Bet365
2324,E0,2024-05-11,Tottenham,Burnley,2,1,H,0.7098238383044133,Bet365,-1.5,1.88,Bet365,2.5,1.24,4.05,Bet365
2324,E0,2024-05-11,Wolves,Crystal Palace,1,3,A,0.38950819672131143,Bet365,-0.0,1.73,Bet365,2.5,1.79,2.04,Bet365
2324,SP1,2024-05-11,Villarreal,Sevilla,3,2,H,0.5117428430601995,Bet365,-0.5,1.86,Bet365,2.5,1.59,2.4,Bet365
2324,SP1,2024-05-11,Granada,Real Madrid,0,4,A,0.625553135199813,Bet365,-1.0,1.87,Bet365,2.5,1.63,2.26,Bet365
2324,E0,2024-05-11,Nottm Forest,Chelsea,2,3,A,0.47302604784587327,Bet365,-0.5,2.03,Bet365,2.5,1.48,2.64,Bet365
2324,I1,2024-05-12,Lazio,Empoli,2,0,H,0.5951250815127732,Bet365,-1.0,2.07,Bet365,2.5,1.96,1.86,Bet365
2324,I1,2024-05-12,Verona,Torino,1,2,A,0.3686769996897676,Bet365,-0.0,1.8,Bet365,2.5,2.45,1.56,Bet365
2324,D1,2024-05-12,Darmstadt,Hoffenheim,0,6,A,0.5858540780006749,Bet365,-1.0,2.01,Bet365,2.5,1.35,3.2,Bet365
2324,E0,2024-05-12,Man United,Arsenal,0,1,A,0.6901049512460523,Bet365,-1.5,1.99,Bet365,2.5,1.37,3.09,Bet365
2324,D1,2024-05-12,Bayern Munich,Wolfsburg,2,0,H,0.7102222364186637,Bet365,-1.5,1.91,Bet365,2.5,1.35,3.22,Bet365
2324,I1,2024-05-12,Atalanta,Roma,2,1,H,0.4751035781544256,Bet365,-0.5,2.02,Bet365,2.5,1.85,1.97,Bet365
2324,F1,2024-05-12,Clermont,Lyon,0,1,A,0.611869867053859,Bet365,-1.0,1.89,Bet365,2.5,1.43,2.79,Bet365
2324,F1,2024-05-12,Nantes,Lille,1,2,A,0.48438584316446914,Bet365,-0.5,1.99,Bet365,2.5,2.08,1.76,Bet365
2324,F1,2024-05-12,Paris SG,Toulouse,1,3,H,0.6867078418171707,Bet365,-1.5,2.03,Bet365,2.5,1.4,2.96,Bet365
2324,F1,2024-05-12,Rennes,Lens,1,1,H,0.3810702723290802,Bet365,0.0,1.85,Bet365,2.5,1.87,1.95,Bet365
2324,SP1,2024-05-12,Betis,Almeria,3,2,H,0.7072625574076751,Bet365,-1.5,2.01,Bet365,2.5,1.52,2.52,Bet365
2324,I1,2024-05-13,Lecce,Udinese,0,2,H,0.3609277430865299,Bet365,0.0,1.86,Bet365,2.5,2.29,1.63,Bet365
2324,I1,2024-05-13,Fiorentina,Monza,2,1,H,0.6103946854239937,Bet365,-1.0,1.97,Bet365,2.5,1.72,2.14,Bet365
2324,SP1,2024-05-13,Barcelona,Sociedad,2,0,H,0.5242084394254504,Bet365,-0.5,1.83,Bet365,2.5,1.91,1.9,Bet365
2324,SP1,2024-05-14,Osasuna,Mallorca,1,1,H,0.34153419481902775,Bet365,0.0,1.93,Bet365,2.5,2.91,1.42,Bet365
2324,E0,2024-05-14,Tottenham,Man City,0,2,A,0.6981534816267337,Bet365,-1.5,1.98,Bet365,2.5,1.27,3.79,Bet365
2324,SP1,2024-05-14,Real Madrid,Alaves,5,0,H,0.7948379620886975,Bet365,-2.0,2.08,Bet365,2.5,1.49,2.63,Bet365
2324,SP1,2024-05-15,Sevilla,Cadiz,0,1,H,0.5018371994938844,Bet365,-0.5,1.92,Bet365,2.5,2.05,1.8,Bet365
2324,E0,2024-05-15,Brighton,Chelsea,1,2,A,0.4749077295283169,Bet365,-0.5,2.01,Bet365,2.5,1.4,2.98,Bet365
2324,F1,2024-05-15,Nice,Paris SG,1,2,H,0.39197020507193747,Bet365,0.0,1.87,Bet365,2.5,1.59,2.39,Bet365
2324,SP1,2024-05-15,Celta,Ath Bilbao,2,1,H,0.36669856915360455,Bet365,0.0,1.89,Bet365,2.5,1.96,1.88,Bet365
2324,SP1,2024-05-15,Getafe,Ath Madrid,0,3,A,0.5259397878285937,Bet365,-0.5,1.83,Bet365,2.5,2.18,1.71,Bet365
2324,SP1,2024-05-16,Las Palmas,Betis,2,2,A,0.4941650506061084,Bet365,-0.5,1.95,Bet365,2.5,2.0,1.85,Bet365
2324,D1,2024-05-18,Heidenheim,FC Koln,4,1,H,0.4082292851165077,Bet365,0.0,1.78,Bet365,2.5,1.51,2.59,Bet365
2324,I1,2024-05-18,Torino,Milan,3,1,A,0.36427565685292956,Bet365,-0.0,1.88,Bet365,2.5,2.14,1.73,Bet365
2324,SP1,2024-05-18,Alaves,Getafe,1,0,H,0.46268897848400753,Bet365,-0.5,2.07,Bet365,2.5,2.51,1.54,Bet365
2324,I1,2024-05-19,Udinese,Empoli,1,1,H,0.46782865071106483,Bet365,-0.5,2.04,Bet365,2.5,2.26,1.65,Bet365
2324,E0,2024-05-19,Arsenal,Everton,2,1,H,0.8185686038770704,Bet365,-2.0,1.83,Bet365,2.5,1.38,3.04,Bet365
2324,E0,2024-05-19,Crystal Palace,Aston Villa,5,0,H,0.5137551064463057,Bet365,-0.5,1.87,Bet365,2.5,1.39,2.96,Bet365
2324,E0,2024-05-19,Sheffield United,Tottenham,0,3,A,0.7102594748814436,Bet365,-1.5,1.88,Bet365,2.5,1.22,4.14,Bet365
2324,SP1,2024-05-19,Betis,Sociedad,0,2,H,0.36696630832406124,Bet365,0.0,1.85,Bet365,2.5,2.3,1.63,Bet365
2324,SP1,2024-05-19,Cadiz,Las Palmas,0,0,H,0.518992238066995,Bet365,-0.5,1.86,Bet365,2.5,2.37,1.6,Bet365
2324,SP1,2024-05-19,Granada,Celta,1,2,A,0.46978509853544903,Bet365,-0.5,2.02,Bet365,2.5,1.78,2.07,Bet365
2324,SP1,2024-05-19,Mallorca,Almeria,2,2,H,0.6331309399254923,Bet365,-1.0,1.88,Bet365,2.5,2.05,1.8,Bet365
2324,I1,2024-05-19,Roma,Genoa,1,0,H,0.6364618709478234,Bet365,-1.0,1.83,Bet365,2.5,1.79,2.0,Bet365
2324,F1,2024-05-19,Metz,Paris SG,0,2,A,0.5964573200518233,Bet365,-1.0,1.99,Bet365,2.5,1.43,2.82,Bet365
2324,F1,2024-05-19,Monaco,Nantes,4,0,H,0.6800633537913285,Bet365,-1.5,2.05,Bet365,2.5,1.4,2.92,Bet365
2324,F1,2024-05-19,Reims,Rennes,2,1,A,0.3878066932063837,Bet365,-0.0,1.83,Bet365,2.5,1.6,2.36,Bet365
2324,F1,2024-05-19,Toulouse,Brest,0,3,A,0.5055587706740581,Bet365,-0.5,1.91,Bet365,2.5,1.65,2.24,Bet365
2324,I1,2024-05-23,Cagliari,Fiorentina,2,3,A,0.5259777379553089,Bet365,-0.5,1.85,Bet365,2.5,1.71,2.17,Bet365
2324,SP1,2024-05-24,Girona,Granada,7,0,H,0.7814643412258685,Bet365,-2.0,1.98,Bet365,2.5,1.28,3.66,Bet365
2324,I1,2024-05-25,Juventus,Monza,2,0,H,0.7172831565390608,Bet365,-1.5,1.97,Bet365,2.5,1.61,2.33,Bet365
2324,SP1,2024-05-25,Real Madrid,Betis,0,0,H,0.6974388894132183,Bet365,-1.5,2.02,Bet365,2.5,1.37,3.08,Bet365
2324,SP1,2024-05-26,Celta,Valencia,2,2,H,0.4863887235443913,Bet365,-0.5,1.98,Bet365,2.5,1.94,1.89,Bet365
2324,SP1,2024-05-26,Las Palmas,Alaves,1,1,H,0.3863512594954069,Bet365,0.0,1.73,Bet365,2.5,2.12,1.74,Bet365
2324,I1,2024-05-26,Empoli,Roma,2,1,H,0.4797089111238553,Bet365,-0.5,2.0,Bet365,2.5,1.85,1.98,Bet365
2324,I1,2024-05-26,Lazio,Sassuolo,1,1,H,0.701229336151841,Bet365,-1.5,2.01,Bet365,2.5,1.51,2.56,Bet365
2324,I1,2024-05-26,Verona,Inter,2,2,A,0.6134962135096788,Bet365,-1.0,1.92,Bet365,2.5,1.64,2.28,Bet365
2324,SP1,2024-05-26,Sevilla,Barcelona,1,2,A,0.5220044469258421,Bet365,-0.5,1.84,Bet365,2.5,1.5,2.57,Bet365
2425,SP1,2024-08-15,Ath Bilbao,Getafe,1,1,H,0.6360572576490766,Bet365,-1.0,1.84,Bet365,2.5,2.24,1.67,Bet365
2425,SP1,2024-08-16,Celta,Alaves,2,1,H,0.4724958048048261,Bet365,-0.5,2.06,Bet365,2.5,2.25,1.67,Bet365
2425,E0,2024-08-16,Man United,Fulham,1,0,H,0.5930766345661143,Bet365,-1.0,2.05,Bet365,2.5,1.53,2.52,Bet365
2425,SP1,2024-08-16,Las Palmas,Sevilla,2,2,A,0.36206422402282956,Bet365,-0.0,1.9,Bet365,2.5,2.18,1.71,Bet365
2425,E0,2024-08-17,Ipswich,Liverpool,0,2,A,0.7171159467359531,Bet365,-1.5,1.91,Bet365,2.5,1.41,2.94,Bet365
2425,E0,2024-08-17,Arsenal,Wolves,2,0,H,0.816672297164586,Bet365,-2.0,1.93,Bet365,2.5,1.46,2.7,Bet365
2425,E0,2024-08-17,Everton,Brighton,0,3,H,0.3598080246937884,Bet365,0.0,1.96,Bet365,2.5,1.81,2.04,Bet365
2425,E0,2024-08-17,Newcastle,Southampton,1,0,H,0.7107925801011804,Bet365,-1.5,1.98,Bet365,2.5,1.4,3.01,Bet365
2425,E0,2024-08-17,Nottm Forest,Bournemouth,1,1,H,0.3921942987350829,Bet365,0.0,1.82,Bet365,2.5,1.77,2.08,Bet365
2425,F1,2024-08-17,Brest,Marseille,1,5,A,0.38794332984691454,Bet365,-0.0,1.7,Bet365,2.5,1.87,1.97,Bet365
2425,I1,2024-08-17,Genoa,Inter,2,2,A,0.6201634595489344,Bet365,-1.0,1.93,Bet365,2.5,1.88,1.96,Bet365
2425,SP1,2024-08-17,Osasuna,Leganes,1,1,H,0.508607033477664,Bet365,-0.5,1.91,Bet365,2.5,2.34,1.62,Bet365
2425,F1,2024-08-17,Monaco,St Etienne,1,0,H,0.6372765344260819,Bet365,-1.0,1.75,Bet365,2.5,1.58,2.42,Bet365
2425,F1,2024-08-18,Montpellier,Strasbourg,1,1,H,0.45766634522661526,Bet365,-0.5,2.09,Bet365,2.5,1.96,1.87,Bet365
2425,E0,2024-08-18,Chelsea,Man City,0,2,A,0.523737937054459,Bet365,-0.5,1.86,Bet365,2.5,1.5,2.59,Bet365
2425,I1,2024-08-18,Bologna,Udinese,1,1,H,0.4943219954957565,Bet365,-0.5,1.95,Bet365,2.5,2.34,1.61,Bet365
2425,SP1,2024-08-18,Sociedad,Vallecano,1,2,H,0.6006176652254478,Bet365,-1.0,2.1,Bet365,2.5,2.34,1.61,Bet365
2425,I1,2024-08-18,Cagliari,Roma,0,0,A,0.48206435170436446,Bet365,-0.5,1.99,Bet365,2.5,1.94,1.86,Bet365
2425,SP1,2024-08-18,Mallorca,Real Madrid,1,1,A,0.6496647749203035,Bet365,-1.0,1.75,Bet365,2.5,1.92,1.91,Bet365
2425,I1,2024-08-19,Lecce,Atalanta,0,4,A,0.5112953732636871,Bet365,-0.5,1.89,Bet365,2.5,1.93,1.9,Bet365
2425,I1,2024-08-19,Juventus,Como,3,0,H,0.7118232973287627,Bet365,-1.5,2.05,Bet365,2.5,1.83,2.0,Bet365
2425,E0,2024-08-19,Leicester,Tottenham,1,1,A,0.5888078186057644,Bet365,-1.0,2.07,Bet365,2.5,1.52,2.54,Bet365
2425,D1,2024-08-23,MGladbach,Leverkusen,2,3,A,0.604234199302055,Bet365,-1.0,1.92,Bet365,2.5,1.47,2.68,Bet365
2425,F1,2024-08-23,Paris SG,Montpellier,6,0,H,0.7766947661567055,Bet365,-2.0,2.04,Bet365,2.5,1.32,3.35,Bet365
2425,E0,2024-08-24,Brighton,Man United,2,1,H,0.38440676403475754,Bet365,0.0,1.86,Bet365,2.5,1.58,2.42,Bet365
2425,D1,2024-08-24,Freiburg,Stuttgart,3,1,A,0.46612914836944785,Bet365,-0.5,2.07,Bet365,2.5,1.7,2.18,Bet365
2425,D1,2024-08-24,Hoffenheim,Holstein Kiel,3,2,H,0.580966871844526,Bet365,-1.0,2.08,Bet365,2.5,1.53,2.49,Bet365
2425,D1,2024-08-24,Mainz,Union Berlin,1,1,H,0.4689476761698885,Bet365,-0.5,2.05,Bet365,2.5,2.23,1.68,Bet365
2425,E0,2024-08-24,Southampton,Nottm Forest,0,1,H,0.37326999208234357,Bet365,0.0,1.83,Bet365,2.5,1.97,1.87,Bet365
2425,F1,2024-08-24,Lyon,Monaco,0,2,H,0.3800808509151065,Bet365,0.0,1.93,Bet365,2.5,1.5,2.56,Bet365
2425,SP1,2024-08-24,Barcelona,Ath Bilbao,2,1,H,0.5823782906897826,Bet365,-1.0,2.08,Bet365,2.5,1.71,2.16,Bet365
2425,I1,2024-08-24,Monza,Genoa,0,1,H,0.3649518848129658,Bet365,0.0,1.84,Bet365,2.5,2.31,1.63,Bet365
2425,F1,2024-08-25,Nice,Toulouse,1,1,H,0.5146670107219536,Bet365,-0.5,1.87,Bet365,2.5,2.01,1.82,Bet365
2425,SP1,2024-08-25,Real Madrid,Valladolid,3,0,H,0.816919493448919,Bet365,-2.0,1.88,Bet365,2.5,1.39,2.96,Bet365
2425,I1,2024-08-25,Napoli,Bologna,3,0,H,0.4982806615359424,Bet365,-0.5,1.95,Bet365,2.5,1.99,1.84,Bet365
2425,I1,2024-08-25,Roma,Empoli,1,2,H,0.6346801346801347,Bet365,-1.0,1.85,Bet365,2.5,1.84,1.98,Bet365
2425,F1,2024-08-25,Marseille,Reims,2,2,H,0.615020336081808,Bet365,-1.0,1.9,Bet365,2.5,1.63,2.3,Bet365
2425,SP1,2024-08-25,Ath Madrid,Girona,3,0,H,0.5966496235694719,Bet365,-1.0,2.02,Bet365,2.5,1.63,2.31,Bet365
2425,SP1,2024-08-26,Villarreal,Celta,4,3,H,0.48457810718358035,Bet365,-0.5,2.0,Bet365,2.5,1.93,1.88,Bet365
2425,SP1,2024-08-28,Ath Madrid,Espanol,0,0,H,0.7377292961389605,Bet365,-1.5,1.95,Bet365,2.5,1.8,2.02,Bet365
2425,D1,2024-08-30,Union Berlin,St Pauli,1,0,H,0.4946196281413881,Bet365,-0.5,1.95,Bet365,2.5,1.99,1.86,Bet365
2425,I1,2024-08-30,Inter,Atalanta,4,0,H,0.6066426349017752,Bet365,-1.0,1.95,Bet365,2.5,1.62,2.34,Bet365
2425,F1,2024-08-30,Lyon,Strasbourg,4,3,H,0.5091137649277184,Bet365,-0.5,1.89,Bet365,2.5,1.72,2.15,Bet365
2425,E0,2024-08-31,Arsenal,Brighton,1,1,H,0.7117553932962332,Bet365,-1.5,2.01,Bet365,2.5,1.53,2.52,Bet365
2425,D1,2024-08-31,Bochum,MGladbach,0,2,A,0.3744103727915605,Bet365,-0.0,1.92,Bet365,2.5,1.6,2.38,Bet365
2425,D1,2024-08-31,Werder Bremen,Dortmund,0,0,A,0.5252993333764805,Bet365,-0.5,1.78,Bet365,2.5,1.44,2.77,Bet365
2425,E0,2024-08-31,Everton,Bournemouth,2,3,A,0.3712752669081082,Bet365,-0.0,1.89,Bet365,2.5,1.87,1.95,Bet365
2425,E0,2024-08-31,Nottm Forest,Wolves,1,1,H,0.4737519637708657,Bet365,-0.5,2.03,Bet365,2.5,1.83,2.02,Bet365
2425,E0,2024-08-31,West Ham,Man City,1,3,A,0.6975131792937812,Bet365,-1.5,2.04,Bet365,2.5,1.46,2.73,Bet365
2425,SP1,2024-08-31,Espanol,Vallecano,2,1,H,0.34526035355764373,Bet365,0.0,1.92,Bet365,2.5,2.66,1.49,Bet365
2425,F1,2024-08-31,Toulouse,Marseille,1,3,A,0.49813981213130265,Bet365,-0.5,1.91,Bet365,2.5,1.8,2.04,Bet365
2425,SP1,2024-08-31,Valencia,Villarreal,1,1,A,0.3848374515418242,Bet365,-0.0,1.85,Bet365,2.5,1.84,1.99,Bet365
2425,E0,2024-09-01,Chelsea,Crystal Palace,1,1,H,0.5896908429925393,Bet365,-1.0,2.04,Bet365,2.5,1.52,2.56,Bet365
2425,E0,2024-09-01,Newcastle,Tottenham,2,1,H,0.38274427100005654,Bet365,0.0,1.95,Bet365,2.5,1.38,3.07,Bet365
2425,F1,2024-09-01,Monaco,Lens,1,1,H,0.5121274609241185,Bet365,-0.5,1.87,Bet365,2.5,1.58,2.39,Bet365
2425,SP1,2024-09-01,Alaves,Las Palmas,2,0,H,0.4886985772392607,Bet365,-0.5,1.98,Bet365,2.5,2.34,1.62,Bet365
2425,F1,2024-09-01,Angers,Nice,1,4,A,0.48021290227194324,Bet365,-0.5,2.03,Bet365,2.5,2.29,1.64,Bet365
2425,F1,2024-09-01,Le Havre,Auxerre,3,1,A,0.36346616207480065,Bet365,-0.0,1.9,Bet365,2.5,2.15,1.72,Bet365
2425,E0,2024-09-01,Man United,Liverpool,0,3,A,0.5195427609209545,Bet365,-0.5,1.86,Bet365,2.5,1.43,2.84,Bet365
2425,I1,2024-09-01,Genoa,Verona,0,2,H,0.47137106945051355,Bet365,-0.5,2.03,Bet365,2.5,2.35,1.61,Bet365
2425,I1,2024-09-01,Udinese,Como,1,0,H,0.4626421862462831,Bet365,-0.5,2.07,Bet365,2.5,2.13,1.74,Bet365
2425,F1,2024-09-01,Lille,Paris SG,1,3,A,0.5090119914661958,Bet365,-0.5,1.87,Bet365,2.5,1.75,2.11,Bet365
2425,D1,2024-09-13,Dortmund,Heidenheim,4,2,H,0.6910117991958709,Bet365,-1.5,2.07,Bet365,2.5,1.5,2.62,Bet365
2425,SP1,2024-09-14,Mallorca,Villarreal,1,2,H,0.3832709014738143,Bet365,0.0,1.8,Bet365,2.5,2.11,1.75,Bet365
2425,I1,2024-09-14,Como,Bologna,2,2,A,0.38228951939321765,Bet365,-0.0,1.73,Bet365,2.5,2.24,1.67,Bet365
2425,D1,2024-09-14,Wolfsburg,Ein Frankfurt,1,2,A,0.37174914752596566,Bet365,-0.0,1.89,Bet365,2.5,1.73,2.09,Bet365
2425,E0,2024-09-14,Brighton,Ipswich,0,0,H,0.6933145326916593,Bet365,-1.5,2.03,Bet365,2.5,1.56,2.46,Bet365
2425,E0,2024-09-14,Crystal Palace,Leicester,2,2,H,0.5893815425976693,Bet365,-1.0,2.08,Bet365,2.5,1.76,2.1,Bet365
2425,E0,2024-09-14,Liverpool,Nottm Forest,0,1,H,0.7862073692735889,Bet365,-2.0,2.07,Bet365,2.5,1.41,2.91,Bet365
2425,E0,2024-09-14,Man City,Brentford,2,1,H,0.8184709700539154,Bet365,-2.0,1.92,Bet365,2.5,1.35,3.22,Bet365
2425,SP1,2024-09-14,Espanol,Alaves,3,2,H,0.35289193638180527,Bet365,0.0,1.89,Bet365,2.5,2.59,1.51,Bet365
2425,E0,2024-09-14,Aston Villa,Everton,3,2,H,0.6348303808106139,Bet365,-1.0,1.85,Bet365,2.5,1.67,2.23,Bet365
2425,D1,2024-09-14,Holstein Kiel,Bayern Munich,1,6,A,0.7835564868550348,Bet365,-2.0,1.93,Bet365,2.5,1.27,3.81,Bet365
2425,F1,2024-09-14,Auxerre,Monaco,0,3,A,0.506848901052773,Bet365,-0.5,1.88,Bet365,2.5,1.49,2.62,Bet365
2425,I1,2024-09-14,Milan,Venezia,4,0,H,0.7371562942852841,Bet365,-1.5,1.86,Bet365,2.5,1.53,2.5,Bet365
2425,E0,2024-09-14,Bournemouth,Chelsea,0,1,A,0.46875899798445153,Bet365,-0.5,2.05,Bet365,2.5,1.45,2.76,Bet365
2425,I1,2024-09-15,Torino,Lecce,0,0,H,0.5196128374936322,Bet365,-0.5,1.83,Bet365,2.5,2.37,1.6,Bet365
2425,F1,2024-09-15,Rennes,Montpellier,3,0,H,0.5851507306156478,Bet365,-1.0,2.06,Bet365,2.5,1.64,2.3,Bet365
2425,SP1,2024-09-15,Girona,Barcelona,1,4,A,0.5214316059840508,Bet365,-0.5,1.78,Bet365,2.5,1.52,2.53,Bet365
2425,F1,2024-09-15,Toulouse,Le Havre,2,0,H,0.5229023889727804,Bet365,-0.5,1.85,Bet365,2.5,2.0,1.84,Bet365
2425,D1,2024-09-15,Mainz,Werder Bremen,1,2,H,0.46974697469746984,Bet365,-0.5,2.05,Bet365,2.5,1.75,2.09,Bet365
2425,I1,2024-09-15,Cagliari,Napoli,0,4,A,0.5230296198925791,Bet365,-0.5,1.83,Bet365,2.5,1.86,1.97,Bet365
2425,SP1,2024-09-15,Las Palmas,Ath Bilbao,2,3,A,0.46913242535057154,Bet365,-0.5,2.03,Bet365,2.5,2.1,1.76,Bet365
2425,F1,2024-09-15,Lens,Lyon,0,0,H,0.5158768541767422,Bet365,-0.5,1.86,Bet365,2.5,1.7,2.18,Bet365
2425,SP1,2024-09-15,Ath Madrid,Valencia,3,0,H,0.7100159688107804,Bet365,-1.5,2.08,Bet365,2.5,1.89,1.94,Bet365
2425,SP1,2024-09-17,Mallorca,Sociedad,1,0,H,0.33246380908154816,Bet365,0.0,1.92,Bet365,2.5,3.04,1.38,Bet365
2425,SP1,2024-09-18,Betis,Getafe,2,1,H,0.48318952692650996,Bet365,-0.5,1.98,Bet365,2.5,2.89,1.42,Bet365
2425,I1,2024-09-20,Verona,Torino,2,3,H,0.34291811748848705,Bet365,0.0,1.94,Bet365,2.5,2.57,1.52,Bet365
2425,F1,2024-09-20,Nice,St Etienne,8,0,H,0.6221646143875567,Bet365,-1.0,1.93,Bet365,2.5,1.9,1.94,Bet365
2425,E0,2024-09-21,West Ham,Chelsea,0,3,A,0.47786511040165575,Bet365,-0.5,2.0,Bet365,2.5,1.52,2.54,Bet365
2425,D1,2024-09-21,Bochum,Holstein Kiel,2,2,H,0.48335457881133315,Bet365,-0.5,2.02,Bet365,2.5,1.61,2.36,Bet365
2425,D1,2024-09-21,Heidenheim,Freiburg,0,3,A,0.3702660382257823,Bet365,-0.0,1.91,Bet365,2.5,1.72,2.15,Bet365
2425,D1,2024-09-21,Union Berlin,Hoffenheim,2,1,H,0.47199432506215927,Bet365,-0.5,2.06,Bet365,2.5,1.74,2.13,Bet365
2425,D1,2024-09-21,Werder Bremen,Bayern Munich,0,5,A,0.7042869698464714,Bet365,-1.5,1.99,Bet365,2.5,1.36,3.11,Bet365
2425,E0,2024-09-21,Aston Villa,Wolves,3,1,H,0.6026336113883678,Bet365,-1.0,2.0,Bet365,2.5,1.58,2.41,Bet365
2425,E0,2024-09-21,Leicester,Everton,1,1,H,0.38078191238813,Bet365,0.0,1.81,Bet365,2.5,1.86,1.98,Bet365
2425,E0,2024-09-21,Tottenham,Brentford,3,1,H,0.6192348078289486,Bet365,-1.0,1.89,Bet365,2.5,1.42,2.81,Bet365
2425,SP1,2024-09-21,Osasuna,Las Palmas,2,1,H,0.49961091582365097,Bet365,-0.5,1.92,Bet365,2.5,2.21,1.69,Bet365
2425,SP1,2024-09-21,Valencia,Girona,2,0,A,0.3820051373308765,Bet365,-0.0,1.82,Bet365,2.5,2.03,1.81,Bet365
2425,SP1,2024-09-22,Getafe,Leganes,1,1,H,0.46694606748447487,Bet365,-0.5,2.06,Bet365,2.5,3.24,1.34,Bet365
2425,F1,2024-09-22,Monaco,Le Havre,3,1,H,0.6951584974331403,Bet365,-1.5,2.07,Bet365,2.5,1.59,2.38,Bet365
2425,D1,2024-09-22,Leverkusen,Wolfsburg,4,3,H,0.7336376234992285,Bet365,-1.5,1.88,Bet365,2.5,1.46,2.69,Bet365
2425,SP1,2024-09-22,Villarreal,Barcelona,1,5,A,0.5109306683322923,Bet365,-0.5,1.89,Bet365,2.5,1.4,2.94,Bet365
2425,D1,2024-09-22,St Pauli,RB Leipzig,0,0,A,0.5827098142769607,Bet365,-1.0,2.1,Bet365,2.5,1.66,2.23,Bet365
2425,SP1,2024-09-23,Betis,Mallorca,1,2,H,0.5065740002278684,Bet365,-0.5,1.89,Bet365,2.5,2.51,1.53,Bet365
2425,SP1,2024-09-24,Valencia,Osasuna,0,0,H,0.4612478534630795,Bet365,-0.5,2.11,Bet365,2.5,2.63,1.5,Bet365
2425,SP1,2024-09-24,Real Madrid,Alaves,3,2,H,0.809165973033748,Bet365,-2.0,2.05,Bet365,2.5,1.48,2.63,Bet365
2425,SP1,2024-09-26,Celta,Ath Madrid,0,1,A,0.4934445933437411,Bet365,-0.5,1.95,Bet365,2.5,1.73,2.14,Bet365
2425,F1,2024-09-27,Auxerre,Brest,3,0,A,0.37306912216471816,Bet365,-0.0,1.87,Bet365,2.5,1.89,1.94,Bet365
2425,I1,2024-09-27,Milan,Lecce,3,0,H,0.7210903584048459,Bet365,-1.5,1.95,Bet365,2.5,1.52,2.52,Bet365
2425,SP1,2024-09-27,Valladolid,Mallorca,1,2,A,0.35265646195708883,Bet365,-0.0,1.84,Bet365,2.5,2.9,1.41,Bet365
2425,E0,2024-09-28,Newcastle,Man City,1,1,A,0.5964859387739586,Bet365,-1.0,2.01,Bet365,2.5,1.49,2.64,Bet365
2425,I1,2024-09-28,Udinese,Inter,2,3,A,0.6410415574130163,Bet365,-1.0,1.81,Bet365,2.5,1.76,2.1,Bet365
2425,E0,2024-09-28,Arsenal,Leicester,4,2,H,0.8137110515898687,Bet365,-2.0,1.98,Bet365,2.5,1.49,2.55,Bet365
2425,E0,2024-09-28,Everton,Crystal Palace,2,1,A,0.3650726026910925,Bet365,-0.0,1.92,Bet365,2.5,1.87,1.97,Bet365
2425,SP1,2024-09-28,Vallecano,Leganes,1,1,H,0.49435329073650447,Bet365,-0.5,1.92,Bet365,2.5,2.84,1.42,Bet365
2425,F1,2024-09-28,Lens,Nice,0,0,H,0.46614001634432034,Bet365,-0.5,2.07,Bet365,2.5,2.09,1.76,Bet365
2425,SP1,2024-09-28,Sociedad,Valencia,3,0,H,0.5015128068919324,Bet365,-0.5,1.91,Bet365,2.5,2.68,1.48,Bet365
2425,D1,2024-09-28,Bayern Munich,Leverkusen,1,1,H,0.5548641775069246,Bet365,-2.5,4.5,Bet365,2.5,1.31,3.42,Bet365
2425,E0,2024-09-28,Wolves,Liverpool,1,2,A,0.7087447947650208,Bet365,-1.5,1.97,Bet365,2.5,1.45,2.77,Bet365
2425,F1,2024-09-28,Monaco,Montpellier,2,1,H,0.712895158187392,Bet365,-1.5,1.98,Bet365,2.5,1.44,2.79,Bet365
2425,I1,2024-09-29,Torino,Lazio,2,3,A,0.3712788360294821,Bet365,-0.0,1.84,Bet365,2.5,2.22,1.68,Bet365
2425,F1,2024-09-29,Toulouse,Lyon,1,2,H,0.3870533870809163,Bet365,0.0,1.83,Bet365,2.5,1.81,1.99,Bet365
2425,E0,2024-09-29,Ipswich,Aston Villa,2,2,A,0.5137099872274337,Bet365,-0.5,1.89,Bet365,2.5,1.73,2.14,Bet365
2425,F1,2024-09-29,Strasbourg,Marseille,1,0,A,0.47558168171062076,Bet365,-0.5,2.04,Bet365,2.5,1.58,2.35,Bet365
2425,SP1,2024-09-29,Ath Madrid,Real Madrid,1,1,A,0.3793937668991034,Bet365,-0.0,1.85,Bet365,2.5,1.79,2.06,Bet365
2425,D1,2024-10-04,Augsburg,MGladbach,2,1,H,0.3950014363688595,Bet365,0.0,1.82,Bet365,2.5,1.5,2.59,Bet365
2425,SP1,2024-10-04,Leganes,Valencia,0,0,A,0.33934201342927967,Bet365,-0.0,1.88,Bet365,2.5,3.01,1.39,Bet365
2425,E0,2024-10-05,Crystal Palace,Liverpool,0,1,A,0.6432080802281047,Bet365,-1.0,1.75,Bet365,2.5,1.59,2.4,Bet365
2425,D1,2024-10-05,Werder Bremen,Freiburg,0,1,H,0.3677811550151976,Bet365,0.0,1.95,Bet365,2.5,1.67,2.24,Bet365
2425,F1,2024-10-05,St Etienne,Auxerre,3,1,A,0.3727332589417735,Bet365,-0.0,1.89,Bet365,2.5,1.89,1.94,Bet365
2425,I1,2024-10-05,Inter,Torino,3,2,H,0.7259967287408914,Bet365,-1.5,1.95,Bet365,2.5,1.69,2.21,Bet365
2425,F1,2024-10-05,Rennes,Monaco,1,2,A,0.38301593470656825,Bet365,-0.0,1.88,Bet365,2.5,1.63,2.31,Bet365
2425,I1,2024-10-06,Bologna,Parma,0,0,H,0.5199332080985181,Bet365,-0.5,1.85,Bet365,2.5,1.84,2.0,Bet365
2425,I1,2024-10-06,Lazio,Empoli,2,1,H,0.606021856525973,Bet365,-1.0,2.04,Bet365,2.5,2.0,1.84,Bet365
2425,SP1,2024-10-06,Alaves,Barcelona,0,3,A,0.6089122612787158,Bet365,-1.0,1.97,Bet365,2.5,1.64,2.29,Bet365
2425,F1,2024-10-06,Brest,Le Havre,2,0,H,0.5197047037034646,Bet365,-0.5,1.83,Bet365,2.5,2.15,1.72,Bet365
2425,F1,2024-10-06,Reims,Montpellier,4,2,H,0.525270144756813,Bet365,-0.5,1.78,Bet365,2.5,1.64,2.29,Bet365
2425,D1,2024-10-06,Ein Frankfurt,Bayern Munich,3,3,A,0.6292220283630833,Bet365,-1.0,1.83,Bet365,2.5,1.35,3.13,Bet365
2425,I1,2024-10-06,Monza,Roma,1,1,A,0.4885032672744407,Bet365,-0.5,1.91,Bet365,2.5,2.16,1.71,Bet365
2425,SP1,2024-10-06,Sevilla,Betis,1,0,H,0.37971824927411546,Bet365,0.0,1.7,Bet365,2.5,2.16,1.71,Bet365
2425,D1,2024-10-18,Dortmund,St Pauli,2,1,H,0.7337667017397196,Bet365,-1.5,1.87,Bet365,2.5,1.49,2.61,Bet365
2425,F1,2024-10-18,Monaco,Lille,0,0,H,0.49594328502847085,Bet365,-0.5,1.95,Bet365,2.5,1.7,2.18,Bet365
2425,I1,2024-10-19,Como,Parma,1,1,H,0.47913717941459555,Bet365,-0.5,1.94,Bet365,2.5,1.65,2.27,Bet365
2425,D1,2024-10-19,Mainz,RB Leipzig,0,2,A,0.5111930436621207,Bet365,-0.5,1.82,Bet365,2.5,1.66,2.26,Bet365
2425,D1,2024-10-19,MGladbach,Heidenheim,3,2,H,0.5191374750539482,Bet365,-0.5,1.86,Bet365,2.5,1.64,2.29,Bet365
2425,E0,2024-10-19,Newcastle,Brighton,0,1,H,0.47831080297969636,Bet365,-0.5,2.01,Bet365,2.5,1.51,2.56,Bet365
2425,SP1,2024-10-19,Osasuna,Betis,1,2,H,0.3712670546703558,Bet365,0.0,1.78,Bet365,2.5,2.14,1.73,Bet365
2425,F1,2024-10-19,Brest,Rennes,1,1,A,0.37944142715401996,Bet365,-0.0,1.82,Bet365,2.5,1.99,1.81,Bet365
2425,SP1,2024-10-19,Girona,Sociedad,0,1,H,0.3817415719213208,Bet365,0.0,1.75,Bet365,2.5,2.23,1.67,Bet365
2425,D1,2024-10-19,Bayern Munich,Stuttgart,4,0,H,0.7095754110535268,Bet365,-1.5,1.91,Bet365,2.5,1.31,3.42,Bet365
2425,I1,2024-10-19,Juventus,Lazio,1,0,H,0.4673683606951,Bet365,-0.5,2.06,Bet365,2.5,2.22,1.68,Bet365
2425,SP1,2024-10-19,Celta,Real Madrid,1,2,A,0.5967751603428639,Bet365,-1.0,2.04,Bet365,2.5,1.62,2.33,Bet365
2425,SP1,2024-10-20,Mallorca,Vallecano,1,0,H,0.4548049062111936,Bet365,-0.5,2.04,Bet365,2.5,2.79,1.44,Bet365
2425,F1,2024-10-20,Le Havre,Lyon,0,4,A,0.4790277817515951,Bet365,-0.5,2.03,Bet365,2.5,1.77,2.08,Bet365
2425,E0,2024-10-20,Wolves,Man City,1,2,A,0.7291530690876322,Bet365,-1.5,1.88,Bet365,2.5,1.45,2.75,Bet365
2425,F1,2024-10-20,Auxerre,Reims,2,1,A,0.3687101101188239,Bet365,-0.0,1.91,Bet365,2.5,1.74,2.12,Bet365
2425,F1,2024-10-20,Toulouse,Angers,1,1,H,0.6015951433849424,Bet365,-1.0,2.06,Bet365,2.5,2.06,1.78,Bet365
2425,E0,2024-10-20,Liverpool,Chelsea,2,1,H,0.5866369710467706,Bet365,-1.0,2.03,Bet365,2.5,1.4,2.93,Bet365
2425,D1,2024-10-20,Wolfsburg,Werder Bremen,2,4,H,0.46139976692539414,Bet365,-0.5,2.05,Bet365,2.5,1.7,2.18,Bet365
2425,I1,2024-10-20,Cagliari,Torino,3,2,A,0.35921400822025784,Bet365,-0.0,1.91,Bet365,2.5,2.12,1.74,Bet365
2425,I1,2024-10-20,Roma,Inter,0,1,A,0.5215686274509804,Bet365,-0.5,1.84,Bet365,2.5,1.74,2.1,Bet365
2425,SP1,2024-10-20,Barcelona,Sevilla,5,1,H,0.7290337127116234,Bet365,-1.5,1.86,Bet365,2.5,1.43,2.72,Bet365
2425,F1,2024-10-25,Rennes,Le Havre,1,0,H,0.6439399134317875,Bet365,-1.0,1.83,Bet365,2.5,1.92,1.91,Bet365
2425,I1,2024-10-25,Torino,Como,1,0,H,0.35554407506637986,Bet365,0.0,1.88,Bet365,2.5,2.25,1.67,Bet365
2425,SP1,2024-10-26,Valladolid,Villarreal,1,2,A,0.4742775949104981,Bet365,-0.5,2.04,Bet365,2.5,1.72,2.16,Bet365
2425,I1,2024-10-26,Napoli,Lecce,1,0,H,0.7416626565758199,Bet365,-1.5,1.88,Bet365,2.5,1.74,2.12,Bet365
2425,D1,2024-10-26,Augsburg,Dortmund,2,1,A,0.5014070546222338,Bet365,-0.5,1.91,Bet365,2.5,1.52,2.55,Bet365
2425,D1,2024-10-26,St Pauli,Wolfsburg,0,0,H,0.36653991193049307,Bet365,0.0,1.92,Bet365,2.5,1.83,2.01,Bet365
2425,D1,2024-10-26,Stuttgart,Holstein Kiel,2,1,H,0.7784538456713235,Bet365,-2.0,2.02,Bet365,2.5,1.3,3.48,Bet365
2425,E0,2024-10-26,Aston Villa,Bournemouth,1,1,H,0.5162548764629389,Bet365,-0.5,1.86,Bet365,2.5,1.6,2.39,Bet365
2425,E0,2024-10-26,Brighton,Wolves,2,2,H,0.5842440701723647,Bet365,-1.0,2.03,Bet365,2.5,1.56,2.43,Bet365
2425,E0,2024-10-26,Man City,Southampton,1,0,H,0.8663865754977692,Bet365,-2.5,1.92,Bet365,2.5,1.27,3.73,Bet365
2425,E0,2024-10-26,Everton,Fulham,1,1,A,0.36852198167929245,Bet365,-0.0,1.83,Bet365,2.5,1.89,1.95,Bet365
2425,SP1,2024-10-26,Las Palmas,Girona,1,0,A,0.3852575802178393,Bet365,-0.0,1.81,Bet365,2.5,1.96,1.87,Bet365
2425,SP1,2024-10-26,Real Madrid,Barcelona,0,4,H,0.47058573613550103,Bet365,-0.5,2.04,Bet365,2.5,1.41,2.92,Bet365
2425,E0,2024-10-27,Crystal Palace,Tottenham,1,0,A,0.5176010430247717,Bet365,-0.5,1.86,Bet365,2.5,1.59,2.4,Bet365
2425,I1,2024-10-27,Lazio,Genoa,3,0,H,0.6243650224027762,Bet365,-1.0,1.9,Bet365,2.5,1.84,2.0,Bet365
2425,F1,2024-10-27,Strasbourg,Nantes,3,1,H,0.5076214585802004,Bet365,-0.5,1.87,Bet365,2.5,1.88,1.94,Bet365
2425,D1,2024-10-27,Union Berlin,Ein Frankfurt,1,1,H,0.37032082367836405,Bet365,0.0,1.87,Bet365,2.5,1.9,1.9,Bet365
2425,E0,2024-10-27,Arsenal,Liverpool,2,2,H,0.3845467431603801,Bet365,0.0,1.82,Bet365,2.5,1.89,1.94,Bet365
2425,F1,2024-10-27,Marseille,Paris SG,0,3,A,0.4947766277867495,Bet365,-0.5,1.95,Bet365,2.5,1.51,2.54,Bet365
2425,I1,2024-10-27,Fiorentina,Roma,5,1,H,0.3702810087987804,Bet365,0.0,1.85,Bet365,2.5,2.04,1.8,Bet365
2425,SP1,2024-10-28,Mallorca,Ath Bilbao,0,0,A,0.3615451810152383,Bet365,-0.0,1.84,Bet365,2.5,2.57,1.52,Bet365
2425,I1,2024-10-29,Milan,Napoli,0,2,H,0.3819658116290888,Bet365,0.0,1.83,Bet365,2.5,1.91,1.93,Bet365
2425,I1,2024-10-30,Venezia,Udinese,3,2,A,0.35117032769175366,Bet365,-0.0,1.95,Bet365,2.5,2.17,1.71,Bet365
2425,I1,2024-10-30,Atalanta,Monza,2,0,H,0.7294815853897044,Bet365,-1.5,1.92,Bet365,2.5,1.61,2.35,Bet365
2425,I1,2024-10-31,Como,Lazio,1,5,A,0.384957792156177,Bet365,-0.0,1.8,Bet365,2.5,1.98,1.86,Bet365
2425,F1,2024-11-01,Monaco,Angers,0,1,H,0.7909377204908018,Bet365,-2.0,2.05,Bet365,2.5,1.42,2.86,Bet365
2425,D1,2024-11-01,Leverkusen,Stuttgart,0,0,H,0.6145051804215791,Bet365,-1.0,1.88,Bet365,2.5,1.36,3.15,Bet365
2425,E0,2024-11-02,Newcastle,Arsenal,1,0,A,0.48501678747372046,Bet365,-0.5,1.98,Bet365,2.5,1.82,2.02,Bet365
2425,D1,2024-11-02,Bayern Munich,Union Berlin,3,0,H,0.8177461889110003,Bet365,-2.0,1.87,Bet365,2.5,1.42,2.84,Bet365
2425,D1,2024-11-02,Ein Frankfurt,Bochum,7,2,H,0.7188024206391337,Bet365,-1.5,1.9,Bet365,2.5,1.38,3.05,Bet365
2425,D1,2024-11-02,Hoffenheim,St Pauli,0,2,H,0.5094581682357894,Bet365,-0.5,1.9,Bet365,2.5,1.62,2.34,Bet365
2425,D1,2024-11-02,Holstein Kiel,Heidenheim,1,0,A,0.3818485562688481,Bet365,-0.0,1.86,Bet365,2.5,1.76,2.11,Bet365
2425,D1,2024-11-02,Wolfsburg,Augsburg,1,1,H,0.4775071962138203,Bet365,-0.5,2.03,Bet365,2.5,1.64,2.31,Bet365
2425,E0,2024-11-02,Bournemouth,Man City,2,1,A,0.6035074809909247,Bet365,-1.0,1.99,Bet365,2.5,1.57,2.42,Bet365
2425,E0,2024-11-02,Liverpool,Brighton,2,1,H,0.6884055376109205,Bet365,-1.5,2.04,Bet365,2.5,1.39,2.99,Bet365
2425,E0,2024-11-02,Southampton,Everton,1,0,H,0.36261644168318463,Bet365,0.0,1.95,Bet365,2.5,1.83,2.02,Bet365
2425,I1,2024-11-02,Udinese,Juventus,0,2,A,0.4758855628804846,Bet365,-0.5,2.02,Bet365,2.5,2.35,1.61,Bet365
2425,E0,2024-11-02,Wolves,Crystal Palace,2,2,H,0.3799627487501226,Bet365,0.0,1.82,Bet365,2.5,1.89,1.95,Bet365
2425,F1,2024-11-02,Brest,Nice,0,1,H,0.3575755377416664,Bet365,0.0,1.89,Bet365,2.5,2.18,1.7,Bet365
2425,F1,2024-11-02,St Etienne,Strasbourg,2,0,A,0.4820747384369616,Bet365,-0.5,1.98,Bet365,2.5,1.65,2.27,Bet365
2425,SP1,2024-11-03,Ath Madrid,Las Palmas,2,0,H,0.7524786035081773,Bet365,-1.5,1.84,Bet365,2.5,1.63,2.27,Bet365
2425,E0,2024-11-03,Tottenham,Aston Villa,4,1,H,0.49557367321669277,Bet365,-0.5,1.95,Bet365,2.5,1.44,2.78,Bet365
2425,SP1,2024-11-03,Barcelona,Espanol,3,1,H,0.8572509619039838,Bet365,-2.5,1.87,Bet365,2.5,1.19,4.44,Bet365
2425,E0,2024-11-03,Man United,Chelsea,1,1,A,0.37460244295920725,Bet365,-0.0,1.95,Bet365,2.5,1.44,2.79,Bet365
2425,I1,2024-11-03,Verona,Roma,3,2,A,0.5271166489621314,Bet365,-0.5,1.78,Bet365,2.5,1.98,1.85,Bet365
2425,SP1,2024-11-03,Sevilla,Sociedad,0,2,A,0.36185564514176416,Bet365,-0.0,1.84,Bet365,2.5,2.48,1.53,Bet365
2425,F1,2024-11-03,Nantes,Marseille,1,2,A,0.4742807323452484,Bet365,-0.5,2.03,Bet365,2.5,1.93,1.9,Bet365
2425,I1,2024-11-03,Inter,Venezia,1,0,H,0.8201284289645785,Bet365,-2.0,1.84,Bet365,2.5,1.4,2.89,Bet365
2425,SP1,2024-11-03,Ath Bilbao,Betis,1,1,H,0.4942393409681775,Bet365,-0.5,1.95,Bet365,2.5,2.11,1.75,Bet365
2425,I1,2024-11-04,Empoli,Como,1,0,A,0.3504517048214228,Bet365,-0.0,1.95,Bet365,2.5,2.26,1.65,Bet365
2425,I1,2024-11-04,Parma,Genoa,0,1,H,0.5074622844827587,Bet365,-0.5,1.9,Bet365,2.5,1.82,2.01,Bet365
2425,I1,2024-11-04,Lazio,Cagliari,2,1,H,0.6300574228515248,Bet365,-1.0,1.88,Bet365,2.5,1.81,2.01,Bet365
2425,E0,2024-11-04,Fulham,Brentford,2,1,H,0.47148895217096215,Bet365,-0.5,2.04,Bet365,2.5,1.67,2.23,Bet365
2425,SP1,2024-11-04,Celta,Getafe,1,0,H,0.48805970149253736,Bet365,-0.5,1.99,Bet365,2.5,2.46,1.55,Bet365
2425,I1,2024-11-07,Genoa,Como,1,1,A,0.38378899967835317,Bet365,-0.0,1.8,Bet365,2.5,2.24,1.67,Bet365
2425,SP1,2024-11-08,Vallecano,Las Palmas,1,3,H,0.5101037114343486,Bet365,-0.5,1.88,Bet365,2.5,2.26,1.66,Bet365
2425,SP1,2024-11-09,Real Madrid,Osasuna,4,0,H,0.8012061228359939,Bet365,-2.0,1.95,Bet365,2.5,1.46,2.68,Bet365
2425,I1,2024-11-09,Venezia,Parma,1,2,H,0.3735155405432161,Bet365,0.0,1.87,Bet365,2.5,1.69,2.2,Bet365
2425,D1,2024-11-09,Mainz,Dortmund,3,1,A,0.46594460687589123,Bet365,-0.5,2.06,Bet365,2.5,1.59,2.4,Bet365
2425,D1,2024-11-09,Werder Bremen,Holstein Kiel,2,1,H,0.583412684870735,Bet365,-1.0,2.06,Bet365,2.5,1.52,2.55,Bet365
2425,E0,2024-11-09,Brentford,Bournemouth,3,2,H,0.37952357447403917,Bet365,0.0,1.89,Bet365,2.5,1.6,2.39,Bet365
2425,E0,2024-11-09,Crystal Palace,Fulham,0,2,A,0.3680981595092025,Bet365,-0.0,1.91,Bet365,2.5,1.93,1.91,Bet365
2425,E0,2024-11-09,Wolves,Southampton,2,0,H,0.4891227388207855,Bet365,-0.5,1.98,Bet365,2.5,1.66,2.26,Bet365
2425,SP1,2024-11-09,Villarreal,Alaves,3,0,H,0.5871929508209958,Bet365,-1.0,2.05,Bet365,2.5,1.73,2.12,Bet365
2425,F1,2024-11-09,Strasbourg,Monaco,1,3,A,0.47098121085594996,Bet365,-0.5,2.04,Bet365,2.5,1.56,2.41,Bet365
2425,I1,2024-11-09,Cagliari,Milan,3,3,A,0.5909849749582637,Bet365,-1.0,2.04,Bet365,2.5,1.68,2.2,Bet365
2425,D1,2024-11-09,RB Leipzig,MGladbach,0,0,H,0.6026284163597596,Bet365,-1.0,1.95,Bet365,2.5,1.41,2.92,Bet365
2425,F1,2024-11-09,Lens,Nantes,3,2,H,0.5940452421628966,Bet365,-1.0,2.09,Bet365,2.5,2.02,1.82,Bet365
2425,I1,2024-11-09,Juventus,Torino,2,0,H,0.6063374675069302,Bet365,-1.0,2.04,Bet365,2.5,2.24,1.67,Bet365
2425,SP1,2024-11-09,Leganes,Sevilla,1,0,A,0.3596811850897674,Bet365,-0.0,1.85,Bet365,2.5,2.51,1.54,Bet365
2425,SP1,2024-11-10,Betis,Celta,2,2,H,0.4772186027218959,Bet365,-0.5,2.02,Bet365,2.5,1.84,1.99,Bet365
2425,E0,2024-11-10,Man United,Leicester,3,0,H,0.6914959050122235,Bet365,-1.5,2.04,Bet365,2.5,1.46,2.72,Bet365
2425,E0,2024-11-10,Nottm Forest,Newcastle,1,3,H,0.3569313230705799,Bet365,0.0,1.95,Bet365,2.5,1.94,1.9,Bet365
2425,F1,2024-11-10,Nice,Lille,2,2,H,0.37850519673942634,Bet365,0.0,1.8,Bet365,2.5,2.09,1.76,Bet365
2425,D1,2024-11-10,Stuttgart,Ein Frankfurt,2,3,H,0.5009869572159993,Bet365,-0.5,1.92,Bet365,2.5,1.45,2.72,Bet365
2425,E0,2024-11-10,Chelsea,Arsenal,1,1,A,0.37808207305975655,Bet365,-0.0,1.88,Bet365,2.5,1.71,2.17,Bet365
2425,I1,2024-11-10,Monza,Lazio,0,1,A,0.5147657051609859,Bet365,-0.5,1.87,Bet365,2.5,2.14,1.72,Bet365
2425,SP1,2024-11-10,Valladolid,Ath Bilbao,1,1,A,0.5103115705011018,Bet365,-0.5,1.89,Bet365,2.5,2.22,1.68,Bet365
2425,D1,2024-11-10,Heidenheim,Wolfsburg,1,3,A,0.37589897209048156,Bet365,-0.0,1.85,Bet365,2.5,1.92,1.91,Bet365
2425,F1,2024-11-10,Lyon,St Etienne,1,0,H,0.7058372274842452,Bet365,-1.5,1.93,Bet365,2.5,1.4,2.9,Bet365
2425,I1,2024-11-10,Inter,Napoli,1,1,H,0.507335532306696,Bet365,-0.5,1.83,Bet365,2.5,1.87,1.96,Bet365
2425,F1,2024-11-22,Monaco,Brest,3,2,H,0.6296032636968486,Bet365,-1.0,1.87,Bet365,2.5,1.75,2.12,Bet365
2425,D1,2024-11-22,Bayern Munich,Augsburg,3,0,H,0.8568656882533247,Bet365,-2.5,2.0,Bet365,2.5,1.28,3.67,Bet365
2425,F1,2024-11-22,Paris SG,Toulouse,3,0,H,0.7021377578262503,Bet365,-1.5,2.03,Bet365,2.5,1.48,2.63,Bet365
2425,SP1,2024-11-23,Valencia,Betis,4,2,A,0.3642988563801003,Bet365,-0.0,1.84,Bet365,2.5,2.48,1.55,Bet365
2425,I1,2024-11-23,Verona,Inter,0,5,A,0.6943683747814752,Bet365,-1.5,2.03,Bet365,2.5,1.59,2.39,Bet365
2425,D1,2024-11-23,Leverkusen,Heidenheim,5,2,H,0.8049859418931583,Bet365,-2.0,1.92,Bet365,2.5,1.41,2.92,Bet365
2425,E0,2024-11-23,Aston Villa,Crystal Palace,2,2,H,0.5897352187729548,Bet365,-1.0,2.07,Bet365,2.5,1.75,2.11,Bet365
2425,SP1,2024-11-23,Las Palmas,Mallorca,2,3,A,0.3516064386838192,Bet365,-0.0,1.9,Bet365,2.5,2.58,1.52,Bet365
2425,I1,2024-11-23,Parma,Atalanta,1,3,A,0.5829584662950634,Bet365,-1.0,2.07,Bet365,2.5,1.54,2.46,Bet365
2425,SP1,2024-11-23,Celta,Barcelona,2,2,A,0.5744633968575029,Bet365,-1.0,2.03,Bet365,2.5,1.46,2.71,Bet365
2425,I1,2024-11-24,Genoa,Cagliari,2,2,H,0.3641621736293735,Bet365,0.0,1.85,Bet365,2.5,2.2,1.69,Bet365
2425,SP1,2024-11-24,Osasuna,Villarreal,2,2,H,0.3690058827024779,Bet365,0.0,1.88,Bet365,2.5,1.81,2.02,Bet365
2425,F1,2024-11-24,Lille,Rennes,1,0,H,0.49329035264334725,Bet365,-0.5,1.95,Bet365,2.5,1.88,1.94,Bet365
2425,I1,2024-11-24,Torino,Monza,1,1,H,0.46319075111629365,Bet365,-0.5,2.07,Bet365,2.5,2.71,1.46,Bet365
2425,F1,2024-11-24,Nantes,Le Havre,0,2,H,0.501876937052474,Bet365,-0.5,1.9,Bet365,2.5,2.35,1.6,Bet365
2425,E0,2024-11-24,Ipswich,Man United,1,1,A,0.5853463305518701,Bet365,-1.0,2.07,Bet365,2.5,1.56,2.44,Bet365
2425,I1,2024-11-24,Lazio,Bologna,3,0,H,0.500610747130498,Bet365,-0.5,1.92,Bet365,2.5,2.12,1.74,Bet365
2425,I1,2024-11-25,Empoli,Udinese,1,1,H,0.33450019764698213,Bet365,0.0,1.95,Bet365,2.5,2.74,1.45,Bet365
2425,E0,2024-11-25,Newcastle,West Ham,0,2,H,0.6370345928255409,Bet365,-1.0,1.75,Bet365,2.5,1.55,2.45,Bet365
2425,I1,2024-11-29,Cagliari,Verona,1,0,H,0.48816013983103745,Bet365,-0.5,1.99,Bet365,2.5,1.89,1.93,Bet365
2425,E0,2024-11-29,Brighton,Southampton,1,1,H,0.6913814922816885,Bet365,-1.5,2.02,Bet365,2.5,1.43,2.84,Bet365
2425,SP1,2024-11-29,Mallorca,Valencia,2,1,H,0.4693274811821892,Bet365,-0.5,2.07,Bet365,2.5,3.03,1.38,Bet365
2425,I1,2024-11-30,Como,Monza,1,1,H,0.4641782189679623,Bet365,-0.5,2.08,Bet365,2.5,2.18,1.7,Bet365
2425,D1,2024-11-30,Freiburg,MGladbach,3,1,H,0.47836901483521366,Bet365,-0.5,2.02,Bet365,2.5,1.68,2.23,Bet365
2425,E0,2024-11-30,Wolves,Bournemouth,2,4,A,0.3930465847052761,Bet365,-0.0,1.81,Bet365,2.5,1.65,2.27,Bet365
2425,SP1,2024-11-30,Alaves,Leganes,1,1,H,0.5229485010676946,Bet365,-0.5,1.84,Bet365,2.5,2.73,1.46,Bet365
2425,F1,2024-11-30,Rennes,St Etienne,5,0,H,0.6448030719734316,Bet365,-1.0,1.75,Bet365,2.5,1.76,2.09,Bet365
2425,F1,2024-11-30,Paris SG,Nantes,1,1,H,0.7870985904679032,Bet365,-2.0,2.03,Bet365,2.5,1.41,2.89,Bet365
2425,SP1,2024-11-30,Valladolid,Ath Madrid,0,5,A,0.6135956043641976,Bet365,-1.0,1.97,Bet365,2.5,2.03,1.81,Bet365
2425,I1,2024-12-01,Udinese,Genoa,0,2,H,0.47300461105797376,Bet365,-0.5,2.04,Bet365,2.5,2.22,1.67,Bet365
2425,SP1,2024-12-01,Villarreal,Girona,2,2,H,0.5129849310676499,Bet365,-0.5,1.88,Bet365,2.5,1.66,2.21,Bet365
2425,E0,2024-12-01,Man United,Everton,4,0,H,0.6215242529120965,Bet365,-1.0,1.93,Bet365,2.5,1.75,2.11,Bet365
2425,F1,2024-12-01,Lyon,Nice,4,1,H,0.4907689770250874,Bet365,-0.5,1.95,Bet365,2.5,1.65,2.21,Bet365
2425,D1,2024-12-01,Heidenheim,Ein Frankfurt,0,4,A,0.4849600614493447,Bet365,-0.5,1.99,Bet365,2.5,1.76,2.09,Bet365
2425,SP1,2024-12-01,Vallecano,Ath Bilbao,1,2,A,0.3545395590142672,Bet365,-0.0,1.89,Bet365,2.5,2.42,1.57,Bet365
2425,F1,2024-12-01,Marseille,Monaco,2,1,A,0.36938961361512895,Bet365,-0.0,1.93,Bet365,2.5,1.59,2.39,Bet365
2425,SP1,2024-12-03,Mallorca,Barcelona,1,5,A,0.6251077397428261,Bet365,-1.0,1.9,Bet365,2.5,1.72,2.14,Bet365
2425,E0,2024-12-04,Man City,Nottm Forest,3,0,H,0.6997820024193011,Bet365,-1.5,2.05,Bet365,2.5,1.59,2.4,Bet365
2425,E0,2024-12-04,Southampton,Chelsea,1,5,A,0.7156645966866203,Bet365,-1.5,1.92,Bet365,2.5,1.43,2.83,Bet365
2425,E0,2024-12-05,Bournemouth,Tottenham,1,0,A,0.3951703097301369,Bet365,-0.0,1.86,Bet365,2.5,1.41,2.9,Bet365
2425,I1,2024-12-06,Inter,Parma,3,1,H,0.8099656885794746,Bet365,-2.0,1.85,Bet365,2.5,1.33,3.33,Bet365
2425,D1,2024-12-06,Stuttgart,Union Berlin,3,2,H,0.5247774358844751,Bet365,-0.5,1.84,Bet365,2.5,2.08,1.77,Bet365
2425,SP1,2024-12-06,Celta,Mallorca,2,0,H,0.5072046109510087,Bet365,-0.5,1.9,Bet365,2.5,2.41,1.59,Bet365
2425,D1,2024-12-07,Bayern Munich,Heidenheim,4,2,H,0.8819031096537261,Bet365,-2.5,1.8,Bet365,2.5,1.28,3.73,Bet365
2425,D1,2024-12-07,Ein Frankfurt,Augsburg,2,2,H,0.6177940189425014,Bet365,-1.0,1.92,Bet365,2.5,1.6,2.36,Bet365
2425,D1,2024-12-07,Holstein Kiel,RB Leipzig,0,2,A,0.6022332550862731,Bet365,-1.0,1.97,Bet365,2.5,1.5,2.58,Bet365
2425,E0,2024-12-07,Aston Villa,Southampton,1,0,H,0.6996298210940474,Bet365,-1.5,2.01,Bet365,2.5,1.44,2.81,Bet365
2425,E0,2024-12-07,Crystal Palace,Man City,2,2,A,0.6001100520175775,Bet365,-1.0,2.01,Bet365,2.5,1.64,2.31,Bet365
2425,SP1,2024-12-07,Betis,Barcelona,2,2,A,0.5992807067837691,Bet365,-1.0,1.99,Bet365,2.5,1.5,2.6,Bet365
2425,F1,2024-12-07,Nice,Le Havre,2,1,H,0.5977057920672106,Bet365,-1.0,2.06,Bet365,2.5,1.95,1.88,Bet365
2425,I1,2024-12-07,Roma,Lecce,4,1,H,0.6087153538252397,Bet365,-1.0,2.03,Bet365,2.5,2.03,1.81,Bet365
2425,I1,2024-12-08,Fiorentina,Cagliari,1,0,H,0.6290335057890258,Bet365,-1.0,1.86,Bet365,2.5,1.66,2.24,Bet365
2425,E0,2024-12-08,Fulham,Arsenal,1,1,A,0.5959954602721754,Bet365,-1.0,2.05,Bet365,2.5,1.78,2.06,Bet365
2425,E0,2024-12-08,Ipswich,Bournemouth,1,2,A,0.47452257671378834,Bet365,-0.5,2.03,Bet365,2.5,1.72,2.16,Bet365
2425,F1,2024-12-08,Lens,Montpellier,2,0,H,0.7012709116846063,Bet365,-1.5,2.06,Bet365,2.5,1.58,2.4,Bet365
2425,SP1,2024-12-08,Ath Bilbao,Villarreal,2,0,H,0.4862367171602984,Bet365,-0.5,1.98,Bet365,2.5,1.82,2.01,Bet365
2425,D1,2024-12-08,Hoffenheim,Freiburg,1,1,A,0.374635969228195,Bet365,-0.0,1.88,Bet365,2.5,1.7,2.18,Bet365
2425,E0,2024-12-08,Tottenham,Chelsea,3,4,A,0.4635561322423943,Bet365,-0.5,2.04,Bet365,2.5,1.35,3.26,Bet365
2425,I1,2024-12-08,Venezia,Como,2,2,A,0.3669507272377779,Bet365,-0.0,1.89,Bet365,2.5,1.96,1.86,Bet365
2425,SP1,2024-12-08,Osasuna,Alaves,2,2,H,0.4587081670813764,Bet365,-0.5,2.09,Bet365,2.5,2.32,1.62,Bet365
2425,I1,2024-12-08,Napoli,Lazio,0,1,H,0.501615245748103,Bet365,-0.5,1.91,Bet365,2.5,2.14,1.72,Bet365
2425,I1,2024-12-09,Monza,Udinese,1,2,H,0.3526682134570765,Bet365,0.0,1.89,Bet365,2.5,2.42,1.57,Bet365
2425,E0,2024-12-09,West Ham,Wolves,2,1,H,0.5006467775460679,Bet365,-0.5,1.93,Bet365,2.5,1.6,2.36,Bet365
2425,I1,2024-12-13,Empoli,Torino,0,1,H,0.35380585067675735,Bet365,0.0,1.82,Bet365,2.5,2.86,1.41,Bet365
2425,SP1,2024-12-14,Espanol,Osasuna,0,0,A,0.3583720516099788,Bet365,-0.0,1.89,Bet365,2.5,2.29,1.63,Bet365
2425,I1,2024-12-14,Cagliari,Atalanta,0,1,A,0.6131901786851788,Bet365,-1.0,1.92,Bet365,2.5,1.62,2.32,Bet365
2425,D1,2024-12-14,Augsburg,Leverkusen,0,2,A,0.5990722125306067,Bet365,-1.0,2.03,Bet365,2.5,1.66,2.25,Bet365
2425,D1,2024-12-14,Union Berlin,Bochum,1,1,H,0.6007315552684748,Bet365,-1.0,2.07,Bet365,2.5,2.01,1.83,Bet365
2425,E0,2024-12-14,Liverpool,Fulham,2,2,H,0.7256648349074348,Bet365,-1.5,1.91,Bet365,2.5,1.47,2.66,Bet365
2425,E0,2024-12-14,Newcastle,Leicester,4,0,H,0.7304746200073134,Bet365,-1.5,1.85,Bet365,2.5,1.45,2.75,Bet365
2425,E0,2024-12-14,Wolves,Ipswich,1,2,H,0.5026161056668087,Bet365,-0.5,1.92,Bet365,2.5,1.72,2.15,Bet365
2425,D1,2024-12-14,St Pauli,Werder Bremen,0,2,H,0.36114749385042966,Bet365,0.0,1.95,Bet365,2.5,1.92,1.9,Bet365
2425,E0,2024-12-14,Nottm Forest,Aston Villa,2,1,H,0.361816009557945,Bet365,0.0,1.91,Bet365,2.5,1.87,1.96,Bet365
2425,F1,2024-12-14,Auxerre,Lens,2,2,A,0.4854640658102641,Bet365,-0.5,1.99,Bet365,2.5,1.87,1.96,Bet365
2425,I1,2024-12-14,Juventus,Venezia,2,2,H,0.7195451751690226,Bet365,-1.5,2.02,Bet365,2.5,1.84,1.99,Bet365
2425,F1,2024-12-14,Reims,Monaco,0,0,A,0.4722360746731424,Bet365,-0.5,2.03,Bet365,2.5,1.71,2.15,Bet365
2425,SP1,2024-12-14,Vallecano,Real Madrid,3,3,A,0.5968934055565982,Bet365,-1.0,2.04,Bet365,2.5,1.84,1.99,Bet365
2425,E0,2024-12-15,Brighton,Crystal Palace,1,3,H,0.5052087572230813,Bet365,-0.5,1.9,Bet365,2.5,1.72,2.13,Bet365
2425,I1,2024-12-15,Bologna,Fiorentina,1,0,H,0.3509114238579197,Bet365,0.0,1.91,Bet365,2.5,2.14,1.71,Bet365
2425,I1,2024-12-15,Parma,Verona,2,3,H,0.5099166850991668,Bet365,-0.5,1.88,Bet365,2.5,1.7,2.15,Bet365
2425,E0,2024-12-15,Man City,Man United,1,2,H,0.6032386763670499,Bet365,-1.0,1.95,Bet365,2.5,1.43,2.78,Bet365
2425,E0,2024-12-15,Chelsea,Brentford,2,1,H,0.7192121055502914,Bet365,-1.5,1.87,Bet365,2.5,1.32,3.32,Bet365
2425,F1,2024-12-15,Paris SG,Lyon,3,1,H,0.678238682491205,Bet365,-1.5,2.03,Bet365,2.5,1.29,3.48,Bet365
2425,I1,2024-12-15,Milan,Genoa,0,0,H,0.7035921264265108,Bet365,-1.5,2.05,Bet365,2.5,1.68,2.19,Bet365
2425,SP1,2024-12-15,Barcelona,Leganes,0,1,H,0.8409272672849345,Bet365,-2.5,2.0,Bet365,2.5,1.31,3.33,Bet365
2425,SP1,2024-12-18,Espanol,Valencia,1,1,H,0.36025799146768034,Bet365,0.0,1.83,Bet365,2.5,2.57,1.5,Bet365
2425,SP1,2024-12-18,Villarreal,Vallecano,1,1,H,0.5215725118945164,Bet365,-0.5,1.84,Bet365,2.5,1.86,1.97,Bet365
2425,D1,2024-12-20,Bayern Munich,RB Leipzig,5,1,H,0.7814009708625024,Bet365,-2.0,1.86,Bet365,2.5,1.28,3.59,Bet365
2425,I1,2024-12-20,Verona,Milan,0,1,A,0.5931397220999818,Bet365,-1.0,2.03,Bet365,2.5,1.72,2.14,Bet365
2425,D1,2024-12-21,Ein Frankfurt,Mainz,1,3,H,0.5183230152408087,Bet365,-0.5,1.86,Bet365,2.5,1.66,2.24,Bet365
2425,SP1,2024-12-21,Celta,Sociedad,2,0,A,0.3667808329832951,Bet365,-0.0,1.84,Bet365,2.5,2.37,1.59,Bet365
2425,E0,2024-12-21,Crystal Palace,Arsenal,1,5,A,0.6096747513241971,Bet365,-1.0,1.95,Bet365,2.5,1.83,2.01,Bet365
2425,SP1,2024-12-21,Barcelona,Ath Madrid,1,2,H,0.5055554239416266,Bet365,-0.5,1.91,Bet365,2.5,1.58,2.38,Bet365
2425,I1,2024-12-22,Roma,Parma,5,0,H,0.6211224879486384,Bet365,-1.0,1.88,Bet365,2.5,1.61,2.32,Bet365
2425,E0,2024-12-22,Leicester,Wolves,0,3,H,0.3753405006682632,Bet365,0.0,1.9,Bet365,2.5,1.66,2.24,Bet365
2425,E0,2024-12-22,Man United,Bournemouth,0,3,H,0.5177726555865582,Bet365,-0.5,1.85,Bet365,2.5,1.6,2.36,Bet365
2425,I1,2024-12-22,Venezia,Cagliari,2,1,H,0.382064957809266,Bet365,0.0,1.82,Bet365,2.5,1.88,1.93,Bet365
2425,SP1,2024-12-22,Real Madrid,Sevilla,4,2,H,0.7114752659728675,Bet365,-1.5,1.93,Bet365,2.5,1.51,2.52,Bet365
2425,I1,2024-12-22,Atalanta,Empoli,3,2,H,0.7430308234215072,Bet365,-1.5,1.86,Bet365,2.5,1.67,2.2,Bet365
2425,SP1,2024-12-22,Las Palmas,Espanol,1,0,H,0.5172617601281907,Bet365,-0.5,1.87,Bet365,2.5,2.09,1.74,Bet365
2425,SP1,2024-12-22,Leganes,Villarreal,2,5,A,0.49206579784732024,Bet365,-0.5,1.95,Bet365,2.5,1.99,1.83,Bet365
2425,I1,2024-12-23,Fiorentina,Udinese,1,2,H,0.593226072432821,Bet365,-1.0,2.06,Bet365,2.5,1.87,1.94,Bet365
2425,E0,2024-12-26,Man City,Everton,1,1,H,0.71356369544976,Bet365,-1.5,1.98,Bet365,2.5,1.55,2.44,Bet365
2425,E0,2024-12-26,Bournemouth,Crystal Palace,0,0,H,0.5012695020597198,Bet365,-0.5,1.93,Bet365,2.5,1.72,2.13,Bet365
2425,E0,2024-12-26,Newcastle,Aston Villa,3,0,H,0.4948220478757431,Bet365,-0.5,1.95,Bet365,2.5,1.61,2.34,Bet365
2425,E0,2024-12-26,Wolves,Man United,2,0,A,0.49143656064313185,Bet365,-0.5,1.95,Bet365,2.5,1.67,2.22,Bet365
2425,E0,2024-12-27,Brighton,Brentford,0,0,H,0.5865970691220335,Bet365,-1.0,2.04,Bet365,2.5,1.44,2.78,Bet365
2425,E0,2024-12-29,Leicester,Man City,0,2,A,0.7104159351358252,Bet365,-1.5,1.9,Bet365,2.5,1.36,3.07,Bet365
2425,E0,2024-12-29,Crystal Palace,Southampton,2,1,H,0.5921450311673467,Bet365,-1.0,2.07,Bet365,2.5,1.75,2.09,Bet365
2425,E0,2024-12-29,Everton,Nott'm Forest,0,2,H,0.3612318430789614,Bet365,0.0,1.88,Bet365,2.5,2.23,1.66,Bet365
2425,E0,2024-12-29,Tottenham,Wolves,2,2,H,0.5915072404650213,Bet365,-1.0,2.01,Bet365,2.5,1.31,3.33,Bet365
2425,I1,2024-12-29,Juventus,Fiorentina,2,2,H,0.4916830258276804,Bet365,-0.5,1.97,Bet365,2.5,2.12,1.72,Bet365
2425,E0,2024-12-29,West Ham,Liverpool,0,5,A,0.6813949513639639,Bet365,-1.5,2.03,Bet365,2.5,1.39,2.92,Bet365
2425,E0,2024-12-30,Aston Villa,Brighton,2,2,H,0.490199251400107,Bet365,-0.5,1.95,Bet365,2.5,1.59,2.36,Bet365
2425,I1,2024-12-30,Bologna,Verona,2,3,H,0.6311822732460254,Bet365,-1.0,1.87,Bet365,2.5,1.97,1.84,Bet365
2425,E0,2024-12-30,Man United,Newcastle,0,2,A,0.38285236204235057,Bet365,-0.0,1.88,Bet365,2.5,1.63,2.28,Bet365
2425,E0,2025-01-04,Aston Villa,Leicester,2,1,H,0.7227160776676785,Bet365,-1.5,1.92,Bet365,2.5,1.5,2.58,Bet365
2425,E0,2025-01-04,Crystal Palace,Chelsea,1,1,A,0.4909604617704668,Bet365,-0.5,1.95,Bet365,2.5,1.58,2.39,Bet365
2425,E0,2025-01-04,Man City,West Ham,4,1,H,0.7283649793437553,Bet365,-1.5,1.8,Bet365,2.5,1.34,3.23,Bet365
2425,I1,2025-01-04,Fiorentina,Napoli,0,3,A,0.3760046179121709,Bet365,-0.0,1.84,Bet365,2.5,2.12,1.72,Bet365
2425,F1,2025-01-04,Lille,Nantes,1,1,H,0.6216070575555991,Bet365,-1.0,1.89,Bet365,2.5,1.93,1.87,Bet365
2425,F1,2025-01-04,Lyon,Montpellier,1,0,H,0.7120205865652732,Bet365,-1.5,1.91,Bet365,2.5,1.39,2.93,Bet365
2425,E0,2025-01-05,Fulham,Ipswich,2,2,H,0.6119595654677973,Bet365,-1.0,1.97,Bet365,2.5,1.7,2.15,Bet365
2425,F1,2025-01-05,Lens,Toulouse,0,1,H,0.48960297138355047,Bet365,-0.5,1.98,Bet365,2.5,2.01,1.8,Bet365
2425,F1,2025-01-05,Strasbourg,Auxerre,3,1,H,0.5069612321346637,Bet365,-0.5,1.89,Bet365,2.5,1.68,2.17,Bet365
2425,I1,2025-01-05,Lecce,Genoa,0,0,H,0.35832989075083754,Bet365,0.0,1.86,Bet365,2.5,2.4,1.57,Bet365
2425,I1,2025-01-05,Torino,Parma,0,0,H,0.5051791475632535,Bet365,-0.5,1.89,Bet365,2.5,1.96,1.84,Bet365
2425,F1,2025-01-05,Marseille,Le Havre,5,1,H,0.7286710270969596,Bet365,-1.5,1.91,Bet365,2.5,1.62,2.28,Bet365
2425,I1,2025-01-05,Roma,Lazio,2,0,H,0.3762274826038889,Bet365,0.0,1.82,Bet365,2.5,1.99,1.82,Bet365
2425,I1,2025-01-10,Lazio,Como,1,1,H,0.49493498245723627,Bet365,-0.5,1.95,Bet365,2.5,2.08,1.75,Bet365
2425,SP1,2025-01-10,Vallecano,Celta,2,1,A,0.3487240226534992,Bet365,-0.0,1.94,Bet365,2.5,2.22,1.66,Bet365
2425,SP1,2025-01-11,Alaves,Girona,0,1,A,0.3524416567412328,Bet365,-0.0,1.95,Bet365,2.5,2.18,1.68,Bet365
2425,I1,2025-01-11,Empoli,Lecce,1,3,H,0.465594241859255,Bet365,-0.5,2.06,Bet365,2.5,2.45,1.55,Bet365
2425,D1,2025-01-11,Mainz,Bochum,2,0,H,0.6115013692106203,Bet365,-1.0,1.95,Bet365,2.5,1.72,2.12,Bet365
2425,SP1,2025-01-11,Valladolid,Betis,1,0,A,0.513851473072181,Bet365,-0.5,1.88,Bet365,2.5,2.12,1.72,Bet365
2425,I1,2025-01-11,Torino,Juventus,1,1,A,0.507993093076366,Bet365,-0.5,1.87,Bet365,2.5,2.53,1.51,Bet365
2425,SP1,2025-01-11,Espanol,Leganes,1,1,H,0.45386826444273515,Bet365,-0.5,2.05,Bet365,2.5,2.76,1.44,Bet365
2425,F1,2025-01-11,Reims,Nice,2,4,A,0.36163514455312296,Bet365,-0.0,1.95,Bet365,2.5,1.79,2.03,Bet365
2425,I1,2025-01-11,Milan,Cagliari,1,1,H,0.7150963435441662,Bet365,-1.5,1.98,Bet365,2.5,1.6,2.34,Bet365
2425,SP1,2025-01-11,Sevilla,Valencia,1,1,H,0.475222867867326,Bet365,-0.5,2.05,Bet365,2.5,2.28,1.63,Bet365
2425,I1,2025-01-12,Genoa,Parma,1,0,H,0.48353373916410336,Bet365,-0.5,1.99,Bet365,2.5,1.88,1.93,Bet365
2425,I1,2025-01-12,Venezia,Inter,0,1,A,0.7423589805214557,Bet365,-1.5,1.78,Bet365,2.5,1.56,2.42,Bet365
2425,SP1,2025-01-12,Ath Madrid,Osasuna,1,0,H,0.7275489961966332,Bet365,-1.5,2.01,Bet365,2.5,1.78,2.04,Bet365
2425,D1,2025-01-12,Augsburg,Stuttgart,0,1,A,0.4769963690861898,Bet365,-0.5,2.02,Bet365,2.5,1.71,2.14,Bet365
2425,I1,2025-01-12,Bologna,Roma,2,2,A,0.363598311056565,Bet365,-0.0,1.89,Bet365,2.5,2.15,1.71,Bet365
2425,I1,2025-01-13,Monza,Fiorentina,2,1,A,0.5062008733624453,Bet365,-0.5,1.89,Bet365,2.5,1.99,1.82,Bet365
2425,SP1,2025-01-13,Sociedad,Villarreal,1,0,H,0.48960297138355047,Bet365,-0.5,1.98,Bet365,2.5,2.02,1.8,Bet365
2425,D1,2025-01-14,Holstein Kiel,Dortmund,4,2,A,0.617071330067183,Bet365,-1.0,1.9,Bet365,2.5,1.44,2.77,Bet365
2425,I1,2025-01-14,Como,Milan,1,2,A,0.49487415560635994,Bet365,-0.5,1.9,Bet365,2.5,1.81,2.01,Bet365
2425,D1,2025-01-14,Leverkusen,Mainz,1,0,H,0.698781445132458,Bet365,-1.5,2.06,Bet365,2.5,1.62,2.31,Bet365
2425,D1,2025-01-14,Wolfsburg,M'gladbach,5,1,H,0.48853057584034787,Bet365,-0.5,1.95,Bet365,2.5,1.59,2.36,Bet365
2425,E0,2025-01-14,Brentford,Man City,2,2,A,0.5843073069994288,Bet365,-1.0,2.03,Bet365,2.5,1.38,3.04,Bet365
2425,E0,2025-01-14,Nott'm Forest,Liverpool,1,1,A,0.5836699932304065,Bet365,-1.0,2.05,Bet365,2.5,1.63,2.3,Bet365
2425,D1,2025-01-15,Bochum,St Pauli,1,0,H,0.36849281557914493,Bet365,0.0,1.88,Bet365,2.5,2.04,1.78,Bet365
2425,D1,2025-01-15,Bayern Munich,Hoffenheim,5,0,H,0.8538398846238698,Bet365,-2.5,1.95,Bet365,2.5,1.23,4.01,Bet365
2425,D1,2025-01-15,Stuttgart,RB Leipzig,2,1,H,0.47370987139343645,Bet365,-0.5,2.0,Bet365,2.5,1.44,2.71,Bet365
2425,D1,2025-01-15,Union Berlin,Augsburg,0,2,H,0.5185075760773223,Bet365,-0.5,1.85,Bet365,2.5,2.11,1.74,Bet365
2425,D1,2025-01-15,Werder Bremen,Heidenheim,3,3,H,0.5834544270180888,Bet365,-1.0,2.07,Bet365,2.5,1.59,2.37,Bet365
2425,E0,2025-01-15,Leicester,Crystal Palace,0,2,A,0.4976137754610846,Bet365,-0.5,1.93,Bet365,2.5,1.74,2.11,Bet365
2425,E0,2025-01-15,Newcastle,Wolves,3,0,H,0.7088370266444128,Bet365,-1.5,1.95,Bet365,2.5,1.42,2.82,Bet365
2425,E0,2025-01-16,Ipswich,Brighton,0,2,A,0.4924571436512845,Bet365,-0.5,1.95,Bet365,2.5,1.71,2.15,Bet365
2425,E0,2025-01-16,Man United,Southampton,3,1,H,0.7337710487643752,Bet365,-1.5,1.9,Bet365,2.5,1.52,2.52,Bet365
2425,F1,2025-01-17,Montpellier,Monaco,2,1,A,0.6069961747275806,Bet365,-1.0,1.92,Bet365,2.5,1.46,2.66,Bet365
2425,D1,2025-01-17,Ein Frankfurt,Dortmund,2,0,H,0.37325554478791895,Bet365,0.0,1.94,Bet365,2.5,1.56,2.41,Bet365
2425,I1,2025-01-17,Roma,Genoa,3,1,H,0.6387998791134125,Bet365,-1.0,1.88,Bet365,2.5,1.98,1.84,Bet365
2425,F1,2025-01-17,Lille,Nice,2,1,H,0.465493663962075,Bet365,-0.5,2.05,Bet365,2.5,1.93,1.88,Bet365
2425,SP1,2025-01-18,Girona,Sevilla,1,2,H,0.49106799779232485,Bet365,-0.5,1.95,Bet365,2.5,1.96,1.85,Bet365
2425,I1,2025-01-18,Bologna,Monza,3,1,H,0.591659215969429,Bet365,-1.0,2.08,Bet365,2.5,2.01,1.81,Bet365
2425,D1,2025-01-18,Bochum,RB Leipzig,3,3,A,0.47937553760658436,Bet365,-0.5,2.01,Bet365,2.5,1.73,2.12,Bet365
2425,D1,2025-01-18,Stuttgart,Freiburg,4,0,H,0.5760987777077855,Bet365,-1.0,2.05,Bet365,2.5,1.52,2.5,Bet365
2425,E0,2025-01-18,Leicester,Fulham,0,2,A,0.5197001069644662,Bet365,-0.5,1.83,Bet365,2.5,1.71,2.14,Bet365
2425,E0,2025-01-18,West Ham,Crystal Palace,0,2,H,0.3646565877821021,Bet365,0.0,1.92,Bet365,2.5,1.79,2.04,Bet365
2425,SP1,2025-01-18,Leganes,Ath Madrid,1,0,A,0.6349943954118556,Bet365,-1.0,1.92,Bet365,2.5,2.09,1.74,Bet365
2425,E0,2025-01-18,Arsenal,Aston Villa,2,2,H,0.6324170808398418,Bet365,-1.0,1.87,Bet365,2.5,1.82,2.01,Bet365
2425,F1,2025-01-18,Rennes,Brest,1,2,H,0.4725327301987735,Bet365,-0.5,2.03,Bet365,2.5,2.14,1.7,Bet365
2425,SP1,2025-01-18,Getafe,Barcelona,1,1,A,0.6348229597498235,Bet365,-1.0,1.84,Bet365,2.5,1.76,2.06,Bet365
2425,F1,2025-01-18,Lyon,Toulouse,0,0,H,0.5134284126690127,Bet365,-0.5,1.87,Bet365,2.5,1.69,2.15,Bet365
2425,SP1,2025-01-19,Celta,Ath Bilbao,1,2,A,0.36053880796851545,Bet365,-0.0,1.87,Bet365,2.5,2.31,1.61,Bet365
2425,F1,2025-01-19,St Etienne,Nantes,1,1,H,0.37627811860940696,Bet365,0.0,1.81,Bet365,2.5,2.08,1.75,Bet365
2425,I1,2025-01-19,Cagliari,Lecce,4,1,H,0.48763089304494955,Bet365,-0.5,1.98,Bet365,2.5,2.0,1.82,Bet365
2425,D1,2025-01-19,Union Berlin,Mainz,2,1,H,0.36939160737621607,Bet365,0.0,1.84,Bet365,2.5,2.11,1.73,Bet365
2425,D1,2025-01-19,Werder Bremen,Augsburg,0,2,H,0.5115697310819262,Bet365,-0.5,1.89,Bet365,2.5,1.85,1.97,Bet365
2425,E0,2025-01-19,Ipswich,Man City,0,6,A,0.699351000540833,Bet365,-1.5,2.0,Bet365,2.5,1.44,2.74,Bet365
2425,F1,2025-01-19,Marseille,Strasbourg,1,1,H,0.6035426007797586,Bet365,-1.0,1.95,Bet365,2.5,1.6,2.33,Bet365
2425,E0,2025-01-20,Chelsea,Wolves,3,1,H,0.6962284954658514,Bet365,-1.5,1.98,Bet365,2.5,1.37,3.06,Bet365
2425,F1,2025-01-24,Auxerre,St Etienne,1,1,H,0.491018761121464,Bet365,-0.5,1.95,Bet365,2.5,1.8,2.03,Bet365
2425,I1,2025-01-25,Como,Atalanta,1,2,A,0.5096005460089903,Bet365,-0.5,1.83,Bet365,2.5,1.78,2.04,Bet365
2425,D1,2025-01-25,Augsburg,Heidenheim,2,1,H,0.5015050968050899,Bet365,-0.5,1.85,Bet365,2.5,1.9,1.92,Bet365
2425,D1,2025-01-25,Dortmund,Werder Bremen,2,2,H,0.5883623990722304,Bet365,-1.0,2.01,Bet365,2.5,1.5,2.57,Bet365
2425,D1,2025-01-25,Freiburg,Bayern Munich,1,2,A,0.7193725773010006,Bet365,-1.5,1.92,Bet365,2.5,1.42,2.82,Bet365
2425,D1,2025-01-25,Mainz,Stuttgart,2,0,A,0.39119073106227564,Bet365,-0.0,1.77,Bet365,2.5,1.75,2.1,Bet365
2425,D1,2025-01-25,RB Leipzig,Leverkusen,2,2,A,0.5000598771662704,Bet365,-0.5,1.94,Bet365,2.5,1.53,2.48,Bet365
2425,E0,2025-01-25,Liverpool,Ipswich,4,1,H,0.8677957317693248,Bet365,-2.5,1.88,Bet365,2.5,1.25,3.82,Bet365
2425,E0,2025-01-25,Man City,Chelsea,3,1,H,0.47153277402972443,Bet365,-0.5,2.06,Bet365,2.5,1.41,2.88,Bet365
2425,F1,2025-01-25,Strasbourg,Lille,2,1,A,0.37986674159107325,Bet365,-0.0,1.79,Bet365,2.5,1.88,1.93,Bet365
2425,I1,2025-01-26,Milan,Parma,3,2,H,0.7367570194224549,Bet365,-1.5,1.78,Bet365,2.5,1.42,2.81,Bet365
2425,SP1,2025-01-26,Vallecano,Girona,2,1,H,0.35045567522783755,Bet365,0.0,1.91,Bet365,2.5,2.2,1.68,Bet365
2425,E0,2025-01-26,Crystal Palace,Brentford,1,2,H,0.4643727317027048,Bet365,-0.5,2.07,Bet365,2.5,1.74,2.12,Bet365
2425,D1,2025-01-26,St Pauli,Union Berlin,3,0,H,0.3806995778687204,Bet365,0.0,1.79,Bet365,2.5,2.27,1.64,Bet365
2425,E0,2025-01-26,Aston Villa,West Ham,1,1,H,0.6173386032980039,Bet365,-1.0,1.92,Bet365,2.5,1.67,2.21,Bet365
2425,I1,2025-01-26,Lecce,Inter,0,4,A,0.7155284732402382,Bet365,-1.5,2.0,Bet365,2.5,1.65,2.24,Bet365
2425,I1,2025-01-26,Lazio,Fiorentina,1,2,H,0.4749534700144116,Bet365,-0.5,2.04,Bet365,2.5,1.99,1.83,Bet365
2425,SP1,2025-01-26,Barcelona,Valencia,7,1,H,0.7909908133826432,Bet365,-2.0,1.99,Bet365,2.5,1.39,2.91,Bet365
2425,SP1,2025-01-27,Alaves,Celta,1,1,H,0.35824345146379044,Bet365,0.0,1.89,Bet365,2.5,2.2,1.67,Bet365
2425,F1,2025-01-31,Montpellier,Lens,0,2,A,0.520516679947663,Bet365,-0.5,1.85,Bet365,2.5,1.79,2.05,Bet365
2425,I1,2025-02-01,Udinese,Venezia,3,2,H,0.5158680977834038,Bet365,-0.5,1.86,Bet365,2.5,2.03,1.8,Bet365
2425,D1,2025-02-01,Bochum,Freiburg,0,1,A,0.3793854130466912,Bet365,-0.0,1.84,Bet365,2.5,1.79,2.03,Bet365
2425,D1,2025-02-01,Stuttgart,M'gladbach,1,2,H,0.6057970186612797,Bet365,-1.0,1.95,Bet365,2.5,1.41,2.84,Bet365
2425,E0,2025-02-01,Ipswich,Southampton,1,2,H,0.4833436628447475,Bet365,-0.5,2.0,Bet365,2.5,1.76,2.09,Bet365
2425,F1,2025-02-01,Monaco,Auxerre,4,2,H,0.7087246683225105,Bet365,-1.5,1.95,Bet365,2.5,1.45,2.68,Bet365
2425,I1,2025-02-01,Bologna,Como,2,0,H,0.5033418655141975,Bet365,-0.5,1.91,Bet365,2.5,2.0,1.83,Bet365
2425,SP1,2025-02-01,Espanol,Real Madrid,1,0,A,0.7270074265337724,Bet365,-1.5,1.92,Bet365,2.5,1.59,2.36,Bet365
2425,SP1,2025-02-02,Barcelona,Alaves,1,0,H,0.8039116236578422,Bet365,-2.0,1.88,Bet365,2.5,1.35,3.1,Bet365
2425,E0,2025-02-02,Man United,Crystal Palace,0,2,H,0.4681489861630841,Bet365,-0.5,2.02,Bet365,2.5,1.83,1.99,Bet365
2425,F1,2025-02-02,Toulouse,Nice,1,1,H,0.3782399071981826,Bet365,0.0,1.83,Bet365,2.5,1.91,1.9,Bet365
2425,D1,2025-02-02,Ein Frankfurt,Wolfsburg,1,1,H,0.4856608611274409,Bet365,-0.5,1.99,Bet365,2.5,1.52,2.5,Bet365
2425,F1,2025-02-02,Angers,Le Havre,1,1,H,0.4783998157398477,Bet365,-0.5,2.02,Bet365,2.5,2.24,1.65,Bet365
2425,E0,2025-02-02,Arsenal,Man City,5,1,H,0.48434602301026874,Bet365,-0.5,1.99,Bet365,2.5,1.75,2.1,Bet365
2425,I1,2025-02-02,Milan,Inter,1,1,A,0.4901023890784983,Bet365,-0.5,1.95,Bet365,2.5,1.81,2.0,Bet365
2425,SP1,2025-02-02,Osasuna,Sociedad,2,1,A,0.3654505895678675,Bet365,-0.0,1.83,Bet365,2.5,2.65,1.46,Bet365
2425,F1,2025-02-02,Marseille,Lyon,3,2,H,0.4662734278375036,Bet365,-0.5,2.06,Bet365,2.5,1.58,2.37,Bet365
2425,I1,2025-02-03,Cagliari,Lazio,1,2,A,0.4707494297104459,Bet365,-0.5,2.03,Bet365,2.5,1.89,1.92,Bet365
2425,E0,2025-02-03,Chelsea,West Ham,2,1,H,0.7018002419931679,Bet365,-1.5,1.97,Bet365,2.5,1.38,2.99,Bet365
2425,I1,2025-02-06,Fiorentina,Inter,3,0,A,0.4718265738115156,Bet365,-0.5,2.06,Bet365,2.5,1.79,2.02,Bet365
2425,I1,2025-02-07,Como,Juventus,1,2,A,0.4692902238240166,Bet365,-0.5,2.09,Bet365,2.5,2.07,1.78,Bet365
2425,SP1,2025-02-07,Vallecano,Valladolid,1,0,H,0.6432118089749038,Bet365,-1.0,1.89,Bet365,2.5,2.05,1.79,Bet365
2425,F1,2025-02-07,Paris SG,Monaco,4,1,H,0.6837158864991867,Bet365,-1.5,2.03,Bet365,2.5,1.32,3.34,Bet365
2425,I1,2025-02-08,Verona,Atalanta,0,5,A,0.6194331789723971,Bet365,-1.0,1.93,Bet365,2.5,1.75,2.1,Bet365
2425,D1,2025-02-08,Dortmund,Stuttgart,1,2,H,0.5065008479366874,Bet365,-0.5,1.89,Bet365,2.5,1.5,2.6,Bet365
2425,D1,2025-02-08,Wolfsburg,Leverkusen,0,0,A,0.5228796108633967,Bet365,-0.5,1.84,Bet365,2.5,1.66,2.25,Bet365
2425,D1,2025-02-08,M'gladbach,Ein Frankfurt,1,1,H,0.36879432624113473,Bet365,0.0,1.95,Bet365,2.5,1.54,2.48,Bet365
2425,SP1,2025-02-08,Real Madrid,Ath Madrid,1,1,H,0.5086274982263095,Bet365,-0.5,1.9,Bet365,2.5,1.79,2.04,Bet365
2425,F1,2025-02-09,Lyon,Reims,4,0,H,0.6259506203545155,Bet365,-1.0,1.85,Bet365,2.5,1.54,2.47,Bet365
2425,I1,2025-02-09,Cagliari,Parma,2,1,H,0.5055825184689315,Bet365,-0.5,1.89,Bet365,2.5,1.74,2.12,Bet365
2425,D1,2025-02-09,RB Leipzig,St Pauli,2,0,H,0.6072960883944296,Bet365,-1.0,2.0,Bet365,2.5,1.71,2.16,Bet365
2425,I1,2025-02-09,Lecce,Bologna,0,0,A,0.5016696634985872,Bet365,-0.5,1.91,Bet365,2.5,2.24,1.66,Bet365
2425,SP1,2025-02-09,Sociedad,Espanol,2,1,H,0.5987647380690038,Bet365,-1.0,2.05,Bet365,2.5,2.25,1.65,Bet365
2425,SP1,2025-02-09,Sevilla,Barcelona,1,4,A,0.6195214786656588,Bet365,-1.0,1.88,Bet365,2.5,1.45,2.69,Bet365
2425,SP1,2025-02-10,Mallorca,Osasuna,1,1,H,0.4717108344807029,Bet365,-0.5,2.06,Bet365,2.5,2.76,1.44,Bet365
2425,SP1,2025-02-14,Girona,Getafe,1,2,H,0.4852360200382846,Bet365,-0.5,1.98,Bet365,2.5,2.61,1.51,Bet365
2425,E0,2025-02-15,Leicester,Arsenal,0,2,A,0.7167908623342285,Bet365,-1.5,2.03,Bet365,2.5,1.71,2.17,Bet365
2425,D1,2025-02-15,St Pauli,Freiburg,0,1,H,0.3739407962977738,Bet365,0.0,1.84,Bet365,2.5,2.21,1.68,Bet365
2425,E0,2025-02-15,Man City,Newcastle,4,0,H,0.4862148599607577,Bet365,-0.5,1.99,Bet365,2.5,1.45,2.77,Bet365
2425,E0,2025-02-15,Southampton,Bournemouth,1,3,A,0.629601355503007,Bet365,-1.0,1.84,Bet365,2.5,1.49,2.62,Bet365
2425,E0,2025-02-15,West Ham,Brentford,0,1,H,0.39734607136497707,Bet365,0.0,1.73,Bet365,2.5,1.6,2.37,Bet365
2425,SP1,2025-02-15,Osasuna,Real Madrid,1,1,A,0.6079811140872565,Bet365,-1.0,1.92,Bet365,2.5,1.62,2.31,Bet365
2425,I1,2025-02-15,Lazio,Napoli,2,2,H,0.3584379696514277,Bet365,0.0,1.9,Bet365,2.5,2.13,1.74,Bet365
2425,E0,2025-02-15,Crystal Palace,Everton,1,2,H,0.5288110981138047,Bet365,-0.5,1.82,Bet365,2.5,2.23,1.67,Bet365
2425,F1,2025-02-15,Monaco,Nantes,7,1,H,0.6116488435712508,Bet365,-1.0,1.92,Bet365,2.5,1.65,2.27,Bet365
2425,I1,2025-02-15,Milan,Verona,1,0,H,0.7180243536484542,Bet365,-1.5,2.0,Bet365,2.5,1.58,2.38,Bet365
2425,SP1,2025-02-15,Villarreal,Valencia,1,1,H,0.6241870471282166,Bet365,-1.0,1.91,Bet365,2.5,1.7,2.18,Bet365
2425,I1,2025-02-16,Fiorentina,Como,0,2,H,0.4702117878718776,Bet365,-0.5,2.05,Bet365,2.5,1.92,1.91,Bet365
2425,E0,2025-02-16,Liverpool,Wolves,2,1,H,0.803683129065001,Bet365,-2.0,1.92,Bet365,2.5,1.37,3.12,Bet365
2425,I1,2025-02-16,Monza,Lecce,0,0,H,0.348607593907639,Bet365,0.0,1.95,Bet365,2.5,2.31,1.63,Bet365
2425,I1,2025-02-16,Udinese,Empoli,3,0,H,0.5259591090266649,Bet365,-0.5,1.82,Bet365,2.5,2.16,1.72,Bet365
2425,D1,2025-02-16,Werder Bremen,Hoffenheim,1,3,H,0.5043830074173973,Bet365,-0.5,1.9,Bet365,2.5,1.51,2.55,Bet365
2425,SP1,2025-02-16,Valladolid,Sevilla,0,4,A,0.47961245439651234,Bet365,-0.5,2.01,Bet365,2.5,2.19,1.69,Bet365
2425,F1,2025-02-16,Reims,Angers,0,1,H,0.4772423435467422,Bet365,-0.5,2.03,Bet365,2.5,2.01,1.83,Bet365
2425,D1,2025-02-16,Ein Frankfurt,Holstein Kiel,3,1,H,0.7160584155228424,Bet365,-1.5,1.9,Bet365,2.5,1.39,3.01,Bet365
2425,E0,2025-02-16,Tottenham,Man United,1,0,H,0.38946616620152386,Bet365,0.0,1.86,Bet365,2.5,1.48,2.67,Bet365
2425,I1,2025-02-16,Parma,Roma,0,1,A,0.46803997908071354,Bet365,-0.5,2.06,Bet365,2.5,1.75,2.11,Bet365
2425,D1,2025-02-16,Heidenheim,Mainz,0,2,A,0.4605738928512191,Bet365,-0.5,2.06,Bet365,2.5,1.9,1.93,Bet365
2425,F1,2025-02-16,Rennes,Lille,0,2,H,0.3603135054065168,Bet365,0.0,1.93,Bet365,2.5,2.0,1.84,Bet365
2425,SP1,2025-02-16,Betis,Sociedad,3,0,H,0.37509074776155527,Bet365,0.0,1.78,Bet365,2.5,2.41,1.58,Bet365
2425,I1,2025-02-17,Genoa,Venezia,2,0,H,0.5047552499235733,Bet365,-0.5,1.89,Bet365,2.5,2.09,1.75,Bet365
2425,SP1,2025-02-17,Barcelona,Vallecano,1,0,H,0.794586453944917,Bet365,-2.0,1.92,Bet365,2.5,1.31,3.43,Bet365
2425,E0,2025-02-19,Aston Villa,Liverpool,2,2,A,0.517266909066978,Bet365,-0.5,1.85,Bet365,2.5,1.56,2.45,Bet365
2425,D1,2025-02-21,Freiburg,Werder Bremen,5,0,H,0.46668865908406365,Bet365,-0.5,2.08,Bet365,2.5,1.93,1.91,Bet365
2425,I1,2025-02-21,Lecce,Udinese,0,1,A,0.36648194213929486,Bet365,-0.0,1.82,Bet365,2.5,2.3,1.64,Bet365
2425,E0,2025-02-21,Leicester,Brentford,0,4,A,0.4907971243590978,Bet365,-0.5,1.98,Bet365,2.5,1.58,2.42,Bet365
2425,E0,2025-02-22,Everton,Man United,2,2,H,0.37617156473391583,Bet365,0.0,1.8,Bet365,2.5,2.19,1.7,Bet365
2425,I1,2025-02-22,Parma,Bologna,2,0,A,0.49866546677983786,Bet365,-0.5,1.93,Bet365,2.5,1.88,1.96,Bet365
2425,D1,2025-02-22,M'gladbach,Augsburg,0,3,H,0.5195806735529213,Bet365,-0.5,1.86,Bet365,2.5,1.72,2.15,Bet365
2425,D1,2025-02-22,Wolfsburg,Bochum,1,1,H,0.6162915851272015,Bet365,-1.0,1.92,Bet365,2.5,1.62,2.32,Bet365
2425,E0,2025-02-22,Bournemouth,Wolves,0,1,H,0.6119208940670551,Bet365,-1.0,1.92,Bet365,2.5,1.59,2.39,Bet365
2425,E0,2025-02-22,Fulham,Crystal Palace,0,2,H,0.46790000071900556,Bet365,-0.5,2.06,Bet365,2.5,1.98,1.87,Bet365
2425,E0,2025-02-22,Ipswich,Tottenham,1,4,A,0.5065257547769737,Bet365,-0.5,1.9,Bet365,2.5,1.52,2.56,Bet365
2425,E0,2025-02-22,Southampton,Brighton,0,4,A,0.6086917116055648,Bet365,-1.0,1.93,Bet365,2.5,1.58,2.42,Bet365
2425,I1,2025-02-22,Torino,Milan,2,1,A,0.4706487452747735,Bet365,-0.5,2.05,Bet365,2.5,2.11,1.75,Bet365
2425,D1,2025-02-22,Dortmund,Union Berlin,6,0,H,0.6154548753483803,Bet365,-1.0,1.92,Bet365,2.5,1.61,2.35,Bet365
2425,E0,2025-02-22,Aston Villa,Chelsea,2,1,A,0.374673407232194,Bet365,-0.0,1.92,Bet365,2.5,1.56,2.45,Bet365
2425,SP1,2025-02-22,Valencia,Ath Madrid,0,3,A,0.500610747130498,Bet365,-0.5,1.92,Bet365,2.5,2.22,1.68,Bet365
2425,I1,2025-02-22,Inter,Genoa,1,0,H,0.7557867534029897,Bet365,-1.5,1.84,Bet365,2.5,1.67,2.23,Bet365
2425,F1,2025-02-22,Auxerre,Marseille,3,0,A,0.6136649991891319,Bet365,-1.0,1.92,Bet365,2.5,1.62,2.33,Bet365
2425,SP1,2025-02-23,Ath Bilbao,Valladolid,7,1,H,0.8192881134416515,Bet365,-2.0,1.93,Bet365,2.5,1.63,2.3,Bet365
2425,I1,2025-02-23,Verona,Fiorentina,1,0,A,0.5016418906950444,Bet365,-0.5,1.91,Bet365,2.5,1.99,1.85,Bet365
2425,D1,2025-02-23,RB Leipzig,Heidenheim,2,2,H,0.7039429914694184,Bet365,-1.5,1.98,Bet365,2.5,1.48,2.64,Bet365
2425,F1,2025-02-23,Le Havre,Toulouse,1,4,A,0.4823460201443978,Bet365,-0.5,1.99,Bet365,2.5,2.08,1.77,Bet365
2425,F1,2025-02-23,Nice,Montpellier,2,0,H,0.6936061861806461,Bet365,-1.5,2.05,Bet365,2.5,1.48,2.63,Bet365
2425,F1,2025-02-23,Strasbourg,Brest,0,0,H,0.4776733403278783,Bet365,-0.5,2.02,Bet365,2.5,1.81,2.03,Bet365
2425,I1,2025-02-23,Empoli,Atalanta,0,5,A,0.6086274509803922,Bet365,-1.0,1.99,Bet365,2.5,1.79,2.05,Bet365
2425,SP1,2025-02-23,Getafe,Betis,1,2,H,0.3652718598637969,Bet365,0.0,1.83,Bet365,2.5,2.63,1.49,Bet365
2425,D1,2025-02-23,Hoffenheim,Stuttgart,1,1,A,0.48543689320388356,Bet365,-0.5,1.99,Bet365,2.5,1.48,2.63,Bet365
2425,I1,2025-02-23,Cagliari,Juventus,0,1,A,0.49074779617887826,Bet365,-0.5,1.95,Bet365,2.5,2.01,1.83,Bet365
2425,SP1,2025-02-23,Sociedad,Leganes,3,0,H,0.6137022713504873,Bet365,-1.0,2.03,Bet365,2.5,2.45,1.56,Bet365
2425,I1,2025-02-24,Roma,Monza,4,0,H,0.7212539629802737,Bet365,-1.5,1.98,Bet365,2.5,1.72,2.14,Bet365
2425,E0,2025-02-25,Crystal Palace,Aston Villa,4,1,H,0.37657720789420845,Bet365,0.0,1.84,Bet365,2.5,1.9,1.95,Bet365
2425,E0,2025-02-25,Wolves,Fulham,1,2,A,0.35739697305920026,Bet365,-0.0,1.98,Bet365,2.5,2.01,1.84,Bet365
2425,E0,2025-02-26,Brentford,Everton,1,1,H,0.47357742520593915,Bet365,-0.5,2.04,Bet365,2.5,1.85,1.99,Bet365
2425,E0,2025-02-26,Man United,Ipswich,3,2,H,0.6270432416716111,Bet365,-1.0,1.88,Bet365,2.5,1.64,2.29,Bet365
2425,E0,2025-02-26,Nott'm Forest,Arsenal,0,0,A,0.4827411381976425,Bet365,-0.5,2.0,Bet365,2.5,2.17,1.71,Bet365
2425,E0,2025-02-26,Tottenham,Man City,0,1,A,0.4689732285932014,Bet365,-0.5,2.06,Bet365,2.5,1.34,3.29,Bet365
2425,E0,2025-02-26,Liverpool,Newcastle,2,0,H,0.6296587557927258,Bet365,-1.0,1.75,Bet365,2.5,1.44,2.79,Bet365
2425,I1,2025-02-27,Bologna,Milan,2,1,A,0.3747063555913113,Bet365,-0.0,1.84,Bet365,2.5,1.99,1.84,Bet365
2425,E0,2025-02-27,West Ham,Leicester,2,0,H,0.5854624240390099,Bet365,-1.0,2.08,Bet365,2.5,1.71,2.17,Bet365
2425,F1,2025-02-28,Monaco,Reims,3,0,H,0.6948522083441727,Bet365,-1.5,2.06,Bet365,2.5,1.46,2.71,Bet365
2425,D1,2025-03-01,RB Leipzig,Mainz,1,2,H,0.4797218838380601,Bet365,-0.5,2.03,Bet365,2.5,1.8,2.03,Bet365
2425,D1,2025-03-01,St Pauli,Dortmund,0,2,A,0.511450356273983,Bet365,-0.5,1.87,Bet365,2.5,1.8,2.04,Bet365
2425,D1,2025-03-01,Werder Bremen,Wolfsburg,1,2,A,0.368858115115119,Bet365,-0.0,1.94,Bet365,2.5,1.68,2.2,Bet365
2425,I1,2025-03-01,Udinese,Parma,1,0,H,0.5255256514014683,Bet365,-0.5,1.78,Bet365,2.5,1.87,1.95,Bet365
2425,SP1,2025-03-01,Ath Madrid,Ath Bilbao,1,0,H,0.4688879273041973,Bet365,-0.5,2.08,Bet365,2.5,2.17,1.7,Bet365
2425,I1,2025-03-02,Monza,Torino,0,2,A,0.4802429667519182,Bet365,-0.5,2.02,Bet365,2.5,2.33,1.62,Bet365
2425,SP1,2025-03-02,Leganes,Getafe,1,0,A,0.35635019994408856,Bet365,-0.0,1.78,Bet365,2.5,3.21,1.34,Bet365
2425,I1,2025-03-02,Bologna,Cagliari,2,1,H,0.6063022113629731,Bet365,-1.0,2.05,Bet365,2.5,2.04,1.8,Bet365
2425,I1,2025-03-02,Genoa,Empoli,1,1,H,0.48733156443473286,Bet365,-0.5,1.99,Bet365,2.5,2.32,1.62,Bet365
2425,D1,2025-03-02,Union Berlin,Holstein Kiel,0,1,H,0.5951894231024504,Bet365,-1.0,2.06,Bet365,2.5,1.7,2.18,Bet365
2425,F1,2025-03-02,Auxerre,Strasbourg,0,1,A,0.3777553302788701,Bet365,-0.0,1.86,Bet365,2.5,1.83,2.01,Bet365
2425,D1,2025-03-02,Augsburg,Freiburg,0,0,H,0.35958467423644425,Bet365,0.0,1.9,Bet365,2.5,2.25,1.66,Bet365
2425,I1,2025-03-02,Roma,Como,2,1,H,0.49632251285737994,Bet365,-0.5,1.94,Bet365,2.5,1.99,1.85,Bet365
2425,I1,2025-03-02,Milan,Lazio,1,2,H,0.4636616911751139,Bet365,-0.5,2.09,Bet365,2.5,1.83,2.01,Bet365
2425,I1,2025-03-03,Juventus,Verona,2,0,H,0.7349311681291761,Bet365,-1.5,1.94,Bet365,2.5,1.8,2.03,Bet365
2425,D1,2025-03-07,M'gladbach,Mainz,1,3,H,0.36691507591758654,Bet365,0.0,1.92,Bet365,2.5,1.79,2.05,Bet365
2425,E0,2025-03-08,Nott'm Forest,Man City,1,0,A,0.506848901052773,Bet365,-0.5,1.9,Bet365,2.5,1.57,2.42,Bet365
2425,SP1,2025-03-08,Celta,Leganes,2,1,H,0.6131070366699704,Bet365,-1.0,2.0,Bet365,2.5,2.04,1.8,Bet365
2425,I1,2025-03-08,Como,Venezia,1,1,H,0.6030229679959044,Bet365,-1.0,2.02,Bet365,2.5,1.99,1.85,Bet365
2425,D1,2025-03-08,Bayern Munich,Bochum,2,3,H,0.8601278154302224,Bet365,-2.5,2.0,Bet365,2.5,1.28,3.67,Bet365
2425,D1,2025-03-08,Dortmund,Augsburg,0,1,H,0.6239579177005838,Bet365,-1.0,1.91,Bet365,2.5,1.71,2.13,Bet365
2425,D1,2025-03-08,Holstein Kiel,Stuttgart,2,2,A,0.6287086005776227,Bet365,-1.0,1.87,Bet365,2.5,1.5,2.61,Bet365
2425,E0,2025-03-08,Brighton,Fulham,2,1,H,0.48133034722344686,Bet365,-0.5,1.99,Bet365,2.5,1.75,2.11,Bet365
2425,E0,2025-03-08,Liverpool,Southampton,3,1,H,0.8548667803469683,Bet365,-2.5,1.95,Bet365,2.5,1.27,3.77,Bet365
2425,D1,2025-03-08,Freiburg,RB Leipzig,0,0,H,0.3664900449582531,Bet365,0.0,1.89,Bet365,2.5,1.8,2.03,Bet365
2425,E0,2025-03-08,Wolves,Everton,1,1,H,0.3631140175919994,Bet365,0.0,1.86,Bet365,2.5,2.27,1.64,Bet365
2425,F1,2025-03-08,Marseille,Lens,0,1,H,0.6252929190623724,Bet365,-1.0,1.89,Bet365,2.5,1.61,2.34,Bet365
2425,SP1,2025-03-09,Getafe,Ath Madrid,2,1,A,0.48061350202793424,Bet365,-0.5,2.01,Bet365,2.5,2.72,1.45,Bet365
2425,E0,2025-03-09,Chelsea,Leicester,1,0,H,0.7976399757963524,Bet365,-2.0,1.95,Bet365,2.5,1.35,3.22,Bet365
2425,E0,2025-03-09,Tottenham,Bournemouth,2,2,A,0.3993346195330183,Bet365,-0.0,1.82,Bet365,2.5,1.39,3.02,Bet365
2425,I1,2025-03-09,Napoli,Fiorentina,2,1,H,0.6075720668339555,Bet365,-1.0,2.0,Bet365,2.5,2.08,1.76,Bet365
2425,SP1,2025-03-09,Real Madrid,Vallecano,2,1,H,0.7465318650370192,Bet365,-1.5,1.79,Bet365,2.5,1.54,2.47,Bet365
2425,F1,2025-03-09,Nantes,Strasbourg,0,1,H,0.3676470588235293,Bet365,0.0,1.88,Bet365,2.5,2.02,1.8,Bet365
2425,I1,2025-03-09,Empoli,Roma,0,1,A,0.47875643230820836,Bet365,-0.5,2.02,Bet365,2.5,2.04,1.8,Bet365
2425,F1,2025-03-09,Nice,Lyon,0,2,H,0.4651087213424722,Bet365,-0.5,2.06,Bet365,2.5,1.62,2.32,Bet365
2425,I1,2025-03-09,Juventus,Atalanta,0,4,H,0.37730372950224933,Bet365,0.0,1.84,Bet365,2.5,1.99,1.84,Bet365
2425,F1,2025-03-14,Nice,Auxerre,1,1,H,0.5955739682206722,Bet365,-1.0,2.05,Bet365,2.5,1.73,2.13,Bet365
2425,I1,2025-03-14,Genoa,Lecce,2,1,H,0.4533737680060652,Bet365,-0.5,2.08,Bet365,2.5,2.65,1.48,Bet365
2425,SP1,2025-03-14,Las Palmas,Alaves,2,2,A,0.35437433465595664,Bet365,-0.0,1.9,Bet365,2.5,2.45,1.54,Bet365
2425,I1,2025-03-15,Monza,Parma,1,1,A,0.3759113537819174,Bet365,-0.0,1.7,Bet365,2.5,2.1,1.75,Bet365
2425,D1,2025-03-15,Augsburg,Wolfsburg,1,0,H,0.36825081956112155,Bet365,0.0,1.88,Bet365,2.5,2.05,1.78,Bet365
2425,D1,2025-03-15,Mainz,Freiburg,2,2,H,0.47578587820889157,Bet365,-0.5,2.02,Bet365,2.5,2.1,1.75,Bet365
2425,D1,2025-03-15,Union Berlin,Bayern Munich,1,1,A,0.706718519511868,Bet365,-1.5,2.04,Bet365,2.5,1.59,2.38,Bet365
2425,E0,2025-03-15,Ipswich,Nott'm Forest,2,4,A,0.4812315463822972,Bet365,-0.5,2.02,Bet365,2.5,1.85,1.99,Bet365
2425,E0,2025-03-15,Southampton,Wolves,1,2,A,0.4641690073115553,Bet365,-0.5,2.07,Bet365,2.5,1.81,2.03,Bet365
2425,SP1,2025-03-15,Mallorca,Espanol,2,1,H,0.5233597859332054,Bet365,-0.5,1.84,Bet365,2.5,2.54,1.53,Bet365
2425,I1,2025-03-15,Torino,Empoli,1,0,H,0.5181017140873946,Bet365,-0.5,1.85,Bet365,2.5,2.29,1.62,Bet365
2425,SP1,2025-03-15,Girona,Valencia,1,1,H,0.4825010330906894,Bet365,-0.5,1.99,Bet365,2.5,2.05,1.78,Bet365
2425,I1,2025-03-16,Venezia,Napoli,0,0,A,0.6248880352377346,Bet365,-1.0,1.95,Bet365,2.5,2.03,1.81,Bet365
2425,SP1,2025-03-16,Leganes,Betis,2,3,A,0.4618857178597577,Bet365,-0.5,2.08,Bet365,2.5,2.22,1.67,Bet365
2425,E0,2025-03-16,Fulham,Tottenham,2,0,H,0.47595845621233496,Bet365,-0.5,2.03,Bet365,2.5,1.57,2.42,Bet365
2425,F1,2025-03-16,Lyon,Le Havre,4,2,H,0.6979178022457212,Bet365,-1.5,2.04,Bet365,2.5,1.53,2.48,Bet365
2425,I1,2025-03-16,Roma,Cagliari,1,0,H,0.6142740022201101,Bet365,-1.0,1.98,Bet365,2.5,1.94,1.88,Bet365
2425,SP1,2025-03-16,Sevilla,Ath Bilbao,0,1,A,0.37531094777687435,Bet365,-0.0,1.82,Bet365,2.5,2.35,1.6,Bet365
2425,D1,2025-03-16,Heidenheim,Holstein Kiel,3,1,H,0.4722284458770897,Bet365,-0.5,2.05,Bet365,2.5,1.8,2.03,Bet365
2425,E0,2025-03-16,Leicester,Man United,0,3,A,0.5190985885933155,Bet365,-0.5,1.85,Bet365,2.5,1.79,2.04,Bet365
2425,I1,2025-03-16,Atalanta,Inter,0,2,H,0.3734894850120841,Bet365,0.0,1.87,Bet365,2.5,1.91,1.92,Bet365
2425,F1,2025-03-28,Strasbourg,Lyon,4,2,A,0.3927382111777827,Bet365,-0.0,1.84,Bet365,2.5,1.66,2.23,Bet365
2425,I1,2025-03-29,Venezia,Bologna,0,1,A,0.5277503267557143,Bet365,-0.5,1.78,Bet365,2.5,2.19,1.68,Bet365
2425,F1,2025-03-29,Reims,Marseille,3,1,A,0.5986128605700128,Bet365,-1.0,2.02,Bet365,2.5,1.74,2.09,Bet365
2425,I1,2025-03-29,Juventus,Genoa,1,0,H,0.6196878147029204,Bet365,-1.0,1.98,Bet365,2.5,2.14,1.71,Bet365
2425,D1,2025-03-29,Ein Frankfurt,Stuttgart,1,0,H,0.37755997026560373,Bet365,0.0,1.95,Bet365,2.5,1.51,2.52,Bet365
2425,F1,2025-03-29,St Etienne,Paris SG,1,6,A,0.838506556910676,Bet365,-2.5,1.99,Bet365,2.5,1.2,4.19,Bet365
2425,F1,2025-03-29,Monaco,Nice,2,1,H,0.4996495708109833,Bet365,-0.5,1.93,Bet365,2.5,1.61,2.31,Bet365
2425,F1,2025-03-30,Toulouse,Brest,2,4,H,0.4705995520692297,Bet365,-0.5,2.04,Bet365,2.5,2.11,1.73,Bet365
2425,I1,2025-03-30,Fiorentina,Atalanta,1,0,A,0.4643428088421749,Bet365,-0.5,2.08,Bet365,2.5,1.9,1.92,Bet365
2425,D1,2025-03-30,Freiburg,Union Berlin,1,2,H,0.4768196063996684,Bet365,-0.5,2.01,Bet365,2.5,2.1,1.74,Bet365
2425,SP1,2025-03-30,Barcelona,Girona,4,1,H,0.7689231599183088,Bet365,-2.0,2.05,Bet365,2.5,1.31,3.34,Bet365
2425,F1,2025-03-30,Angers,Rennes,0,3,A,0.5016630189394593,Bet365,-0.5,1.91,Bet365,2.5,1.95,1.86,Bet365
2425,SP1,2025-03-30,Ath Bilbao,Osasuna,0,0,H,0.6508874647526275,Bet365,-1.0,1.75,Bet365,2.5,1.95,1.86,Bet365
2425,F1,2025-03-30,Lille,Lens,1,0,H,0.471513633467361,Bet365,-0.5,2.05,Bet365,2.5,2.01,1.81,Bet365
2425,I1,2025-03-30,Napoli,Milan,2,1,H,0.4849405087867775,Bet365,-0.5,2.0,Bet365,2.5,1.98,1.85,Bet365
2425,SP1,2025-03-30,Betis,Sevilla,2,1,H,0.5048990888704823,Bet365,-0.5,1.88,Bet365,2.5,2.03,1.81,Bet365
2425,SP1,2025-03-31,Celta,Las Palmas,1,1,H,0.6042779512082322,Bet365,-1.0,2.01,Bet365,2.5,1.78,2.04,Bet365
2425,E0,2025-04-01,Arsenal,Fulham,2,1,H,0.6477343463202081,Bet365,-1.0,1.88,Bet365,2.5,2.12,1.74,Bet365
2425,E0,2025-04-01,Wolves,West Ham,1,0,H,0.37268071664459723,Bet365,0.0,1.83,Bet365,2.5,2.18,1.7,Bet365
2425,E0,2025-04-02,Bournemouth,Ipswich,1,2,H,0.6931838081536089,Bet365,-1.5,2.05,Bet365,2.5,1.51,2.52,Bet365
2425,E0,2025-04-02,Man City,Leicester,2,0,H,0.7971548286814895,Bet365,-2.0,1.95,Bet365,2.5,1.38,2.99,Bet365
2425,E0,2025-04-02,Southampton,Crystal Palace,1,1,A,0.588742485558391,Bet365,-1.0,2.06,Bet365,2.5,1.78,2.03,Bet365
2425,E0,2025-04-03,Chelsea,Tottenham,1,0,H,0.5802797984187269,Bet365,-1.0,2.07,Bet365,2.5,1.39,2.92,Bet365
2425,F1,2025-04-04,Nice,Nantes,1,2,H,0.6321259799811518,Bet365,-1.0,1.85,Bet365,2.5,1.76,2.08,Bet365
2425,SP1,2025-04-05,Girona,Alaves,0,1,H,0.45814118481731103,Bet365,-0.5,2.08,Bet365,2.5,2.13,1.71,Bet365
2425,D1,2025-04-05,RB Leipzig,Hoffenheim,3,1,H,0.6186445872490873,Bet365,-1.0,1.93,Bet365,2.5,1.52,2.48,Bet365
2425,E0,2025-04-05,Ipswich,Wolves,1,2,A,0.36034995709737694,Bet365,-0.0,1.9,Bet365,2.5,2.07,1.75,Bet365
2425,SP1,2025-04-05,Real Madrid,Valencia,1,2,H,0.7317509880559863,Bet365,-1.5,1.9,Bet365,2.5,1.51,2.52,Bet365
2425,F1,2025-04-05,Paris SG,Angers,1,0,H,0.8417837590644804,Bet365,-2.5,2.0,Bet365,2.5,1.23,3.89,Bet365
2425,I1,2025-04-05,Parma,Inter,2,2,A,0.638488908098859,Bet365,-1.0,1.84,Bet365,2.5,1.7,2.14,Bet365
2425,D1,2025-04-05,Werder Bremen,Ein Frankfurt,2,0,A,0.3795525504467836,Bet365,-0.0,1.91,Bet365,2.5,1.53,2.44,Bet365
2425,E0,2025-04-05,Aston Villa,Nott'm Forest,2,1,H,0.4800409525739333,Bet365,-0.5,2.02,Bet365,2.5,1.78,2.05,Bet365
2425,SP1,2025-04-05,Mallorca,Celta,1,2,H,0.3561678739125687,Bet365,0.0,1.87,Bet365,2.5,2.34,1.59,Bet365
2425,F1,2025-04-05,Brest,Monaco,2,1,A,0.4920891809830737,Bet365,-0.5,1.95,Bet365,2.5,1.64,2.26,Bet365
2425,I1,2025-04-05,Milan,Fiorentina,2,2,H,0.5001007957740944,Bet365,-0.5,1.92,Bet365,2.5,1.75,2.08,Bet365
2425,SP1,2025-04-05,Barcelona,Betis,1,1,H,0.6966284389836204,Bet365,-1.5,2.0,Bet365,2.5,1.35,3.08,Bet365
2425,E0,2025-04-06,Fulham,Liverpool,3,2,A,0.5150969911086012,Bet365,-0.5,1.86,Bet365,2.5,1.8,2.02,Bet365
2425,E0,2025-04-06,Tottenham,Southampton,3,1,H,0.6865760377016495,Bet365,-1.5,2.04,Bet365,2.5,1.38,2.97,Bet365
2425,F1,2025-04-06,Lens,St Etienne,1,0,H,0.6116606923456915,Bet365,-1.0,1.92,Bet365,2.5,1.59,2.34,Bet365
2425,I1,2025-04-06,Empoli,Cagliari,0,0,H,0.3743614258686836,Bet365,0.0,1.7,Bet365,2.5,2.16,1.69,Bet365
2425,D1,2025-04-06,St Pauli,M'gladbach,1,1,H,0.3814408205785719,Bet365,0.0,1.82,Bet365,2.5,1.84,1.97,Bet365
2425,F1,2025-04-06,Rennes,Auxerre,0,1,H,0.516160639893351,Bet365,-0.5,1.87,Bet365,2.5,1.87,1.94,Bet365
2425,SP1,2025-04-06,Valladolid,Getafe,0,4,A,0.4939083427464903,Bet365,-0.5,1.89,Bet365,2.5,2.76,1.43,Bet365
2425,I1,2025-04-06,Roma,Juventus,1,1,H,0.3793908837943518,Bet365,0.0,1.79,Bet365,2.5,2.2,1.67,Bet365
2425,I1,2025-04-07,Bologna,Napoli,1,1,A,0.36068131582368995,Bet365,-0.0,1.85,Bet365,2.5,2.45,1.54,Bet365
2425,SP1,2025-04-07,Leganes,Osasuna,1,1,H,0.35142965108955787,Bet365,0.0,1.9,Bet365,2.5,2.3,1.61,Bet365
2425,F1,2025-04-11,Lens,Reims,0,2,H,0.6192262602579132,Bet365,-1.0,1.92,Bet365,2.5,1.8,2.02,Bet365
2425,I1,2025-04-11,Udinese,Milan,0,4,A,0.491339452073701,Bet365,-0.5,1.97,Bet365,2.5,1.86,1.98,Bet365
2425,E0,2025-04-12,Man City,Crystal Palace,5,2,H,0.6364360491579426,Bet365,-1.0,1.84,Bet365,2.5,1.53,2.48,Bet365
2425,D1,2025-04-12,Bochum,Augsburg,1,2,H,0.38687670751385983,Bet365,0.0,1.82,Bet365,2.5,1.99,1.84,Bet365
2425,D1,2025-04-12,Hoffenheim,Mainz,2,0,A,0.3673446580241394,Bet365,-0.0,1.91,Bet365,2.5,1.74,2.1,Bet365
2425,D1,2025-04-12,Leverkusen,Union Berlin,0,0,H,0.7153371792321463,Bet365,-1.5,2.01,Bet365,2.5,1.61,2.31,Bet365
2425,E0,2025-04-12,Brighton,Leicester,2,2,H,0.7511542200608383,Bet365,-1.5,1.78,Bet365,2.5,1.61,2.33,Bet365
2425,E0,2025-04-12,Southampton,Aston Villa,0,3,A,0.6153789288222465,Bet365,-1.0,1.93,Bet365,2.5,1.59,2.37,Bet365
2425,F1,2025-04-12,Monaco,Marseille,3,0,H,0.46960135559548327,Bet365,-0.5,2.05,Bet365,2.5,1.51,2.5,Bet365
2425,I1,2025-04-12,Inter,Cagliari,3,1,H,0.7149531453167736,Bet365,-1.5,2.04,Bet365,2.5,1.72,2.13,Bet365
2425,E0,2025-04-12,Arsenal,Brentford,1,1,H,0.5924332727306606,Bet365,-1.0,2.1,Bet365,2.5,1.77,2.06,Bet365
2425,F1,2025-04-12,Toulouse,Lille,1,2,A,0.3750683322872589,Bet365,-0.0,1.84,Bet365,2.5,2.14,1.71,Bet365
2425,I1,2025-04-12,Juventus,Lecce,2,1,H,0.712929360214891,Bet365,-1.5,2.03,Bet365,2.5,1.91,1.91,Bet365
2425,SP1,2025-04-12,Leganes,Barcelona,0,1,A,0.7265827829403132,Bet365,-1.5,1.91,Bet365,2.5,1.43,2.74,Bet365
2425,F1,2025-04-12,Strasbourg,Nice,2,2,H,0.3739228715942703,Bet365,0.0,1.84,Bet365,2.5,1.81,2.02,Bet365
2425,I1,2025-04-13,Atalanta,Bologna,2,0,H,0.47805810452490954,Bet365,-0.5,2.04,Bet365,2.5,2.0,1.82,Bet365
2425,E0,2025-04-13,Liverpool,West Ham,2,1,H,0.736225653913561,Bet365,-1.5,1.88,Bet365,2.5,1.52,2.51,Bet365
2425,I1,2025-04-13,Verona,Genoa,0,0,A,0.3545733327881588,Bet365,-0.0,1.83,Bet365,2.5,2.7,1.45,Bet365
2425,F1,2025-04-13,Angers,Montpellier,2,0,H,0.49220338983050843,Bet365,-0.5,1.95,Bet365,2.5,1.88,1.94,Bet365
2425,I1,2025-04-13,Como,Torino,1,0,H,0.49482102690844465,Bet365,-0.5,1.93,Bet365,2.5,2.12,1.72,Bet365
2425,F1,2025-04-13,Auxerre,Lyon,1,3,A,0.47146911794327157,Bet365,-0.5,2.04,Bet365,2.5,1.6,2.33,Bet365
2425,I1,2025-04-13,Lazio,Roma,1,1,A,0.36613568367429444,Bet365,-0.0,1.86,Bet365,2.5,2.12,1.73,Bet365
2425,I1,2025-04-14,Napoli,Empoli,3,0,H,0.7166705965574158,Bet365,-1.5,2.06,Bet365,2.5,1.89,1.92,Bet365
2425,SP1,2025-04-18,Espanol,Getafe,1,0,H,0.3401440840083031,Bet365,0.0,1.87,Bet365,2.5,2.94,1.39,Bet365
2425,I1,2025-04-19,Lecce,Como,0,3,A,0.4590786430939063,Bet365,-0.5,2.06,Bet365,2.5,2.09,1.75,Bet365
2425,D1,2025-04-19,Freiburg,Hoffenheim,3,2,H,0.49080650141762355,Bet365,-0.5,1.97,Bet365,2.5,1.74,2.1,Bet365
2425,D1,2025-04-19,Mainz,Wolfsburg,2,2,H,0.4704415421296111,Bet365,-0.5,2.06,Bet365,2.5,1.79,2.02,Bet365
2425,D1,2025-04-19,RB Leipzig,Holstein Kiel,1,1,H,0.7265607447103042,Bet365,-1.5,1.88,Bet365,2.5,1.39,2.9,Bet365
2425,E0,2025-04-19,Brentford,Brighton,4,2,H,0.3819058067549565,Bet365,0.0,1.85,Bet365,2.5,1.59,2.37,Bet365
2425,E0,2025-04-19,Crystal Palace,Bournemouth,0,0,H,0.3756923950952388,Bet365,0.0,1.88,Bet365,2.5,1.78,2.04,Bet365
2425,E0,2025-04-19,Everton,Man City,0,2,A,0.4871452655240236,Bet365,-0.5,1.97,Bet365,2.5,1.83,2.0,Bet365
2425,E0,2025-04-19,West Ham,Southampton,1,1,H,0.6397072650565361,Bet365,-1.0,1.82,Bet365,2.5,1.68,2.19,Bet365
2425,F1,2025-04-19,Paris SG,Le Havre,2,1,H,0.8450959777521536,Bet365,-2.5,2.05,Bet365,2.5,1.23,3.98,Bet365
2425,I1,2025-04-19,Monza,Napoli,0,1,A,0.7532561920244812,Bet365,-1.5,1.9,Bet365,2.5,1.82,2.01,Bet365
2425,D1,2025-04-19,Union Berlin,Stuttgart,4,4,A,0.3837686061166861,Bet365,-0.0,1.82,Bet365,2.5,1.78,2.05,Bet365
2425,SP1,2025-04-19,Mallorca,Leganes,0,0,H,0.5055192236953896,Bet365,-0.5,1.9,Bet365,2.5,2.54,1.51,Bet365
2425,F1,2025-04-19,Monaco,Strasbourg,0,0,H,0.607444532921136,Bet365,-1.0,1.93,Bet365,2.5,1.42,2.77,Bet365
2425,SP1,2025-04-19,Las Palmas,Ath Madrid,1,0,A,0.60943702634428,Bet365,-1.0,2.0,Bet365,2.5,1.8,2.02,Bet365
2425,F1,2025-04-19,Marseille,Montpellier,5,1,H,0.7869671403197158,Bet365,-2.0,2.01,Bet365,2.5,1.39,2.87,Bet365
2425,SP1,2025-04-20,Valladolid,Osasuna,2,3,A,0.5164997073003887,Bet365,-0.5,1.87,Bet365,2.5,2.05,1.77,Bet365
2425,E0,2025-04-20,Man United,Wolves,0,1,H,0.4770324096627217,Bet365,-0.5,2.02,Bet365,2.5,1.93,1.89,Bet365
2425,F1,2025-04-20,Lille,Auxerre,3,1,H,0.632322902197892,Bet365,-1.0,1.87,Bet365,2.5,1.87,1.95,Bet365
2425,D1,2025-04-20,Augsburg,Ein Frankfurt,0,0,H,0.3681361175560712,Bet365,0.0,1.89,Bet365,2.5,1.88,1.93,Bet365
2425,SP1,2025-04-20,Sevilla,Alaves,1,1,H,0.4599250936329588,Bet365,-0.5,2.07,Bet365,2.5,2.67,1.46,Bet365
2425,F1,2025-04-20,St Etienne,Lyon,2,1,A,0.58820902188477,Bet365,-1.0,2.03,Bet365,2.5,1.42,2.77,Bet365
2425,I1,2025-04-20,Milan,Atalanta,0,1,H,0.3750735614974119,Bet365,0.0,1.89,Bet365,2.5,1.67,2.2,Bet365
2425,E0,2025-04-21,Tottenham,Nott'm Forest,1,2,H,0.38545454545454544,Bet365,0.0,1.87,Bet365,2.5,1.58,2.38,Bet365
2425,SP1,2025-04-21,Girona,Betis,1,3,A,0.38250104658812273,Bet365,-0.0,1.82,Bet365,2.5,1.99,1.82,Bet365
2425,SP1,2025-04-22,Valencia,Espanol,1,1,H,0.482571156698665,Bet365,-0.5,2.0,Bet365,2.5,2.18,1.69,Bet365
2425,E0,2025-04-22,Man City,Aston Villa,2,1,H,0.5191021983062922,Bet365,-0.5,1.85,Bet365,2.5,1.51,2.56,Bet365
2425,SP1,2025-04-23,Celta,Villarreal,3,0,H,0.37753654178973833,Bet365,0.0,1.85,Bet365,2.5,1.68,2.18,Bet365
2425,SP1,2025-04-24,Leganes,Girona,1,1,H,0.3446721361635464,Bet365,0.0,1.95,Bet365,2.5,2.25,1.64,Bet365
2425,SP1,2025-04-24,Ath Madrid,Vallecano,3,0,H,0.6129589308506644,Bet365,-1.0,1.98,Bet365,2.5,2.02,1.81,Bet365
2425,SP1,2025-04-24,Betis,Valladolid,5,1,H,0.8006358911647814,Bet365,-2.0,1.98,Bet365,2.5,1.46,2.64,Bet365
2425,E0,2025-04-26,Chelsea,Everton,1,0,H,0.6043762688923979,Bet365,-1.0,2.01,Bet365,2.5,1.85,1.97,Bet365
2425,D1,2025-04-26,Bayern Munich,Mainz,3,0,H,0.7820181612858315,Bet365,-2.0,2.02,Bet365,2.5,1.32,3.29,Bet365
2425,E0,2025-04-26,Newcastle,Ipswich,3,0,H,0.8116240416972038,Bet365,-2.0,1.85,Bet365,2.5,1.34,3.18,Bet365
2425,E0,2025-04-26,Southampton,Fulham,1,2,A,0.5826685934753577,Bet365,-1.0,2.09,Bet365,2.5,1.71,2.13,Bet365
2425,E0,2025-04-26,Wolves,Leicester,3,0,H,0.6302245465487901,Bet365,-1.0,1.87,Bet365,2.5,1.75,2.09,Bet365
2425,F1,2025-04-26,Strasbourg,St Etienne,3,1,H,0.5865470852017937,Bet365,-1.0,2.04,Bet365,2.5,1.52,2.47,Bet365
2425,I1,2025-04-27,Como,Genoa,1,0,H,0.5147421358840351,Bet365,-0.5,1.87,Bet365,2.5,2.2,1.67,Bet365
2425,F1,2025-04-27,Angers,Lille,0,2,A,0.6008744231236337,Bet365,-1.0,2.05,Bet365,2.5,1.97,1.85,Bet365
2425,I1,2025-04-27,Fiorentina,Empoli,2,1,H,0.5226537896283855,Bet365,-0.5,1.84,Bet365,2.5,2.19,1.68,Bet365
2425,F1,2025-04-27,Lens,Auxerre,0,4,H,0.5957446808510639,Bet365,-1.0,2.0,Bet365,2.5,1.66,2.22,Bet365
2425,F1,2025-04-27,Nantes,Toulouse,0,0,A,0.3872113676731793,Bet365,-0.0,1.81,Bet365,2.5,2.0,1.82,Bet365
2425,D1,2025-04-27,Werder Bremen,St Pauli,0,0,H,0.5000587800037343,Bet365,-0.5,1.92,Bet365,2.5,1.83,1.99,Bet365
2425,I1,2025-04-27,Juventus,Monza,2,0,H,0.8044811273692869,Bet365,-2.0,2.04,Bet365,2.5,1.55,2.43,Bet365
2425,F1,2025-04-27,Marseille,Brest,4,1,H,0.6351800998449079,Bet365,-1.0,1.83,Bet365,2.5,1.53,2.45,Bet365
2425,I1,2025-04-28,Udinese,Bologna,0,0,A,0.5110371094139464,Bet365,-0.5,1.87,Bet365,2.5,2.26,1.64,Bet365
2425,I1,2025-04-28,Lazio,Parma,2,2,H,0.6297568704229076,Bet365,-1.0,1.89,Bet365,2.5,1.74,2.09,Bet365
2425,D1,2025-05-03,RB Leipzig,Bayern Munich,3,3,A,0.5800066143361496,Bet365,-1.0,2.07,Bet365,2.5,1.34,3.17,Bet365
2425,D1,2025-05-03,St Pauli,Stuttgart,0,1,A,0.36993455701206246,Bet365,-0.0,1.9,Bet365,2.5,1.83,2.0,Bet365
2425,D1,2025-05-03,Union Berlin,Werder Bremen,2,2,A,0.3717866734876583,Bet365,-0.0,1.85,Bet365,2.5,1.86,1.96,Bet365
2425,E0,2025-05-03,Everton,Ipswich,2,2,H,0.6485035095655726,Bet365,-1.0,1.82,Bet365,2.5,1.89,1.93,Bet365
2425,SP1,2025-05-03,Villarreal,Osasuna,4,2,H,0.6184682994801436,Bet365,-1.0,1.91,Bet365,2.5,1.63,2.27,Bet365
2425,F1,2025-05-03,Strasbourg,Paris SG,2,1,H,0.3893168020322313,Bet365,0.0,1.88,Bet365,2.5,1.44,2.7,Bet365
2425,I1,2025-05-03,Lecce,Napoli,0,1,A,0.621663305255665,Bet365,-1.0,1.97,Bet365,2.5,2.01,1.81,Bet365
2425,D1,2025-05-03,Dortmund,Wolfsburg,4,0,H,0.7210144927536232,Bet365,-1.5,1.86,Bet365,2.5,1.31,3.35,Bet365
2425,SP1,2025-05-03,Las Palmas,Valencia,2,3,H,0.367084683669156,Bet365,0.0,1.91,Bet365,2.5,2.02,1.8,Bet365
2425,I1,2025-05-03,Inter,Verona,1,0,H,0.7128543935584247,Bet365,-1.5,2.03,Bet365,2.5,1.84,1.98,Bet365
2425,F1,2025-05-03,St Etienne,Monaco,1,3,A,0.676397498566318,Bet365,-1.5,2.05,Bet365,2.5,1.31,3.33,Bet365
2425,I1,2025-05-04,Empoli,Lazio,0,1,A,0.5223221863860126,Bet365,-0.5,1.84,Bet365,2.5,2.01,1.81,Bet365
2425,SP1,2025-05-04,Real Madrid,Celta,3,2,H,0.7000533420869065,Bet365,-1.5,1.98,Bet365,2.5,1.34,3.16,Bet365
2425,F1,2025-05-04,Nantes,Angers,0,1,H,0.4989031091182923,Bet365,-0.5,1.92,Bet365,2.5,2.11,1.73,Bet365
2425,D1,2025-05-04,Augsburg,Holstein Kiel,1,3,H,0.5171149144254279,Bet365,-0.5,1.86,Bet365,2.5,1.81,2.01,Bet365
2425,F1,2025-05-04,Brest,Montpellier,1,0,H,0.6959495309739223,Bet365,-1.5,2.06,Bet365,2.5,1.56,2.42,Bet365
2425,F1,2025-05-04,Lyon,Lens,1,2,H,0.6154449078028438,Bet365,-1.0,1.89,Bet365,2.5,1.5,2.55,Bet365
2425,SP1,2025-05-05,Girona,Mallorca,1,0,H,0.4700210037027146,Bet365,-0.5,2.05,Bet365,2.5,2.41,1.56,Bet365
2425,SP1,2025-05-10,Valencia,Getafe,3,0,H,0.4643777411786753,Bet365,-0.5,2.06,Bet365,2.5,2.59,1.49,Bet365
2425,E0,2025-05-10,Fulham,Everton,1,3,H,0.5103001706990007,Bet365,-0.5,1.89,Bet365,2.5,2.04,1.79,Bet365
2425,E0,2025-05-10,Ipswich,Brentford,0,1,A,0.5790839822490162,Bet365,-1.0,2.03,Bet365,2.5,1.51,2.52,Bet365
2425,E0,2025-05-10,Southampton,Man City,0,0,A,0.802569944510042,Bet365,-2.0,1.92,Bet365,2.5,1.33,3.22,Bet365
2425,E0,2025-05-10,Wolves,Brighton,0,2,A,0.3756021743698728,Bet365,-0.0,1.88,Bet365,2.5,1.73,2.12,Bet365
2425,SP1,2025-05-10,Celta,Sevilla,3,2,H,0.5203836930455635,Bet365,-0.5,1.84,Bet365,2.5,2.01,1.81,Bet365
2425,E0,2025-05-10,Bournemouth,Aston Villa,0,1,H,0.38913232637357914,Bet365,0.0,1.83,Bet365,2.5,1.61,2.33,Bet365
2425,SP1,2025-05-10,Mallorca,Valladolid,2,1,H,0.7130616880609014,Bet365,-1.5,2.07,Bet365,2.5,1.96,1.85,Bet365
2425,F1,2025-05-10,Auxerre,Nantes,1,1,A,0.3932183912632322,Bet365,-0.0,1.82,Bet365,2.5,1.88,1.93,Bet365
2425,F1,2025-05-10,Le Havre,Marseille,1,3,A,0.6316925025210478,Bet365,-1.0,1.82,Bet365,2.5,1.57,2.37,Bet365
2425,F1,2025-05-10,Monaco,Lyon,2,0,H,0.5206904329136427,Bet365,-0.5,1.86,Bet365,2.5,1.4,2.85,Bet365
2425,F1,2025-05-10,Montpellier,Paris SG,1,4,A,0.7679863207457082,Bet365,-2.0,2.06,Bet365,2.5,1.28,3.48,Bet365
2425,F1,2025-05-10,Rennes,Nice,2,0,A,0.4788550603598817,Bet365,-0.5,2.01,Bet365,2.5,1.7,2.14,Bet365
2425,I1,2025-05-11,Udinese,Monza,1,2,H,0.6418992231239963,Bet365,-1.0,1.83,Bet365,2.5,1.85,1.97,Bet365
2425,E0,2025-05-11,Man United,West Ham,0,2,H,0.4956790381163112,Bet365,-0.5,1.93,Bet365,2.5,1.76,2.07,Bet365
2425,E0,2025-05-11,Nott'm Forest,Leicester,2,2,H,0.7144456751158742,Bet365,-1.5,2.04,Bet365,2.5,1.66,2.22,Bet365
2425,E0,2025-05-11,Tottenham,Crystal Palace,0,2,A,0.3812800563005826,Bet365,-0.0,1.89,Bet365,2.5,1.53,2.46,Bet365
2425,D1,2025-05-11,Leverkusen,Dortmund,2,4,A,0.3986468685927662,Bet365,-0.0,1.84,Bet365,2.5,1.47,2.64,Bet365
2425,SP1,2025-05-11,Barcelona,Real Madrid,4,3,H,0.48247098560432783,Bet365,-0.5,1.99,Bet365,2.5,1.32,3.28,Bet365
2425,D1,2025-05-11,Ein Frankfurt,St Pauli,2,2,H,0.6275243642776073,Bet365,-1.0,1.88,Bet365,2.5,1.7,2.14,Bet365
2425,E0,2025-05-11,Liverpool,Arsenal,2,2,H,0.46318775564058584,Bet365,-0.5,2.07,Bet365,2.5,1.71,2.14,Bet365
2425,I1,2025-05-11,Torino,Inter,0,2,A,0.6084364786610544,Bet365,-1.0,2.03,Bet365,2.5,1.95,1.87,Bet365
2425,SP1,2025-05-11,Ath Bilbao,Alaves,1,0,H,0.5045519885002395,Bet365,-0.5,1.9,Bet365,2.5,2.57,1.5,Bet365
2425,D1,2025-05-11,Stuttgart,Augsburg,4,0,H,0.6131593432141089,Bet365,-1.0,1.92,Bet365,2.5,1.52,2.47,Bet365
2425,I1,2025-05-11,Napoli,Genoa,2,2,H,0.7339326367404122,Bet365,-1.5,2.0,Bet365,2.5,2.01,1.81,Bet365
2425,I1,2025-05-12,Atalanta,Roma,2,1,H,0.47652290019556687,Bet365,-0.5,2.0,Bet365,2.5,1.81,2.01,Bet365
2425,SP1,2025-05-14,Villarreal,Leganes,3,0,H,0.7101029282594978,Bet365,-1.5,1.97,Bet365,2.5,1.57,2.39,Bet365
2425,SP1,2025-05-14,Real Madrid,Mallorca,2,1,H,0.6905711550733886,Bet365,-1.5,2.03,Bet365,2.5,1.59,2.36,Bet365
2425,E0,2025-05-16,Aston Villa,Tottenham,2,0,H,0.7256568834748973,Bet365,-1.5,1.88,Bet365,2.5,1.37,3.06,Bet365
2425,D1,2025-05-17,Dortmund,Holstein Kiel,3,0,H,0.8810945311958337,Bet365,-3.0,2.03,Bet365,2.5,1.13,5.4,Bet365
2425,D1,2025-05-17,RB Leipzig,Stuttgart,2,3,H,0.47774563513508744,Bet365,-0.5,2.02,Bet365,2.5,1.32,3.31,Bet365
2425,F1,2025-05-17,Lens,Monaco,4,0,A,0.5184194443609549,Bet365,-0.5,1.83,Bet365,2.5,1.49,2.56,Bet365
2425,F1,2025-05-17,Lyon,Angers,2,0,H,0.74437135564732,Bet365,-1.5,1.78,Bet365,2.5,1.38,2.91,Bet365
2425,F1,2025-05-17,Nantes,Montpellier,3,0,H,0.6217154334409095,Bet365,-1.0,1.88,Bet365,2.5,1.72,2.12,Bet365
2425,F1,2025-05-17,Paris SG,Auxerre,3,1,H,0.7982478922508233,Bet365,-2.0,1.78,Bet365,2.5,1.27,3.58,Bet365
2425,F1,2025-05-17,St Etienne,Toulouse,2,3,H,0.4676470588235294,Bet365,-0.5,2.0,Bet365,2.5,1.5,2.51,Bet365
2425,F1,2025-05-17,Strasbourg,Le Havre,2,3,H,0.6078998972826595,Bet365,-1.0,1.9,Bet365,2.5,1.48,2.56,Bet365
2425,E0,2025-05-18,West Ham,Nott'm Forest,1,2,A,0.3776878520987067,Bet365,-0.0,1.88,Bet365,2.5,1.94,1.89,Bet365
2425,E0,2025-05-18,Brentford,Fulham,2,3,H,0.49380482951976135,Bet365,-0.5,1.95,Bet365,2.5,1.61,2.32,Bet365
2425,E0,2025-05-18,Arsenal,Newcastle,1,0,H,0.4754813698502644,Bet365,-0.5,2.01,Bet365,2.5,1.77,2.06,Bet365
2425,SP1,2025-05-18,Ath Madrid,Betis,4,1,H,0.4871753920848373,Bet365,-0.5,1.93,Bet365,2.5,1.76,2.08,Bet365
2425,SP1,2025-05-18,Barcelona,Villarreal,2,3,H,0.5139318885448917,Bet365,-0.5,1.85,Bet365,2.5,1.35,3.15,Bet365
2425,SP1,2025-05-18,Mallorca,Getafe,1,2,H,0.47364226346350913,Bet365,-0.5,2.03,Bet365,2.5,2.67,1.46,Bet365
2425,SP1,2025-05-18,Osasuna,Espanol,2,0,H,0.5196006675059285,Bet365,-0.5,1.83,Bet365,2.5,2.09,1.75,Bet365
2425,I1,2025-05-18,Cagliari,Venezia,3,0,H,0.3688066992323796,Bet365,0.0,1.78,Bet365,2.5,2.16,1.7,Bet365
2425,I1,2025-05-18,Fiorentina,Bologna,3,2,A,0.3512556748210679,Bet365,-0.0,1.92,Bet365,2.5,2.29,1.63,Bet365
2425,I1,2025-05-18,Lecce,Torino,1,0,H,0.5111404609390477,Bet365,-0.5,1.87,Bet365,2.5,2.29,1.62,Bet365
2425,I1,2025-05-18,Parma,Napoli,0,0,A,0.6237233842095345,Bet365,-1.0,1.91,Bet365,2.5,1.93,1.89,Bet365
2425,E0,2025-05-19,Brighton,Liverpool,3,2,A,0.38769603605828595,Bet365,-0.0,1.9,Bet365,2.5,1.45,2.7,Bet365
2425,E0,2025-05-20,Man City,Bournemouth,3,1,H,0.6150015275745842,Bet365,-1.0,1.91,Bet365,2.5,1.51,2.52,Bet365
2425,I1,2025-05-23,Napoli,Cagliari,2,0,H,0.7985929171207575,Bet365,-2.0,2.05,Bet365,2.5,1.52,2.5,Bet365
2425,SP1,2025-05-23,Betis,Valencia,1,1,H,0.4868459946792788,Bet365,-0.5,1.95,Bet365,2.5,1.62,2.31,Bet365
2425,I1,2025-05-24,Bologna,Genoa,1,3,H,0.634850543478261,Bet365,-1.0,1.83,Bet365,2.5,1.72,2.13,Bet365
2425,SP1,2025-05-24,Leganes,Valladolid,3,0,H,0.7225600762440718,Bet365,-1.5,1.95,Bet365,2.5,1.68,2.2,Bet365
2425,I1,2025-05-24,Milan,Monza,2,0,H,0.7803692541051276,Bet365,-2.0,2.0,Bet365,2.5,1.31,3.31,Bet365
2425,SP1,2025-05-24,Getafe,Celta,1,2,A,0.5127291852522535,Bet365,-0.5,1.85,Bet365,2.5,2.07,1.76,Bet365
2425,SP1,2025-05-24,Vallecano,Mallorca,0,0,H,0.6211130601180035,Bet365,-1.0,1.95,Bet365,2.5,2.14,1.71,Bet365
2425,SP1,2025-05-25,Girona,Ath Madrid,0,4,A,0.4888525799820798,Bet365,-0.5,1.93,Bet365,2.5,1.61,2.32,Bet365
2425,E0,2025-05-25,Bournemouth,Leicester,2,0,H,0.7161486799479593,Bet365,-1.5,1.9,Bet365,2.5,1.46,2.67,Bet365
2425,E0,2025-05-25,Fulham,Man City,0,2,A,0.5921400805387879,Bet365,-1.0,2.0,Bet365,2.5,1.51,2.52,Bet365
2425,E0,2025-05-25,Liverpool,Crystal Palace,1,1,H,0.6797758738138869,Bet365,-1.5,2.0,Bet365,2.5,1.3,3.43,Bet365
2425,E0,2025-05-25,Newcastle,Everton,0,1,H,0.7213823655560191,Bet365,-1.5,1.93,Bet365,2.5,1.5,2.55,Bet365
2425,E0,2025-05-25,Southampton,Arsenal,1,2,A,0.73649784037634,Bet365,-1.5,1.83,Bet365,2.5,1.47,2.64,Bet365
2425,E0,2025-05-25,Wolves,Brentford,1,1,A,0.3932432067367251,Bet365,-0.0,1.83,Bet365,2.5,1.5,2.55,Bet365
2425,I1,2025-05-25,Empoli,Verona,1,2,H,0.48044126038166485,Bet365,-0.5,1.98,Bet365,2.5,2.39,1.57,Bet365
2425,I1,2025-05-25,Lazio,Lecce,0,1,H,0.6099855683836589,Bet365,-1.0,1.9,Bet365,2.5,1.82,2.01,Bet365
2425,I1,2025-05-25,Torino,Roma,0,2,A,0.6057217653355792,Bet365,-1.0,1.98,Bet365,2.5,1.9,1.91,Bet365
2425,I1,2025-05-25,Udinese,Fiorentina,2,3,A,0.47905013947500175,Bet365,-0.5,2.0,Bet365,2.5,1.95,1.87,Bet365
2425,I1,2025-05-25,Venezia,Juventus,2,3,A,0.6121181122989983,Bet365,-1.0,1.95,Bet365,2.5,1.85,1.97,Bet365
