season,division,date,home,away,result,open_h,open_d,open_a,close_h,close_d,close_a,open_source,close_source,fair_h,fair_d,fair_a,overround
1617,E0,2016-08-13,Burnley,Swansea,A,2.4,3.3,3.25,,,,B365H/B365D/B365A,,0.4055587067498582,0.2949517867271696,0.29948950652297224,0.027389277389277433
1617,E0,2016-08-13,Crystal Palace,West Brom,A,2.0,3.3,4.5,,,,B365H/B365D/B365A,,0.4876847290640395,0.29556650246305427,0.21674876847290642,0.025252525252525082
1617,E0,2016-08-13,Everton,Tottenham,D,3.2,3.4,2.4,,,,B365H/B365D/B365A,,0.3053892215568862,0.2874251497005988,0.40718562874251496,0.023284313725490335
1617,E0,2016-08-13,Hull,Leicester,H,4.5,3.6,1.91,,,,B365H/B365D/B365A,,0.21710713270815574,0.2713839158851947,0.5115089514066496,0.023560209424083656
1617,E0,2016-08-13,Man City,Sunderland,H,1.25,6.5,15.0,,,,B365H/B365D/B365A,,0.7839195979899497,0.1507537688442211,0.06532663316582914,0.020512820512820662
1617,E0,2016-08-13,Middlesbrough,Stoke,D,2.38,3.2,3.4,,,,B365H/B365D/B365A,,0.40920716112531963,0.3043478260869565,0.2864450127877238,0.026785714285714413
1617,E0,2016-08-13,Southampton,Watford,D,1.8,3.75,5.0,,,,B365H/B365D/B365A,,0.5434782608695653,0.2608695652173913,0.19565217391304351,0.022222222222222143
1617,E0,2016-08-14,Arsenal,Liverpool,A,2.4,3.5,3.1,,,,B365H/B365D/B365A,,0.40651929561633576,0.2787560884226302,0.3147246159610341,0.024961597542242586
1617,E0,2016-08-14,Bournemouth,Man United,A,4.75,3.6,1.85,,,,B365H/B365D/B365A,,0.20462401106075737,0.26999001459405486,0.5253859743451877,0.028844634107791922
1617,E0,2016-08-15,Chelsea,West Ham,H,1.65,4.0,6.0,,,,B365H/B365D/B365A,,0.5925925925925927,0.24444444444444444,0.16296296296296295,0.022727272727272707
1617,E0,2016-08-19,Man United,Southampton,H,1.53,4.2,7.5,,,,B365H/B365D/B365A,,0.6376389141920205,0.23228274731280743,0.13007833849517217,0.025023342670401405
1617,E0,2016-08-20,Burnley,Liverpool,H,6.5,4.2,1.57,,,,B365H/B365D/B365A,,0.149527200163269,0.23141114310982105,0.6190616567269098,0.02888406710062763
1617,E0,2016-08-20,Leicester,Arsenal,D,2.88,3.6,2.5,,,,B365H/B365D/B365A,,0.33875338753387535,0.2710027100271003,0.39024390243902446,0.02499999999999991
1617,E0,2016-08-20,Stoke,Man City,A,5.5,3.8,1.73,,,,B365H/B365D/B365A,,0.1777285138825056,0.2572386385141528,0.5650328476033415,0.023010758635948925
1617,E0,2016-08-20,Swansea,Hull,A,1.8,3.6,5.25,,,,B365H/B365D/B365A,,0.5426356589147288,0.2713178294573644,0.18604651162790697,0.023809523809523725
1617,E0,2016-08-20,Tottenham,Crystal Palace,H,1.45,4.75,8.0,,,,B365H/B365D/B365A,,0.6727152024784244,0.20535516707236112,0.12192963044921443,0.025181488203266822
1617,E0,2016-08-20,Watford,Chelsea,A,5.5,3.8,1.73,,,,B365H/B365D/B365A,,0.1777285138825056,0.2572386385141528,0.5650328476033415,0.023010758635948925
1617,E0,2016-08-20,West Brom,Everton,A,3.0,3.25,2.6,,,,B365H/B365D/B365A,,0.325,0.30000000000000004,0.375,0.02564102564102555
1617,E0,2016-08-21,Sunderland,Middlesbrough,A,2.55,3.2,3.1,,,,B365H/B365D/B365A,,0.3817587069463152,0.30421396959784486,0.3140273234558399,0.02723750790638846
1617,E0,2016-08-21,West Ham,Bournemouth,H,1.95,3.75,4.0,,,,B365H/B365D/B365A,,0.49813200498132004,0.2590286425902864,0.2428393524283935,0.029487179487179604
1617,E0,2016-08-27,Chelsea,Burnley,H,1.25,5.5,15.0,,,,B365H/B365D/B365A,,0.7630057803468208,0.17341040462427745,0.06358381502890173,0.048484848484848575
1617,E0,2016-08-27,Crystal Palace,Bournemouth,D,2.3,3.2,3.3,,,,B365H/B365D/B365A,,0.41395531164249316,0.2975303802430419,0.2885143081144649,0.05031291172595531
1617,E0,2016-08-27,Everton,Stoke,H,1.73,3.6,5.25,,,,B365H/B365D/B365A,,0.5524619634322796,0.2654886657605121,0.1820493708072083,0.046288650334893156
1617,E0,2016-08-27,Hull,Man United,A,8.0,4.1,1.44,,,,B365H/B365D/B365A,,0.11755336094297547,0.22937241159604974,0.6530742274609749,0.06334688346883466
1617,E0,2016-08-27,Leicester,Swansea,H,1.73,3.6,5.25,,,,B365H/B365D/B365A,,0.5524619634322796,0.2654886657605121,0.1820493708072083,0.046288650334893156
1617,E0,2016-08-27,Southampton,Sunderland,D,1.57,3.6,6.5,,,,B365H/B365D/B365A,,0.5960720381078533,0.2599536388414805,0.14397432305066613,0.0685666067831674
1617,E0,2016-08-27,Tottenham,Liverpool,D,2.38,3.4,3.0,,,,B365H/B365D/B365A,,0.40106951871657753,0.2807486631016043,0.3181818181818181,0.04761904761904767
1617,E0,2016-08-27,Watford,Arsenal,A,5.0,3.75,1.73,,,,B365H/B365D/B365A,,0.1914422722242715,0.2552563629656953,0.5533013648100332,0.044701348747591574
1617,E0,2016-08-28,Man City,West Ham,H,1.25,6.0,11.0,,,,B365H/B365D/B365A,,0.7564469914040115,0.15759312320916904,0.08595988538681948,0.05757575757575761
1617,E0,2016-08-28,West Brom,Middlesbrough,D,2.6,3.1,2.9,,,,B365H/B365D/B365A,,0.36559577063847093,0.3066287108580724,0.3277755185034567,0.052023615983571414
1617,E0,2016-09-10,Arsenal,Southampton,H,1.57,4.2,6.5,,,,B365H/B365D/B365A,,0.61906165672691,0.2314111431098211,0.14952720016326904,0.02888406710062741
1617,E0,2016-09-10,Bournemouth,West Brom,H,2.05,3.25,4.33,,,,B365H/B365D/B365A,,0.47523766104385123,0.2997652938891984,0.2249970450669503,0.02644406795817833
1617,E0,2016-09-10,Burnley,Hull,D,2.45,3.1,3.4,,,,B365H/B365D/B365A,,0.3982618552805592,0.3147553372378613,0.28698280748157945,0.02486155752623631
1617,E0,2016-09-10,Liverpool,Leicester,H,1.7,4.0,5.5,,,,B365H/B365D/B365A,,0.5766710353866318,0.24508519003931847,0.1782437745740498,0.020053475935828846
1617,E0,2016-09-10,Man United,Man City,A,2.38,3.25,3.4,,,,B365H/B365D/B365A,,0.4111321948134092,0.30107526881720426,0.28779253636938645,0.021978021978022122
1617,E0,2016-09-10,Middlesbrough,Crystal Palace,A,2.3,3.2,3.6,,,,B365H/B365D/B365A,,0.42415316642120765,0.304860088365243,0.2709867452135493,0.025060386473430007
1617,E0,2016-09-10,Stoke,Tottenham,A,4.6,3.75,1.85,,,,B365H/B365D/B365A,,0.212172184417769,0.2602645462191299,0.5275632693631012,0.02459851155503312
1617,E0,2016-09-10,West Ham,Watford,A,1.91,3.6,4.5,,,,B365H/B365D/B365A,,0.5115089514066496,0.2713839158851947,0.21710713270815574,0.023560209424083656
1617,E0,2016-09-11,Swansea,Chelsea,D,5.75,4.0,1.67,,,,B365H/B365D/B365A,,0.1700502768408324,0.2444472729586966,0.5855024502004709,0.02271543868784187
1617,E0,2016-09-12,Sunderland,Everton,A,3.8,3.5,2.1,,,,B365H/B365D/B365A,,0.2567237163814181,0.2787286063569682,0.4645476772616137,0.025062656641603898
1617,E0,2016-09-16,Chelsea,Liverpool,A,2.25,3.5,3.4,,,,B365H/B365D/B365A,,0.43391066545123064,0.2789425706472197,0.2871467639015497,0.024276377217553602
1617,E0,2016-09-17,Everton,Middlesbrough,H,1.67,3.8,6.0,,,,B365H/B365D/B365A,,0.5821375682990348,0.25583414185773373,0.16202828984323137,0.02862695661308967
1617,E0,2016-09-17,Hull,Arsenal,A,6.0,4.2,1.6,,,,B365H/B365D/B365A,,0.16184971098265896,0.23121387283236997,0.6069364161849712,0.029761904761904656
1617,E0,2016-09-17,Leicester,Burnley,H,1.5,4.33,8.0,,,,B365H/B365D/B365A,,0.6519243436529595,0.22583984191211068,0.12223581443492991,0.022613548883756662
1617,E0,2016-09-17,Man City,Bournemouth,H,1.29,6.0,12.0,,,,B365H/B365D/B365A,,0.7561436672967865,0.1625708884688091,0.08128544423440455,0.025193798449612226
1617,E0,2016-09-17,West Brom,West Ham,H,2.8,3.2,2.8,,,,B365H/B365D/B365A,,0.34782608695652173,0.3043478260869565,0.34782608695652173,0.026785714285714413
1617,E0,2016-09-18,Crystal Palace,Stoke,H,2.0,3.5,4.2,,,,B365H/B365D/B365A,,0.48837209302325585,0.27906976744186046,0.23255813953488372,0.023809523809523725
1617,E0,2016-09-18,Southampton,Swansea,H,1.7,3.8,5.75,,,,B365H/B365D/B365A,,0.5737166863594592,0.2566627281081791,0.16962058553236184,0.02530623233274998
1617,E0,2016-09-18,Tottenham,Sunderland,H,1.33,5.5,11.0,,,,B365H/B365D/B365A,,0.733822548365577,0.17745163442294865,0.08872581721147432,0.024606971975392966
1617,E0,2016-09-18,Watford,Man United,H,6.0,4.2,1.62,,,,B365H/B365D/B365A,,0.1630716134598792,0.23295944779982744,0.6039689387402933,0.022045855379188684
1617,E0,2016-09-24,Arsenal,Chelsea,H,2.4,3.5,3.1,,,,B365H/B365D/B365A,,0.40651929561633576,0.2787560884226302,0.3147246159610341,0.024961597542242586
1617,E0,2016-09-24,Bournemouth,Everton,H,3.6,3.5,2.15,,,,B365H/B365D/B365A,,0.27005203660506016,0.2777678090794904,0.4521801543154495,0.02860834256183087
1617,E0,2016-09-24,Liverpool,Hull,H,1.22,7.0,15.0,,,,B365H/B365D/B365A,,0.7964199029126214,0.13880461165048544,0.06477548543689321,0.02919594067135045
1617,E0,2016-09-24,Man United,Leicester,H,1.73,3.9,5.25,,,,B365H/B365D/B365A,,0.5639796719414948,0.2501755980663554,0.1858447299921497,0.024921128967371864
1617,E0,2016-09-24,Middlesbrough,Tottenham,A,3.75,3.5,2.1,,,,B365H/B365D/B365A,,0.2592592592592593,0.2777777777777778,0.46296296296296297,0.02857142857142847
1617,E0,2016-09-24,Stoke,West Brom,D,2.38,3.3,3.3,,,,B365H/B365D/B365A,,0.40942928039702237,0.29528535980148884,0.29528535980148884,0.026228673287496784
1617,E0,2016-09-24,Sunderland,Crystal Palace,A,2.88,3.25,2.7,,,,B365H/B365D/B365A,,0.33865925668634944,0.3001042028482112,0.36123654046543935,0.02528490028490027
1617,E0,2016-09-24,Swansea,Man City,A,9.0,5.5,1.36,,,,B365H/B365D/B365A,,0.10806125397284022,0.17682750650101128,0.7151112395261485,0.028223410576351693
1617,E0,2016-09-25,West Ham,Southampton,A,2.8,3.3,2.75,,,,B365H/B365D/B365A,,0.3488372093023256,0.2959830866807611,0.35517970401691334,0.023809523809523725
1617,E0,2016-09-26,Burnley,Watford,H,2.9,3.2,2.7,,,,B365H/B365D/B365A,,0.33553398058252426,0.3040776699029126,0.36038834951456306,0.027697956577267036
1617,E0,2016-09-30,Everton,Crystal Palace,D,1.73,4.0,5.0,,,,B365H/B365D/B365A,,0.5622715771717739,0.2431824571267922,0.1945459657014338,0.028034682080924966
1617,E0,2016-10-01,Hull,Chelsea,A,7.5,4.5,1.5,,,,B365H/B365D/B365A,,0.13043478260869565,0.21739130434782608,0.6521739130434783,0.022222222222222143
1617,E0,2016-10-01,Sunderland,West Brom,D,2.5,3.25,3.2,,,,B365H/B365D/B365A,,0.3920829406220546,0.3016022620169651,0.30631479736098016,0.020192307692307843
1617,E0,2016-10-01,Swansea,Liverpool,A,8.0,4.75,1.45,,,,B365H/B365D/B365A,,0.12192963044921443,0.20535516707236112,0.6727152024784244,0.025181488203266822
1617,E0,2016-10-01,Watford,Bournemouth,D,2.38,3.3,3.3,,,,B365H/B365D/B365A,,0.40942928039702237,0.29528535980148884,0.29528535980148884,0.026228673287496784
1617,E0,2016-10-01,West Ham,Middlesbrough,D,2.25,3.4,3.5,,,,B365H/B365D/B365A,,0.43391066545123064,0.2871467639015497,0.2789425706472197,0.024276377217553602
1617,E0,2016-10-02,Burnley,Arsenal,A,9.0,5.0,1.4,,,,B365H/B365D/B365A,,0.10835913312693499,0.195046439628483,0.6965944272445821,0.025396825396825307
1617,E0,2016-10-02,Leicester,Southampton,D,2.25,3.4,3.5,,,,B365H/B365D/B365A,,0.43391066545123064,0.2871467639015497,0.2789425706472197,0.024276377217553602
1617,E0,2016-10-02,Man United,Stoke,D,1.33,5.75,10.0,,,,B365H/B365D/B365A,,0.7329742821632302,0.1695401383090602,0.09748557952770963,0.0257927427263811
1617,E0,2016-10-02,Tottenham,Man City,H,3.0,3.5,2.5,,,,B365H/B365D/B365A,,0.32710280373831774,0.2803738317757009,0.39252336448598135,0.01904761904761898
1617,E0,2016-10-15,Arsenal,Swansea,H,1.29,6.5,11.0,,,,B365H/B365D/B365A,,0.7600318894499071,0.1508370980600585,0.08913101249003456,0.01994904320485702
1617,E0,2016-10-15,Bournemouth,Hull,H,1.85,3.5,5.0,,,,B365H/B365D/B365A,,0.526711813393529,0.27840481565086533,0.19488337095560576,0.026254826254826114
1617,E0,2016-10-15,Chelsea,Leicester,H,1.57,4.5,6.0,,,,B365H/B365D/B365A,,0.6209037599172128,0.21662642290444978,0.16246981717833733,0.02583156404812459
1617,E0,2016-10-15,Crystal Palace,West Ham,A,2.15,3.5,3.6,,,,B365H/B365D/B365A,,0.4521801543154494,0.27776780907949034,0.2700520366050601,0.02860834256183109
1617,E0,2016-10-15,Man City,Everton,D,1.5,4.75,7.0,,,,B365H/B365D/B365A,,0.6535626535626535,0.20638820638820637,0.14004914004914004,0.020050125313283207
1617,E0,2016-10-15,Stoke,Sunderland,H,2.0,3.6,4.0,,,,B365H/B365D/B365A,,0.4864864864864865,0.2702702702702703,0.24324324324324326,0.02777777777777768
1617,E0,2016-10-15,West Brom,Tottenham,D,5.5,3.8,1.73,,,,B365H/B365D/B365A,,0.1777285138825056,0.2572386385141528,0.5650328476033415,0.023010758635948925
1617,E0,2016-10-16,Middlesbrough,Watford,A,2.25,3.3,3.6,,,,B365H/B365D/B365A,,0.43349753694581283,0.29556650246305427,0.27093596059113306,0.025252525252525082
1617,E0,2016-10-16,Southampton,Burnley,H,1.4,4.8,9.5,,,,B365H/B365D/B365A,,0.6949100883876866,0.20268210911307527,0.10240780249923802,0.02788220551378462
1617,E0,2016-10-17,Liverpool,Man United,D,2.2,3.5,3.5,,,,B365H/B365D/B365A,,0.4430379746835444,0.2784810126582279,0.2784810126582279,0.02597402597402576
1617,E0,2016-10-22,Arsenal,Middlesbrough,D,1.25,6.5,15.0,,,,B365H/B365D/B365A,,0.7839195979899497,0.1507537688442211,0.06532663316582914,0.020512820512820662
1617,E0,2016-10-22,Bournemouth,Tottenham,D,4.2,3.6,1.95,,,,B365H/B365D/B365A,,0.2314540059347181,0.2700296735905045,0.49851632047477756,0.02869352869352859
1617,E0,2016-10-22,Burnley,Everton,H,6.0,3.8,1.67,,,,B365H/B365D/B365A,,0.16202828984323137,0.25583414185773373,0.5821375682990348,0.02862695661308967
1617,E0,2016-10-22,Hull,Stoke,A,3.1,3.3,2.5,,,,B365H/B365D/B365A,,0.3145253526496378,0.2954632100648113,0.39001143728555093,0.025610948191593375
1617,E0,2016-10-22,Leicester,Crystal Palace,H,2.05,3.5,3.9,,,,B365H/B365D/B365A,,0.4736294240111034,0.27741151977793194,0.24895905621096462,0.029929420173322674
1617,E0,2016-10-22,Liverpool,West Brom,H,1.29,6.0,13.0,,,,B365H/B365D/B365A,,0.7609013754755634,0.16359379572724614,0.07550482879719053,0.01878354203935584
1617,E0,2016-10-22,Swansea,Watford,D,2.38,3.3,3.3,,,,B365H/B365D/B365A,,0.40942928039702237,0.29528535980148884,0.29528535980148884,0.026228673287496784
1617,E0,2016-10-22,West Ham,Sunderland,H,1.67,4.0,5.75,,,,B365H/B365D/B365A,,0.5855024502004709,0.2444472729586966,0.1700502768408324,0.02271543868784187
1617,E0,2016-10-23,Chelsea,Man United,H,2.15,3.4,3.8,,,,B365H/B365D/B365A,,0.45492957746478874,0.2876760563380282,0.2573943661971831,0.02239182086543301
1617,E0,2016-10-23,Man City,Southampton,D,1.5,4.5,7.5,,,,B365H/B365D/B365A,,0.6521739130434783,0.21739130434782608,0.13043478260869565,0.022222222222222143
1617,E0,2016-10-29,Crystal Palace,Liverpool,A,5.25,4.0,1.7,,,,B365H/B365D/B365A,,0.18515997277059223,0.24302246426140234,0.5718175629680056,0.028711484593837433
1617,E0,2016-10-29,Man United,Burnley,D,1.2,7.0,19.0,,,,B365H/B365D/B365A,,0.8099878197320342,0.13885505481120583,0.051157125456760044,0.028822055137844638
1617,E0,2016-10-29,Middlesbrough,Bournemouth,H,2.5,3.2,3.2,,,,B365H/B365D/B365A,,0.39024390243902446,0.30487804878048785,0.30487804878048785,0.02499999999999991
1617,E0,2016-10-29,Sunderland,Arsenal,A,9.0,5.0,1.4,,,,B365H/B365D/B365A,,0.10835913312693499,0.195046439628483,0.6965944272445821,0.025396825396825307
1617,E0,2016-10-29,Tottenham,Leicester,D,1.62,4.2,6.0,,,,B365H/B365D/B365A,,0.6039689387402933,0.23295944779982744,0.1630716134598792,0.022045855379188684
1617,E0,2016-10-29,Watford,Hull,H,1.75,3.75,5.25,,,,B365H/B365D/B365A,,0.5555555555555556,0.2592592592592593,0.1851851851851852,0.02857142857142847
1617,E0,2016-10-29,West Brom,Man City,A,8.0,4.75,1.44,,,,B365H/B365D/B365A,,0.1213626685592619,0.20440028388928316,0.674237047551455,0.029970760233918092
1617,E0,2016-10-30,Everton,West Ham,H,1.8,3.8,4.75,,,,B365H/B365D/B365A,,0.5397727272727273,0.2556818181818182,0.20454545454545456,0.029239766081871288
1617,E0,2016-10-30,Southampton,Chelsea,A,3.2,3.4,2.4,,,,B365H/B365D/B365A,,0.3053892215568862,0.2874251497005988,0.40718562874251496,0.023284313725490335
1617,E0,2016-10-31,Stoke,Swansea,H,2.05,3.6,3.8,,,,B365H/B365D/B365A,,0.4741767764298094,0.27001733102253034,0.2558058925476603,0.028740550563400413
1617,E0,2016-11-05,Bournemouth,Sunderland,A,1.65,4.2,5.5,,,,B365H/B365D/B365A,,0.5907172995780591,0.2320675105485232,0.17721518987341772,0.025974025974025983
1617,E0,2016-11-05,Burnley,Crystal Palace,H,3.3,3.3,2.38,,,,B365H/B365D/B365A,,0.29528535980148884,0.29528535980148884,0.40942928039702237,0.026228673287496784
1617,E0,2016-11-05,Chelsea,Everton,H,1.53,4.33,7.0,,,,B365H/B365D/B365A,,0.6361646262244228,0.2247879626150963,0.13904741116048097,0.0273987963160629
1617,E0,2016-11-05,Man City,Middlesbrough,D,1.22,7.0,15.0,,,,B365H/B365D/B365A,,0.7964199029126214,0.13880461165048544,0.06477548543689321,0.02919594067135045
1617,E0,2016-11-05,West Ham,Stoke,D,2.0,3.6,4.0,,,,B365H/B365D/B365A,,0.4864864864864865,0.2702702702702703,0.24324324324324326,0.02777777777777768
1617,E0,2016-11-06,Arsenal,Tottenham,D,1.95,3.6,4.2,,,,B365H/B365D/B365A,,0.49851632047477745,0.27002967359050445,0.23145400593471807,0.028693528693528814
1617,E0,2016-11-06,Hull,Southampton,H,5.75,3.8,1.7,,,,B365H/B365D/B365A,,0.16962058553236184,0.2566627281081791,0.5737166863594592,0.02530623233274998
1617,E0,2016-11-06,Leicester,West Brom,A,1.8,3.6,5.25,,,,B365H/B365D/B365A,,0.5426356589147288,0.2713178294573644,0.18604651162790697,0.023809523809523725
1617,E0,2016-11-06,Liverpool,Watford,H,1.29,6.0,12.0,,,,B365H/B365D/B365A,,0.7561436672967865,0.1625708884688091,0.08128544423440455,0.025193798449612226
1617,E0,2016-11-06,Swansea,Man United,A,5.0,4.0,1.73,,,,B365H/B365D/B365A,,0.1945459657014338,0.2431824571267922,0.5622715771717739,0.028034682080924966
1617,E0,2016-11-19,Crystal Palace,Man City,A,6.5,4.5,1.53,,,,B365H/B365D/B365A,,0.14941406250000003,0.2158203125,0.6347656250000001,0.02966314731020603
1617,E0,2016-11-19,Everton,Swansea,D,1.6,4.33,6.0,,,,B365H/B365D/B365A,,0.6111790721746495,0.22583984191211068,0.16298108591323987,0.022613548883756662
1617,E0,2016-11-19,Man United,Arsenal,D,2.6,3.4,2.9,,,,B365H/B365D/B365A,,0.3757621951219512,0.28734756097560976,0.33689024390243905,0.02356061788110475
1617,E0,2016-11-19,Southampton,Liverpool,D,3.4,3.6,2.2,,,,B365H/B365D/B365A,,0.2865412445730825,0.2706222865412446,0.4428364688856729,0.02644087938205586
1617,E0,2016-11-19,Stoke,Bournemouth,A,2.3,3.4,3.4,,,,B365H/B365D/B365A,,0.425,0.2875,0.2875,0.023017902813299296
1617,E0,2016-11-19,Sunderland,Hull,H,2.15,3.4,3.8,,,,B365H/B365D/B365A,,0.45492957746478874,0.2876760563380282,0.2573943661971831,0.02239182086543301
1617,E0,2016-11-19,Tottenham,West Ham,H,1.5,4.5,7.5,,,,B365H/B365D/B365A,,0.6521739130434783,0.21739130434782608,0.13043478260869565,0.022222222222222143
1617,E0,2016-11-19,Watford,Leicester,H,2.8,3.3,2.75,,,,B365H/B365D/B365A,,0.3488372093023256,0.2959830866807611,0.35517970401691334,0.023809523809523725
1617,E0,2016-11-20,Middlesbrough,Chelsea,A,7.0,4.0,1.57,,,,B365H/B365D/B365A,,0.1387232162580075,0.24276562845151314,0.6185111552904793,0.029799818016378543
1617,E0,2016-11-21,West Brom,Burnley,H,1.95,3.4,4.5,,,,B365H/B365D/B365A,,0.49829018075232057,0.28578407425500735,0.21592574499267222,0.02916038210155847
1617,E0,2016-11-26,Burnley,Man City,A,9.0,6.0,1.33,,,,B365H/B365D/B365A,,0.10791075050709938,0.16186612576064907,0.7302231237322514,0.02965747702589816
1617,E0,2016-11-26,Chelsea,Tottenham,H,1.75,3.8,5.25,,,,B365H/B365D/B365A,,0.5574572127139364,0.2567237163814181,0.1858190709046455,0.025062656641603898
1617,E0,2016-11-26,Hull,West Brom,D,3.1,3.2,2.6,,,,B365H/B365D/B365A,,0.3163498098859316,0.30646387832699623,0.37718631178707224,0.01969602977667484
1617,E0,2016-11-26,Leicester,Middlesbrough,D,1.91,3.6,4.5,,,,B365H/B365D/B365A,,0.5115089514066496,0.2713839158851947,0.21710713270815574,0.023560209424083656
1617,E0,2016-11-26,Liverpool,Sunderland,H,1.17,8.5,19.0,,,,B365H/B365D/B365A,,0.8338711759390732,0.11477991480573124,0.05134890925519556,0.024979492471752573
1617,E0,2016-11-26,Swansea,Crystal Palace,H,2.63,3.4,2.88,,,,B365H/B365D/B365A,,0.3722005139043043,0.2879080445789177,0.33989144151677786,0.021568006163175113
1617,E0,2016-11-27,Arsenal,Bournemouth,H,1.4,5.0,9.0,,,,B365H/B365D/B365A,,0.696594427244582,0.19504643962848295,0.10835913312693496,0.02539682539682553
1617,E0,2016-11-27,Man United,West Ham,D,1.45,4.75,8.0,,,,B365H/B365D/B365A,,0.6727152024784244,0.20535516707236112,0.12192963044921443,0.025181488203266822
1617,E0,2016-11-27,Southampton,Everton,H,2.2,3.4,3.6,,,,B365H/B365D/B365A,,0.4428364688856729,0.2865412445730825,0.2706222865412446,0.02644087938205586
1617,E0,2016-11-27,Watford,Stoke,A,2.4,3.3,3.3,,,,B365H/B365D/B365A,,0.40740740740740744,0.29629629629629634,0.29629629629629634,0.022727272727272707
1617,E0,2016-12-03,Crystal Palace,Southampton,H,3.5,3.3,2.3,,,,B365H/B365D/B365A,,0.2791467451268848,0.2960647296800294,0.42478852519308563,0.02352719744024112
1617,E0,2016-12-03,Man City,Chelsea,A,2.15,3.6,3.6,,,,B365H/B365D/B365A,,0.4556962025316455,0.27215189873417717,0.27215189873417717,0.020671834625323182
1617,E0,2016-12-03,Stoke,Burnley,H,1.62,4.0,6.5,,,,B365H/B365D/B365A,,0.6045105789351314,0.24482678446872821,0.15066263659614043,0.02113010446343777
1617,E0,2016-12-03,Sunderland,Leicester,H,3.4,3.4,2.3,,,,B365H/B365D/B365A,,0.2875,0.2875,0.425,0.023017902813299296
1617,E0,2016-12-03,Tottenham,Swansea,H,1.36,5.5,9.0,,,,B365H/B365D/B365A,,0.7151112395261485,0.17682750650101128,0.10806125397284022,0.028223410576351693
1617,E0,2016-12-03,West Brom,Watford,H,2.2,3.3,3.75,,,,B365H/B365D/B365A,,0.4437869822485207,0.2958579881656805,0.2603550295857988,0.024242424242424176
1617,E0,2016-12-03,West Ham,Arsenal,A,4.75,4.2,1.75,,,,B365H/B365D/B365A,,0.20638820638820637,0.2334152334152334,0.5601965601965602,0.020050125313283207
1617,E0,2016-12-04,Bournemouth,Liverpool,H,5.0,4.0,1.75,,,,B365H/B365D/B365A,,0.19580419580419584,0.24475524475524477,0.5594405594405595,0.021428571428571352
1617,E0,2016-12-04,Everton,Man United,D,3.6,3.5,2.15,,,,B365H/B365D/B365A,,0.27005203660506016,0.2777678090794904,0.4521801543154495,0.02860834256183087
1617,E0,2016-12-05,Middlesbrough,Hull,H,1.83,3.5,5.25,,,,B365H/B365D/B365A,,0.5343511450381679,0.2793893129770993,0.18625954198473285,0.022638563622169983
1617,E0,2016-12-10,Arsenal,Stoke,H,1.35,5.5,9.5,,,,B365H/B365D/B365A,,0.7206896551724138,0.17689655172413796,0.10241379310344828,0.027822080453659304
1617,E0,2016-12-10,Burnley,Bournemouth,H,3.5,3.5,2.2,,,,B365H/B365D/B365A,,0.27848101265822783,0.27848101265822783,0.4430379746835443,0.025974025974025983
1617,E0,2016-12-10,Hull,Crystal Palace,D,3.5,3.3,2.3,,,,B365H/B365D/B365A,,0.2791467451268848,0.2960647296800294,0.42478852519308563,0.02352719744024112
1617,E0,2016-12-10,Leicester,Man City,H,5.25,4.0,1.7,,,,B365H/B365D/B365A,,0.18515997277059223,0.24302246426140234,0.5718175629680056,0.028711484593837433
1617,E0,2016-12-10,Swansea,Sunderland,H,2.15,3.5,3.6,,,,B365H/B365D/B365A,,0.4521801543154494,0.27776780907949034,0.2700520366050601,0.02860834256183109
1617,E0,2016-12-10,Watford,Everton,H,3.1,3.4,2.45,,,,B365H/B365D/B365A,,0.3147553372378613,0.28698280748157945,0.3982618552805592,0.02486155752623631
1617,E0,2016-12-11,Chelsea,West Brom,H,1.25,6.25,15.0,,,,B365H/B365D/B365A,,0.7792207792207791,0.1558441558441558,0.06493506493506493,0.02666666666666684
1617,E0,2016-12-11,Liverpool,West Ham,D,1.3,6.0,11.0,,,,B365H/B365D/B365A,,0.7491486946651532,0.1623155505107832,0.08853575482406358,0.02680652680652673
1617,E0,2016-12-11,Man United,Tottenham,H,2.2,3.4,3.6,,,,B365H/B365D/B365A,,0.4428364688856729,0.2865412445730825,0.2706222865412446,0.02644087938205586
1617,E0,2016-12-11,Southampton,Middlesbrough,H,1.7,3.7,6.0,,,,B365H/B365D/B365A,,0.57379167743603,0.2636340139570948,0.16257430860687513,0.025172231054584104
1617,E0,2016-12-13,Bournemouth,Leicester,H,2.4,3.4,3.2,,,,B365H/B365D/B365A,,0.40718562874251496,0.2874251497005988,0.3053892215568862,0.023284313725490335
1617,E0,2016-12-13,Everton,Arsenal,H,4.2,3.75,1.91,,,,B365H/B365D/B365A,,0.2315376036464142,0.2593221160839839,0.509140280269602,0.0283221141859884
1617,E0,2016-12-14,Crystal Palace,Man United,A,5.25,4.0,1.7,,,,B365H/B365D/B365A,,0.18515997277059223,0.24302246426140234,0.5718175629680056,0.028711484593837433
1617,E0,2016-12-14,Man City,Watford,H,1.29,6.5,11.0,,,,B365H/B365D/B365A,,0.7600318894499071,0.1508370980600585,0.08913101249003456,0.01994904320485702
1617,E0,2016-12-14,Middlesbrough,Liverpool,A,6.0,4.33,1.6,,,,B365H/B365D/B365A,,0.16298108591323987,0.22583984191211068,0.6111790721746495,0.022613548883756662
1617,E0,2016-12-14,Stoke,Southampton,D,3.1,3.3,2.5,,,,B365H/B365D/B365A,,0.3145253526496378,0.2954632100648113,0.39001143728555093,0.025610948191593375
1617,E0,2016-12-14,Sunderland,Chelsea,A,10.0,5.75,1.33,,,,B365H/B365D/B365A,,0.09748557952770963,0.1695401383090602,0.7329742821632302,0.0257927427263811
1617,E0,2016-12-14,Tottenham,Hull,H,1.22,7.0,15.0,,,,B365H/B365D/B365A,,0.7964199029126214,0.13880461165048544,0.06477548543689321,0.02919594067135045
1617,E0,2016-12-14,West Brom,Swansea,H,2.05,3.5,4.0,,,,B365H/B365D/B365A,,0.4765957446808511,0.27914893617021275,0.24425531914893614,0.023519163763066286
1617,E0,2016-12-14,West Ham,Burnley,H,1.67,4.0,5.75,,,,B365H/B365D/B365A,,0.5855024502004709,0.2444472729586966,0.1700502768408324,0.02271543868784187
1617,E0,2016-12-17,Crystal Palace,Chelsea,A,6.5,4.2,1.57,,,,B365H/B365D/B365A,,0.149527200163269,0.23141114310982105,0.6190616567269098,0.02888406710062763
1617,E0,2016-12-17,Middlesbrough,Swansea,H,2.1,3.4,4.0,,,,B365H/B365D/B365A,,0.46671242278654773,0.2882635552505148,0.24502402196293757,0.020308123249299648
1617,E0,2016-12-17,Stoke,Leicester,D,2.6,3.4,2.9,,,,B365H/B365D/B365A,,0.3757621951219512,0.28734756097560976,0.33689024390243905,0.02356061788110475
1617,E0,2016-12-17,Sunderland,Watford,H,2.63,3.3,2.9,,,,B365H/B365D/B365A,,0.3698407791003246,0.29475189364662235,0.335407327253053,0.028086026119328977
1617,E0,2016-12-17,West Brom,Man United,A,5.75,3.8,1.7,,,,B365H/B365D/B365A,,0.16962058553236184,0.2566627281081791,0.5737166863594592,0.02530623233274998
1617,E0,2016-12-17,West Ham,Hull,H,1.62,4.1,6.0,,,,B365H/B365D/B365A,,0.600556613446609,0.23729310092280653,0.16215028563058445,0.027853056308340784
1617,E0,2016-12-18,Bournemouth,Southampton,A,3.0,3.3,2.6,,,,B365H/B365D/B365A,,0.3264840182648402,0.29680365296803657,0.3767123287671233,0.020979020979020824
1617,E0,2016-12-18,Man City,Arsenal,H,2.15,3.6,3.5,,,,B365H/B365D/B365A,,0.4521801543154494,0.2700520366050601,0.27776780907949034,0.02860834256183109
1617,E0,2016-12-18,Tottenham,Burnley,H,1.22,7.0,15.0,,,,B365H/B365D/B365A,,0.7964199029126214,0.13880461165048544,0.06477548543689321,0.02919594067135045
1617,E0,2016-12-19,Everton,Liverpool,A,4.2,3.6,1.95,,,,B365H/B365D/B365A,,0.2314540059347181,0.2700296735905045,0.49851632047477756,0.02869352869352859
1617,E0,2016-12-26,Arsenal,West Brom,H,1.33,5.5,8.5,,,,B365H/B365D/B365A,,0.7151598592626587,0.17293865687624294,0.11190148386109836,0.051344939889831576
1617,E0,2016-12-26,Burnley,Middlesbrough,H,2.9,3.1,2.6,,,,B365H/B365D/B365A,,0.3277755185034567,0.3066287108580724,0.36559577063847093,0.052023615983571414
1617,E0,2016-12-26,Chelsea,Bournemouth,H,1.36,5.0,8.5,,,,B365H/B365D/B365A,,0.6983240223463686,0.18994413407821228,0.11173184357541899,0.05294117647058827
1617,E0,2016-12-26,Hull,Man City,A,10.0,5.5,1.3,,,,B365H/B365D/B365A,,0.09514304723885564,0.17298735861610115,0.7318695941450433,0.05104895104895091
1617,E0,2016-12-26,Leicester,Everton,A,2.5,3.3,2.9,,,,B365H/B365D/B365A,,0.38173115277223774,0.2891902672516952,0.329078579976067,0.04785788923719969
1617,E0,2016-12-26,Man United,Sunderland,H,1.22,6.5,13.0,,,,B365H/B365D/B365A,,0.78031212484994,0.14645858343337334,0.07322929171668667,0.05044136191677184
1617,E0,2016-12-26,Swansea,West Ham,A,2.63,3.2,2.8,,,,B365H/B365D/B365A,,0.3621665319320938,0.2976556184316896,0.34017784963621667,0.049870994024986404
1617,E0,2016-12-26,Watford,Crystal Palace,D,2.5,3.3,2.9,,,,B365H/B365D/B365A,,0.38173115277223774,0.2891902672516952,0.329078579976067,0.04785788923719969
1617,E0,2016-12-27,Liverpool,Stoke,H,1.3,5.5,10.0,,,,B365H/B365D/B365A,,0.7318695941450432,0.17298735861610112,0.09514304723885562,0.05104895104895113
1617,E0,2016-12-28,Southampton,Tottenham,A,2.8,3.25,2.6,,,,B365H/B365D/B365A,,0.3403141361256544,0.2931937172774869,0.3664921465968586,0.0494505494505495
1617,E0,2016-12-30,Hull,Everton,D,4.33,3.5,1.95,,,,B365H/B365D/B365A,,0.22433316350847204,0.27753217085476684,0.49813466563676106,0.029481680751888728
1617,E0,2016-12-31,Burnley,Sunderland,H,2.4,3.25,3.3,,,,B365H/B365D/B365A,,0.4055587067498582,0.29948950652297224,0.2949517867271696,0.027389277389277433
1617,E0,2016-12-31,Chelsea,Stoke,H,1.25,6.5,14.0,,,,B365H/B365D/B365A,,0.780278670953912,0.15005359056806,0.06966773847802786,0.025274725274725407
1617,E0,2016-12-31,Leicester,West Ham,H,2.1,3.6,3.7,,,,B365H/B365D/B365A,,0.4649214659685864,0.27120418848167543,0.2638743455497382,0.02423852423852413
1617,E0,2016-12-31,Liverpool,Man City,H,2.35,3.6,3.1,,,,B365H/B365D/B365A,,0.4147927894443412,0.2707675153317227,0.31443969522393606,0.02589033783268513
1617,E0,2016-12-31,Man United,Middlesbrough,H,1.25,6.0,16.0,,,,B365H/B365D/B365A,,0.7773279352226721,0.16194331983805665,0.060728744939271245,0.029166666666666785
1617,E0,2016-12-31,Southampton,West Brom,A,1.75,3.7,5.5,,,,B365H/B365D/B365A,,0.5582990397805213,0.26406035665294925,0.1776406035665295,0.02351702351702345
1617,E0,2016-12-31,Swansea,Bournemouth,A,2.9,3.4,2.6,,,,B365H/B365D/B365A,,0.33689024390243905,0.28734756097560976,0.3757621951219512,0.02356061788110475
1617,E0,2017-01-01,Arsenal,Crystal Palace,H,1.29,5.5,9.5,,,,B365H/B365D/B365A,,0.7297486033519555,0.171159217877095,0.09909217877094974,0.06227513816253083
1617,E0,2017-01-01,Watford,Tottenham,A,5.5,3.75,1.62,,,,B365H/B365D/B365A,,0.1705981465880371,0.25021061499578773,0.5791912384161753,0.06576879910213229
1617,E0,2017-01-02,Everton,Southampton,H,2.2,3.4,3.6,,,,B365H/B365D/B365A,,0.4428364688856729,0.2865412445730825,0.2706222865412446,0.02644087938205586
1617,E0,2017-01-02,Man City,Burnley,H,1.17,8.5,19.0,,,,B365H/B365D/B365A,,0.8338711759390732,0.11477991480573124,0.05134890925519556,0.024979492471752573
1617,E0,2017-01-02,Middlesbrough,Leicester,D,2.75,3.2,2.88,,,,B365H/B365D/B365A,,0.3553362122146823,0.3053670573719926,0.3392967304133251,0.023358585858585856
1617,E0,2017-01-02,Sunderland,Liverpool,D,11.0,5.5,1.33,,,,B365H/B365D/B365A,,0.08872581721147432,0.17745163442294865,0.733822548365577,0.024606971975392966
1617,E0,2017-01-02,West Brom,Hull,H,1.75,3.7,5.5,,,,B365H/B365D/B365A,,0.5582990397805213,0.26406035665294925,0.1776406035665295,0.02351702351702345
1617,E0,2017-01-02,West Ham,Man United,A,6.0,4.0,1.65,,,,B365H/B365D/B365A,,0.16296296296296295,0.24444444444444444,0.5925925925925927,0.022727272727272707
1617,E0,2017-01-03,Bournemouth,Arsenal,D,4.33,3.4,1.85,,,,B365H/B365D/B365A,,0.21672840037901628,0.2760099922473943,0.5072616073735894,0.06560506981645409
1617,E0,2017-01-03,Crystal Palace,Swansea,A,1.75,3.5,4.75,,,,B365H/B365D/B365A,,0.5352112676056339,0.26760563380281693,0.1971830985915493,0.06766917293233066
1617,E0,2017-01-03,Stoke,Watford,H,1.8,3.5,4.5,,,,B365H/B365D/B365A,,0.5223880597014926,0.26865671641791045,0.208955223880597,0.06349206349206349
1617,E0,2017-01-04,Tottenham,Chelsea,H,2.63,3.25,2.63,,,,B365H/B365D/B365A,,0.3559693318729463,0.28806133625410735,0.3559693318729463,0.06814858145656633
1617,E0,2017-01-14,Burnley,Southampton,H,3.6,3.4,2.2,,,,B365H/B365D/B365A,,0.2706222865412446,0.2865412445730825,0.4428364688856729,0.02644087938205586
1617,E0,2017-01-14,Hull,Bournemouth,H,3.3,3.5,2.3,,,,B365H/B365D/B365A,,0.2960647296800294,0.2791467451268848,0.42478852519308563,0.02352719744024112
1617,E0,2017-01-14,Leicester,Chelsea,A,6.0,4.1,1.62,,,,B365H/B365D/B365A,,0.16215028563058445,0.23729310092280653,0.600556613446609,0.027853056308340784
1617,E0,2017-01-14,Sunderland,Stoke,A,3.1,3.3,2.5,,,,B365H/B365D/B365A,,0.3145253526496378,0.2954632100648113,0.39001143728555093,0.025610948191593375
1617,E0,2017-01-14,Swansea,Arsenal,A,7.0,4.75,1.5,,,,B365H/B365D/B365A,,0.14004914004914004,0.20638820638820637,0.6535626535626535,0.020050125313283207
1617,E0,2017-01-14,Tottenham,West Brom,H,1.33,5.5,11.0,,,,B365H/B365D/B365A,,0.733822548365577,0.17745163442294865,0.08872581721147432,0.024606971975392966
1617,E0,2017-01-14,Watford,Middlesbrough,D,2.5,3.2,3.2,,,,B365H/B365D/B365A,,0.39024390243902446,0.30487804878048785,0.30487804878048785,0.02499999999999991
1617,E0,2017-01-14,West Ham,Crystal Palace,H,2.38,3.4,3.2,,,,B365H/B365D/B365A,,0.40920716112531963,0.2864450127877238,0.3043478260869565,0.026785714285714413
1617,E0,2017-01-15,Everton,Man City,H,4.5,4.0,1.8,,,,B365H/B365D/B365A,,0.21621621621621623,0.24324324324324326,0.5405405405405406,0.02777777777777768
1617,E0,2017-01-15,Man United,Liverpool,D,2.15,3.4,3.75,,,,B365H/B365D/B365A,,0.4533736332118411,0.2866921504133701,0.25993421637478886,0.025900592795257582
1617,E0,2017-01-21,Bournemouth,Watford,D,1.83,3.75,4.75,,,,B365H/B365D/B365A,,0.5338278264778602,0.2605079793211958,0.20566419420094403,0.02364106988783421
1617,E0,2017-01-21,Crystal Palace,Everton,A,3.25,3.4,2.38,,,,B365H/B365D/B365A,,0.30107526881720426,0.28779253636938645,0.4111321948134092,0.021978021978022122
1617,E0,2017-01-21,Liverpool,Swansea,A,1.22,7.0,15.0,,,,B365H/B365D/B365A,,0.7964199029126214,0.13880461165048544,0.06477548543689321,0.02919594067135045
1617,E0,2017-01-21,Man City,Tottenham,D,2.15,3.5,3.6,,,,B365H/B365D/B365A,,0.4521801543154494,0.27776780907949034,0.2700520366050601,0.02860834256183109
1617,E0,2017-01-21,Middlesbrough,West Ham,A,2.5,3.2,3.25,,,,B365H/B365D/B365A,,0.3920829406220546,0.30631479736098016,0.3016022620169651,0.020192307692307843
1617,E0,2017-01-21,Stoke,Man United,D,6.0,4.2,1.6,,,,B365H/B365D/B365A,,0.16184971098265896,0.23121387283236997,0.6069364161849712,0.029761904761904656
1617,E0,2017-01-21,West Brom,Sunderland,H,1.7,3.8,5.75,,,,B365H/B365D/B365A,,0.5737166863594592,0.2566627281081791,0.16962058553236184,0.02530623233274998
1617,E0,2017-01-22,Arsenal,Burnley,H,1.2,7.5,17.0,,,,B365H/B365D/B365A,,0.8126195028680689,0.13001912045889102,0.05736137667304016,0.025490196078431282
1617,E0,2017-01-22,Chelsea,Hull,H,1.18,8.0,19.0,,,,B365H/B365D/B365A,,0.8267159795496574,0.12194060698357444,0.051343413466768184,0.025089206066012615
1617,E0,2017-01-22,Southampton,Leicester,H,1.83,3.5,5.25,,,,B365H/B365D/B365A,,0.5343511450381679,0.2793893129770993,0.18625954198473285,0.022638563622169983
1617,E0,2017-01-31,Arsenal,Watford,A,1.22,7.0,15.0,,,,B365H/B365D/B365A,,0.7964199029126214,0.13880461165048544,0.06477548543689321,0.02919594067135045
1617,E0,2017-01-31,Bournemouth,Crystal Palace,A,2.05,3.5,3.9,,,,B365H/B365D/B365A,,0.4736294240111034,0.27741151977793194,0.24895905621096462,0.029929420173322674
1617,E0,2017-01-31,Burnley,Leicester,H,2.9,3.25,2.7,,,,B365H/B365D/B365A,,0.3371110257395314,0.3008067614291203,0.36208221283134845,0.022890264269574523
1617,E0,2017-01-31,Liverpool,Chelsea,D,2.65,3.25,2.9,,,,B365H/B365D/B365A,,0.3664107299057246,0.29876567207697546,0.33482359801730005,0.029878384465241936
1617,E0,2017-01-31,Middlesbrough,West Brom,D,2.7,3.1,3.0,,,,B365H/B365D/B365A,,0.3608847497089639,0.31431897555296856,0.3247962747380675,0.02628434886499398
1617,E0,2017-01-31,Sunderland,Tottenham,D,9.5,5.25,1.36,,,,B365H/B365D/B365A,,0.1020948023164367,0.18474297562021877,0.7131622220633446,0.031033466017986067
1617,E0,2017-01-31,Swansea,Southampton,H,3.4,3.4,2.3,,,,B365H/B365D/B365A,,0.2875,0.2875,0.425,0.023017902813299296
1617,E0,2017-02-01,Man United,Hull,D,1.2,7.5,17.0,,,,B365H/B365D/B365A,,0.8126195028680689,0.13001912045889102,0.05736137667304016,0.025490196078431282
1617,E0,2017-02-01,Stoke,Everton,D,2.88,3.4,2.63,,,,B365H/B365D/B365A,,0.33989144151677786,0.2879080445789177,0.3722005139043043,0.021568006163175113
1617,E0,2017-02-01,West Ham,Man City,A,6.0,4.5,1.57,,,,B365H/B365D/B365A,,0.1624698171783374,0.21662642290444983,0.6209037599172129,0.025831564048124367
1617,E0,2017-02-04,Chelsea,Arsenal,H,1.95,3.6,4.2,,,,B365H/B365D/B365A,,0.49851632047477745,0.27002967359050445,0.23145400593471807,0.028693528693528814
1617,E0,2017-02-04,Crystal Palace,Sunderland,A,1.7,3.9,5.5,,,,B365H/B365D/B365A,,0.5730697301629708,0.24979962596847446,0.17713064386855462,0.026463732346085456
1617,E0,2017-02-04,Everton,Bournemouth,H,1.7,4.0,5.25,,,,B365H/B365D/B365A,,0.5718175629680056,0.24302246426140234,0.18515997277059223,0.028711484593837433
1617,E0,2017-02-04,Hull,Liverpool,H,8.0,4.75,1.45,,,,B365H/B365D/B365A,,0.12192963044921443,0.20535516707236112,0.6727152024784244,0.025181488203266822
1617,E0,2017-02-04,Southampton,West Ham,A,1.85,3.75,4.5,,,,B365H/B365D/B365A,,0.5250875145857643,0.2590431738623104,0.21586931155192535,0.029429429429429277
1617,E0,2017-02-04,Tottenham,Middlesbrough,H,1.29,6.0,13.0,,,,B365H/B365D/B365A,,0.7609013754755634,0.16359379572724614,0.07550482879719053,0.01878354203935584
1617,E0,2017-02-04,Watford,Burnley,H,2.15,3.3,3.9,,,,B365H/B365D/B365A,,0.4539682539682539,0.29576719576719573,0.2502645502645503,0.024556838510326973
1617,E0,2017-02-04,West Brom,Stoke,H,2.3,3.25,3.5,,,,B365H/B365D/B365A,,0.4228624535315985,0.2992565055762082,0.2778810408921933,0.028189202102245625
1617,E0,2017-02-05,Leicester,Man United,A,5.75,4.0,1.65,,,,B365H/B365D/B365A,,0.16885193476175248,0.24272465622001918,0.5884234090182283,0.029973649538866942
1617,E0,2017-02-05,Man City,Swansea,H,1.22,7.0,15.0,,,,B365H/B365D/B365A,,0.7964199029126214,0.13880461165048544,0.06477548543689321,0.02919594067135045
1617,E0,2017-02-11,Arsenal,Hull,H,1.29,6.0,13.0,,,,B365H/B365D/B365A,,0.7609013754755634,0.16359379572724614,0.07550482879719053,0.01878354203935584
1617,E0,2017-02-11,Liverpool,Tottenham,H,2.3,3.4,3.4,,,,B365H/B365D/B365A,,0.425,0.2875,0.2875,0.023017902813299296
1617,E0,2017-02-11,Man United,Watford,H,1.25,6.5,14.0,,,,B365H/B365D/B365A,,0.780278670953912,0.15005359056806,0.06966773847802786,0.025274725274725407
1617,E0,2017-02-11,Middlesbrough,Everton,D,3.9,3.3,2.15,,,,B365H/B365D/B365A,,0.2502645502645503,0.29576719576719573,0.4539682539682539,0.024556838510326973
1617,E0,2017-02-11,Stoke,Crystal Palace,H,2.15,3.3,3.9,,,,B365H/B365D/B365A,,0.4539682539682539,0.29576719576719573,0.2502645502645503,0.024556838510326973
1617,E0,2017-02-11,Sunderland,Southampton,A,3.9,3.4,2.1,,,,B365H/B365D/B365A,,0.24973767051416584,0.28646379853095494,0.46379853095487933,0.026718379659556035
1617,E0,2017-02-11,West Ham,West Brom,D,2.25,3.3,3.6,,,,B365H/B365D/B365A,,0.43349753694581283,0.29556650246305427,0.27093596059113306,0.025252525252525082
1617,E0,2017-02-12,Burnley,Chelsea,D,9.0,5.0,1.4,,,,B365H/B365D/B365A,,0.10835913312693499,0.195046439628483,0.6965944272445821,0.025396825396825307
1617,E0,2017-02-12,Swansea,Leicester,H,2.4,3.3,3.25,,,,B365H/B365D/B365A,,0.4055587067498582,0.2949517867271696,0.29948950652297224,0.027389277389277433
1617,E0,2017-02-13,Bournemouth,Man City,A,7.5,5.0,1.44,,,,B365H/B365D/B365A,,0.12972972972972974,0.19459459459459463,0.6756756756756758,0.02777777777777768
1617,E0,2017-02-25,Chelsea,Swansea,H,1.25,6.5,15.0,,,,B365H/B365D/B365A,,0.7839195979899497,0.1507537688442211,0.06532663316582914,0.020512820512820662
1617,E0,2017-02-25,Crystal Palace,Middlesbrough,H,2.1,3.2,4.2,,,,B365H/B365D/B365A,,0.463768115942029,0.30434782608695654,0.2318840579710145,0.02678571428571419
1617,E0,2017-02-25,Everton,Sunderland,H,1.4,5.25,8.5,,,,B365H/B365D/B365A,,0.6986301369863014,0.1863013698630137,0.11506849315068494,0.022408963585434094
1617,E0,2017-02-25,Hull,Burnley,D,2.15,3.3,3.9,,,,B365H/B365D/B365A,,0.4539682539682539,0.29576719576719573,0.2502645502645503,0.024556838510326973
1617,E0,2017-02-25,Watford,West Ham,D,2.63,3.3,2.9,,,,B365H/B365D/B365A,,0.3698407791003246,0.29475189364662235,0.335407327253053,0.028086026119328977
1617,E0,2017-02-25,West Brom,Bournemouth,H,2.1,3.4,4.0,,,,B365H/B365D/B365A,,0.46671242278654773,0.2882635552505148,0.24502402196293757,0.020308123249299648
1617,E0,2017-02-26,Tottenham,Stoke,H,1.44,5.0,7.5,,,,B365H/B365D/B365A,,0.6756756756756758,0.19459459459459463,0.12972972972972974,0.02777777777777768
1617,E0,2017-02-27,Leicester,Liverpool,H,5.5,4.2,1.65,,,,B365H/B365D/B365A,,0.17721518987341772,0.2320675105485232,0.5907172995780591,0.025974025974025983
1617,E0,2017-03-04,Leicester,Hull,H,1.85,3.6,4.75,,,,B365H/B365D/B365A,,0.5253859743451877,0.26999001459405486,0.20462401106075737,0.028844634107791922
1617,E0,2017-03-04,Liverpool,Arsenal,H,2.15,3.6,3.6,,,,B365H/B365D/B365A,,0.4556962025316455,0.27215189873417717,0.27215189873417717,0.020671834625323182
1617,E0,2017-03-04,Man United,Bournemouth,D,1.25,6.5,15.0,,,,B365H/B365D/B365A,,0.7839195979899497,0.1507537688442211,0.06532663316582914,0.020512820512820662
1617,E0,2017-03-04,Stoke,Middlesbrough,H,1.95,3.4,4.5,,,,B365H/B365D/B365A,,0.49829018075232057,0.28578407425500735,0.21592574499267222,0.02916038210155847
1617,E0,2017-03-04,Swansea,Burnley,H,2.0,3.5,4.2,,,,B365H/B365D/B365A,,0.48837209302325585,0.27906976744186046,0.23255813953488372,0.023809523809523725
1617,E0,2017-03-04,Watford,Southampton,A,3.6,3.4,2.2,,,,B365H/B365D/B365A,,0.2706222865412446,0.2865412445730825,0.4428364688856729,0.02644087938205586
1617,E0,2017-03-04,West Brom,Crystal Palace,A,2.2,3.3,3.8,,,,B365H/B365D/B365A,,0.4453125,0.29687500000000006,0.2578125,0.020733652312599604
1617,E0,2017-03-05,Sunderland,Man City,A,11.0,6.5,1.29,,,,B365H/B365D/B365A,,0.08913101249003456,0.1508370980600585,0.7600318894499071,0.01994904320485702
1617,E0,2017-03-05,Tottenham,Everton,H,1.67,4.2,5.25,,,,B365H/B365D/B365A,,0.5828476269775187,0.23175131834582288,0.18540105467665832,0.0273738237810095
1617,E0,2017-03-06,West Ham,Chelsea,A,6.0,4.1,1.62,,,,B365H/B365D/B365A,,0.16215028563058445,0.23729310092280653,0.600556613446609,0.027853056308340784
1617,E0,2017-03-08,Man City,Stoke,D,1.25,6.5,15.0,,,,B365H/B365D/B365A,,0.7839195979899497,0.1507537688442211,0.06532663316582914,0.020512820512820662
1617,E0,2017-03-11,Bournemouth,West Ham,H,2.6,3.5,2.8,,,,B365H/B365D/B365A,,0.37433155080213903,0.27807486631016043,0.3475935828877006,0.027472527472527375
1617,E0,2017-03-11,Everton,West Brom,H,1.67,3.8,6.0,,,,B365H/B365D/B365A,,0.5821375682990348,0.25583414185773373,0.16202828984323137,0.02862695661308967
1617,E0,2017-03-11,Hull,Swansea,H,2.55,3.3,3.0,,,,B365H/B365D/B365A,,0.3812824956672444,0.29462738301559793,0.3240901213171577,0.028520499108734443
1617,E0,2017-03-12,Liverpool,Burnley,H,1.25,6.5,14.0,,,,B365H/B365D/B365A,,0.780278670953912,0.15005359056806,0.06966773847802786,0.025274725274725407
1617,E0,2017-03-18,Bournemouth,Swansea,H,2.15,3.5,3.6,,,,B365H/B365D/B365A,,0.4521801543154494,0.27776780907949034,0.2700520366050601,0.02860834256183109
1617,E0,2017-03-18,Crystal Palace,Watford,H,1.91,3.5,4.75,,,,B365H/B365D/B365A,,0.5133945804060835,0.2801667567358913,0.20643866285802517,0.019800810927843138
1617,E0,2017-03-18,Everton,Hull,H,1.53,4.33,7.0,,,,B365H/B365D/B365A,,0.6361646262244228,0.2247879626150963,0.13904741116048097,0.0273987963160629
1617,E0,2017-03-18,Stoke,Chelsea,A,6.5,4.0,1.62,,,,B365H/B365D/B365A,,0.15066263659614043,0.24482678446872821,0.6045105789351314,0.02113010446343777
1617,E0,2017-03-18,Sunderland,Burnley,D,2.55,3.3,3.0,,,,B365H/B365D/B365A,,0.3812824956672444,0.29462738301559793,0.3240901213171577,0.028520499108734443
1617,E0,2017-03-18,West Brom,Arsenal,H,5.25,4.0,1.73,,,,B365H/B365D/B365A,,0.18701439091953242,0.24545638808188633,0.5675292209985812,0.018510872557115476
1617,E0,2017-03-18,West Ham,Leicester,A,2.3,3.5,3.3,,,,B365H/B365D/B365A,,0.42478852519308574,0.27914674512688487,0.29606472968002945,0.0235271974402409
1617,E0,2017-03-19,Man City,Liverpool,D,2.0,3.75,3.8,,,,B365H/B365D/B365A,,0.485519591141397,0.2589437819420784,0.25553662691652473,0.029824561403508643
1617,E0,2017-03-19,Middlesbrough,Man United,A,6.0,3.7,1.7,,,,B365H/B365D/B365A,,0.16257430860687516,0.26363401395709485,0.5737916774360301,0.025172231054583882
1617,E0,2017-03-19,Tottenham,Southampton,H,1.73,3.8,5.5,,,,B365H/B365D/B365A,,0.5650328476033415,0.2572386385141528,0.1777285138825056,0.023010758635948925
1617,E0,2017-04-01,Burnley,Tottenham,A,5.75,3.8,1.7,,,,B365H/B365D/B365A,,0.16962058553236184,0.2566627281081791,0.5737166863594592,0.02530623233274998
1617,E0,2017-04-01,Chelsea,Crystal Palace,A,1.3,5.75,12.0,,,,B365H/B365D/B365A,,0.7493890849850665,0.1694270974748846,0.08118381754004887,0.026477146042363398
1617,E0,2017-04-01,Hull,West Ham,H,2.45,3.4,3.1,,,,B365H/B365D/B365A,,0.3982618552805592,0.28698280748157945,0.3147553372378613,0.02486155752623631
1617,E0,2017-04-01,Leicester,Stoke,H,2.05,3.5,4.0,,,,B365H/B365D/B365A,,0.4765957446808511,0.27914893617021275,0.24425531914893614,0.023519163763066286
1617,E0,2017-04-01,Liverpool,Everton,H,1.73,3.9,5.25,,,,B365H/B365D/B365A,,0.5639796719414948,0.2501755980663554,0.1858447299921497,0.024921128967371864
1617,E0,2017-04-01,Man United,West Brom,D,1.36,5.0,11.0,,,,B365H/B365D/B365A,,0.7165190203230849,0.19489317352787913,0.08858780614903597,0.02620320855614966
1617,E0,2017-04-01,Southampton,Bournemouth,D,1.65,4.0,6.0,,,,B365H/B365D/B365A,,0.5925925925925927,0.24444444444444444,0.16296296296296295,0.022727272727272707
1617,E0,2017-04-01,Watford,Sunderland,H,1.85,3.6,4.75,,,,B365H/B365D/B365A,,0.5253859743451877,0.26999001459405486,0.20462401106075737,0.028844634107791922
1617,E0,2017-04-02,Arsenal,Man City,D,3.1,3.75,2.3,,,,B365H/B365D/B365A,,0.31501095690284875,0.260409057706355,0.4245799853907962,0.024029920523609194
1617,E0,2017-04-02,Swansea,Middlesbrough,D,2.0,3.4,4.33,,,,B365H/B365D/B365A,,0.4877741700351202,0.2869259823736001,0.22529984759127952,0.02506452927591374
1617,E0,2017-04-04,Burnley,Stoke,H,2.5,3.1,3.3,,,,B365H/B365D/B365A,,0.39001143728555093,0.3145253526496378,0.2954632100648113,0.025610948191593375
1617,E0,2017-04-04,Leicester,Sunderland,H,1.45,4.5,8.5,,,,B365H/B365D/B365A,,0.6698774080560421,0.2158493870402802,0.11427320490367776,0.029524453459544686
1617,E0,2017-04-04,Man United,Everton,D,1.57,4.2,6.5,,,,B365H/B365D/B365A,,0.61906165672691,0.2314111431098211,0.14952720016326904,0.02888406710062741
1617,E0,2017-04-04,Watford,West Brom,H,2.5,3.2,3.2,,,,B365H/B365D/B365A,,0.39024390243902446,0.30487804878048785,0.30487804878048785,0.02499999999999991
1617,E0,2017-04-05,Arsenal,West Ham,H,1.4,5.25,8.0,,,,B365H/B365D/B365A,,0.6936416184971099,0.18497109826589597,0.12138728323699423,0.029761904761904656
1617,E0,2017-04-05,Chelsea,Man City,H,2.4,3.5,3.1,,,,B365H/B365D/B365A,,0.40651929561633576,0.2787560884226302,0.3147246159610341,0.024961597542242586
1617,E0,2017-04-05,Hull,Middlesbrough,H,2.05,3.3,4.2,,,,B365H/B365D/B365A,,0.47408927655207805,0.29451000513083636,0.23140071831708567,0.028930419174321598
1617,E0,2017-04-05,Liverpool,Bournemouth,D,1.36,5.25,9.5,,,,B365H/B365D/B365A,,0.7131622220633446,0.18474297562021877,0.1020948023164367,0.031033466017986067
1617,E0,2017-04-05,Southampton,Crystal Palace,H,1.83,3.7,4.75,,,,B365H/B365D/B365A,,0.5319551432419753,0.26310213841427427,0.2049427183437505,0.027244673491437776
1617,E0,2017-04-05,Swansea,Tottenham,A,5.0,4.0,1.73,,,,B365H/B365D/B365A,,0.1945459657014338,0.2431824571267922,0.5622715771717739,0.028034682080924966
1617,E0,2017-04-08,Bournemouth,Chelsea,A,6.5,4.0,1.6,,,,B365H/B365D/B365A,,0.14953271028037385,0.2429906542056075,0.6074766355140188,0.028846153846153744
1617,E0,2017-04-08,Man City,Hull,H,1.2,7.5,17.0,,,,B365H/B365D/B365A,,0.8126195028680689,0.13001912045889102,0.05736137667304016,0.025490196078431282
1617,E0,2017-04-08,Middlesbrough,Burnley,D,2.45,3.1,3.4,,,,B365H/B365D/B365A,,0.3982618552805592,0.3147553372378613,0.28698280748157945,0.02486155752623631
1617,E0,2017-04-08,Stoke,Liverpool,A,4.0,3.75,1.95,,,,B365H/B365D/B365A,,0.24283935242839355,0.25902864259028646,0.49813200498132015,0.029487179487179382
1617,E0,2017-04-08,Tottenham,Watford,H,1.25,6.5,15.0,,,,B365H/B365D/B365A,,0.7839195979899497,0.1507537688442211,0.06532663316582914,0.020512820512820662
1617,E0,2017-04-08,West Brom,Southampton,A,3.0,3.3,2.55,,,,B365H/B365D/B365A,,0.3240901213171577,0.29462738301559793,0.3812824956672444,0.028520499108734443
1617,E0,2017-04-08,West Ham,Swansea,H,2.1,3.6,3.7,,,,B365H/B365D/B365A,,0.4649214659685864,0.27120418848167543,0.2638743455497382,0.02423852423852413
1617,E0,2017-04-09,Everton,Leicester,H,1.75,3.9,5.0,,,,B365H/B365D/B365A,,0.5559515324305061,0.24946543121881687,0.19458303635067714,0.02783882783882774
1617,E0,2017-04-09,Sunderland,Man United,A,10.0,5.25,1.36,,,,B365H/B365D/B365A,,0.09748771163298746,0.18569087930092845,0.7168214090660842,0.025770308123249208
1617,E0,2017-04-10,Crystal Palace,Arsenal,H,4.5,3.9,1.83,,,,B365H/B365D/B365A,,0.21678512848551118,0.2501366867140514,0.5330781848004373,0.025080566064172638
1617,E0,2017-04-15,Crystal Palace,Leicester,D,1.73,3.6,4.75,,,,B365H/B365D/B365A,,0.5420741468672235,0.26049674280008245,0.19742911033269403,0.06633877564817636
1617,E0,2017-04-15,Everton,Burnley,H,1.4,4.5,8.0,,,,B365H/B365D/B365A,,0.6728971962616822,0.20934579439252335,0.11775700934579439,0.06150793650793651
1617,E0,2017-04-15,Southampton,Man City,A,4.33,4.0,1.73,,,,B365H/B365D/B365A,,0.21808394971463146,0.23607587556608858,0.54584017471928,0.05898156429801493
1617,E0,2017-04-15,Stoke,Hull,H,1.95,3.3,4.0,,,,B365H/B365D/B365A,,0.4811372334609076,0.2843083652268999,0.23455440131219243,0.06585081585081598
1617,E0,2017-04-15,Sunderland,West Ham,D,3.3,3.25,2.2,,,,B365H/B365D/B365A,,0.2844638949671772,0.2888402625820569,0.42669584245076586,0.06526806526806528
1617,E0,2017-04-15,Tottenham,Bournemouth,H,1.25,6.0,10.0,,,,B365H/B365D/B365A,,0.75,0.15625,0.09375,0.06666666666666665
1617,E0,2017-04-15,Watford,Swansea,H,2.4,3.3,2.9,,,,B365H/B365D/B365A,,0.3914110429447853,0.2846625766871166,0.3239263803680982,0.0645245559038663
1617,E0,2017-04-16,Man United,Chelsea,H,2.55,3.2,2.8,,,,B365H/B365D/B365A,,0.3693322341302556,0.2943116240725474,0.33635614179719703,0.061799719887955185
1617,E0,2017-04-16,West Brom,Liverpool,A,4.0,3.8,1.8,,,,B365H/B365D/B365A,,0.23392612859097128,0.24623803009575923,0.5198358413132695,0.06871345029239762
1617,E0,2017-04-17,Middlesbrough,Arsenal,A,7.0,4.0,1.5,,,,B365H/B365D/B365A,,0.1348314606741573,0.23595505617977527,0.6292134831460674,0.059523809523809534
1617,E0,2017-04-22,Bournemouth,Middlesbrough,H,1.85,3.75,4.5,,,,B365H/B365D/B365A,,0.5250875145857643,0.2590431738623104,0.21586931155192535,0.029429429429429277
1617,E0,2017-04-22,Hull,Watford,H,1.91,3.7,4.33,,,,B365H/B365D/B365A,,0.5109014200387137,0.26373559791187656,0.22536298204940955,0.024777361911444196
1617,E0,2017-04-22,Swansea,Stoke,H,2.2,3.4,3.6,,,,B365H/B365D/B365A,,0.4428364688856729,0.2865412445730825,0.2706222865412446,0.02644087938205586
1617,E0,2017-04-22,West Ham,Everton,D,3.3,3.6,2.25,,,,B365H/B365D/B365A,,0.29556650246305416,0.270935960591133,0.4334975369458128,0.025252525252525304
1617,E0,2017-04-23,Burnley,Man United,A,5.75,4.0,1.67,,,,B365H/B365D/B365A,,0.1700502768408324,0.2444472729586966,0.5855024502004709,0.02271543868784187
1617,E0,2017-04-23,Liverpool,Crystal Palace,A,1.5,4.75,7.0,,,,B365H/B365D/B365A,,0.6535626535626535,0.20638820638820637,0.14004914004914004,0.020050125313283207
1617,E0,2017-04-25,Chelsea,Southampton,H,1.45,4.6,8.5,,,,B365H/B365D/B365A,,0.6730355452276443,0.21215250882175746,0.11481194595059814,0.02469353558514875
1617,E0,2017-04-26,Arsenal,Leicester,H,1.6,4.5,5.75,,,,B365H/B365D/B365A,,0.6120638675340035,0.21762270845653459,0.17031342400946187,0.021135265700483075
1617,E0,2017-04-26,Crystal Palace,Tottenham,A,5.5,4.2,1.65,,,,B365H/B365D/B365A,,0.17721518987341772,0.2320675105485232,0.5907172995780591,0.025974025974025983
1617,E0,2017-04-26,Middlesbrough,Sunderland,H,2.3,3.4,3.4,,,,B365H/B365D/B365A,,0.425,0.2875,0.2875,0.023017902813299296
1617,E0,2017-04-27,Man City,Man United,D,1.91,3.75,4.2,,,,B365H/B365D/B365A,,0.5091402802696019,0.25932211608398387,0.23153760364641415,0.028322114185988623
1617,E0,2017-04-29,Crystal Palace,Burnley,A,1.75,3.5,4.75,,,,B365H/B365D/B365A,,0.5352112676056339,0.26760563380281693,0.1971830985915493,0.06766917293233066
1617,E0,2017-04-29,Southampton,Hull,D,1.6,3.75,5.75,,,,B365H/B365D/B365A,,0.5865351921115268,0.2502550153009181,0.16320979258755527,0.06557971014492736
1617,E0,2017-04-29,Stoke,West Ham,D,2.0,3.5,3.6,,,,B365H/B365D/B365A,,0.4701492537313433,0.26865671641791045,0.2611940298507463,0.06349206349206349
1617,E0,2017-04-29,Sunderland,Bournemouth,A,3.0,3.4,2.3,,,,B365H/B365D/B365A,,0.3138041733547351,0.2768860353130016,0.40930979133226325,0.06223358908780918
1617,E0,2017-04-29,West Brom,Leicester,A,2.4,3.5,2.75,,,,B365H/B365D/B365A,,0.3908629441624366,0.26802030456852793,0.34111675126903557,0.06601731601731586
1617,E0,2017-04-30,Everton,Chelsea,A,3.5,3.6,2.0,,,,B365H/B365D/B365A,,0.26865671641791045,0.2611940298507463,0.4701492537313433,0.06349206349206349
1617,E0,2017-04-30,Man United,Swansea,D,1.36,4.75,8.0,,,,B365H/B365D/B365A,,0.6866642573183954,0.19660281893747744,0.11673292374412723,0.07082043343653233
1617,E0,2017-04-30,Middlesbrough,Man City,D,13.0,5.25,1.25,,,,B365H/B365D/B365A,,0.0720658888126287,0.17844886753603295,0.7494852436513384,0.06739926739926738
1617,E0,2017-04-30,Tottenham,Arsenal,H,1.85,3.75,4.0,,,,B365H/B365D/B365A,,0.5112910097997443,0.25223689816787387,0.23647209203238176,0.05720720720720718
1617,E0,2017-05-01,Watford,Liverpool,A,5.75,4.5,1.5,,,,B365H/B365D/B365A,,0.16363636363636366,0.2090909090909091,0.6272727272727273,0.0628019323671496
1617,E0,2017-05-05,West Ham,Tottenham,H,8.5,5.25,1.4,,,,B365H/B365D/B365A,,0.11506849315068494,0.1863013698630137,0.6986301369863014,0.022408963585434094
1617,E0,2017-05-06,Bournemouth,Stoke,D,2.25,3.6,3.3,,,,B365H/B365D/B365A,,0.4334975369458128,0.270935960591133,0.29556650246305416,0.025252525252525304
1617,E0,2017-05-06,Burnley,West Brom,D,2.25,3.3,3.6,,,,B365H/B365D/B365A,,0.43349753694581283,0.29556650246305427,0.27093596059113306,0.025252525252525082
1617,E0,2017-05-06,Hull,Sunderland,A,1.44,4.75,8.0,,,,B365H/B365D/B365A,,0.674237047551455,0.20440028388928316,0.1213626685592619,0.029970760233918092
1617,E0,2017-05-06,Leicester,Watford,H,1.57,4.2,6.5,,,,B365H/B365D/B365A,,0.61906165672691,0.2314111431098211,0.14952720016326904,0.02888406710062741
1617,E0,2017-05-06,Man City,Crystal Palace,H,1.29,6.5,11.0,,,,B365H/B365D/B365A,,0.7600318894499071,0.1508370980600585,0.08913101249003456,0.01994904320485702
1617,E0,2017-05-06,Swansea,Everton,H,2.8,3.5,2.63,,,,B365H/B365D/B365A,,0.34908415184496944,0.27926732147597555,0.37164852667905496,0.023085279739272213
1617,E0,2017-05-07,Arsenal,Man United,H,1.91,3.7,4.33,,,,B365H/B365D/B365A,,0.5109014200387137,0.26373559791187656,0.22536298204940955,0.024777361911444196
1617,E0,2017-05-07,Liverpool,Southampton,D,1.62,4.2,6.0,,,,B365H/B365D/B365A,,0.6039689387402933,0.23295944779982744,0.1630716134598792,0.022045855379188684
1617,E0,2017-05-08,Chelsea,Middlesbrough,H,1.17,9.0,19.0,,,,B365H/B365D/B365A,,0.8392226148409894,0.1090989399293286,0.05167844522968197,0.018443544759334296
1617,E0,2017-05-10,Southampton,Arsenal,A,3.6,3.8,2.05,,,,B365H/B365D/B365A,,0.27001733102253034,0.2558058925476603,0.4741767764298094,0.028740550563400413
1617,E0,2017-05-12,Everton,Watford,H,1.5,4.5,7.5,,,,B365H/B365D/B365A,,0.6521739130434783,0.21739130434782608,0.13043478260869565,0.022222222222222143
1617,E0,2017-05-12,West Brom,Chelsea,A,10.0,5.25,1.36,,,,B365H/B365D/B365A,,0.09748771163298746,0.18569087930092845,0.7168214090660842,0.025770308123249208
1617,E0,2017-05-13,Bournemouth,Burnley,H,1.91,3.75,4.2,,,,B365H/B365D/B365A,,0.5091402802696019,0.25932211608398387,0.23153760364641415,0.028322114185988623
1617,E0,2017-05-13,Man City,Leicester,H,1.25,7.0,12.0,,,,B365H/B365D/B365A,,0.7795823665893272,0.13921113689095127,0.08120649651972157,0.026190476190476097
1617,E0,2017-05-13,Middlesbrough,Southampton,A,4.0,3.6,2.0,,,,B365H/B365D/B365A,,0.24324324324324326,0.2702702702702703,0.4864864864864865,0.02777777777777768
1617,E0,2017-05-13,Stoke,Arsenal,A,4.75,4.1,1.75,,,,B365H/B365D/B365A,,0.205219878441187,0.23775473721844836,0.5570253843403646,0.025857326242435308
1617,E0,2017-05-13,Sunderland,Swansea,A,4.2,3.8,1.91,,,,B365H/B365D/B365A,,0.2323303457106274,0.25678617157490397,0.5108834827144687,0.02481334225616383
1617,E0,2017-05-14,Crystal Palace,Hull,H,2.1,3.6,3.75,,,,B365H/B365D/B365A,,0.4665629860031104,0.2721617418351478,0.26127527216174184,0.02063492063492056
1617,E0,2017-05-14,Tottenham,Man United,H,1.73,3.9,5.25,,,,B365H/B365D/B365A,,0.5639796719414948,0.2501755980663554,0.1858447299921497,0.024921128967371864
1617,E0,2017-05-14,West Ham,Liverpool,A,5.25,4.0,1.7,,,,B365H/B365D/B365A,,0.18515997277059223,0.24302246426140234,0.5718175629680056,0.028711484593837433
1617,E0,2017-05-15,Chelsea,Watford,H,1.25,6.75,13.0,,,,B365H/B365D/B365A,,0.7804335742078933,0.14452473596442467,0.07504168982768206,0.025071225071225056
1617,E0,2017-05-16,Arsenal,Sunderland,H,1.09,13.0,29.0,,,,B365H/B365D/B365A,,0.8917167321065328,0.07476701830739392,0.03351624958607313,0.028837028204317106
1617,E0,2017-05-16,Man City,West Brom,H,1.14,9.0,23.0,,,,B365H/B365D/B365A,,0.8501724987678659,0.10768851651059634,0.0421389847215377,0.03178235443681676
1617,E0,2017-05-17,Southampton,Man United,D,2.75,3.3,2.8,,,,B365H/B365D/B365A,,0.3551797040169133,0.29598308668076106,0.34883720930232553,0.023809523809523947
1617,E0,2017-05-18,Leicester,Tottenham,A,4.5,3.8,1.85,,,,B365H/B365D/B365A,,0.21660761053766756,0.25650901247881686,0.5268833769835156,0.025920657499604705
1617,E0,2017-05-21,Arsenal,Everton,H,1.45,5.0,7.5,,,,B365H/B365D/B365A,,0.6741573033707866,0.1955056179775281,0.1303370786516854,0.02298850574712641
1617,E0,2017-05-21,Burnley,West Ham,A,2.45,3.5,3.0,,,,B365H/B365D/B365A,,0.3973509933774835,0.27814569536423844,0.3245033112582782,0.027210884353741305
1617,E0,2017-05-21,Chelsea,Sunderland,H,1.14,9.0,23.0,,,,B365H/B365D/B365A,,0.8501724987678659,0.10768851651059634,0.0421389847215377,0.03178235443681676
1617,E0,2017-05-21,Hull,Tottenham,A,7.0,4.75,1.5,,,,B365H/B365D/B365A,,0.14004914004914004,0.20638820638820637,0.6535626535626535,0.020050125313283207
1617,E0,2017-05-21,Leicester,Bournemouth,D,2.0,3.6,4.0,,,,B365H/B365D/B365A,,0.4864864864864865,0.2702702702702703,0.24324324324324326,0.02777777777777768
1617,E0,2017-05-21,Liverpool,Middlesbrough,H,1.14,9.0,23.0,,,,B365H/B365D/B365A,,0.8501724987678659,0.10768851651059634,0.0421389847215377,0.03178235443681676
1617,E0,2017-05-21,Man United,Crystal Palace,H,2.5,3.3,3.1,,,,B365H/B365D/B365A,,0.39001143728555093,0.2954632100648113,0.3145253526496378,0.025610948191593375
1617,E0,2017-05-21,Southampton,Stoke,A,1.8,3.8,4.75,,,,B365H/B365D/B365A,,0.5397727272727273,0.2556818181818182,0.20454545454545456,0.029239766081871288
1617,E0,2017-05-21,Swansea,West Brom,H,2.1,3.5,3.75,,,,B365H/B365D/B365A,,0.46296296296296297,0.2777777777777778,0.2592592592592593,0.02857142857142847
1617,E0,2017-05-21,Watford,Man City,A,11.0,6.0,1.3,,,,B365H/B365D/B365A,,0.08853575482406358,0.1623155505107832,0.7491486946651532,0.02680652680652673
1718,E0,2017-08-11,Arsenal,Leicester,H,1.53,4.5,6.5,,,,B365H/B365D/B365A,,0.6347656250000001,0.2158203125,0.14941406250000003,0.02966314731020603
1718,E0,2017-08-12,Brighton,Man City,A,11.0,5.5,1.33,,,,B365H/B365D/B365A,,0.08872581721147432,0.17745163442294865,0.733822548365577,0.024606971975392966
1718,E0,2017-08-12,Chelsea,Burnley,A,1.25,6.5,15.0,,,,B365H/B365D/B365A,,0.7839195979899497,0.1507537688442211,0.06532663316582914,0.020512820512820662
1718,E0,2017-08-12,Crystal Palace,Huddersfield,A,1.83,3.6,5.0,,,,B365H/B365D/B365A,,0.5335230304108126,0.27120754045882983,0.19526942913035747,0.024225865209471786
1718,E0,2017-08-12,Everton,Stoke,H,1.7,3.8,5.75,,,,B365H/B365D/B365A,,0.5737166863594592,0.2566627281081791,0.16962058553236184,0.02530623233274998
1718,E0,2017-08-12,Southampton,Swansea,D,1.62,4.0,6.5,,,,B365H/B365D/B365A,,0.6045105789351314,0.24482678446872821,0.15066263659614043,0.02113010446343777
1718,E0,2017-08-12,Watford,Liverpool,D,6.0,4.2,1.62,,,,B365H/B365D/B365A,,0.1630716134598792,0.23295944779982744,0.6039689387402933,0.022045855379188684
1718,E0,2017-08-12,West Brom,Bournemouth,H,2.4,3.3,3.3,,,,B365H/B365D/B365A,,0.40740740740740744,0.29629629629629634,0.29629629629629634,0.022727272727272707
1718,E0,2017-08-13,Man United,West Ham,H,1.3,5.75,12.0,,,,B365H/B365D/B365A,,0.7493890849850665,0.1694270974748846,0.08118381754004887,0.026477146042363398
1718,E0,2017-08-13,Newcastle,Tottenham,A,5.5,4.0,1.7,,,,B365H/B365D/B365A,,0.1782437745740498,0.24508519003931847,0.5766710353866318,0.020053475935828846
1718,E0,2017-08-19,Bournemouth,Watford,A,2.0,3.6,4.0,,,,B365H/B365D/B365A,,0.4864864864864865,0.2702702702702703,0.24324324324324326,0.02777777777777768
1718,E0,2017-08-19,Burnley,West Brom,A,2.63,3.2,3.0,,,,B365H/B365D/B365A,,0.3705705242028874,0.30456264957924806,0.32486682621786456,0.02606147021546268
1718,E0,2017-08-19,Leicester,Brighton,H,1.73,3.8,5.5,,,,B365H/B365D/B365A,,0.5650328476033415,0.2572386385141528,0.1777285138825056,0.023010758635948925
1718,E0,2017-08-19,Liverpool,Crystal Palace,H,1.36,5.25,9.5,,,,B365H/B365D/B365A,,0.7131622220633446,0.18474297562021877,0.1020948023164367,0.031033466017986067
1718,E0,2017-08-19,Southampton,West Ham,H,1.75,3.8,5.25,,,,B365H/B365D/B365A,,0.5574572127139364,0.2567237163814181,0.1858190709046455,0.025062656641603898
1718,E0,2017-08-19,Stoke,Arsenal,H,4.5,3.8,1.85,,,,B365H/B365D/B365A,,0.21660761053766756,0.25650901247881686,0.5268833769835156,0.025920657499604705
1718,E0,2017-08-19,Swansea,Man United,A,11.0,5.0,1.36,,,,B365H/B365D/B365A,,0.08858780614903597,0.19489317352787913,0.7165190203230849,0.02620320855614966
1718,E0,2017-08-20,Huddersfield,Newcastle,H,2.5,3.25,3.2,,,,B365H/B365D/B365A,,0.3920829406220546,0.3016022620169651,0.30631479736098016,0.020192307692307843
1718,E0,2017-08-20,Tottenham,Chelsea,A,2.1,3.6,3.75,,,,B365H/B365D/B365A,,0.4665629860031104,0.2721617418351478,0.26127527216174184,0.02063492063492056
1718,E0,2017-08-21,Man City,Everton,D,1.33,5.75,10.0,,,,B365H/B365D/B365A,,0.7329742821632302,0.1695401383090602,0.09748557952770963,0.0257927427263811
1718,E0,2017-08-26,Bournemouth,Man City,A,11.0,6.0,1.3,,,,B365H/B365D/B365A,,0.08853575482406358,0.1623155505107832,0.7491486946651532,0.02680652680652673
1718,E0,2017-08-26,Crystal Palace,Swansea,A,1.95,3.5,4.33,,,,B365H/B365D/B365A,,0.49813466563676106,0.27753217085476684,0.22433316350847204,0.029481680751888728
1718,E0,2017-08-26,Huddersfield,Southampton,D,3.9,3.4,2.1,,,,B365H/B365D/B365A,,0.24973767051416584,0.28646379853095494,0.46379853095487933,0.026718379659556035
1718,E0,2017-08-26,Man United,Leicester,H,1.33,5.5,11.0,,,,B365H/B365D/B365A,,0.733822548365577,0.17745163442294865,0.08872581721147432,0.024606971975392966
1718,E0,2017-08-26,Newcastle,West Ham,H,2.3,3.4,3.4,,,,B365H/B365D/B365A,,0.425,0.2875,0.2875,0.023017902813299296
1718,E0,2017-08-26,Watford,Brighton,D,1.91,3.4,4.0,,,,B365H/B365D/B365A,,0.4903728275762602,0.2754741472560756,0.23415302516766426,0.06767785648290725
1718,E0,2017-08-27,Chelsea,Everton,H,1.45,4.5,8.5,,,,B365H/B365D/B365A,,0.6698774080560421,0.2158493870402802,0.11427320490367776,0.029524453459544686
1718,E0,2017-08-27,Liverpool,Arsenal,H,2.15,3.7,3.5,,,,B365H/B365D/B365A,,0.45550474850510025,0.2646851916989096,0.27981005979599016,0.021100835054323364
1718,E0,2017-08-27,Tottenham,Burnley,D,1.25,6.5,15.0,,,,B365H/B365D/B365A,,0.7839195979899497,0.1507537688442211,0.06532663316582914,0.020512820512820662
1718,E0,2017-08-27,West Brom,Stoke,D,2.4,3.1,3.5,,,,B365H/B365D/B365A,,0.40651929561633576,0.3147246159610341,0.2787560884226302,0.024961597542242586
1718,E0,2017-09-09,Arsenal,Bournemouth,H,1.36,5.5,9.0,,,,B365H/B365D/B365A,,0.7151112395261485,0.17682750650101128,0.10806125397284022,0.028223410576351693
1718,E0,2017-09-09,Brighton,West Brom,H,2.7,3.1,3.0,,,,B365H/B365D/B365A,,0.3608847497089639,0.31431897555296856,0.3247962747380675,0.02628434886499398
1718,E0,2017-09-09,Everton,Tottenham,A,3.8,3.5,2.1,,,,B365H/B365D/B365A,,0.2567237163814181,0.2787286063569682,0.4645476772616137,0.025062656641603898
1718,E0,2017-09-09,Leicester,Chelsea,A,4.75,3.9,1.8,,,,B365H/B365D/B365A,,0.2058952925648922,0.2507699076110867,0.5433347998240211,0.02249212775528564
1718,E0,2017-09-09,Man City,Liverpool,H,1.85,4.0,4.2,,,,B365H/B365D/B365A,,0.5254926493587738,0.24304035032843294,0.23146700031279327,0.028635778635778486
1718,E0,2017-09-09,Southampton,Watford,A,1.65,4.0,6.0,,,,B365H/B365D/B365A,,0.5925925925925927,0.24444444444444444,0.16296296296296295,0.022727272727272707
1718,E0,2017-09-09,Stoke,Man United,D,7.5,4.5,1.5,,,,B365H/B365D/B365A,,0.13043478260869565,0.21739130434782608,0.6521739130434783,0.022222222222222143
1718,E0,2017-09-10,Burnley,Crystal Palace,H,2.3,3.25,3.5,,,,B365H/B365D/B365A,,0.4228624535315985,0.2992565055762082,0.2778810408921933,0.028189202102245625
1718,E0,2017-09-10,Swansea,Newcastle,A,2.4,3.25,3.3,,,,B365H/B365D/B365A,,0.4055587067498582,0.29948950652297224,0.2949517867271696,0.027389277389277433
1718,E0,2017-09-11,West Ham,Huddersfield,H,1.95,3.5,4.5,,,,B365H/B365D/B365A,,0.5023923444976077,0.2799043062200957,0.21770334928229665,0.020757020757020683
1718,E0,2017-09-15,Bournemouth,Brighton,H,2.15,3.4,3.8,,,,B365H/B365D/B365A,,0.45492957746478874,0.2876760563380282,0.2573943661971831,0.02239182086543301
1718,E0,2017-09-16,Crystal Palace,Southampton,A,3.0,3.3,2.6,,,,B365H/B365D/B365A,,0.3264840182648402,0.29680365296803657,0.3767123287671233,0.020979020979020824
1718,E0,2017-09-16,Huddersfield,Leicester,D,3.5,3.4,2.25,,,,B365H/B365D/B365A,,0.2789425706472197,0.2871467639015497,0.43391066545123064,0.024276377217553602
1718,E0,2017-09-16,Liverpool,Burnley,D,1.29,6.0,13.0,,,,B365H/B365D/B365A,,0.7609013754755634,0.16359379572724614,0.07550482879719053,0.01878354203935584
1718,E0,2017-09-16,Newcastle,Stoke,H,2.38,3.25,3.4,,,,B365H/B365D/B365A,,0.4111321948134092,0.30107526881720426,0.28779253636938645,0.021978021978022122
1718,E0,2017-09-16,Tottenham,Swansea,D,1.22,7.0,15.0,,,,B365H/B365D/B365A,,0.7964199029126214,0.13880461165048544,0.06477548543689321,0.02919594067135045
1718,E0,2017-09-16,Watford,Man City,A,9.0,6.0,1.33,,,,B365H/B365D/B365A,,0.10791075050709938,0.16186612576064907,0.7302231237322514,0.02965747702589816
1718,E0,2017-09-16,West Brom,West Ham,D,2.38,3.25,3.4,,,,B365H/B365D/B365A,,0.4111321948134092,0.30107526881720426,0.28779253636938645,0.021978021978022122
1718,E0,2017-09-17,Chelsea,Arsenal,D,1.8,4.0,4.5,,,,B365H/B365D/B365A,,0.5405405405405406,0.24324324324324326,0.21621621621621623,0.02777777777777768
1718,E0,2017-09-17,Man United,Everton,H,1.36,5.25,10.0,,,,B365H/B365D/B365A,,0.7168214090660842,0.18569087930092845,0.09748771163298746,0.025770308123249208
1718,E0,2017-09-23,Burnley,Huddersfield,D,2.15,3.25,3.9,,,,B365H/B365D/B365A,,0.45191193511008115,0.29895712630359217,0.24913093858632682,0.029218843172331477
1718,E0,2017-09-23,Everton,Bournemouth,H,1.65,4.0,5.75,,,,B365H/B365D/B365A,,0.5884234090182283,0.24272465622001918,0.16885193476175248,0.029973649538866942
1718,E0,2017-09-23,Leicester,Liverpool,A,4.1,3.9,1.91,,,,B365H/B365D/B365A,,0.23821554205308604,0.25043172369683403,0.5113527342500799,0.023872904858730504
1718,E0,2017-09-23,Man City,Crystal Palace,H,1.14,10.0,21.0,,,,B365H/B365D/B365A,,0.8559550012227929,0.0975788701393984,0.04646612863780875,0.024812030075187952
1718,E0,2017-09-23,Southampton,Man United,A,5.5,3.8,1.73,,,,B365H/B365D/B365A,,0.1777285138825056,0.2572386385141528,0.5650328476033415,0.023010758635948925
1718,E0,2017-09-23,Stoke,Chelsea,A,6.0,4.1,1.62,,,,B365H/B365D/B365A,,0.16215028563058445,0.23729310092280653,0.600556613446609,0.027853056308340784
1718,E0,2017-09-23,Swansea,Watford,A,2.4,3.3,3.25,,,,B365H/B365D/B365A,,0.4055587067498582,0.2949517867271696,0.29948950652297224,0.027389277389277433
1718,E0,2017-09-23,West Ham,Tottenham,A,6.0,4.33,1.6,,,,B365H/B365D/B365A,,0.16298108591323987,0.22583984191211068,0.6111790721746495,0.022613548883756662
1718,E0,2017-09-24,Brighton,Newcastle,H,2.8,3.1,2.9,,,,B365H/B365D/B365A,,0.34858472276075997,0.3148507173322993,0.3365645599069407,0.02455108851104404
1718,E0,2017-09-25,Arsenal,West Brom,H,1.33,5.5,11.0,,,,B365H/B365D/B365A,,0.733822548365577,0.17745163442294865,0.08872581721147432,0.024606971975392966
1718,E0,2017-09-30,Bournemouth,Leicester,D,2.8,3.25,2.5,,,,B365H/B365D/B365A,,0.33539731682146534,0.2889576883384932,0.3756449948400412,0.06483516483516505
1718,E0,2017-09-30,Chelsea,Man City,A,2.75,3.3,2.5,,,,B365H/B365D/B365A,,0.34090909090909083,0.28409090909090906,0.37499999999999994,0.06666666666666687
1718,E0,2017-09-30,Huddersfield,Tottenham,A,8.5,4.75,1.36,,,,B365H/B365D/B365A,,0.11062590975254732,0.19796215429403205,0.6914119359534208,0.06346749226006176
1718,E0,2017-09-30,Man United,Crystal Palace,H,1.17,7.0,15.0,,,,B365H/B365D/B365A,,0.8031206975676917,0.13423588802202846,0.06264341441027994,0.06422466422466422
1718,E0,2017-09-30,Stoke,Southampton,H,2.88,3.2,2.45,,,,B365H/B365D/B365A,,0.32514930325149305,0.29263437292634376,0.38221632382216325,0.06788548752834456
1718,E0,2017-09-30,West Brom,Watford,D,2.15,3.2,3.5,,,,B365H/B365D/B365A,,0.4374145674672916,0.29388791251708657,0.26869752001562197,0.06333056478405297
1718,E0,2017-09-30,West Ham,Swansea,H,1.8,3.5,4.5,,,,B365H/B365D/B365A,,0.5223880597014926,0.26865671641791045,0.208955223880597,0.06349206349206349
1718,E0,2017-10-01,Arsenal,Brighton,H,1.2,6.5,13.0,,,,B365H/B365D/B365A,,0.783132530120482,0.14457831325301207,0.07228915662650603,0.0641025641025641
1718,E0,2017-10-01,Everton,Burnley,A,1.67,3.6,5.75,,,,B365H/B365D/B365A,,0.5700202398490961,0.2644260557077751,0.16555370444312875,0.05049321646561955
1718,E0,2017-10-01,Newcastle,Liverpool,D,5.0,3.8,1.67,,,,B365H/B365D/B365A,,0.18833095916429252,0.24780389363722696,0.5638651471984806,0.061960289946422886
1718,E0,2017-10-14,Burnley,West Ham,D,2.75,3.25,2.8,,,,B365H/B365D/B365A,,0.35356969402622634,0.29917435648373,0.34725594949004374,0.02847152847152845
1718,E0,2017-10-14,Crystal Palace,Chelsea,H,9.0,5.0,1.4,,,,B365H/B365D/B365A,,0.10835913312693499,0.195046439628483,0.6965944272445821,0.025396825396825307
1718,E0,2017-10-14,Liverpool,Man United,D,2.8,3.25,2.8,,,,B365H/B365D/B365A,,0.3494623655913978,0.30107526881720426,0.3494623655913978,0.021978021978022122
1718,E0,2017-10-14,Man City,Stoke,H,1.14,9.5,21.0,,,,B365H/B365D/B365A,,0.8515815085158152,0.10218978102189781,0.046228710462287104,0.03007518796992481
1718,E0,2017-10-14,Swansea,Huddersfield,H,2.2,3.25,3.75,,,,B365H/B365D/B365A,,0.44177616674218395,0.2990484821024015,0.25917535115541457,0.028904428904428903
1718,E0,2017-10-14,Tottenham,Bournemouth,H,1.2,8.0,15.0,,,,B365H/B365D/B365A,,0.8130081300813008,0.1219512195121951,0.06504065040650406,0.025000000000000133
1718,E0,2017-10-14,Watford,Arsenal,H,5.25,4.33,1.65,,,,B365H/B365D/B365A,,0.18538123224224495,0.22476939244152103,0.589849375316234,0.027483678753886576
1718,E0,2017-10-15,Brighton,Everton,D,3.25,3.3,2.4,,,,B365H/B365D/B365A,,0.29948950652297224,0.2949517867271696,0.4055587067498582,0.027389277389277433
1718,E0,2017-10-15,Southampton,Newcastle,D,1.91,3.6,4.5,,,,B365H/B365D/B365A,,0.5115089514066496,0.2713839158851947,0.21710713270815574,0.023560209424083656
1718,E0,2017-10-16,Leicester,West Brom,D,2.05,3.4,4.2,,,,B365H/B365D/B365A,,0.478231748158071,0.28834561286001337,0.23342263898191556,0.02001776320284221
1718,E0,2017-10-20,West Ham,Brighton,A,1.83,3.5,5.25,,,,B365H/B365D/B365A,,0.5343511450381679,0.2793893129770993,0.18625954198473285,0.022638563622169983
1718,E0,2017-10-21,Chelsea,Watford,H,1.36,5.25,10.0,,,,B365H/B365D/B365A,,0.7168214090660842,0.18569087930092845,0.09748771163298746,0.025770308123249208
1718,E0,2017-10-21,Huddersfield,Man United,H,11.0,5.0,1.36,,,,B365H/B365D/B365A,,0.08858780614903597,0.19489317352787913,0.7165190203230849,0.02620320855614966
1718,E0,2017-10-21,Man City,Burnley,H,1.11,12.0,26.0,,,,B365H/B365D/B365A,,0.8809080128748094,0.08148399119091987,0.037607995934270715,0.02269577269577261
1718,E0,2017-10-21,Newcastle,Crystal Palace,H,2.0,3.5,4.2,,,,B365H/B365D/B365A,,0.48837209302325585,0.27906976744186046,0.23255813953488372,0.023809523809523725
1718,E0,2017-10-21,Southampton,West Brom,H,1.85,3.39,5.25,,,,B365H/B365D/B365A,,0.5268416144931397,0.28750943563784914,0.18564894986901115,0.026001981754194103
1718,E0,2017-10-21,Stoke,Bournemouth,A,2.14,3.5,3.6,,,,B365H/B365D/B365A,,0.45333525221270776,0.277182125638627,0.2694826221486652,0.030781783118231765
1718,E0,2017-10-21,Swansea,Leicester,A,2.79,3.25,2.75,,,,B365H/B365D/B365A,,0.34806737416025696,0.29880245350988216,0.3531301723298607,0.029751610396771877
1718,E0,2017-10-22,Everton,Arsenal,A,3.79,3.6,2.04,,,,B365H/B365D/B365A,,0.25571386788116823,0.26920987757489656,0.4750762545439351,0.031826098953213755
1718,E0,2017-10-22,Tottenham,Liverpool,H,2.25,3.5,3.39,,,,B365H/B365D/B365A,,0.43354343655796107,0.27870649493011784,0.2877500685119211,0.025143980896193296
1718,E0,2017-10-28,Arsenal,Swansea,H,1.25,7.0,12.0,,,,B365H/B365D/B365A,,0.7795823665893272,0.13921113689095127,0.08120649651972157,0.026190476190476097
1718,E0,2017-10-28,Bournemouth,Chelsea,A,6.0,4.2,1.61,,,,B365H/B365D/B365A,,0.16246215943491424,0.23208879919273462,0.6054490413723511,0.025879917184264967
1718,E0,2017-10-28,Crystal Palace,West Ham,D,2.39,3.29,3.29,,,,B365H/B365D/B365A,,0.40768277571251554,0.2961586121437423,0.2961586121437423,0.026312777403314058
1718,E0,2017-10-28,Liverpool,Huddersfield,H,1.25,6.75,13.0,,,,B365H/B365D/B365A,,0.7804335742078933,0.14452473596442467,0.07504168982768206,0.025071225071225056
1718,E0,2017-10-28,Man United,Tottenham,H,2.14,3.39,3.79,,,,B365H/B365D/B365A,,0.45539160608649115,0.2874743472050416,0.2571340467084673,0.026127213107694613
1718,E0,2017-10-28,Watford,Stoke,A,2.04,3.6,3.79,,,,B365H/B365D/B365A,,0.4750762545439352,0.2692098775748966,0.2557138678811683,0.03182609895321353
1718,E0,2017-10-28,West Brom,Man City,A,11.0,6.5,1.28,,,,B365H/B365D/B365A,,0.088604898828541,0.14994675186368478,0.7614483493077742,0.026005244755244794
1718,E0,2017-10-29,Brighton,Southampton,D,3.29,3.2,2.45,,,,B365H/B365D/B365A,,0.29664945040392,0.3049927161965303,0.3983578333995497,0.024614633087277404
1718,E0,2017-10-29,Leicester,Everton,H,2.14,3.39,3.75,,,,B365H/B365D/B365A,,0.4541459911903716,0.2866880298369897,0.2591659789726387,0.02894163703029795
1718,E0,2017-10-30,Burnley,Newcastle,H,2.89,3.2,2.7,,,,B365H/B365D/B365A,,0.33630454244677127,0.3037250398972403,0.35997041765598853,0.02889113161604495
1718,E0,2017-11-04,Huddersfield,West Brom,H,2.79,3.0,3.0,,,,B365H/B365D/B365A,,0.3496503496503497,0.3251748251748252,0.3251748251748252,0.02508960573476693
1718,E0,2017-11-04,Newcastle,Bournemouth,A,2.0,3.5,4.2,,,,B365H/B365D/B365A,,0.48837209302325585,0.27906976744186046,0.23255813953488372,0.023809523809523725
1718,E0,2017-11-04,Southampton,Burnley,A,1.66,3.75,6.5,,,,B365H/B365D/B365A,,0.5889103648224208,0.2606909881613916,0.15039864701618746,0.022922459067037604
1718,E0,2017-11-04,Stoke,Leicester,D,2.7,3.29,2.87,,,,B365H/B365D/B365A,,0.3621305269940132,0.2971891862868802,0.3406802867191065,0.02275379390065435
1718,E0,2017-11-04,Swansea,Brighton,A,2.39,3.2,3.39,,,,B365H/B365D/B365A,,0.40784868092081766,0.3046119835627357,0.28753933551644667,0.025895292578467233
1718,E0,2017-11-04,West Ham,Liverpool,A,5.25,4.33,1.66,,,,B365H/B365D/B365A,,0.18604229810561843,0.22557091571697385,0.5883867861774078,0.023832711247497418
1718,E0,2017-11-05,Chelsea,Man United,H,2.5,3.2,3.2,,,,B365H/B365D/B365A,,0.39024390243902446,0.30487804878048785,0.30487804878048785,0.02499999999999991
1718,E0,2017-11-05,Everton,Watford,H,2.2,3.39,3.6,,,,B365H/B365D/B365A,,0.4424624755275179,0.2871437894278877,0.2703937350445943,0.027308483060695554
1718,E0,2017-11-05,Man City,Arsenal,H,1.39,5.5,7.5,,,,B365H/B365D/B365A,,0.6953809844908969,0.1757417397167903,0.12887727579231287,0.03457597558316983
1718,E0,2017-11-05,Tottenham,Crystal Palace,H,1.28,6.0,12.0,,,,B365H/B365D/B365A,,0.7575757575757576,0.1616161616161616,0.0808080808080808,0.03125
1718,E0,2017-11-18,Arsenal,Tottenham,H,2.5,3.6,2.89,,,,B365H/B365D/B365A,,0.39070186638627064,0.2713207405460213,0.33797739306770813,0.023798539023452525
1718,E0,2017-11-18,Bournemouth,Huddersfield,H,1.83,3.5,5.25,,,,B365H/B365D/B365A,,0.5343511450381679,0.2793893129770993,0.18625954198473285,0.022638563622169983
1718,E0,2017-11-18,Burnley,Swansea,H,2.14,3.2,4.0,,,,B365H/B365D/B365A,,0.4537719795802609,0.30346001134429945,0.24276800907543958,0.029789719626168276
1718,E0,2017-11-18,Crystal Palace,Everton,D,2.39,3.25,3.29,,,,B365H/B365D/B365A,,0.40620215704077406,0.2987148170238308,0.29508302593539515,0.03005371731446682
1718,E0,2017-11-18,Leicester,Man City,A,9.5,5.75,1.33,,,,B365H/B365D/B365A,,0.10209258084971465,0.16867469879518074,0.7292327203551047,0.03105590062111796
1718,E0,2017-11-18,Liverpool,Southampton,H,1.39,5.0,9.0,,,,B365H/B365D/B365A,,0.6981073533974558,0.19407384424449267,0.10781880235805148,0.030535571542765982
1718,E0,2017-11-18,Man United,Newcastle,H,1.28,5.75,13.0,,,,B365H/B365D/B365A,,0.7569620253164556,0.16850632911392405,0.07453164556962025,0.03208612040133785
1718,E0,2017-11-18,West Brom,Chelsea,A,6.5,4.0,1.61,,,,B365H/B365D/B365A,,0.15009905605407298,0.24391096608786855,0.6059899778580585,0.024964166268514054
1718,E0,2017-11-19,Watford,West Ham,H,2.1,3.5,3.75,,,,B365H/B365D/B365A,,0.46296296296296297,0.2777777777777778,0.2592592592592593,0.02857142857142847
1718,E0,2017-11-20,Brighton,Stoke,D,2.39,3.2,3.39,,,,B365H/B365D/B365A,,0.40784868092081766,0.3046119835627357,0.28753933551644667,0.025895292578467233
1718,E0,2017-11-24,West Ham,Leicester,D,2.7,3.39,2.75,,,,B365H/B365D/B365A,,0.3599351363873284,0.28667400243238544,0.35339086118028606,0.028991984744197286
1718,E0,2017-11-25,Crystal Palace,Stoke,H,2.04,3.5,4.0,,,,B365H/B365D/B365A,,0.4778156996587031,0.2784982935153584,0.24368600682593858,0.02591036414565817
1718,E0,2017-11-25,Liverpool,Chelsea,D,2.14,3.6,3.5,,,,B365H/B365D/B365A,,0.45333525221270776,0.2694826221486652,0.277182125638627,0.030781783118231765
1718,E0,2017-11-25,Man United,Brighton,H,1.19,7.0,19.0,,,,B365H/B365D/B365A,,0.8112724167378309,0.13791631084543124,0.05081127241673783,0.03582485625829279
1718,E0,2017-11-25,Newcastle,Watford,A,2.2,3.5,3.5,,,,B365H/B365D/B365A,,0.4430379746835444,0.2784810126582279,0.2784810126582279,0.02597402597402576
1718,E0,2017-11-25,Swansea,Bournemouth,D,2.79,3.25,2.79,,,,B365H/B365D/B365A,,0.3498385360602798,0.30032292787944026,0.3498385360602798,0.02453818582850853
1718,E0,2017-11-25,Tottenham,West Brom,D,1.25,6.0,16.0,,,,B365H/B365D/B365A,,0.7773279352226721,0.16194331983805665,0.060728744939271245,0.029166666666666785
1718,E0,2017-11-26,Burnley,Arsenal,A,6.5,4.5,1.53,,,,B365H/B365D/B365A,,0.14941406250000003,0.2158203125,0.6347656250000001,0.02966314731020603
1718,E0,2017-11-26,Huddersfield,Man City,A,17.0,8.0,1.18,,,,B365H/B365D/B365A,,0.057039274924471285,0.12120845921450149,0.8217522658610271,0.03128115653040897
1718,E0,2017-11-26,Southampton,Everton,H,1.9,3.39,4.75,,,,B365H/B365D/B365A,,0.5100812518808305,0.2858862473668372,0.20403250075233223,0.03182735600062103
1718,E0,2017-11-28,Brighton,Crystal Palace,D,2.7,3.1,3.0,,,,B365H/B365D/B365A,,0.3608847497089639,0.31431897555296856,0.3247962747380675,0.02628434886499398
1718,E0,2017-11-28,Leicester,Tottenham,H,5.0,3.89,1.75,,,,B365H/B365D/B365A,,0.19445833035778048,0.249946440048561,0.5555952295936585,0.028497980168931347
1718,E0,2017-11-28,Watford,Man United,A,5.25,3.89,1.72,,,,B365H/B365D/B365A,,0.18511868036399554,0.249838835966832,0.5650424836691724,0.028940948053759685
1718,E0,2017-11-28,West Brom,Newcastle,D,2.37,3.1,3.5,,,,B365H/B365D/B365A,,0.4095576022950325,0.31311339272233135,0.2773290049826363,0.030235859145617994
1718,E0,2017-11-29,Arsenal,Huddersfield,H,1.19,7.5,17.0,,,,B365H/B365D/B365A,,0.8138903960933263,0.1291372761801411,0.05697232772653283,0.032492997198879436
1718,E0,2017-11-29,Bournemouth,Burnley,A,2.0,3.39,4.33,,,,B365H/B365D/B365A,,0.48736167231653427,0.2875290102162444,0.22510931746722135,0.02593213295455321
1718,E0,2017-11-29,Chelsea,Swansea,H,1.18,8.0,17.0,,,,B365H/B365D/B365A,,0.8217522658610272,0.12120845921450152,0.0570392749244713,0.03128115653040875
1718,E0,2017-11-29,Everton,West Ham,H,2.37,3.29,3.29,,,,B365H/B365D/B365A,,0.40971357409713577,0.29514321295143214,0.29514321295143214,0.02984366383235204
1718,E0,2017-11-29,Man City,Southampton,H,1.19,8.0,15.0,,,,B365H/B365D/B365A,,0.814276989889394,0.12112370224604735,0.06459930786455859,0.03200280112044829
1718,E0,2017-11-29,Stoke,Liverpool,A,6.5,4.5,1.55,,,,B365H/B365D/B365A,,0.1506479481641469,0.2176025917926566,0.6317494600431967,0.02122966639095658
1718,E0,2017-12-02,Arsenal,Man United,A,2.5,3.39,3.0,,,,B365H/B365D/B365A,,0.3889845094664372,0.2868617326448652,0.3241537578886976,0.02831858407079646
1718,E0,2017-12-02,Brighton,Liverpool,A,7.5,4.5,1.5,,,,B365H/B365D/B365A,,0.13043478260869565,0.21739130434782608,0.6521739130434783,0.022222222222222143
1718,E0,2017-12-02,Chelsea,Newcastle,H,1.25,6.5,15.0,,,,B365H/B365D/B365A,,0.7839195979899497,0.1507537688442211,0.06532663316582914,0.020512820512820662
1718,E0,2017-12-02,Everton,Huddersfield,H,1.72,3.79,5.5,,,,B365H/B365D/B365A,,0.5660741151103362,0.256899070709704,0.1770268141799597,0.027065773399454596
1718,E0,2017-12-02,Leicester,Burnley,H,1.83,3.6,5.0,,,,B365H/B365D/B365A,,0.5335230304108126,0.27120754045882983,0.19526942913035747,0.024225865209471786
1718,E0,2017-12-02,Stoke,Swansea,H,1.95,3.39,4.5,,,,B365H/B365D/B365A,,0.4978704655602878,0.286385666030254,0.215743868409458,0.030027985780198385
1718,E0,2017-12-02,Watford,Tottenham,D,5.0,4.0,1.72,,,,B365H/B365D/B365A,,0.1939120631341601,0.2423900789177001,0.5636978579481398,0.0313953488372094
1718,E0,2017-12-02,West Brom,Crystal Palace,D,2.5,3.2,3.2,,,,B365H/B365D/B365A,,0.39024390243902446,0.30487804878048785,0.30487804878048785,0.02499999999999991
1718,E0,2017-12-03,Bournemouth,Southampton,D,2.89,3.25,2.39,,,,B365H/B365D/B365A,,0.3227434963082382,0.2869934474864026,0.39026305620535917,0.07212311077898659
1718,E0,2017-12-03,Man City,West Ham,H,1.08,11.0,21.0,,,,B365H/B365D/B365A,,0.8698599186624492,0.08540442837776775,0.0447356529597831,0.06445406445406432
1718,E0,2017-12-09,Burnley,Watford,H,2.6,3.25,3.0,,,,B365H/B365D/B365A,,0.375,0.30000000000000004,0.325,0.02564102564102555
1718,E0,2017-12-09,Crystal Palace,Bournemouth,D,2.04,3.5,4.0,,,,B365H/B365D/B365A,,0.4778156996587031,0.2784982935153584,0.24368600682593858,0.02591036414565817
1718,E0,2017-12-09,Huddersfield,Brighton,H,2.7,3.1,3.0,,,,B365H/B365D/B365A,,0.3608847497089639,0.31431897555296856,0.3247962747380675,0.02628434886499398
1718,E0,2017-12-09,Newcastle,Leicester,A,2.62,3.29,2.89,,,,B365H/B365D/B365A,,0.3699692992525205,0.29462600730747834,0.33540469344000123,0.03165151833980673
1718,E0,2017-12-09,Swansea,West Brom,H,2.7,3.1,3.0,,,,B365H/B365D/B365A,,0.3608847497089639,0.31431897555296856,0.3247962747380675,0.02628434886499398
1718,E0,2017-12-09,Tottenham,Stoke,H,1.28,6.5,11.0,,,,B365H/B365D/B365A,,0.7614483493077742,0.14994675186368478,0.088604898828541,0.026005244755244794
1718,E0,2017-12-09,West Ham,Chelsea,H,7.5,4.5,1.5,,,,B365H/B365D/B365A,,0.13043478260869565,0.21739130434782608,0.6521739130434783,0.022222222222222143
1718,E0,2017-12-10,Liverpool,Everton,D,1.3,6.0,11.0,,,,B365H/B365D/B365A,,0.7491486946651532,0.1623155505107832,0.08853575482406358,0.02680652680652673
1718,E0,2017-12-10,Man United,Man City,A,3.39,3.5,2.25,,,,B365H/B365D/B365A,,0.2877500685119211,0.27870649493011784,0.43354343655796107,0.025143980896193296
1718,E0,2017-12-10,Southampton,Arsenal,D,4.0,3.75,1.95,,,,B365H/B365D/B365A,,0.24283935242839355,0.25902864259028646,0.49813200498132015,0.029487179487179382
1718,E0,2017-12-12,Burnley,Stoke,H,2.29,3.2,3.6,,,,B365H/B365D/B365A,,0.42521777646537723,0.30429647128303555,0.27048575225158716,0.02695900048520139
1718,E0,2017-12-12,Crystal Palace,Watford,H,2.29,3.5,3.25,,,,B365H/B365D/B365A,,0.4239262088884748,0.2773688623870306,0.29870492872449456,0.030087816114017008
1718,E0,2017-12-12,Huddersfield,Chelsea,A,9.0,4.5,1.44,,,,B365H/B365D/B365A,,0.10810810810810811,0.21621621621621623,0.6756756756756758,0.02777777777777768
1718,E0,2017-12-13,Liverpool,West Brom,D,1.22,7.0,15.0,,,,B365H/B365D/B365A,,0.7964199029126214,0.13880461165048544,0.06477548543689321,0.02919594067135045
1718,E0,2017-12-13,Man United,Bournemouth,H,1.28,6.0,12.0,,,,B365H/B365D/B365A,,0.7575757575757576,0.1616161616161616,0.0808080808080808,0.03125
1718,E0,2017-12-13,Newcastle,Everton,A,2.39,3.29,3.25,,,,B365H/B365D/B365A,,0.40620215704077406,0.29508302593539515,0.2987148170238308,0.03005371731446682
1718,E0,2017-12-13,Southampton,Leicester,A,2.1,3.39,3.89,,,,B365H/B365D/B365A,,0.46310987494337147,0.28688222341624786,0.2500079016403805,0.028245135668299337
1718,E0,2017-12-13,Swansea,Man City,A,15.0,6.5,1.25,,,,B365H/B365D/B365A,,0.06532663316582915,0.15075376884422112,0.7839195979899498,0.02051282051282044
1718,E0,2017-12-13,Tottenham,Brighton,H,1.25,6.5,15.0,,,,B365H/B365D/B365A,,0.7839195979899497,0.1507537688442211,0.06532663316582914,0.020512820512820662
1718,E0,2017-12-13,West Ham,Arsenal,D,5.25,4.2,1.66,,,,B365H/B365D/B365A,,0.18475236505286588,0.23094045631608234,0.5843071786310519,0.030981067125645412
1718,E0,2017-12-16,Arsenal,Newcastle,H,1.25,6.5,14.0,,,,B365H/B365D/B365A,,0.780278670953912,0.15005359056806,0.06966773847802786,0.025274725274725407
1718,E0,2017-12-16,Brighton,Burnley,D,2.62,3.0,3.2,,,,B365H/B365D/B365A,,0.37145952638910384,0.3244079863798174,0.30413248723107883,0.027512722646310328
1718,E0,2017-12-16,Chelsea,Southampton,H,1.39,5.0,9.0,,,,B365H/B365D/B365A,,0.6981073533974558,0.19407384424449267,0.10781880235805148,0.030535571542765982
1718,E0,2017-12-16,Leicester,Crystal Palace,A,1.89,3.6,4.5,,,,B365H/B365D/B365A,,0.5141388174807198,0.26992287917737784,0.21593830334190225,0.029100529100529293
1718,E0,2017-12-16,Man City,Tottenham,H,1.55,4.59,6.0,,,,B365H/B365D/B365A,,0.6265570078148995,0.21158243183291814,0.16186056035218235,0.029692880736523986
1718,E0,2017-12-16,Stoke,West Ham,A,2.29,3.29,3.5,,,,B365H/B365D/B365A,,0.4254713809068102,0.2961487727284484,0.2783798463647415,0.026346876202864244
1718,E0,2017-12-16,Watford,Huddersfield,A,1.8,3.75,5.0,,,,B365H/B365D/B365A,,0.5434782608695653,0.2608695652173913,0.19565217391304351,0.022222222222222143
1718,E0,2017-12-17,Bournemouth,Liverpool,A,6.5,4.5,1.53,,,,B365H/B365D/B365A,,0.14941406250000003,0.2158203125,0.6347656250000001,0.02966314731020603
1718,E0,2017-12-17,West Brom,Man United,A,6.5,4.0,1.6,,,,B365H/B365D/B365A,,0.14953271028037385,0.2429906542056075,0.6074766355140188,0.028846153846153744
1718,E0,2017-12-18,Everton,Swansea,H,1.72,3.75,5.5,,,,B365H/B365D/B365A,,0.5645271657314903,0.25892979334884353,0.17654304091966605,0.029880197322057933
1718,E0,2017-12-22,Arsenal,Liverpool,D,2.54,3.6,2.79,,,,B365H/B365D/B365A,,0.3822703295197643,0.26971295471672263,0.34801671576351306,0.02990150424745286
1718,E0,2017-12-23,Brighton,Watford,H,2.62,3.2,3.0,,,,B365H/B365D/B365A,,0.37145952638910384,0.30413248723107883,0.3244079863798174,0.027512722646310328
1718,E0,2017-12-23,Burnley,Tottenham,A,7.0,4.2,1.55,,,,B365H/B365D/B365A,,0.13922155688622756,0.2320359281437126,0.62874251497006,0.026113671274961447
1718,E0,2017-12-23,Everton,Chelsea,D,6.0,3.89,1.66,,,,B365H/B365D/B365A,,0.16242007777168524,0.2505194001619824,0.5870605220663323,0.026145713961243544
1718,E0,2017-12-23,Leicester,Man United,D,4.5,3.6,1.9,,,,B365H/B365D/B365A,,0.21652421652421655,0.27065527065527073,0.5128205128205129,0.02631578947368407
1718,E0,2017-12-23,Man City,Bournemouth,H,1.12,11.0,23.0,,,,B365H/B365D/B365A,,0.869176858595575,0.08849800742064037,0.04232513398378452,0.027244494635799033
1718,E0,2017-12-23,Southampton,Huddersfield,D,1.61,3.89,6.5,,,,B365H/B365D/B365A,,0.6018389589864065,0.24909016040311424,0.14907088061047916,0.03203357500887405
1718,E0,2017-12-23,Stoke,West Brom,H,2.29,3.25,3.5,,,,B365H/B365D/B365A,,0.4239262088884748,0.29870492872449456,0.2773688623870306,0.030087816114017008
1718,E0,2017-12-23,Swansea,Crystal Palace,D,3.29,3.2,2.45,,,,B365H/B365D/B365A,,0.29664945040392,0.3049927161965303,0.3983578333995497,0.024614633087277404
1718,E0,2017-12-23,West Ham,Newcastle,A,2.1,3.39,3.89,,,,B365H/B365D/B365A,,0.46310987494337147,0.28688222341624786,0.2500079016403805,0.028245135668299337
1718,E0,2017-12-26,Bournemouth,West Ham,D,2.79,3.29,2.75,,,,B365H/B365D/B365A,,0.3493364634292312,0.296245815491658,0.3544177210791109,0.026010670485618892
1718,E0,2017-12-26,Chelsea,Brighton,H,1.19,7.5,17.0,,,,B365H/B365D/B365A,,0.8138903960933263,0.1291372761801411,0.05697232772653283,0.032492997198879436
1718,E0,2017-12-26,Huddersfield,Stoke,D,2.5,3.2,3.2,,,,B365H/B365D/B365A,,0.39024390243902446,0.30487804878048785,0.30487804878048785,0.02499999999999991
1718,E0,2017-12-26,Liverpool,Swansea,H,1.16,9.0,19.0,,,,B365H/B365D/B365A,,0.8403774326715158,0.10831531354432868,0.05130725378415569,0.02581165557572085
1718,E0,2017-12-26,Man United,Burnley,D,1.25,6.5,15.0,,,,B365H/B365D/B365A,,0.7839195979899497,0.1507537688442211,0.06532663316582914,0.020512820512820662
1718,E0,2017-12-26,Tottenham,Southampton,H,1.36,5.25,10.0,,,,B365H/B365D/B365A,,0.7168214090660842,0.18569087930092845,0.09748771163298746,0.025770308123249208
1718,E0,2017-12-26,Watford,Leicester,H,2.54,3.5,2.87,,,,B365H/B365D/B365A,,0.383034379671151,0.27797352124706387,0.3389920990817852,0.0278471288649893
1718,E0,2017-12-26,West Brom,Everton,D,2.54,3.2,3.1,,,,B365H/B365D/B365A,,0.3826865211017668,0.30375742612452744,0.31355605277370574,0.028781432562865028
1718,E0,2017-12-27,Newcastle,Man City,A,13.0,6.75,1.25,,,,B365H/B365D/B365A,,0.07504168982768206,0.14452473596442467,0.7804335742078933,0.025071225071225056
1718,E0,2017-12-28,Crystal Palace,Arsenal,A,4.5,4.0,1.8,,,,B365H/B365D/B365A,,0.21621621621621623,0.24324324324324326,0.5405405405405406,0.02777777777777768
1718,E0,2017-12-30,Bournemouth,Everton,H,2.37,3.29,3.29,,,,B365H/B365D/B365A,,0.40971357409713577,0.29514321295143214,0.29514321295143214,0.02984366383235204
1718,E0,2017-12-30,Chelsea,Stoke,H,1.16,8.5,19.0,,,,B365H/B365D/B365A,,0.8350568769389864,0.11396070320579109,0.050982419855222325,0.03234760328813935
1718,E0,2017-12-30,Huddersfield,Burnley,D,2.37,3.1,3.5,,,,B365H/B365D/B365A,,0.4095576022950325,0.31311339272233135,0.2773290049826363,0.030235859145617994
1718,E0,2017-12-30,Liverpool,Leicester,H,1.3,6.0,11.0,,,,B365H/B365D/B365A,,0.7491486946651532,0.1623155505107832,0.08853575482406358,0.02680652680652673
1718,E0,2017-12-30,Man United,Southampton,D,1.36,5.5,9.0,,,,B365H/B365D/B365A,,0.7151112395261485,0.17682750650101128,0.10806125397284022,0.028223410576351693
1718,E0,2017-12-30,Newcastle,Brighton,D,2.14,3.2,4.0,,,,B365H/B365D/B365A,,0.4537719795802609,0.30346001134429945,0.24276800907543958,0.029789719626168276
1718,E0,2017-12-30,Watford,Swansea,A,1.66,3.79,6.0,,,,B365H/B365D/B365A,,0.5832055273727026,0.25544094338751616,0.16135352923978105,0.03292854796494704
1718,E0,2017-12-31,Crystal Palace,Man City,D,11.0,6.5,1.28,,,,B365H/B365D/B365A,,0.088604898828541,0.14994675186368478,0.7614483493077742,0.026005244755244794
1718,E0,2017-12-31,West Brom,Arsenal,D,5.0,4.0,1.72,,,,B365H/B365D/B365A,,0.1939120631341601,0.2423900789177001,0.5636978579481398,0.0313953488372094
1718,E0,2018-01-01,Brighton,Bournemouth,D,2.37,3.2,3.39,,,,B365H/B365D/B365A,,0.4098797338502171,0.30356717788281706,0.28655308826696596,0.029426179007505215
1718,E0,2018-01-01,Burnley,Liverpool,A,7.5,4.5,1.5,,,,B365H/B365D/B365A,,0.13043478260869565,0.21739130434782608,0.6521739130434783,0.022222222222222143
1718,E0,2018-01-01,Everton,Man United,A,5.5,3.5,1.8,,,,B365H/B365D/B365A,,0.1777150916784203,0.27926657263751764,0.5430183356840621,0.023088023088023046
1718,E0,2018-01-01,Leicester,Huddersfield,H,1.66,3.79,6.0,,,,B365H/B365D/B365A,,0.5832055273727026,0.25544094338751616,0.16135352923978105,0.03292854796494704
1718,E0,2018-01-01,Stoke,Newcastle,A,2.29,3.29,3.5,,,,B365H/B365D/B365A,,0.4254713809068102,0.2961487727284484,0.2783798463647415,0.026346876202864244
1718,E0,2018-01-02,Man City,Watford,H,1.12,8.5,19.0,,,,B365H/B365D/B365A,,0.8398335933437338,0.11066042641705669,0.04950598023920957,0.0631357806280406
1718,E0,2018-01-02,Southampton,Crystal Palace,A,1.9,3.39,4.0,,,,B365H/B365D/B365A,,0.4912865475888554,0.2753523423064382,0.23336111010470634,0.07130104021114736
1718,E0,2018-01-02,Swansea,Tottenham,A,12.0,4.75,1.3,,,,B365H/B365D/B365A,,0.0783878133925738,0.1980323706759759,0.7235798159314504,0.0630904183535761
1718,E0,2018-01-02,West Ham,West Brom,H,1.9,3.39,4.09,,,,B365H/B365D/B365A,,0.49382236769466925,0.27677359841294147,0.22940403389238917,0.06579981771725985
1718,E0,2018-01-03,Arsenal,Chelsea,D,2.6,3.39,2.6,,,,B365H/B365D/B365A,,0.36140724946695096,0.27718550106609813,0.36140724946695096,0.06421601996823223
1718,E0,2018-01-04,Tottenham,West Ham,D,1.25,6.0,10.0,,,,B365H/B365D/B365A,,0.75,0.15625,0.09375,0.06666666666666665
1718,E0,2018-01-13,Chelsea,Leicester,D,1.3,5.75,12.0,,,,B365H/B365D/B365A,,0.7493890849850665,0.1694270974748846,0.08118381754004887,0.026477146042363398
1718,E0,2018-01-13,Crystal Palace,Burnley,H,2.0,3.29,4.5,,,,B365H/B365D/B365A,,0.4872469968734573,0.296198782293895,0.21655422083264766,0.026173590003377267
1718,E0,2018-01-13,Huddersfield,West Ham,A,2.62,3.1,3.1,,,,B365H/B365D/B365A,,0.37170263788968827,0.3141486810551559,0.3141486810551559,0.026840679635557585
1718,E0,2018-01-13,Newcastle,Swansea,D,1.95,3.39,4.5,,,,B365H/B365D/B365A,,0.4978704655602878,0.286385666030254,0.215743868409458,0.030027985780198385
1718,E0,2018-01-13,Tottenham,Everton,H,1.28,6.0,13.0,,,,B365H/B365D/B365A,,0.7623143080531665,0.1626270523846755,0.07505863956215794,0.024839743589743613
1718,E0,2018-01-13,Watford,Southampton,D,2.5,3.39,3.0,,,,B365H/B365D/B365A,,0.3889845094664372,0.2868617326448652,0.3241537578886976,0.02831858407079646
1718,E0,2018-01-13,West Brom,Brighton,H,2.14,3.0,4.33,,,,B365H/B365D/B365A,,0.45298888974131857,0.32313207468214056,0.2238790355765408,0.03156993517659168
1718,E0,2018-01-14,Bournemouth,Arsenal,H,4.75,4.2,1.75,,,,B365H/B365D/B365A,,0.20638820638820637,0.2334152334152334,0.5601965601965602,0.020050125313283207
1718,E0,2018-01-14,Liverpool,Man City,H,3.1,3.75,2.29,,,,B365H/B365D/B365A,,0.31442798821009466,0.2599271369203449,0.42564487486956043,0.025928534535380576
1718,E0,2018-01-15,Man United,Stoke,H,1.22,7.0,15.0,,,,B365H/B365D/B365A,,0.7964199029126214,0.13880461165048544,0.06477548543689321,0.02919594067135045
1718,E0,2018-01-20,Arsenal,Crystal Palace,H,1.5,4.75,7.0,,,,B365H/B365D/B365A,,0.6535626535626535,0.20638820638820637,0.14004914004914004,0.020050125313283207
1718,E0,2018-01-20,Brighton,Chelsea,A,6.5,3.89,1.61,,,,B365H/B365D/B365A,,0.14907088061047916,0.24909016040311424,0.6018389589864065,0.03203357500887405
1718,E0,2018-01-20,Burnley,Man United,A,7.5,3.89,1.57,,,,B365H/B365D/B365A,,0.12978432676757912,0.2502268510943042,0.6199888221381168,0.027345417232928826
1718,E0,2018-01-20,Everton,West Brom,D,2.14,3.2,4.0,,,,B365H/B365D/B365A,,0.4537719795802609,0.30346001134429945,0.24276800907543958,0.029789719626168276
1718,E0,2018-01-20,Leicester,Watford,H,1.85,3.89,4.33,,,,B365H/B365D/B365A,,0.5255329836789835,0.24993213876764,0.22453487755337637,0.028556831497990487
1718,E0,2018-01-20,Man City,Newcastle,H,1.12,10.0,26.0,,,,B365H/B365D/B365A,,0.8657432072456047,0.09696323921150773,0.037293553542887596,0.03131868131868121
1718,E0,2018-01-20,Stoke,Huddersfield,H,2.04,3.39,4.09,,,,B365H/B365D/B365A,,0.4760663775610057,0.2864824218951185,0.23745120054387575,0.029680106674948137
1718,E0,2018-01-20,West Ham,Bournemouth,D,2.0,3.6,4.0,,,,B365H/B365D/B365A,,0.4864864864864865,0.2702702702702703,0.24324324324324326,0.02777777777777768
1718,E0,2018-01-21,Southampton,Tottenham,D,5.75,4.09,1.64,,,,B365H/B365D/B365A,,0.1691484827928816,0.23780043424427125,0.5930510829628471,0.028167918545348947
1718,E0,2018-01-22,Swansea,Liverpool,H,12.0,5.75,1.3,,,,B365H/B365D/B365A,,0.08118381754004887,0.1694270974748846,0.7493890849850665,0.026477146042363398
1718,E0,2018-01-30,Huddersfield,Liverpool,A,12.0,5.75,1.3,,,,B365H/B365D/B365A,,0.08118381754004887,0.1694270974748846,0.7493890849850665,0.026477146042363398
1718,E0,2018-01-30,Swansea,Arsenal,H,7.0,4.59,1.5,,,,B365H/B365D/B365A,,0.13904877309906089,0.21205695243865497,0.6488942744622841,0.027388733271086263
1718,E0,2018-01-30,West Ham,Crystal Palace,D,3.1,3.25,2.54,,,,B365H/B365D/B365A,,0.3150282399633644,0.30048847504197834,0.3844832849946573,0.023973740255172737
1718,E0,2018-01-31,Chelsea,Bournemouth,A,1.28,6.5,11.0,,,,B365H/B365D/B365A,,0.7614483493077742,0.14994675186368478,0.088604898828541,0.026005244755244794
1718,E0,2018-01-31,Everton,Leicester,H,3.0,3.2,2.62,,,,B365H/B365D/B365A,,0.3244079863798174,0.30413248723107883,0.37145952638910384,0.027512722646310328
1718,E0,2018-01-31,Man City,West Brom,H,1.14,10.0,21.0,,,,B365H/B365D/B365A,,0.8559550012227929,0.0975788701393984,0.04646612863780875,0.024812030075187952
1718,E0,2018-01-31,Newcastle,Burnley,D,2.2,3.2,3.89,,,,B365H/B365D/B365A,,0.44384225914568926,0.3051415531626614,0.25101618769164946,0.02411486328581436
1718,E0,2018-01-31,Southampton,Brighton,D,1.75,3.5,6.0,,,,B365H/B365D/B365A,,0.5581395348837209,0.27906976744186046,0.16279069767441862,0.023809523809523725
1718,E0,2018-01-31,Stoke,Watford,D,2.25,3.5,3.39,,,,B365H/B365D/B365A,,0.43354343655796107,0.27870649493011784,0.2877500685119211,0.025143980896193296
1718,E0,2018-01-31,Tottenham,Man United,H,2.35,3.29,3.39,,,,B365H/B365D/B365A,,0.4153684579030282,0.2966917556450201,0.2879397864519517,0.024468533412235205
1718,E0,2018-02-03,Arsenal,Everton,H,1.3,5.75,12.0,,,,B365H/B365D/B365A,,0.7493890849850665,0.1694270974748846,0.08118381754004887,0.026477146042363398
1718,E0,2018-02-03,Bournemouth,Stoke,H,1.9,3.7,4.33,,,,B365H/B365D/B365A,,0.5122130571008376,0.263028326619349,0.22475861627981328,0.02753294196104461
1718,E0,2018-02-03,Brighton,West Ham,H,2.35,3.0,3.7,,,,B365H/B365D/B365A,,0.4134848202644813,0.3238964425405103,0.26261873719500833,0.029135518497220625
1718,E0,2018-02-03,Burnley,Man City,D,13.0,6.0,1.28,,,,B365H/B365D/B365A,,0.07505863956215794,0.1626270523846755,0.7623143080531665,0.024839743589743613
1718,E0,2018-02-03,Leicester,Swansea,D,1.8,3.6,5.25,,,,B365H/B365D/B365A,,0.5426356589147288,0.2713178294573644,0.18604651162790697,0.023809523809523725
1718,E0,2018-02-03,Man United,Huddersfield,H,1.16,8.5,19.0,,,,B365H/B365D/B365A,,0.8350568769389864,0.11396070320579109,0.050982419855222325,0.03234760328813935
1718,E0,2018-02-03,West Brom,Southampton,A,2.54,3.2,3.1,,,,B365H/B365D/B365A,,0.3826865211017668,0.30375742612452744,0.31355605277370574,0.028781432562865028
1718,E0,2018-02-04,Crystal Palace,Newcastle,D,2.04,3.39,4.2,,,,B365H/B365D/B365A,,0.4790455426356589,0.2882751937984496,0.23267926356589144,0.02327656726407379
1718,E0,2018-02-04,Liverpool,Tottenham,D,2.1,3.75,3.6,,,,B365H/B365D/B365A,,0.4665629860031104,0.26127527216174184,0.2721617418351478,0.02063492063492056
1718,E0,2018-02-05,Watford,Chelsea,H,6.25,4.0,1.61,,,,B365H/B365D/B365A,,0.15517137521836036,0.24245527377868803,0.6023733510029516,0.03111801242236023
1718,E0,2018-02-10,Everton,Crystal Palace,H,2.25,3.25,3.2,,,,B365H/B365D/B365A,,0.41746111389864526,0.28901154039136984,0.29352734570998495,0.06463675213675213
1718,E0,2018-02-10,Man City,Leicester,H,1.19,6.5,13.0,,,,B365H/B365D/B365A,,0.7845503922751962,0.14363307181653592,0.07181653590826796,0.07110536522301225
1718,E0,2018-02-10,Stoke,Brighton,D,2.2,3.2,3.39,,,,B365H/B365D/B365A,,0.4279965280517636,0.2942476130355875,0.2777558589126489,0.06203070528291765
1718,E0,2018-02-10,Swansea,Burnley,H,2.37,3.0,3.25,,,,B365H/B365D/B365A,,0.3969465648854962,0.313587786259542,0.2894656488549619,0.06296656929568312
1718,E0,2018-02-10,Tottenham,Arsenal,H,2.0,3.6,3.5,,,,B365H/B365D/B365A,,0.4701492537313433,0.2611940298507463,0.26865671641791045,0.06349206349206349
1718,E0,2018-02-10,West Ham,Watford,H,2.5,3.29,2.79,,,,B365H/B365D/B365A,,0.3765151297627886,0.28610572170424664,0.3373791485329647,0.06237430684925549
1718,E0,2018-02-11,Huddersfield,Bournemouth,H,3.25,3.2,2.25,,,,B365H/B365D/B365A,,0.28901154039136984,0.29352734570998495,0.41746111389864526,0.06463675213675213
1718,E0,2018-02-11,Newcastle,Man United,H,5.5,3.75,1.61,,,,B365H/B365D/B365A,,0.16998662631097347,0.24931371858942772,0.5806996550995988,0.0696028609072088
1718,E0,2018-02-11,Southampton,Liverpool,A,4.2,3.79,1.8,,,,B365H/B365D/B365A,,0.22514851485148513,0.2495049504950495,0.5253465346534654,0.05750303639485699
1718,E0,2018-02-12,Chelsea,West Brom,H,1.36,4.75,8.0,,,,B365H/B365D/B365A,,0.6866642573183954,0.19660281893747744,0.11673292374412723,0.07082043343653233
1718,E0,2018-02-24,Bournemouth,Newcastle,D,2.1,3.5,3.79,,,,B365H/B365D/B365A,,0.4642332190102891,0.27853993140617345,0.25722684958353753,0.025757004648825133
1718,E0,2018-02-24,Brighton,Swansea,H,2.14,3.25,4.0,,,,B365H/B365D/B365A,,0.45590040329651055,0.3001928809398562,0.24390671576363315,0.024982027318475986
1718,E0,2018-02-24,Burnley,Southampton,D,2.89,3.1,2.79,,,,B365H/B365D/B365A,,0.3369158314213259,0.31409250090568774,0.34899166767298634,0.02702434547506538
1718,E0,2018-02-24,Leicester,Stoke,D,1.72,3.89,5.25,,,,B365H/B365D/B365A,,0.5650424836691724,0.249838835966832,0.18511868036399554,0.028940948053759685
1718,E0,2018-02-24,Liverpool,West Ham,H,1.22,7.5,13.0,,,,B365H/B365D/B365A,,0.7958533997224717,0.12945881968818873,0.07468778058933966,0.02992854140395118
1718,E0,2018-02-24,Watford,Everton,H,2.25,3.39,3.5,,,,B365H/B365D/B365A,,0.4335434365579611,0.28775006851192114,0.2787064949301179,0.025143980896193074
1718,E0,2018-02-24,West Brom,Huddersfield,A,1.95,3.29,4.75,,,,B365H/B365D/B365A,,0.49919343246394404,0.29587452684033155,0.20493204069572438,0.027298196391141616
1718,E0,2018-02-25,Crystal Palace,Tottenham,A,7.5,4.5,1.5,,,,B365H/B365D/B365A,,0.13043478260869565,0.21739130434782608,0.6521739130434783,0.022222222222222143
1718,E0,2018-02-25,Man United,Chelsea,H,2.29,3.25,3.5,,,,B365H/B365D/B365A,,0.4239262088884748,0.29870492872449456,0.2773688623870306,0.030087816114017008
1718,E0,2018-03-01,Arsenal,Man City,A,4.5,4.0,1.72,,,,B365H/B365D/B365A,,0.21091354996934394,0.23727774371551194,0.5518087063151441,0.053617571059431546
1718,E0,2018-03-03,Burnley,Everton,H,2.5,3.1,3.29,,,,B365H/B365D/B365A,,0.3896614961412089,0.31424314204936193,0.2960953618094292,0.026532012942445338
1718,E0,2018-03-03,Leicester,Bournemouth,D,1.85,3.75,4.5,,,,B365H/B365D/B365A,,0.5250875145857643,0.2590431738623104,0.21586931155192535,0.029429429429429277
1718,E0,2018-03-03,Liverpool,Newcastle,H,1.22,7.0,15.0,,,,B365H/B365D/B365A,,0.7964199029126214,0.13880461165048544,0.06477548543689321,0.02919594067135045
1718,E0,2018-03-03,Southampton,Stoke,D,1.75,3.75,5.25,,,,B365H/B365D/B365A,,0.5555555555555556,0.2592592592592593,0.1851851851851852,0.02857142857142847
1718,E0,2018-03-03,Swansea,West Ham,H,2.6,3.25,3.0,,,,B365H/B365D/B365A,,0.375,0.30000000000000004,0.325,0.02564102564102555
1718,E0,2018-03-03,Tottenham,Huddersfield,H,1.19,7.5,17.0,,,,B365H/B365D/B365A,,0.8138903960933263,0.1291372761801411,0.05697232772653283,0.032492997198879436
1718,E0,2018-03-03,Watford,West Brom,H,2.14,3.29,3.89,,,,B365H/B365D/B365A,,0.4544247300564919,0.2955832590641011,0.24999201087940687,0.028310496147683217
1718,E0,2018-03-04,Brighton,Arsenal,H,4.2,3.79,1.9,,,,B365H/B365D/B365A,,0.23155085372520015,0.2565998906717258,0.511849255603074,0.0282632703129857
1718,E0,2018-03-04,Man City,Chelsea,H,1.61,4.2,6.0,,,,B365H/B365D/B365A,,0.6054490413723511,0.23208879919273462,0.16246215943491424,0.025879917184264967
1718,E0,2018-03-05,Crystal Palace,Man United,A,7.0,4.0,1.57,,,,B365H/B365D/B365A,,0.1387232162580075,0.24276562845151314,0.6185111552904793,0.029799818016378543
1718,E0,2018-03-10,Chelsea,Crystal Palace,H,1.3,5.75,12.0,,,,B365H/B365D/B365A,,0.7493890849850665,0.1694270974748846,0.08118381754004887,0.026477146042363398
1718,E0,2018-03-10,Everton,Brighton,H,2.2,3.2,3.89,,,,B365H/B365D/B365A,,0.44384225914568926,0.3051415531626614,0.25101618769164946,0.02411486328581436
1718,E0,2018-03-10,Huddersfield,Swansea,D,2.54,3.1,3.2,,,,B365H/B365D/B365A,,0.3826865211017668,0.31355605277370574,0.30375742612452744,0.028781432562865028
1718,E0,2018-03-10,Man United,Liverpool,H,2.75,3.39,2.75,,,,B365H/B365D/B365A,,0.35571878279118574,0.2885624344176285,0.35571878279118574,0.02225797801019036
1718,E0,2018-03-10,Newcastle,Southampton,H,2.79,3.2,2.79,,,,B365H/B365D/B365A,,0.34820457018498363,0.30359085963003263,0.34820457018498363,0.02934587813620082
1718,E0,2018-03-10,West Brom,Leicester,A,3.0,3.25,2.6,,,,B365H/B365D/B365A,,0.325,0.30000000000000004,0.375,0.02564102564102555
1718,E0,2018-03-10,West Ham,Burnley,A,2.29,3.2,3.6,,,,B365H/B365D/B365A,,0.42521777646537723,0.30429647128303555,0.27048575225158716,0.02695900048520139
1718,E0,2018-03-11,Arsenal,Watford,H,1.44,5.0,7.5,,,,B365H/B365D/B365A,,0.6756756756756758,0.19459459459459463,0.12972972972972974,0.02777777777777768
1718,E0,2018-03-11,Bournemouth,Tottenham,A,6.5,4.5,1.55,,,,B365H/B365D/B365A,,0.1506479481641469,0.2176025917926566,0.6317494600431967,0.02122966639095658
1718,E0,2018-03-12,Stoke,Man City,A,15.0,6.5,1.25,,,,B365H/B365D/B365A,,0.06532663316582915,0.15075376884422112,0.7839195979899498,0.02051282051282044
1718,E0,2018-03-17,Bournemouth,West Brom,H,1.83,3.6,5.0,,,,B365H/B365D/B365A,,0.5335230304108126,0.27120754045882983,0.19526942913035747,0.024225865209471786
1718,E0,2018-03-17,Huddersfield,Crystal Palace,A,3.0,3.1,2.7,,,,B365H/B365D/B365A,,0.3247962747380675,0.31431897555296856,0.3608847497089639,0.02628434886499398
1718,E0,2018-03-17,Liverpool,Watford,H,1.19,8.0,15.0,,,,B365H/B365D/B365A,,0.814276989889394,0.12112370224604735,0.06459930786455859,0.03200280112044829
1718,E0,2018-03-17,Stoke,Everton,A,2.5,3.29,3.1,,,,B365H/B365D/B365A,,0.3896614961412089,0.2960953618094292,0.31424314204936193,0.026532012942445338
1718,E0,2018-03-31,Brighton,Leicester,A,2.7,3.2,2.62,,,,B365H/B365D/B365A,,0.3479126898497801,0.29355133206075196,0.358535978089468,0.06454975968334731
1718,E0,2018-03-31,Crystal Palace,Liverpool,A,7.0,4.33,1.44,,,,B365H/B365D/B365A,,0.13373025745734066,0.2161921021250311,0.6500776404176282,0.06824846951867736
1718,E0,2018-03-31,Everton,Man City,A,9.0,5.0,1.33,,,,B365H/B365D/B365A,,0.10452687834014461,0.1881483810122603,0.7073247406475951,0.06299081035923138
1718,E0,2018-03-31,Man United,Swansea,H,1.25,6.0,10.0,,,,B365H/B365D/B365A,,0.75,0.15625,0.09375,0.06666666666666665
1718,E0,2018-03-31,Newcastle,Huddersfield,H,1.75,3.39,5.0,,,,B365H/B365D/B365A,,0.5358413024579152,0.27661424168181464,0.18754445586027033,0.06641382216603442
1718,E0,2018-03-31,Watford,Bournemouth,D,2.29,3.29,3.1,,,,B365H/B365D/B365A,,0.4107183846714535,0.2858799698776986,0.3034016454508479,0.06321323564986892
1718,E0,2018-03-31,West Brom,Burnley,A,2.5,3.0,3.1,,,,B365H/B365D/B365A,,0.3788187372708758,0.3156822810590631,0.3054989816700611,0.05591397849462365
1718,E0,2018-03-31,West Ham,Southampton,H,2.7,3.25,2.6,,,,B365H/B365D/B365A,,0.34852546916890076,0.28954423592493295,0.3619302949061662,0.06267806267806275
1718,E0,2018-04-01,Arsenal,Stoke,H,1.28,5.5,10.0,,,,B365H/B365D/B365A,,0.7349011223944414,0.17103153393907,0.0940673436664885,0.06306818181818197
1718,E0,2018-04-01,Chelsea,Tottenham,A,2.29,3.29,3.1,,,,B365H/B365D/B365A,,0.4107183846714535,0.2858799698776986,0.3034016454508479,0.06321323564986892
1718,E0,2018-04-07,Bournemouth,Crystal Palace,D,2.5,3.39,3.0,,,,B365H/B365D/B365A,,0.3889845094664372,0.2868617326448652,0.3241537578886976,0.02831858407079646
1718,E0,2018-04-07,Brighton,Huddersfield,D,1.85,3.5,5.0,,,,B365H/B365D/B365A,,0.526711813393529,0.27840481565086533,0.19488337095560576,0.026254826254826114
1718,E0,2018-04-07,Everton,Liverpool,D,4.2,3.75,1.9,,,,B365H/B365D/B365A,,0.23091881380651436,0.2586290714632961,0.5104521147301897,0.031077694235588815
1718,E0,2018-04-07,Leicester,Newcastle,A,1.95,3.6,4.2,,,,B365H/B365D/B365A,,0.49851632047477745,0.27002967359050445,0.23145400593471807,0.028693528693528814
1718,E0,2018-04-07,Man City,Man United,A,1.89,3.79,4.2,,,,B365H/B365D/B365A,,0.5131676934533884,0.25590684449258677,0.23092546205402473,0.0310480099398307
1718,E0,2018-04-07,Stoke,Tottenham,A,11.0,5.5,1.33,,,,B365H/B365D/B365A,,0.08872581721147432,0.17745163442294865,0.733822548365577,0.024606971975392966
1718,E0,2018-04-07,Watford,Burnley,A,2.39,3.2,3.39,,,,B365H/B365D/B365A,,0.40784868092081766,0.3046119835627357,0.28753933551644667,0.025895292578467233
1718,E0,2018-04-07,West Brom,Swansea,D,2.37,3.2,3.39,,,,B365H/B365D/B365A,,0.4098797338502171,0.30356717788281706,0.28655308826696596,0.029426179007505215
1718,E0,2018-04-08,Arsenal,Southampton,H,1.57,4.5,6.0,,,,B365H/B365D/B365A,,0.6209037599172128,0.21662642290444978,0.16246981717833733,0.02583156404812459
1718,E0,2018-04-08,Chelsea,West Ham,D,1.28,6.0,12.0,,,,B365H/B365D/B365A,,0.7575757575757576,0.1616161616161616,0.0808080808080808,0.03125
1718,E0,2018-04-14,Burnley,Leicester,H,2.62,3.2,3.0,,,,B365H/B365D/B365A,,0.37145952638910384,0.30413248723107883,0.3244079863798174,0.027512722646310328
1718,E0,2018-04-14,Crystal Palace,Brighton,H,1.9,3.5,4.75,,,,B365H/B365D/B365A,,0.5147058823529411,0.27941176470588236,0.20588235294117646,0.022556390977443552
1718,E0,2018-04-14,Huddersfield,Watford,H,2.62,3.25,3.0,,,,B365H/B365D/B365A,,0.37320574162679426,0.3008612440191388,0.325933014354067,0.022705030338618037
1718,E0,2018-04-14,Liverpool,Bournemouth,H,1.25,7.0,12.0,,,,B365H/B365D/B365A,,0.7795823665893272,0.13921113689095127,0.08120649651972157,0.026190476190476097
1718,E0,2018-04-14,Southampton,Chelsea,A,4.5,3.75,1.85,,,,B365H/B365D/B365A,,0.21586931155192535,0.2590431738623104,0.5250875145857643,0.029429429429429277
1718,E0,2018-04-14,Swansea,Everton,D,2.54,3.25,3.1,,,,B365H/B365D/B365A,,0.3844832849946573,0.30048847504197834,0.3150282399633644,0.023973740255172737
1718,E0,2018-04-14,Tottenham,Man City,A,2.62,3.6,2.7,,,,B365H/B365D/B365A,,0.3706245710363761,0.26973232669869596,0.3596431022649279,0.02982753746112521
1718,E0,2018-04-15,Man United,West Brom,A,1.18,8.0,19.0,,,,B365H/B365D/B365A,,0.8267159795496574,0.12194060698357444,0.051343413466768184,0.025089206066012615
1718,E0,2018-04-15,Newcastle,Arsenal,H,3.29,3.6,2.25,,,,B365H/B365D/B365A,,0.296198782293895,0.2706927760408096,0.43310844166529533,0.026173590003377267
1718,E0,2018-04-16,West Ham,Stoke,D,2.0,3.6,4.0,,,,B365H/B365D/B365A,,0.4864864864864865,0.2702702702702703,0.24324324324324326,0.02777777777777768
1718,E0,2018-04-17,Brighton,Tottenham,D,6.5,4.33,1.55,,,,B365H/B365D/B365A,,0.14937182155058254,0.22423021710826477,0.6263979613411526,0.029954326385824626
1718,E0,2018-04-18,Bournemouth,Man United,A,5.0,3.89,1.75,,,,B365H/B365D/B365A,,0.19445833035778048,0.249946440048561,0.5555952295936585,0.028497980168931347
1718,E0,2018-04-19,Burnley,Chelsea,A,4.0,3.39,1.9,,,,B365H/B365D/B365A,,0.23336111010470634,0.2753523423064382,0.4912865475888554,0.07130104021114736
1718,E0,2018-04-19,Leicester,Southampton,D,2.25,3.29,3.2,,,,B365H/B365D/B365A,,0.41893316885855836,0.2865044467877679,0.2945623843536738,0.060895812225599366
1718,E0,2018-04-21,Watford,Crystal Palace,D,2.89,3.39,2.54,,,,B365H/B365D/B365A,,0.33441431084770645,0.2850906661799032,0.3804950229723904,0.03470679938471255
1718,E0,2018-04-21,West Brom,Liverpool,D,7.5,4.5,1.5,,,,B365H/B365D/B365A,,0.13043478260869565,0.21739130434782608,0.6521739130434783,0.022222222222222143
1718,E0,2018-04-22,Arsenal,West Ham,H,1.55,4.59,6.0,,,,B365H/B365D/B365A,,0.6265570078148995,0.21158243183291814,0.16186056035218235,0.029692880736523986
1718,E0,2018-04-22,Man City,Swansea,H,1.14,9.0,23.0,,,,B365H/B365D/B365A,,0.8501724987678659,0.10768851651059634,0.0421389847215377,0.03178235443681676
1718,E0,2018-04-22,Stoke,Burnley,D,2.29,3.29,3.5,,,,B365H/B365D/B365A,,0.4254713809068102,0.2961487727284484,0.2783798463647415,0.026346876202864244
1718,E0,2018-04-23,Everton,Newcastle,H,2.29,3.39,3.39,,,,B365H/B365D/B365A,,0.4253450439146801,0.28732747804265996,0.28732747804265996,0.026651724182349845
1718,E0,2018-04-28,Burnley,Brighton,D,2.25,3.2,3.7,,,,B365H/B365D/B365A,,0.432669468298922,0.30422071989767957,0.2631098118033985,0.027214714714714594
1718,E0,2018-04-28,Crystal Palace,Leicester,H,2.04,3.6,3.79,,,,B365H/B365D/B365A,,0.4750762545439352,0.2692098775748966,0.2557138678811683,0.03182609895321353
1718,E0,2018-04-28,Huddersfield,Everton,A,2.62,3.1,3.1,,,,B365H/B365D/B365A,,0.37170263788968827,0.3141486810551559,0.3141486810551559,0.026840679635557585
1718,E0,2018-04-28,Liverpool,Stoke,D,1.33,5.75,10.0,,,,B365H/B365D/B365A,,0.7329742821632302,0.1695401383090602,0.09748557952770963,0.0257927427263811
1718,E0,2018-04-28,Newcastle,West Brom,A,1.85,3.6,4.75,,,,B365H/B365D/B365A,,0.5253859743451877,0.26999001459405486,0.20462401106075737,0.028844634107791922
1718,E0,2018-04-28,Southampton,Bournemouth,H,1.72,4.0,5.0,,,,B365H/B365D/B365A,,0.5636978579481398,0.2423900789177001,0.1939120631341601,0.0313953488372094
1718,E0,2018-04-28,Swansea,Chelsea,A,7.0,4.33,1.53,,,,B365H/B365D/B365A,,0.13904741116048094,0.22478796261509623,0.6361646262244227,0.027398796316063123
1718,E0,2018-04-29,Man United,Arsenal,H,1.44,4.75,8.0,,,,B365H/B365D/B365A,,0.674237047551455,0.20440028388928316,0.1213626685592619,0.029970760233918092
1718,E0,2018-04-29,West Ham,Man City,A,10.0,5.75,1.33,,,,B365H/B365D/B365A,,0.09748557952770963,0.1695401383090602,0.7329742821632302,0.0257927427263811
1718,E0,2018-04-30,Tottenham,Watford,H,1.16,8.5,21.0,,,,B365H/B365D/B365A,,0.8391312523505078,0.11451673561489281,0.04635201203459947,0.027335071959818436
1718,E0,2018-05-04,Brighton,Man United,H,4.75,3.6,1.85,,,,B365H/B365D/B365A,,0.20462401106075737,0.26999001459405486,0.5253859743451877,0.028844634107791922
1718,E0,2018-05-05,Bournemouth,Swansea,H,2.1,3.6,3.7,,,,B365H/B365D/B365A,,0.4649214659685864,0.27120418848167543,0.2638743455497382,0.02423852423852413
1718,E0,2018-05-05,Everton,Southampton,D,2.89,3.29,2.62,,,,B365H/B365D/B365A,,0.33540469344000123,0.29462600730747834,0.3699692992525205,0.03165151833980673
1718,E0,2018-05-05,Leicester,West Ham,A,2.25,3.5,3.39,,,,B365H/B365D/B365A,,0.43354343655796107,0.27870649493011784,0.2877500685119211,0.025143980896193296
1718,E0,2018-05-05,Stoke,Crystal Palace,A,2.7,3.39,2.79,,,,B365H/B365D/B365A,,0.3617680470928431,0.28813384281730864,0.35009811008984815,0.023778560175933938
1718,E0,2018-05-05,Watford,Newcastle,H,2.37,3.39,3.2,,,,B365H/B365D/B365A,,0.4098797338502171,0.28655308826696596,0.30356717788281706,0.029426179007505215
1718,E0,2018-05-05,West Brom,Tottenham,H,8.0,4.75,1.44,,,,B365H/B365D/B365A,,0.1213626685592619,0.20440028388928316,0.674237047551455,0.029970760233918092
1718,E0,2018-05-06,Arsenal,Burnley,H,1.57,4.2,6.5,,,,B365H/B365D/B365A,,0.61906165672691,0.2314111431098211,0.14952720016326904,0.02888406710062741
1718,E0,2018-05-06,Chelsea,Liverpool,H,2.25,3.6,3.29,,,,B365H/B365D/B365A,,0.43310844166529533,0.2706927760408096,0.296198782293895,0.026173590003377267
1718,E0,2018-05-06,Man City,Huddersfield,D,1.08,13.0,34.0,,,,B365H/B365D/B365A,,0.8969883919149283,0.07451903563600944,0.02849257244906243,0.03226076755488494
1718,E0,2018-05-08,Swansea,Southampton,A,3.1,3.25,2.54,,,,B365H/B365D/B365A,,0.3150282399633644,0.30048847504197834,0.3844832849946573,0.023973740255172737
1718,E0,2018-05-09,Chelsea,Huddersfield,D,1.16,8.5,19.0,,,,B365H/B365D/B365A,,0.8350568769389864,0.11396070320579109,0.050982419855222325,0.03234760328813935
1718,E0,2018-05-09,Leicester,Arsenal,H,3.75,3.79,2.0,,,,B365H/B365D/B365A,,0.25876930955022615,0.25603823504309975,0.485192455406674,0.0305189094107301
1718,E0,2018-05-09,Man City,Brighton,H,1.12,10.0,27.0,,,,B365H/B365D/B365A,,0.8669406627279732,0.09709735422553302,0.03596198304649371,0.029894179894179862
1718,E0,2018-05-09,Tottenham,Newcastle,H,1.18,8.5,17.0,,,,B365H/B365D/B365A,,0.827653359298929,0.11489776046738072,0.05744888023369036,0.023928215353938187
1718,E0,2018-05-10,West Ham,Man United,D,4.75,3.79,1.8,,,,B365H/B365D/B365A,,0.20440755666751562,0.2561836132376515,0.539408830094833,0.029934114089092523
1718,E0,2018-05-13,Burnley,Bournemouth,A,2.14,3.5,3.6,,,,B365H/B365D/B365A,,0.45333525221270776,0.277182125638627,0.2694826221486652,0.030781783118231765
1718,E0,2018-05-13,Crystal Palace,West Brom,H,1.8,3.79,4.75,,,,B365H/B365D/B365A,,0.539408830094833,0.2561836132376515,0.20440755666751562,0.029934114089092523
1718,E0,2018-05-13,Huddersfield,Arsenal,A,6.0,4.33,1.6,,,,B365H/B365D/B365A,,0.16298108591323987,0.22583984191211068,0.6111790721746495,0.022613548883756662
1718,E0,2018-05-13,Liverpool,Brighton,H,1.19,8.0,15.0,,,,B365H/B365D/B365A,,0.814276989889394,0.12112370224604735,0.06459930786455859,0.03200280112044829
1718,E0,2018-05-13,Man United,Watford,H,1.39,5.25,8.5,,,,B365H/B365D/B365A,,0.7001372818199648,0.18536968032947637,0.11449303785055893,0.027547709731374548
1718,E0,2018-05-13,Newcastle,Chelsea,H,6.5,4.2,1.6,,,,B365H/B365D/B365A,,0.15128320576316975,0.23412877082395317,0.6145880234128771,0.01694139194139188
1718,E0,2018-05-13,Southampton,Man City,A,9.0,5.0,1.39,,,,B365H/B365D/B365A,,0.10781880235805148,0.19407384424449267,0.6981073533974558,0.030535571542765982
1718,E0,2018-05-13,Swansea,Stoke,A,1.9,3.79,4.2,,,,B365H/B365D/B365A,,0.511849255603074,0.2565998906717258,0.23155085372520015,0.0282632703129857
1718,E0,2018-05-13,Tottenham,Leicester,H,1.33,6.0,9.0,,,,B365H/B365D/B365A,,0.7302231237322516,0.1618661257606491,0.1079107505070994,0.029657477025897938
1718,E0,2018-05-13,West Ham,Everton,H,2.45,3.5,3.0,,,,B365H/B365D/B365A,,0.3973509933774835,0.27814569536423844,0.3245033112582782,0.027210884353741305
1819,E0,2018-08-10,Man United,Leicester,H,1.57,3.9,7.5,,,,B365H/B365D/B365A,,0.6203868668872486,0.24974548231102064,0.1298676508017307,0.02668626490282544
1819,E0,2018-08-11,Bournemouth,Cardiff,H,1.9,3.6,4.5,,,,B365H/B365D/B365A,,0.5128205128205129,0.27065527065527073,0.21652421652421655,0.02631578947368407
1819,E0,2018-08-11,Fulham,Crystal Palace,A,2.5,3.4,3.0,,,,B365H/B365D/B365A,,0.3893129770992367,0.28625954198473286,0.3244274809160305,0.027450980392156765
1819,E0,2018-08-11,Huddersfield,Chelsea,A,6.5,4.0,1.61,,,,B365H/B365D/B365A,,0.15009905605407298,0.24391096608786855,0.6059899778580585,0.024964166268514054
1819,E0,2018-08-11,Newcastle,Tottenham,A,3.9,3.5,2.04,,,,B365H/B365D/B365A,,0.24838238363598414,0.27676894176581085,0.4748486745982049,0.03232062055591478
1819,E0,2018-08-11,Watford,Brighton,H,2.37,3.2,3.4,,,,B365H/B365D/B365A,,0.4102254731920669,0.30382324108287456,0.28595128572505846,0.028558575328865743
1819,E0,2018-08-11,Wolves,Everton,D,2.37,3.3,3.3,,,,B365H/B365D/B365A,,0.41044776119402987,0.29477611940298515,0.29477611940298515,0.028001534330648115
1819,E0,2018-08-12,Arsenal,Man City,A,4.0,3.8,1.95,,,,B365H/B365D/B365A,,0.24366984544557713,0.25649457415323906,0.4998355804011839,0.02597840755735481
1819,E0,2018-08-12,Liverpool,West Ham,H,1.25,6.5,14.0,,,,B365H/B365D/B365A,,0.780278670953912,0.15005359056806,0.06966773847802786,0.025274725274725407
1819,E0,2018-08-12,Southampton,Burnley,D,1.85,3.5,5.0,,,,B365H/B365D/B365A,,0.526711813393529,0.27840481565086533,0.19488337095560576,0.026254826254826114
1819,E0,2018-08-18,Cardiff,Newcastle,D,3.25,3.1,2.54,,,,B365H/B365D/B365A,,0.30048847504197834,0.3150282399633644,0.3844832849946573,0.023973740255172737
1819,E0,2018-08-18,Chelsea,Arsenal,H,1.8,4.0,4.5,,,,B365H/B365D/B365A,,0.5405405405405406,0.24324324324324326,0.21621621621621623,0.02777777777777768
1819,E0,2018-08-18,Everton,Southampton,H,1.9,3.5,4.75,,,,B365H/B365D/B365A,,0.5147058823529411,0.27941176470588236,0.20588235294117646,0.022556390977443552
1819,E0,2018-08-18,Leicester,Wolves,H,2.04,3.5,3.9,,,,B365H/B365D/B365A,,0.474848674598205,0.2767689417658109,0.2483823836359842,0.03232062055591456
1819,E0,2018-08-18,Tottenham,Fulham,H,1.28,6.0,12.0,,,,B365H/B365D/B365A,,0.7575757575757576,0.1616161616161616,0.0808080808080808,0.03125
1819,E0,2018-08-18,West Ham,Bournemouth,A,2.1,3.6,3.7,,,,B365H/B365D/B365A,,0.4649214659685864,0.27120418848167543,0.2638743455497382,0.02423852423852413
1819,E0,2018-08-19,Brighton,Man United,H,5.5,3.6,1.75,,,,B365H/B365D/B365A,,0.17634709587123865,0.2694191742477257,0.5542337298810357,0.031024531024530955
1819,E0,2018-08-19,Burnley,Watford,A,2.45,3.1,3.4,,,,B365H/B365D/B365A,,0.3982618552805592,0.3147553372378613,0.28698280748157945,0.02486155752623631
1819,E0,2018-08-19,Man City,Huddersfield,H,1.1,13.0,26.0,,,,B365H/B365D/B365A,,0.887372013651877,0.0750853242320819,0.03754266211604095,0.02447552447552459
1819,E0,2018-08-20,Crystal Palace,Liverpool,A,7.0,5.0,1.44,,,,B365H/B365D/B365A,,0.13771996939556236,0.19280795715378735,0.6694720734506504,0.03730158730158717
1819,E0,2018-08-25,Arsenal,West Ham,H,1.36,5.5,9.0,,,,B365H/B365D/B365A,,0.7151112395261485,0.17682750650101128,0.10806125397284022,0.028223410576351693
1819,E0,2018-08-25,Bournemouth,Everton,D,2.62,3.6,2.75,,,,B365H/B365D/B365A,,0.37306402381580434,0.27150770622150205,0.3554282699626936,0.023093530727118505
1819,E0,2018-08-25,Huddersfield,Cardiff,D,2.37,3.0,3.7,,,,B365H/B365D/B365A,,0.4114311130879573,0.3250305793394863,0.2635383075725565,0.025544531873645582
1819,E0,2018-08-25,Liverpool,Brighton,H,1.16,8.5,19.0,,,,B365H/B365D/B365A,,0.8350568769389864,0.11396070320579109,0.050982419855222325,0.03234760328813935
1819,E0,2018-08-25,Southampton,Leicester,A,2.45,3.2,3.25,,,,B365H/B365D/B365A,,0.39690869191871,0.30388321725026235,0.29920809083102756,0.028355572998430167
1819,E0,2018-08-25,Wolves,Man City,D,11.0,6.5,1.28,,,,B365H/B365D/B365A,,0.088604898828541,0.14994675186368478,0.7614483493077742,0.026005244755244794
1819,E0,2018-08-26,Fulham,Burnley,H,2.0,3.4,4.33,,,,B365H/B365D/B365A,,0.4877741700351202,0.2869259823736001,0.22529984759127952,0.02506452927591374
1819,E0,2018-08-26,Newcastle,Chelsea,A,5.75,4.0,1.66,,,,B365H/B365D/B365A,,0.169452596656884,0.24358810769427075,0.5869592956488452,0.026322682032477784
1819,E0,2018-08-26,Watford,Crystal Palace,H,2.6,3.25,3.0,,,,B365H/B365D/B365A,,0.375,0.30000000000000004,0.325,0.02564102564102555
1819,E0,2018-08-27,Man United,Tottenham,A,2.62,3.3,2.9,,,,B365H/B365D/B365A,,0.37072906174943826,0.2943364066010692,0.33493453164949255,0.029537278550176627
1819,E0,2018-09-01,Brighton,Fulham,D,2.3,3.4,3.4,,,,B365H/B365D/B365A,,0.425,0.2875,0.2875,0.023017902813299296
1819,E0,2018-09-01,Chelsea,Bournemouth,H,1.3,6.0,11.0,,,,B365H/B365D/B365A,,0.7491486946651532,0.1623155505107832,0.08853575482406358,0.02680652680652673
1819,E0,2018-09-01,Crystal Palace,Southampton,A,2.0,3.5,4.2,,,,B365H/B365D/B365A,,0.48837209302325585,0.27906976744186046,0.23255813953488372,0.023809523809523725
1819,E0,2018-09-01,Everton,Huddersfield,D,1.53,4.2,7.5,,,,B365H/B365D/B365A,,0.6376389141920205,0.23228274731280743,0.13007833849517217,0.025023342670401405
1819,E0,2018-09-01,Leicester,Liverpool,A,7.5,5.0,1.44,,,,B365H/B365D/B365A,,0.12972972972972974,0.19459459459459463,0.6756756756756758,0.02777777777777768
1819,E0,2018-09-01,Man City,Newcastle,H,1.11,11.0,26.0,,,,B365H/B365D/B365A,,0.8744305500351607,0.08823799186718441,0.037331458097654945,0.030271530271530178
1819,E0,2018-09-01,West Ham,Wolves,A,2.6,3.4,2.87,,,,B365H/B365D/B365A,,0.3744435917114351,0.28633921719109745,0.33921719109746734,0.02716508742333712
1819,E0,2018-09-02,Burnley,Man United,A,6.0,3.75,1.7,,,,B365H/B365D/B365A,,0.16314779270633398,0.2610364683301344,0.5758157389635318,0.021568627450980316
1819,E0,2018-09-02,Cardiff,Arsenal,A,6.5,4.33,1.57,,,,B365H/B365D/B365A,,0.15057333531200648,0.2260338751796864,0.623392789508307,0.021735711222479637
1819,E0,2018-09-02,Watford,Tottenham,H,5.5,4.2,1.64,,,,B365H/B365D/B365A,,0.1765791632485644,0.2312346185397867,0.5921862182116489,0.0296695174743955
1819,E0,2018-09-15,Bournemouth,Leicester,H,2.45,3.5,3.0,,,,B365H/B365D/B365A,,0.3973509933774835,0.27814569536423844,0.3245033112582782,0.027210884353741305
1819,E0,2018-09-15,Chelsea,Cardiff,H,1.18,8.0,19.0,,,,B365H/B365D/B365A,,0.8267159795496574,0.12194060698357444,0.051343413466768184,0.025089206066012615
1819,E0,2018-09-15,Huddersfield,Crystal Palace,A,3.3,3.1,2.5,,,,B365H/B365D/B365A,,0.2954632100648113,0.3145253526496378,0.39001143728555093,0.025610948191593375
1819,E0,2018-09-15,Man City,Fulham,H,1.12,10.0,26.0,,,,B365H/B365D/B365A,,0.8657432072456047,0.09696323921150773,0.037293553542887596,0.03131868131868121
1819,E0,2018-09-15,Newcastle,Arsenal,A,4.2,3.8,1.9,,,,B365H/B365D/B365A,,0.23170731707317074,0.25609756097560976,0.5121951219512195,0.027568922305764243
1819,E0,2018-09-15,Tottenham,Liverpool,A,3.0,3.6,2.4,,,,B365H/B365D/B365A,,0.3243243243243243,0.27027027027027023,0.4054054054054054,0.0277777777777779
1819,E0,2018-09-15,Watford,Man United,A,4.33,3.6,1.95,,,,B365H/B365D/B365A,,0.2260760349741558,0.2719192309550263,0.5020047340708178,0.02154517281538082
1819,E0,2018-09-16,Everton,West Ham,A,2.0,3.75,3.9,,,,B365H/B365D/B365A,,0.4887218045112782,0.26065162907268175,0.25062656641604014,0.023076923076922995
1819,E0,2018-09-16,Wolves,Burnley,H,1.75,3.6,5.75,,,,B365H/B365D/B365A,,0.5585160202360877,0.2715008431703204,0.1699831365935919,0.02311939268461005
1819,E0,2018-09-17,Southampton,Brighton,D,2.1,3.4,3.9,,,,B365H/B365D/B365A,,0.46379853095487933,0.28646379853095494,0.24973767051416584,0.026718379659556035
1819,E0,2018-09-22,Brighton,Tottenham,A,5.0,4.0,1.75,,,,B365H/B365D/B365A,,0.19580419580419584,0.24475524475524477,0.5594405594405595,0.021428571428571352
1819,E0,2018-09-22,Burnley,Bournemouth,H,3.0,3.4,2.5,,,,B365H/B365D/B365A,,0.3244274809160305,0.28625954198473286,0.3893129770992367,0.027450980392156765
1819,E0,2018-09-22,Cardiff,Man City,A,23.0,8.0,1.16,,,,B365H/B365D/B365A,,0.04218948899799963,0.12129478086924894,0.8365157301327514,0.030547226386806736
1819,E0,2018-09-22,Crystal Palace,Newcastle,D,2.14,3.4,3.75,,,,B365H/B365D/B365A,,0.4545292502941071,0.28608605753805566,0.25938469216783716,0.02807403335165848
1819,E0,2018-09-22,Fulham,Watford,D,2.54,3.5,2.9,,,,B365H/B365D/B365A,,0.38438233734757254,0.2789517533893812,0.33666590926304635,0.024242659322756932
1819,E0,2018-09-22,Leicester,Huddersfield,H,1.61,4.0,6.5,,,,B365H/B365D/B365A,,0.6059899778580585,0.24391096608786855,0.15009905605407298,0.024964166268514054
1819,E0,2018-09-22,Liverpool,Southampton,H,1.2,7.5,17.0,,,,B365H/B365D/B365A,,0.8126195028680689,0.13001912045889102,0.05736137667304016,0.025490196078431282
1819,E0,2018-09-22,Man United,Wolves,D,1.57,4.33,6.5,,,,B365H/B365D/B365A,,0.623392789508307,0.2260338751796864,0.15057333531200648,0.021735711222479637
1819,E0,2018-09-23,Arsenal,Everton,H,1.44,5.0,7.5,,,,B365H/B365D/B365A,,0.6756756756756758,0.19459459459459463,0.12972972972972974,0.02777777777777768
1819,E0,2018-09-23,West Ham,Chelsea,D,6.0,4.5,1.57,,,,B365H/B365D/B365A,,0.1624698171783374,0.21662642290444983,0.6209037599172129,0.025831564048124367
1819,E0,2018-09-29,Arsenal,Watford,H,1.44,5.1,7.0,,,,B365H/B365D/B365A,,0.6720126496498758,0.18974474813643555,0.13824260221368873,0.0333800186741362
1819,E0,2018-09-29,Chelsea,Liverpool,D,2.8,3.6,2.54,,,,B365H/B365D/B365A,,0.3472053462940462,0.27004860267314706,0.3827460510328068,0.028621422322209655
1819,E0,2018-09-29,Everton,Fulham,H,1.75,4.2,4.75,,,,B365H/B365D/B365A,,0.5601965601965602,0.2334152334152334,0.20638820638820637,0.020050125313283207
1819,E0,2018-09-29,Huddersfield,Tottenham,A,8.5,4.5,1.44,,,,B365H/B365D/B365A,,0.1137440758293839,0.21484992101105846,0.6714060031595577,0.034313725490195957
1819,E0,2018-09-29,Man City,Brighton,H,1.1,12.0,34.0,,,,B365H/B365D/B365A,,0.8896641953772351,0.08155255124291322,0.028783253379851725,0.02183600713012468
1819,E0,2018-09-29,Newcastle,Leicester,A,2.6,3.3,3.0,,,,B365H/B365D/B365A,,0.3767123287671233,0.29680365296803657,0.3264840182648402,0.020979020979020824
1819,E0,2018-09-29,West Ham,Man United,H,4.5,3.8,1.85,,,,B365H/B365D/B365A,,0.21660761053766756,0.25650901247881686,0.5268833769835156,0.025920657499604705
1819,E0,2018-09-29,Wolves,Southampton,H,1.8,3.6,5.25,,,,B365H/B365D/B365A,,0.5426356589147288,0.2713178294573644,0.18604651162790697,0.023809523809523725
1819,E0,2018-09-30,Cardiff,Burnley,A,2.62,3.0,3.2,,,,B365H/B365D/B365A,,0.37145952638910384,0.3244079863798174,0.30413248723107883,0.027512722646310328
1819,E0,2018-10-01,Bournemouth,Crystal Palace,H,2.25,3.5,3.4,,,,B365H/B365D/B365A,,0.43391066545123064,0.2789425706472197,0.2871467639015497,0.024276377217553602
1819,E0,2018-10-05,Brighton,West Ham,H,2.7,3.3,2.87,,,,B365H/B365D/B365A,,0.36245694603903555,0.2965556831228473,0.34098737083811703,0.021832729149802388
1819,E0,2018-10-06,Burnley,Huddersfield,D,2.14,3.1,4.2,,,,B365H/B365D/B365A,,0.4545771943300049,0.31380490189232596,0.23161790377766914,0.027965602882696672
1819,E0,2018-10-06,Crystal Palace,Wolves,A,3.0,3.2,2.62,,,,B365H/B365D/B365A,,0.3244079863798174,0.30413248723107883,0.37145952638910384,0.027512722646310328
1819,E0,2018-10-06,Leicester,Everton,A,2.2,3.4,3.6,,,,B365H/B365D/B365A,,0.4428364688856729,0.2865412445730825,0.2706222865412446,0.02644087938205586
1819,E0,2018-10-06,Man United,Newcastle,H,1.44,4.5,9.0,,,,B365H/B365D/B365A,,0.6756756756756758,0.21621621621621623,0.10810810810810811,0.02777777777777768
1819,E0,2018-10-06,Tottenham,Cardiff,H,1.22,7.0,15.0,,,,B365H/B365D/B365A,,0.7964199029126214,0.13880461165048544,0.06477548543689321,0.02919594067135045
1819,E0,2018-10-06,Watford,Bournemouth,A,2.14,3.6,3.5,,,,B365H/B365D/B365A,,0.45333525221270776,0.2694826221486652,0.277182125638627,0.030781783118231765
1819,E0,2018-10-07,Fulham,Arsenal,A,5.25,4.33,1.66,,,,B365H/B365D/B365A,,0.18604229810561843,0.22557091571697385,0.5883867861774078,0.023832711247497418
1819,E0,2018-10-07,Liverpool,Man City,D,2.54,3.6,2.8,,,,B365H/B365D/B365A,,0.3827460510328068,0.27004860267314706,0.3472053462940462,0.028621422322209655
1819,E0,2018-10-07,Southampton,Chelsea,A,6.0,4.1,1.61,,,,B365H/B365D/B365A,,0.16154768605760994,0.23641124788918533,0.6020410660532047,0.03168711811341707
1819,E0,2018-10-20,Bournemouth,Southampton,D,2.04,3.7,3.75,,,,B365H/B365D/B365A,,0.4772469301413683,0.26313073986172736,0.2596223299969044,0.027133015368309366
1819,E0,2018-10-20,Cardiff,Fulham,H,2.5,3.5,2.95,,,,B365H/B365D/B365A,,0.390359168241966,0.27882797731569,0.33081285444234404,0.024697336561743333
1819,E0,2018-10-20,Chelsea,Man United,D,1.75,3.8,5.25,,,,B365H/B365D/B365A,,0.5574572127139364,0.2567237163814181,0.1858190709046455,0.025062656641603898
1819,E0,2018-10-20,Huddersfield,Liverpool,A,11.0,5.5,1.33,,,,B365H/B365D/B365A,,0.08872581721147432,0.17745163442294865,0.733822548365577,0.024606971975392966
1819,E0,2018-10-20,Man City,Burnley,H,1.08,13.0,34.0,,,,B365H/B365D/B365A,,0.8969883919149283,0.07451903563600944,0.02849257244906243,0.03226076755488494
1819,E0,2018-10-20,Newcastle,Brighton,A,2.2,3.25,3.8,,,,B365H/B365D/B365A,,0.44328786791098346,0.30007178750897345,0.25664034458004303,0.02539565697460433
1819,E0,2018-10-20,West Ham,Tottenham,A,4.1,3.9,1.9,,,,B365H/B365D/B365A,,0.23757614620070536,0.24975953831356207,0.5126643154857325,0.02662848490833092
1819,E0,2018-10-20,Wolves,Watford,A,1.75,3.75,5.25,,,,B365H/B365D/B365A,,0.5555555555555556,0.2592592592592593,0.1851851851851852,0.02857142857142847
1819,E0,2018-10-21,Everton,Crystal Palace,H,1.85,3.6,4.75,,,,B365H/B365D/B365A,,0.5253859743451877,0.26999001459405486,0.20462401106075737,0.028844634107791922
1819,E0,2018-10-22,Arsenal,Leicester,H,1.53,4.5,6.5,,,,B365H/B365D/B365A,,0.6347656250000001,0.2158203125,0.14941406250000003,0.02966314731020603
1819,E0,2018-10-27,Brighton,Wolves,H,3.2,3.2,2.5,,,,B365H/B365D/B365A,,0.30487804878048785,0.30487804878048785,0.39024390243902446,0.02499999999999991
1819,E0,2018-10-27,Fulham,Bournemouth,A,2.9,3.75,2.4,,,,B365H/B365D/B365A,,0.3353828954723309,0.25936277249860257,0.4052543320290665,0.028160919540229923
1819,E0,2018-10-27,Leicester,West Ham,D,2.1,3.5,3.8,,,,B365H/B365D/B365A,,0.4645476772616137,0.2787286063569682,0.2567237163814181,0.025062656641603898
1819,E0,2018-10-27,Liverpool,Cardiff,H,1.11,11.0,26.0,,,,B365H/B365D/B365A,,0.8744305500351607,0.08823799186718441,0.037331458097654945,0.030271530271530178
1819,E0,2018-10-27,Southampton,Newcastle,D,2.1,3.4,3.9,,,,B365H/B365D/B365A,,0.46379853095487933,0.28646379853095494,0.24973767051416584,0.026718379659556035
1819,E0,2018-10-27,Watford,Huddersfield,H,1.75,3.75,5.25,,,,B365H/B365D/B365A,,0.5555555555555556,0.2592592592592593,0.1851851851851852,0.02857142857142847
1819,E0,2018-10-28,Burnley,Chelsea,A,11.0,5.0,1.36,,,,B365H/B365D/B365A,,0.08858780614903597,0.19489317352787913,0.7165190203230849,0.02620320855614966
1819,E0,2018-10-28,Crystal Palace,Arsenal,D,4.75,4.1,1.75,,,,B365H/B365D/B365A,,0.205219878441187,0.23775473721844836,0.5570253843403646,0.025857326242435308
1819,E0,2018-10-28,Man United,Everton,H,1.72,3.9,5.25,,,,B365H/B365D/B365A,,0.5654046889238671,0.24935796537155167,0.1852373457045812,0.0282817957236563
1819,E0,2018-10-29,Tottenham,Man City,A,4.75,4.1,1.75,,,,B365H/B365D/B365A,,0.205219878441187,0.23775473721844836,0.5570253843403646,0.025857326242435308
1819,E0,2018-11-03,Arsenal,Liverpool,D,3.9,3.9,1.95,,,,B365H/B365D/B365A,,0.25,0.25,0.5,0.025641025641025772
1819,E0,2018-11-03,Bournemouth,Man United,A,3.6,3.7,2.1,,,,B365H/B365D/B365A,,0.27120418848167543,0.2638743455497382,0.4649214659685864,0.02423852423852413
1819,E0,2018-11-03,Cardiff,Leicester,A,3.8,3.4,2.14,,,,B365H/B365D/B365A,,0.25684834792431516,0.28706580062129344,0.4560858514543914,0.024565261421833906
1819,E0,2018-11-03,Everton,Brighton,H,1.61,4.0,6.5,,,,B365H/B365D/B365A,,0.6059899778580585,0.24391096608786855,0.15009905605407298,0.024964166268514054
1819,E0,2018-11-03,Newcastle,Watford,H,2.75,3.25,2.8,,,,B365H/B365D/B365A,,0.35356969402622634,0.29917435648373,0.34725594949004374,0.02847152847152845
1819,E0,2018-11-03,West Ham,Burnley,H,1.75,3.75,5.25,,,,B365H/B365D/B365A,,0.5555555555555556,0.2592592592592593,0.1851851851851852,0.02857142857142847
1819,E0,2018-11-03,Wolves,Tottenham,A,3.1,3.4,2.45,,,,B365H/B365D/B365A,,0.3147553372378613,0.28698280748157945,0.3982618552805592,0.02486155752623631
1819,E0,2018-11-04,Chelsea,Crystal Palace,H,1.25,6.75,13.0,,,,B365H/B365D/B365A,,0.7804335742078933,0.14452473596442467,0.07504168982768206,0.025071225071225056
1819,E0,2018-11-04,Man City,Southampton,H,1.11,11.0,29.0,,,,B365H/B365D/B365A,,0.8778205833791964,0.08858007705008257,0.03359933957072097,0.026292750430681355
1819,E0,2018-11-05,Huddersfield,Fulham,H,2.3,3.5,3.3,,,,B365H/B365D/B365A,,0.42478852519308574,0.27914674512688487,0.29606472968002945,0.0235271974402409
1819,E0,2018-11-10,Cardiff,Brighton,H,2.6,3.1,3.1,,,,B365H/B365D/B365A,,0.3734939759036145,0.31325301204819284,0.31325301204819284,0.029776674937965097
1819,E0,2018-11-10,Crystal Palace,Tottenham,A,4.5,3.75,1.85,,,,B365H/B365D/B365A,,0.21586931155192535,0.2590431738623104,0.5250875145857643,0.029429429429429277
1819,E0,2018-11-10,Huddersfield,West Ham,D,3.4,3.25,2.35,,,,B365H/B365D/B365A,,0.28628994470996155,0.2995033267734983,0.41420672851654017,0.027341869644748273
1819,E0,2018-11-10,Leicester,Burnley,D,1.5,4.33,8.0,,,,B365H/B365D/B365A,,0.6519243436529595,0.22583984191211068,0.12223581443492991,0.022613548883756662
1819,E0,2018-11-10,Newcastle,Bournemouth,H,2.9,3.4,2.6,,,,B365H/B365D/B365A,,0.33689024390243905,0.28734756097560976,0.3757621951219512,0.02356061788110475
1819,E0,2018-11-10,Southampton,Watford,D,2.5,3.3,3.1,,,,B365H/B365D/B365A,,0.39001143728555093,0.2954632100648113,0.3145253526496378,0.025610948191593375
1819,E0,2018-11-11,Arsenal,Wolves,D,1.66,4.2,5.25,,,,B365H/B365D/B365A,,0.5843071786310519,0.23094045631608234,0.18475236505286588,0.030981067125645412
1819,E0,2018-11-11,Chelsea,Everton,D,1.4,5.25,8.5,,,,B365H/B365D/B365A,,0.6986301369863014,0.1863013698630137,0.11506849315068494,0.022408963585434094
1819,E0,2018-11-11,Liverpool,Fulham,H,1.11,11.0,26.0,,,,B365H/B365D/B365A,,0.8744305500351607,0.08823799186718441,0.037331458097654945,0.030271530271530178
1819,E0,2018-11-11,Man City,Man United,H,1.4,5.25,8.5,,,,B365H/B365D/B365A,,0.6986301369863014,0.1863013698630137,0.11506849315068494,0.022408963585434094
1819,E0,2018-11-24,Brighton,Leicester,D,2.9,3.4,2.6,,,,B365H/B365D/B365A,,0.33689024390243905,0.28734756097560976,0.3757621951219512,0.02356061788110475
1819,E0,2018-11-24,Everton,Cardiff,H,1.4,5.0,9.0,,,,B365H/B365D/B365A,,0.696594427244582,0.19504643962848295,0.10835913312693496,0.02539682539682553
1819,E0,2018-11-24,Fulham,Southampton,H,2.62,3.5,2.8,,,,B365H/B365D/B365A,,0.37253858435337944,0.2788717402873869,0.3485896753592337,0.024536532170119862
1819,E0,2018-11-24,Man United,Crystal Palace,D,1.4,5.25,8.0,,,,B365H/B365D/B365A,,0.6936416184971099,0.18497109826589597,0.12138728323699423,0.029761904761904656
1819,E0,2018-11-24,Tottenham,Chelsea,H,2.8,3.5,2.6,,,,B365H/B365D/B365A,,0.3475935828877006,0.27807486631016043,0.37433155080213903,0.027472527472527375
1819,E0,2018-11-24,Watford,Liverpool,A,6.5,4.33,1.55,,,,B365H/B365D/B365A,,0.14937182155058254,0.22423021710826477,0.6263979613411526,0.029954326385824626
1819,E0,2018-11-24,West Ham,Man City,A,13.0,6.5,1.25,,,,B365H/B365D/B365A,,0.07462686567164178,0.14925373134328357,0.7761194029850745,0.030769230769230882
1819,E0,2018-11-25,Bournemouth,Arsenal,A,3.5,3.75,1.95,,,,B365H/B365D/B365A,,0.26822558459422274,0.2503438789546079,0.4814305364511692,0.06520146520146541
1819,E0,2018-11-25,Wolves,Huddersfield,A,1.5,4.33,8.0,,,,B365H/B365D/B365A,,0.6519243436529595,0.22583984191211068,0.12223581443492991,0.022613548883756662
1819,E0,2018-11-26,Burnley,Newcastle,A,2.9,3.2,2.75,,,,B365H/B365D/B365A,,0.3377470734983689,0.3060832853578968,0.35616964114373445,0.02096394984326011
1819,E0,2018-11-30,Cardiff,Wolves,H,3.8,3.25,2.2,,,,B365H/B365D/B365A,,0.25664034458004303,0.30007178750897345,0.44328786791098346,0.02539565697460433
1819,E0,2018-12-01,Crystal Palace,Burnley,H,1.61,3.9,6.5,,,,B365H/B365D/B365A,,0.6022235948116119,0.24861025324274244,0.14916615194564545,0.031374422678770664
1819,E0,2018-12-01,Huddersfield,Brighton,A,2.5,3.0,3.4,,,,B365H/B365D/B365A,,0.3893129770992366,0.32442748091603046,0.2862595419847328,0.027450980392156987
1819,E0,2018-12-01,Leicester,Watford,H,2.25,3.3,3.6,,,,B365H/B365D/B365A,,0.43349753694581283,0.29556650246305427,0.27093596059113306,0.025252525252525082
1819,E0,2018-12-01,Man City,Bournemouth,H,1.11,11.0,26.0,,,,B365H/B365D/B365A,,0.8744305500351607,0.08823799186718441,0.037331458097654945,0.030271530271530178
1819,E0,2018-12-01,Newcastle,West Ham,A,2.5,3.3,3.1,,,,B365H/B365D/B365A,,0.39001143728555093,0.2954632100648113,0.3145253526496378,0.025610948191593375
1819,E0,2018-12-01,Southampton,Man United,D,4.33,3.6,1.95,,,,B365H/B365D/B365A,,0.2260760349741558,0.2719192309550263,0.5020047340708178,0.02154517281538082
1819,E0,2018-12-02,Arsenal,Tottenham,H,2.62,3.6,2.75,,,,B365H/B365D/B365A,,0.37306402381580434,0.27150770622150205,0.3554282699626936,0.023093530727118505
1819,E0,2018-12-02,Chelsea,Fulham,H,1.18,8.0,17.0,,,,B365H/B365D/B365A,,0.8217522658610272,0.12120845921450152,0.0570392749244713,0.03128115653040875
1819,E0,2018-12-02,Liverpool,Everton,H,1.4,5.0,9.0,,,,B365H/B365D/B365A,,0.696594427244582,0.19504643962848295,0.10835913312693496,0.02539682539682553
1819,E0,2018-12-04,Bournemouth,Huddersfield,H,1.66,3.8,6.0,,,,B365H/B365D/B365A,,0.5835978294256168,0.25494010443329573,0.1614620661410873,0.032234199957725806
1819,E0,2018-12-04,Brighton,Crystal Palace,H,3.0,3.1,2.7,,,,B365H/B365D/B365A,,0.3247962747380675,0.31431897555296856,0.3608847497089639,0.02628434886499398
1819,E0,2018-12-04,Watford,Man City,A,11.0,6.0,1.3,,,,B365H/B365D/B365A,,0.08853575482406358,0.1623155505107832,0.7491486946651532,0.02680652680652673
1819,E0,2018-12-04,West Ham,Cardiff,H,1.66,4.0,5.75,,,,B365H/B365D/B365A,,0.5869592956488452,0.24358810769427075,0.169452596656884,0.026322682032477784
1819,E0,2018-12-05,Burnley,Liverpool,A,14.0,5.75,1.28,,,,B365H/B365D/B365A,,0.06957837020230667,0.16940820570996407,0.7610134240877292,0.026591614906832373
1819,E0,2018-12-05,Everton,Newcastle,D,1.6,4.0,6.5,,,,B365H/B365D/B365A,,0.6074766355140188,0.2429906542056075,0.14953271028037385,0.028846153846153744
1819,E0,2018-12-05,Fulham,Leicester,D,3.0,3.5,2.45,,,,B365H/B365D/B365A,,0.32450331125827814,0.2781456953642384,0.39735099337748336,0.027210884353741527
1819,E0,2018-12-05,Man United,Arsenal,D,2.45,3.5,3.0,,,,B365H/B365D/B365A,,0.3973509933774835,0.27814569536423844,0.3245033112582782,0.027210884353741305
1819,E0,2018-12-05,Tottenham,Southampton,H,1.36,5.25,9.5,,,,B365H/B365D/B365A,,0.7131622220633446,0.18474297562021877,0.1020948023164367,0.031033466017986067
1819,E0,2018-12-05,Wolves,Chelsea,H,5.0,3.75,1.8,,,,B365H/B365D/B365A,,0.19565217391304351,0.2608695652173913,0.5434782608695653,0.022222222222222143
1819,E0,2018-12-08,Arsenal,Huddersfield,H,1.28,6.0,12.0,,,,B365H/B365D/B365A,,0.7575757575757576,0.1616161616161616,0.0808080808080808,0.03125
1819,E0,2018-12-08,Bournemouth,Liverpool,A,5.75,4.5,1.6,,,,B365H/B365D/B365A,,0.17031342400946187,0.21762270845653459,0.6120638675340035,0.021135265700483075
1819,E0,2018-12-08,Burnley,Brighton,H,2.9,3.2,2.75,,,,B365H/B365D/B365A,,0.3377470734983689,0.3060832853578968,0.35616964114373445,0.02096394984326011
1819,E0,2018-12-08,Cardiff,Southampton,H,2.9,3.25,2.7,,,,B365H/B365D/B365A,,0.3371110257395314,0.3008067614291203,0.36208221283134845,0.022890264269574523
1819,E0,2018-12-08,Chelsea,Man City,H,4.0,3.8,1.95,,,,B365H/B365D/B365A,,0.24366984544557713,0.25649457415323906,0.4998355804011839,0.02597840755735481
1819,E0,2018-12-08,Leicester,Tottenham,A,3.8,3.75,2.0,,,,B365H/B365D/B365A,,0.25553662691652473,0.2589437819420784,0.485519591141397,0.029824561403508643
1819,E0,2018-12-08,Man United,Fulham,H,1.33,5.75,10.0,,,,B365H/B365D/B365A,,0.7329742821632302,0.1695401383090602,0.09748557952770963,0.0257927427263811
1819,E0,2018-12-08,West Ham,Crystal Palace,H,2.3,3.4,3.4,,,,B365H/B365D/B365A,,0.425,0.2875,0.2875,0.023017902813299296
1819,E0,2018-12-09,Newcastle,Wolves,A,2.9,3.2,2.7,,,,B365H/B365D/B365A,,0.33553398058252426,0.3040776699029126,0.36038834951456306,0.027697956577267036
1819,E0,2018-12-10,Everton,Watford,D,1.8,3.75,5.0,,,,B365H/B365D/B365A,,0.5434782608695653,0.2608695652173913,0.19565217391304351,0.022222222222222143
1819,E0,2018-12-15,Crystal Palace,Leicester,H,2.62,3.2,3.0,,,,B365H/B365D/B365A,,0.37145952638910384,0.30413248723107883,0.3244079863798174,0.027512722646310328
1819,E0,2018-12-15,Fulham,West Ham,A,2.9,3.6,2.5,,,,B365H/B365D/B365A,,0.33720494567253656,0.2716373173473211,0.3911577369801424,0.022605363984674387
1819,E0,2018-12-15,Huddersfield,Newcastle,A,2.6,3.1,3.1,,,,B365H/B365D/B365A,,0.3734939759036145,0.31325301204819284,0.31325301204819284,0.029776674937965097
1819,E0,2018-12-15,Man City,Everton,H,1.22,7.5,13.0,,,,B365H/B365D/B365A,,0.7958533997224717,0.12945881968818873,0.07468778058933966,0.02992854140395118
1819,E0,2018-12-15,Tottenham,Burnley,H,1.18,8.0,19.0,,,,B365H/B365D/B365A,,0.8267159795496574,0.12194060698357444,0.051343413466768184,0.025089206066012615
1819,E0,2018-12-15,Watford,Cardiff,H,1.64,3.9,6.0,,,,B365H/B365D/B365A,,0.5903723887375113,0.2482591583409022,0.1613684529215864,0.032833020637898835
1819,E0,2018-12-15,Wolves,Bournemouth,H,1.95,3.6,4.33,,,,B365H/B365D/B365A,,0.5020047340708178,0.2719192309550263,0.2260760349741558,0.02154517281538082
1819,E0,2018-12-16,Brighton,Chelsea,A,7.5,4.5,1.5,,,,B365H/B365D/B365A,,0.13043478260869565,0.21739130434782608,0.6521739130434783,0.022222222222222143
1819,E0,2018-12-16,Liverpool,Man United,H,1.57,4.5,6.0,,,,B365H/B365D/B365A,,0.6209037599172128,0.21662642290444978,0.16246981717833733,0.02583156404812459
1819,E0,2018-12-16,Southampton,Arsenal,H,4.1,3.9,1.9,,,,B365H/B365D/B365A,,0.23757614620070536,0.24975953831356207,0.5126643154857325,0.02662848490833092
1819,E0,2018-12-21,Wolves,Liverpool,A,7.0,4.0,1.57,,,,B365H/B365D/B365A,,0.1387232162580075,0.24276562845151314,0.6185111552904793,0.029799818016378543
1819,E0,2018-12-22,Arsenal,Burnley,H,1.25,6.5,15.0,,,,B365H/B365D/B365A,,0.7839195979899497,0.1507537688442211,0.06532663316582914,0.020512820512820662
1819,E0,2018-12-22,Bournemouth,Brighton,H,1.9,3.7,4.33,,,,B365H/B365D/B365A,,0.5122130571008376,0.263028326619349,0.22475861627981328,0.02753294196104461
1819,E0,2018-12-22,Cardiff,Man United,A,6.5,4.2,1.57,,,,B365H/B365D/B365A,,0.149527200163269,0.23141114310982105,0.6190616567269098,0.02888406710062763
1819,E0,2018-12-22,Chelsea,Leicester,A,1.33,5.5,11.0,,,,B365H/B365D/B365A,,0.733822548365577,0.17745163442294865,0.08872581721147432,0.024606971975392966
1819,E0,2018-12-22,Huddersfield,Southampton,A,3.1,3.1,2.6,,,,B365H/B365D/B365A,,0.31325301204819284,0.31325301204819284,0.3734939759036145,0.029776674937965097
1819,E0,2018-12-22,Man City,Crystal Palace,A,1.14,10.0,21.0,,,,B365H/B365D/B365A,,0.8559550012227929,0.0975788701393984,0.04646612863780875,0.024812030075187952
1819,E0,2018-12-22,Newcastle,Fulham,D,2.0,3.6,4.0,,,,B365H/B365D/B365A,,0.4864864864864865,0.2702702702702703,0.24324324324324326,0.02777777777777768
1819,E0,2018-12-22,West Ham,Watford,A,2.37,3.5,3.1,,,,B365H/B365D/B365A,,0.4095576022950324,0.27732900498263624,0.31311339272233124,0.030235859145618216
1819,E0,2018-12-23,Everton,Tottenham,A,3.25,3.5,2.3,,,,B365H/B365D/B365A,,0.2992565055762082,0.2778810408921933,0.4228624535315985,0.028189202102245625
1819,E0,2018-12-26,Brighton,Arsenal,D,5.25,3.9,1.72,,,,B365H/B365D/B365A,,0.1852373457045812,0.24935796537155167,0.5654046889238671,0.0282817957236563
1819,E0,2018-12-26,Burnley,Everton,A,4.33,3.5,1.95,,,,B365H/B365D/B365A,,0.22433316350847204,0.27753217085476684,0.49813466563676106,0.029481680751888728
1819,E0,2018-12-26,Crystal Palace,Cardiff,D,1.66,4.0,5.75,,,,B365H/B365D/B365A,,0.5869592956488452,0.24358810769427075,0.169452596656884,0.026322682032477784
1819,E0,2018-12-26,Fulham,Wolves,D,3.25,3.4,2.37,,,,B365H/B365D/B365A,,0.3005538874694616,0.2872941571399265,0.41215195539061183,0.023750883021173452
1819,E0,2018-12-26,Leicester,Man City,H,9.5,5.25,1.36,,,,B365H/B365D/B365A,,0.1020948023164367,0.18474297562021877,0.7131622220633446,0.031033466017986067
1819,E0,2018-12-26,Liverpool,Newcastle,H,1.16,8.5,19.0,,,,B365H/B365D/B365A,,0.8350568769389864,0.11396070320579109,0.050982419855222325,0.03234760328813935
1819,E0,2018-12-26,Man United,Huddersfield,H,1.25,6.5,15.0,,,,B365H/B365D/B365A,,0.7839195979899497,0.1507537688442211,0.06532663316582914,0.020512820512820662
1819,E0,2018-12-26,Tottenham,Bournemouth,H,1.36,5.5,9.0,,,,B365H/B365D/B365A,,0.7151112395261485,0.17682750650101128,0.10806125397284022,0.028223410576351693
1819,E0,2018-12-26,Watford,Chelsea,A,5.25,3.8,1.75,,,,B365H/B365D/B365A,,0.1858190709046455,0.2567237163814181,0.5574572127139364,0.025062656641603898
1819,E0,2018-12-27,Southampton,West Ham,A,2.3,3.5,3.3,,,,B365H/B365D/B365A,,0.42478852519308574,0.27914674512688487,0.29606472968002945,0.0235271974402409
1819,E0,2018-12-29,Brighton,Everton,H,3.25,3.4,2.14,,,,B365H/B365D/B365A,,0.2878050710019382,0.27510778845773504,0.43708714054032666,0.06909967437729958
1819,E0,2018-12-29,Fulham,Huddersfield,H,2.0,3.4,3.75,,,,B365H/B365D/B365A,,0.47134935304990755,0.27726432532347506,0.2513863216266174,0.0607843137254902
1819,E0,2018-12-29,Leicester,Cardiff,A,1.55,4.0,6.0,,,,B365H/B365D/B365A,,0.6075949367088608,0.23544303797468355,0.1569620253164557,0.06182795698924726
1819,E0,2018-12-29,Liverpool,Arsenal,H,1.5,4.5,5.75,,,,B365H/B365D/B365A,,0.6272727272727273,0.2090909090909091,0.16363636363636366,0.0628019323671496
1819,E0,2018-12-29,Tottenham,Wolves,A,1.33,5.0,8.5,,,,B365H/B365D/B365A,,0.7030022330659168,0.1869985939955339,0.10999917293854934,0.06952675807164965
1819,E0,2018-12-29,Watford,Newcastle,D,1.85,3.6,4.0,,,,B365H/B365D/B365A,,0.5059732958538299,0.26001405481377377,0.23401264933239635,0.06831831831831825
1819,E0,2018-12-30,Burnley,West Ham,H,3.3,3.2,2.25,,,,B365H/B365D/B365A,,0.2858844550327576,0.2948183442525313,0.41929720071471116,0.0599747474747474
1819,E0,2018-12-30,Crystal Palace,Chelsea,A,4.75,4.0,1.66,,,,B365H/B365D/B365A,,0.19806114839671882,0.23519761372110362,0.5667412378821775,0.0629359543436907
1819,E0,2018-12-30,Man United,Bournemouth,H,1.33,4.75,10.0,,,,B365H/B365D/B365A,,0.7077140835102618,0.1981599433828733,0.09412597310686482,0.06240601503759402
1819,E0,2018-12-30,Southampton,Man City,A,10.0,5.25,1.3,,,,B365H/B365D/B365A,,0.0943657103352921,0.17974421016246114,0.7258900795022469,0.059706959706959495
1819,E0,2019-01-01,Arsenal,Fulham,H,1.33,5.75,9.5,,,,B365H/B365D/B365A,,0.7292327203551047,0.16867469879518074,0.10209258084971465,0.03105590062111796
1819,E0,2019-01-01,Cardiff,Tottenham,A,7.5,4.5,1.5,,,,B365H/B365D/B365A,,0.13043478260869565,0.21739130434782608,0.6521739130434783,0.022222222222222143
1819,E0,2019-01-01,Everton,Leicester,A,2.0,3.5,4.2,,,,B365H/B365D/B365A,,0.48837209302325585,0.27906976744186046,0.23255813953488372,0.023809523809523725
1819,E0,2019-01-02,Bournemouth,Watford,D,2.6,3.6,2.75,,,,B365H/B365D/B365A,,0.37485800833017796,0.27073078379401744,0.35441120787580466,0.026029526029526018
1819,E0,2019-01-02,Chelsea,Southampton,D,1.28,6.5,11.0,,,,B365H/B365D/B365A,,0.7614483493077742,0.14994675186368478,0.088604898828541,0.026005244755244794
1819,E0,2019-01-02,Huddersfield,Burnley,A,2.14,3.1,4.2,,,,B365H/B365D/B365A,,0.4545771943300049,0.31380490189232596,0.23161790377766914,0.027965602882696672
1819,E0,2019-01-02,Newcastle,Man United,A,6.0,4.2,1.61,,,,B365H/B365D/B365A,,0.16246215943491424,0.23208879919273462,0.6054490413723511,0.025879917184264967
1819,E0,2019-01-02,West Ham,Brighton,D,1.95,3.75,4.0,,,,B365H/B365D/B365A,,0.49813200498132004,0.2590286425902864,0.2428393524283935,0.029487179487179604
1819,E0,2019-01-02,Wolves,Crystal Palace,A,2.0,3.4,4.33,,,,B365H/B365D/B365A,,0.4877741700351202,0.2869259823736001,0.22529984759127952,0.02506452927591374
1819,E0,2019-01-03,Man City,Liverpool,H,2.04,3.8,3.6,,,,B365H/B365D/B365A,,0.475396163469558,0.25521267723102586,0.2693911592994162,0.031131750945992298
1819,E0,2019-01-12,Brighton,Liverpool,A,11.0,6.0,1.3,,,,B365H/B365D/B365A,,0.08853575482406358,0.1623155505107832,0.7491486946651532,0.02680652680652673
1819,E0,2019-01-12,Burnley,Fulham,H,2.4,3.3,3.25,,,,B365H/B365D/B365A,,0.4055587067498582,0.2949517867271696,0.29948950652297224,0.027389277389277433
1819,E0,2019-01-12,Cardiff,Huddersfield,D,2.25,3.25,3.6,,,,B365H/B365D/B365A,,0.4315352697095436,0.29875518672199175,0.26970954356846477,0.029914529914529808
1819,E0,2019-01-12,Chelsea,Newcastle,H,1.22,7.0,15.0,,,,B365H/B365D/B365A,,0.7964199029126214,0.13880461165048544,0.06477548543689321,0.02919594067135045
1819,E0,2019-01-12,Crystal Palace,Watford,A,2.25,3.4,3.5,,,,B365H/B365D/B365A,,0.43391066545123064,0.2871467639015497,0.2789425706472197,0.024276377217553602
1819,E0,2019-01-12,Leicester,Southampton,A,1.95,3.5,4.33,,,,B365H/B365D/B365A,,0.49813466563676106,0.27753217085476684,0.22433316350847204,0.029481680751888728
1819,E0,2019-01-12,West Ham,Arsenal,H,3.5,4.0,2.05,,,,B365H/B365D/B365A,,0.27914893617021275,0.24425531914893614,0.4765957446808511,0.023519163763066286
1819,E0,2019-01-13,Everton,Bournemouth,H,1.75,4.0,4.8,,,,B365H/B365D/B365A,,0.5549132947976879,0.24277456647398846,0.20231213872832374,0.029761904761904656
1819,E0,2019-01-13,Tottenham,Man United,A,2.05,3.7,3.75,,,,B365H/B365D/B365A,,0.4760271035251737,0.26374474654773133,0.2602281499270949,0.02474181498571748
1819,E0,2019-01-14,Man City,Wolves,H,1.18,8.0,17.0,,,,B365H/B365D/B365A,,0.8217522658610272,0.12120845921450152,0.0570392749244713,0.03128115653040875
1819,E0,2019-01-19,Arsenal,Chelsea,H,3.1,3.6,2.37,,,,B365H/B365D/B365A,,0.31554421391323645,0.2717186286475092,0.4127371574392544,0.022299351209110307
1819,E0,2019-01-19,Bournemouth,West Ham,H,2.37,3.7,3.0,,,,B365H/B365D/B365A,,0.4114311130879573,0.2635383075725565,0.3250305793394863,0.025544531873645582
1819,E0,2019-01-19,Liverpool,Crystal Palace,H,1.2,7.5,17.0,,,,B365H/B365D/B365A,,0.8126195028680689,0.13001912045889102,0.05736137667304016,0.025490196078431282
1819,E0,2019-01-19,Man United,Brighton,H,1.3,5.75,12.0,,,,B365H/B365D/B365A,,0.7493890849850665,0.1694270974748846,0.08118381754004887,0.026477146042363398
1819,E0,2019-01-19,Newcastle,Cardiff,H,1.95,3.4,4.5,,,,B365H/B365D/B365A,,0.49829018075232057,0.28578407425500735,0.21592574499267222,0.02916038210155847
1819,E0,2019-01-19,Southampton,Everton,H,2.75,3.4,2.7,,,,B365H/B365D/B365A,,0.35368907724908505,0.28607204777499523,0.3602388749759199,0.02812438106555737
1819,E0,2019-01-19,Watford,Burnley,D,1.65,4.0,5.75,,,,B365H/B365D/B365A,,0.5884234090182283,0.24272465622001918,0.16885193476175248,0.029973649538866942
1819,E0,2019-01-19,Wolves,Leicester,H,2.37,3.2,3.4,,,,B365H/B365D/B365A,,0.4102254731920669,0.30382324108287456,0.28595128572505846,0.028558575328865743
1819,E0,2019-01-20,Fulham,Tottenham,A,5.25,3.8,1.75,,,,B365H/B365D/B365A,,0.1858190709046455,0.2567237163814181,0.5574572127139364,0.025062656641603898
1819,E0,2019-01-20,Huddersfield,Man City,A,21.0,8.5,1.16,,,,B365H/B365D/B365A,,0.04635201203459947,0.11451673561489281,0.8391312523505078,0.027335071959818436
1819,E0,2019-01-29,Arsenal,Cardiff,H,1.22,7.0,15.0,,,,B365H/B365D/B365A,,0.7964199029126214,0.13880461165048544,0.06477548543689321,0.02919594067135045
1819,E0,2019-01-29,Fulham,Brighton,H,2.37,3.3,3.3,,,,B365H/B365D/B365A,,0.41044776119402987,0.29477611940298515,0.29477611940298515,0.028001534330648115
1819,E0,2019-01-29,Huddersfield,Everton,A,4.0,3.3,2.1,,,,B365H/B365D/B365A,,0.2429022082018928,0.2944269190325973,0.46267087276551006,0.029220779220779036
1819,E0,2019-01-29,Man United,Burnley,D,1.28,6.0,12.0,,,,B365H/B365D/B365A,,0.7575757575757576,0.1616161616161616,0.0808080808080808,0.03125
1819,E0,2019-01-29,Newcastle,Man City,H,19.0,8.0,1.18,,,,B365H/B365D/B365A,,0.051343413466768184,0.12194060698357444,0.8267159795496574,0.025089206066012615
1819,E0,2019-01-29,Wolves,West Ham,H,2.1,3.5,3.75,,,,B365H/B365D/B365A,,0.46296296296296297,0.2777777777777778,0.2592592592592593,0.02857142857142847
1819,E0,2019-01-30,Bournemouth,Chelsea,H,5.25,4.2,1.66,,,,B365H/B365D/B365A,,0.18475236505286588,0.23094045631608234,0.5843071786310519,0.030981067125645412
1819,E0,2019-01-30,Liverpool,Leicester,D,1.22,7.0,15.0,,,,B365H/B365D/B365A,,0.7964199029126214,0.13880461165048544,0.06477548543689321,0.02919594067135045
1819,E0,2019-01-30,Southampton,Crystal Palace,D,2.4,3.4,3.2,,,,B365H/B365D/B365A,,0.40718562874251496,0.2874251497005988,0.3053892215568862,0.023284313725490335
1819,E0,2019-01-30,Tottenham,Watford,H,1.66,4.0,5.75,,,,B365H/B365D/B365A,,0.5869592956488452,0.24358810769427075,0.169452596656884,0.026322682032477784
1819,E0,2019-02-02,Brighton,Watford,D,2.55,3.3,3.0,,,,B365H/B365D/B365A,,0.3812824956672444,0.29462738301559793,0.3240901213171577,0.028520499108734443
1819,E0,2019-02-02,Burnley,Southampton,D,2.55,3.5,2.87,,,,B365H/B365D/B365A,,0.3821062441752097,0.2783916921847956,0.33950206363999463,0.02630320420851273
1819,E0,2019-02-02,Cardiff,Bournemouth,H,3.25,3.5,2.3,,,,B365H/B365D/B365A,,0.2992565055762082,0.2778810408921933,0.4228624535315985,0.028189202102245625
1819,E0,2019-02-02,Chelsea,Huddersfield,H,1.2,7.5,19.0,,,,B365H/B365D/B365A,,0.8175559380378657,0.1308089500860585,0.05163511187607572,0.019298245614035148
1819,E0,2019-02-02,Crystal Palace,Fulham,H,2.05,3.5,4.0,,,,B365H/B365D/B365A,,0.4765957446808511,0.27914893617021275,0.24425531914893614,0.023519163763066286
1819,E0,2019-02-02,Everton,Wolves,A,2.37,3.4,3.25,,,,B365H/B365D/B365A,,0.41215195539061183,0.2872941571399265,0.3005538874694616,0.023750883021173452
1819,E0,2019-02-02,Tottenham,Newcastle,H,1.44,4.5,9.0,,,,B365H/B365D/B365A,,0.6756756756756758,0.21621621621621623,0.10810810810810811,0.02777777777777768
1819,E0,2019-02-03,Leicester,Man United,A,3.6,3.5,2.15,,,,B365H/B365D/B365A,,0.27005203660506016,0.2777678090794904,0.4521801543154495,0.02860834256183087
1819,E0,2019-02-03,Man City,Arsenal,H,1.33,6.0,9.0,,,,B365H/B365D/B365A,,0.7302231237322516,0.1618661257606491,0.1079107505070994,0.029657477025897938
1819,E0,2019-02-04,West Ham,Liverpool,D,8.0,5.25,1.4,,,,B365H/B365D/B365A,,0.12138728323699423,0.18497109826589597,0.6936416184971099,0.029761904761904656
1819,E0,2019-02-06,Everton,Man City,A,10.0,6.25,1.3,,,,B365H/B365D/B365A,,0.09715994020926758,0.15545590433482812,0.7473841554559043,0.02923076923076917
1819,E0,2019-02-09,Brighton,Burnley,A,2.05,3.3,4.2,,,,B365H/B365D/B365A,,0.47408927655207805,0.29451000513083636,0.23140071831708567,0.028930419174321598
1819,E0,2019-02-09,Crystal Palace,West Ham,D,2.1,3.5,3.75,,,,B365H/B365D/B365A,,0.46296296296296297,0.2777777777777778,0.2592592592592593,0.02857142857142847
1819,E0,2019-02-09,Fulham,Man United,A,5.5,4.4,1.61,,,,B365H/B365D/B365A,,0.17648670868731162,0.2206083858591395,0.6029049054535489,0.03020892151326926
1819,E0,2019-02-09,Huddersfield,Arsenal,A,5.75,4.4,1.6,,,,B365H/B365D/B365A,,0.169475204622051,0.221473278767453,0.6090515166104958,0.02618577075098827
1819,E0,2019-02-09,Liverpool,Bournemouth,H,1.22,7.5,14.0,,,,B365H/B365D/B365A,,0.8001219233406995,0.1301531661967538,0.06972491046254667,0.024434035909445706
1819,E0,2019-02-09,Southampton,Cardiff,A,1.75,3.9,5.0,,,,B365H/B365D/B365A,,0.5559515324305061,0.24946543121881687,0.19458303635067714,0.02783882783882774
1819,E0,2019-02-09,Watford,Everton,H,2.35,3.5,3.2,,,,B365H/B365D/B365A,,0.415661532751902,0.27908702913341993,0.30525143811467803,0.02374620060790278
1819,E0,2019-02-10,Man City,Chelsea,H,1.5,4.75,7.0,,,,B365H/B365D/B365A,,0.6535626535626535,0.20638820638820637,0.14004914004914004,0.020050125313283207
1819,E0,2019-02-10,Tottenham,Leicester,H,1.7,3.9,5.5,,,,B365H/B365D/B365A,,0.5730697301629708,0.24979962596847446,0.17713064386855462,0.026463732346085456
1819,E0,2019-02-11,Wolves,Newcastle,D,1.7,3.75,5.75,,,,B365H/B365D/B365A,,0.5717600265164071,0.2591978786874379,0.16904209479615512,0.02881500426257455
1819,E0,2019-02-22,Cardiff,Watford,A,3.1,3.4,2.45,,,,B365H/B365D/B365A,,0.3147553372378613,0.28698280748157945,0.3982618552805592,0.02486155752623631
1819,E0,2019-02-22,West Ham,Fulham,H,1.95,3.8,4.0,,,,B365H/B365D/B365A,,0.4998355804011838,0.256494574153239,0.2436698454455771,0.025978407557355032
1819,E0,2019-02-23,Bournemouth,Wolves,D,2.87,3.4,2.62,,,,B365H/B365D/B365A,,0.34018957128781685,0.2871600204694219,0.3726504082427612,0.024229092120929607
1819,E0,2019-02-23,Burnley,Tottenham,H,5.75,3.8,1.7,,,,B365H/B365D/B365A,,0.16962058553236184,0.2566627281081791,0.5737166863594592,0.02530623233274998
1819,E0,2019-02-23,Leicester,Crystal Palace,A,2.25,3.4,3.5,,,,B365H/B365D/B365A,,0.43391066545123064,0.2871467639015497,0.2789425706472197,0.024276377217553602
1819,E0,2019-02-23,Newcastle,Huddersfield,H,1.83,3.5,5.25,,,,B365H/B365D/B365A,,0.5343511450381679,0.2793893129770993,0.18625954198473285,0.022638563622169983
1819,E0,2019-02-24,Arsenal,Southampton,H,1.5,4.75,7.0,,,,B365H/B365D/B365A,,0.6535626535626535,0.20638820638820637,0.14004914004914004,0.020050125313283207
1819,E0,2019-02-24,Man United,Liverpool,D,3.1,3.5,2.37,,,,B365H/B365D/B365A,,0.31311339272233124,0.27732900498263624,0.4095576022950324,0.030235859145618216
1819,E0,2019-02-26,Cardiff,Everton,A,3.75,3.4,2.15,,,,B365H/B365D/B365A,,0.25993421637478886,0.2866921504133701,0.4533736332118411,0.025900592795257582
1819,E0,2019-02-26,Huddersfield,Wolves,H,5.0,3.5,1.85,,,,B365H/B365D/B365A,,0.19488337095560576,0.27840481565086533,0.526711813393529,0.026254826254826114
1819,E0,2019-02-26,Leicester,Brighton,H,1.9,3.5,4.6,,,,B365H/B365D/B365A,,0.5112734201333756,0.27754842807240393,0.2111781517942204,0.029421379535796044
1819,E0,2019-02-26,Newcastle,Burnley,H,2.15,3.3,3.9,,,,B365H/B365D/B365A,,0.4539682539682539,0.29576719576719573,0.2502645502645503,0.024556838510326973
1819,E0,2019-02-27,Arsenal,Bournemouth,H,1.44,5.0,7.5,,,,B365H/B365D/B365A,,0.6756756756756758,0.19459459459459463,0.12972972972972974,0.02777777777777768
1819,E0,2019-02-27,Chelsea,Tottenham,H,2.3,3.5,3.25,,,,B365H/B365D/B365A,,0.4228624535315985,0.2778810408921933,0.2992565055762082,0.028189202102245625
1819,E0,2019-02-27,Crystal Palace,Man United,A,3.25,3.5,2.3,,,,B365H/B365D/B365A,,0.2992565055762082,0.2778810408921933,0.4228624535315985,0.028189202102245625
1819,E0,2019-02-27,Liverpool,Watford,H,1.28,6.0,12.0,,,,B365H/B365D/B365A,,0.7575757575757576,0.1616161616161616,0.0808080808080808,0.03125
1819,E0,2019-02-27,Man City,West Ham,H,1.16,9.0,19.0,,,,B365H/B365D/B365A,,0.8403774326715158,0.10831531354432868,0.05130725378415569,0.02581165557572085
1819,E0,2019-02-27,Southampton,Fulham,H,1.9,3.7,4.33,,,,B365H/B365D/B365A,,0.5122130571008376,0.263028326619349,0.22475861627981328,0.02753294196104461
1819,E0,2019-03-02,Bournemouth,Man City,A,13.0,7.5,1.22,,,,B365H/B365D/B365A,,0.07468778058933966,0.12945881968818873,0.7958533997224717,0.02992854140395118
1819,E0,2019-03-02,Brighton,Huddersfield,H,1.85,3.4,5.25,,,,B365H/B365D/B365A,,0.5272874972306328,0.28690643231666796,0.18580607045269923,0.02513437807555441
1819,E0,2019-03-02,Burnley,Crystal Palace,A,2.8,3.3,2.75,,,,B365H/B365D/B365A,,0.3488372093023256,0.2959830866807611,0.35517970401691334,0.023809523809523725
1819,E0,2019-03-02,Man United,Southampton,H,1.45,4.5,8.5,,,,B365H/B365D/B365A,,0.6698774080560421,0.2158493870402802,0.11427320490367776,0.029524453459544686
1819,E0,2019-03-02,Tottenham,Arsenal,D,2.05,3.7,3.75,,,,B365H/B365D/B365A,,0.4760271035251737,0.26374474654773133,0.2602281499270949,0.02474181498571748
1819,E0,2019-03-02,West Ham,Newcastle,H,2.15,3.5,3.6,,,,B365H/B365D/B365A,,0.4521801543154494,0.27776780907949034,0.2700520366050601,0.02860834256183109
1819,E0,2019-03-02,Wolves,Cardiff,H,1.5,4.33,8.0,,,,B365H/B365D/B365A,,0.6519243436529595,0.22583984191211068,0.12223581443492991,0.022613548883756662
1819,E0,2019-03-03,Everton,Liverpool,D,6.0,4.2,1.61,,,,B365H/B365D/B365A,,0.16246215943491424,0.23208879919273462,0.6054490413723511,0.025879917184264967
1819,E0,2019-03-03,Fulham,Chelsea,A,6.5,4.5,1.53,,,,B365H/B365D/B365A,,0.14941406250000003,0.2158203125,0.6347656250000001,0.02966314731020603
1819,E0,2019-03-03,Watford,Leicester,H,2.55,3.3,3.0,,,,B365H/B365D/B365A,,0.3812824956672444,0.29462738301559793,0.3240901213171577,0.028520499108734443
1819,E0,2019-03-09,Cardiff,West Ham,H,3.6,3.5,2.15,,,,B365H/B365D/B365A,,0.27005203660506016,0.2777678090794904,0.4521801543154495,0.02860834256183087
1819,E0,2019-03-09,Crystal Palace,Brighton,A,1.83,3.6,5.0,,,,B365H/B365D/B365A,,0.5335230304108126,0.27120754045882983,0.19526942913035747,0.024225865209471786
1819,E0,2019-03-09,Huddersfield,Bournemouth,A,3.4,3.3,2.35,,,,B365H/B365D/B365A,,0.287595030595216,0.2963100315223438,0.41609493788244023,0.022679864982743547
1819,E0,2019-03-09,Leicester,Fulham,H,1.57,4.5,6.0,,,,B365H/B365D/B365A,,0.6209037599172128,0.21662642290444978,0.16246981717833733,0.02583156404812459
1819,E0,2019-03-09,Man City,Watford,H,1.16,9.0,19.0,,,,B365H/B365D/B365A,,0.8403774326715158,0.10831531354432868,0.05130725378415569,0.02581165557572085
1819,E0,2019-03-09,Newcastle,Everton,H,2.8,3.25,2.8,,,,B365H/B365D/B365A,,0.3494623655913978,0.30107526881720426,0.3494623655913978,0.021978021978022122
1819,E0,2019-03-09,Southampton,Tottenham,H,4.5,3.8,1.85,,,,B365H/B365D/B365A,,0.21660761053766756,0.25650901247881686,0.5268833769835156,0.025920657499604705
1819,E0,2019-03-10,Arsenal,Man United,H,2.4,3.6,3.0,,,,B365H/B365D/B365A,,0.4054054054054055,0.2702702702702703,0.32432432432432434,0.02777777777777768
1819,E0,2019-03-10,Chelsea,Wolves,D,1.55,4.2,7.0,,,,B365H/B365D/B365A,,0.62874251497006,0.2320359281437126,0.13922155688622756,0.026113671274961447
1819,E0,2019-03-10,Liverpool,Burnley,H,1.16,8.5,21.0,,,,B365H/B365D/B365A,,0.8391312523505078,0.11451673561489281,0.04635201203459947,0.027335071959818436
1819,E0,2019-03-16,Bournemouth,Newcastle,D,2.05,3.6,3.8,,,,B365H/B365D/B365A,,0.4741767764298094,0.27001733102253034,0.2558058925476603,0.028740550563400413
1819,E0,2019-03-16,Burnley,Leicester,A,3.1,3.4,2.45,,,,B365H/B365D/B365A,,0.3147553372378613,0.28698280748157945,0.3982618552805592,0.02486155752623631
1819,E0,2019-03-16,West Ham,Huddersfield,H,1.55,4.2,7.0,,,,B365H/B365D/B365A,,0.62874251497006,0.2320359281437126,0.13922155688622756,0.026113671274961447
1819,E0,2019-03-17,Everton,Chelsea,H,4.0,3.8,1.95,,,,B365H/B365D/B365A,,0.24366984544557713,0.25649457415323906,0.4998355804011839,0.02597840755735481
1819,E0,2019-03-17,Fulham,Liverpool,A,12.0,7.0,1.25,,,,B365H/B365D/B365A,,0.08120649651972157,0.13921113689095127,0.7795823665893272,0.026190476190476097
1819,E0,2019-03-30,Brighton,Southampton,A,2.55,3.2,3.1,,,,B365H/B365D/B365A,,0.3817587069463152,0.30421396959784486,0.3140273234558399,0.02723750790638846
1819,E0,2019-03-30,Burnley,Wolves,H,3.2,3.25,2.45,,,,B365H/B365D/B365A,,0.30388321725026235,0.29920809083102756,0.39690869191871,0.028355572998430167
1819,E0,2019-03-30,Crystal Palace,Huddersfield,H,1.45,4.4,9.0,,,,B365H/B365D/B365A,,0.6708453328815857,0.22107403015415886,0.10808063696425545,0.028039010797631603
1819,E0,2019-03-30,Fulham,Man City,A,21.0,11.0,1.12,,,,B365H/B365D/B365A,,0.046169989506820566,0.08814270724029381,0.8656873032528857,0.031385281385281294
1819,E0,2019-03-30,Leicester,Bournemouth,H,1.85,3.8,4.5,,,,B365H/B365D/B365A,,0.5268833769835156,0.25650901247881686,0.21660761053766756,0.025920657499604705
1819,E0,2019-03-30,Man United,Watford,H,1.44,4.75,8.0,,,,B365H/B365D/B365A,,0.674237047551455,0.20440028388928316,0.1213626685592619,0.029970760233918092
1819,E0,2019-03-30,West Ham,Everton,A,2.55,3.5,2.9,,,,B365H/B365D/B365A,,0.3834529656214583,0.2793728749527767,0.337174159425765,0.022698734666280362
1819,E0,2019-03-31,Cardiff,Chelsea,A,9.0,4.5,1.44,,,,B365H/B365D/B365A,,0.10810810810810811,0.21621621621621623,0.6756756756756758,0.02777777777777768
1819,E0,2019-03-31,Liverpool,Tottenham,H,1.61,4.2,6.0,,,,B365H/B365D/B365A,,0.6054490413723511,0.23208879919273462,0.16246215943491424,0.025879917184264967
1819,E0,2019-04-01,Arsenal,Newcastle,H,1.36,5.25,9.5,,,,B365H/B365D/B365A,,0.7131622220633446,0.18474297562021877,0.1020948023164367,0.031033466017986067
1819,E0,2019-04-02,Watford,Fulham,H,1.72,4.0,5.0,,,,B365H/B365D/B365A,,0.5636978579481398,0.2423900789177001,0.1939120631341601,0.0313953488372094
1819,E0,2019-04-02,Wolves,Man United,H,4.0,3.6,2.0,,,,B365H/B365D/B365A,,0.24324324324324326,0.2702702702702703,0.4864864864864865,0.02777777777777768
1819,E0,2019-04-03,Chelsea,Brighton,H,1.25,6.5,15.0,,,,B365H/B365D/B365A,,0.7839195979899497,0.1507537688442211,0.06532663316582914,0.020512820512820662
1819,E0,2019-04-03,Man City,Cardiff,H,1.06,17.0,34.0,,,,B365H/B365D/B365A,,0.9144701452393762,0.057019903173749345,0.028509951586874673,0.0316315205327411
1819,E0,2019-04-03,Tottenham,Crystal Palace,H,1.45,5.0,7.5,,,,B365H/B365D/B365A,,0.6741573033707866,0.1955056179775281,0.1303370786516854,0.02298850574712641
1819,E0,2019-04-05,Southampton,Liverpool,A,9.0,5.0,1.4,,,,B365H/B365D/B365A,,0.10835913312693499,0.195046439628483,0.6965944272445821,0.025396825396825307
1819,E0,2019-04-06,Bournemouth,Burnley,A,2.1,3.6,3.75,,,,B365H/B365D/B365A,,0.4665629860031104,0.2721617418351478,0.26127527216174184,0.02063492063492056
1819,E0,2019-04-06,Huddersfield,Leicester,A,5.0,4.0,1.72,,,,B365H/B365D/B365A,,0.1939120631341601,0.2423900789177001,0.5636978579481398,0.0313953488372094
1819,E0,2019-04-06,Newcastle,Crystal Palace,A,2.6,3.25,3.0,,,,B365H/B365D/B365A,,0.375,0.30000000000000004,0.325,0.02564102564102555
1819,E0,2019-04-07,Everton,Arsenal,H,3.0,3.75,2.35,,,,B365H/B365D/B365A,,0.3250345781466113,0.26002766251728904,0.41493775933609955,0.025531914893617058
1819,E0,2019-04-08,Chelsea,West Ham,H,1.33,5.75,9.5,,,,B365H/B365D/B365A,,0.7292327203551047,0.16867469879518074,0.10209258084971465,0.03105590062111796
1819,E0,2019-04-12,Leicester,Newcastle,A,1.66,4.0,5.75,,,,B365H/B365D/B365A,,0.5869592956488452,0.24358810769427075,0.169452596656884,0.026322682032477784
1819,E0,2019-04-13,Brighton,Bournemouth,A,2.3,3.4,3.4,,,,B365H/B365D/B365A,,0.425,0.2875,0.2875,0.023017902813299296
1819,E0,2019-04-13,Burnley,Cardiff,H,1.9,3.6,4.5,,,,B365H/B365D/B365A,,0.5128205128205129,0.27065527065527073,0.21652421652421655,0.02631578947368407
1819,E0,2019-04-13,Fulham,Everton,H,5.0,4.0,1.75,,,,B365H/B365D/B365A,,0.19580419580419584,0.24475524475524477,0.5594405594405595,0.021428571428571352
1819,E0,2019-04-13,Man United,West Ham,H,1.4,5.25,8.5,,,,B365H/B365D/B365A,,0.6986301369863014,0.1863013698630137,0.11506849315068494,0.022408963585434094
1819,E0,2019-04-13,Southampton,Wolves,H,2.6,3.25,3.0,,,,B365H/B365D/B365A,,0.375,0.30000000000000004,0.325,0.02564102564102555
1819,E0,2019-04-13,Tottenham,Huddersfield,H,1.22,7.0,15.0,,,,B365H/B365D/B365A,,0.7964199029126214,0.13880461165048544,0.06477548543689321,0.02919594067135045
1819,E0,2019-04-14,Crystal Palace,Man City,A,11.0,6.0,1.3,,,,B365H/B365D/B365A,,0.08853575482406358,0.1623155505107832,0.7491486946651532,0.02680652680652673
1819,E0,2019-04-14,Liverpool,Chelsea,H,1.66,4.2,5.25,,,,B365H/B365D/B365A,,0.5843071786310519,0.23094045631608234,0.18475236505286588,0.030981067125645412
1819,E0,2019-04-15,Watford,Arsenal,A,3.2,3.75,2.25,,,,B365H/B365D/B365A,,0.30529172320217096,0.2605156037991859,0.43419267299864317,0.023611111111111027
1819,E0,2019-04-16,Brighton,Cardiff,A,2.0,3.3,4.5,,,,B365H/B365D/B365A,,0.4876847290640395,0.29556650246305427,0.21674876847290642,0.025252525252525082
1819,E0,2019-04-20,Bournemouth,Fulham,A,1.65,4.4,5.25,,,,B365H/B365D/B365A,,0.5919661733615222,0.22198731501057084,0.18604651162790697,0.023809523809523725
1819,E0,2019-04-20,Huddersfield,Watford,A,4.4,3.9,1.85,,,,B365H/B365D/B365A,,0.22189758572966323,0.2503459941565432,0.5277564201137935,0.02422352422352425
1819,E0,2019-04-20,Man City,Tottenham,H,1.3,6.0,11.0,,,,B365H/B365D/B365A,,0.7491486946651532,0.1623155505107832,0.08853575482406358,0.02680652680652673
1819,E0,2019-04-20,Newcastle,Southampton,H,2.55,3.2,3.1,,,,B365H/B365D/B365A,,0.3817587069463152,0.30421396959784486,0.3140273234558399,0.02723750790638846
1819,E0,2019-04-20,West Ham,Leicester,D,3.3,3.5,2.3,,,,B365H/B365D/B365A,,0.2960647296800294,0.2791467451268848,0.42478852519308563,0.02352719744024112
1819,E0,2019-04-20,Wolves,Brighton,D,1.75,3.5,6.0,,,,B365H/B365D/B365A,,0.5581395348837209,0.27906976744186046,0.16279069767441862,0.023809523809523725
1819,E0,2019-04-21,Arsenal,Crystal Palace,A,1.53,4.6,6.5,,,,B365H/B365D/B365A,,0.637757822664932,0.21212379753855345,0.15011837979651477,0.02483222943580987
1819,E0,2019-04-21,Cardiff,Liverpool,A,17.0,7.5,1.2,,,,B365H/B365D/B365A,,0.05736137667304016,0.13001912045889102,0.8126195028680689,0.025490196078431282
1819,E0,2019-04-21,Everton,Man United,H,3.25,3.5,2.3,,,,B365H/B365D/B365A,,0.2992565055762082,0.2778810408921933,0.4228624535315985,0.028189202102245625
1819,E0,2019-04-22,Chelsea,Burnley,D,1.25,6.25,15.0,,,,B365H/B365D/B365A,,0.7792207792207791,0.1558441558441558,0.06493506493506493,0.02666666666666684
1819,E0,2019-04-23,Tottenham,Brighton,H,1.28,6.0,13.0,,,,B365H/B365D/B365A,,0.7623143080531665,0.1626270523846755,0.07505863956215794,0.024839743589743613
1819,E0,2019-04-23,Watford,Southampton,D,2.25,3.5,3.4,,,,B365H/B365D/B365A,,0.43391066545123064,0.2789425706472197,0.2871467639015497,0.024276377217553602
1819,E0,2019-04-24,Man United,Man City,A,7.5,5.0,1.44,,,,B365H/B365D/B365A,,0.12972972972972974,0.19459459459459463,0.6756756756756758,0.02777777777777768
1819,E0,2019-04-24,Wolves,Arsenal,H,2.9,3.5,2.55,,,,B365H/B365D/B365A,,0.337174159425765,0.2793728749527767,0.3834529656214583,0.022698734666280362
1819,E0,2019-04-26,Liverpool,Huddersfield,H,1.07,15.0,41.0,,,,B365H/B365D/B365A,,0.9112191074497717,0.06500029633141705,0.023780596218811116,0.02563634982144225
1819,E0,2019-04-27,Brighton,Newcastle,D,2.3,3.2,3.6,,,,B365H/B365D/B365A,,0.42415316642120765,0.304860088365243,0.2709867452135493,0.025060386473430007
1819,E0,2019-04-27,Crystal Palace,Everton,D,2.62,3.5,2.8,,,,B365H/B365D/B365A,,0.37253858435337944,0.2788717402873869,0.3485896753592337,0.024536532170119862
1819,E0,2019-04-27,Fulham,Cardiff,H,2.4,3.6,3.0,,,,B365H/B365D/B365A,,0.4054054054054055,0.2702702702702703,0.32432432432432434,0.02777777777777768
1819,E0,2019-04-27,Southampton,Bournemouth,D,1.9,3.9,4.1,,,,B365H/B365D/B365A,,0.5126643154857325,0.24975953831356207,0.23757614620070536,0.02662848490833092
1819,E0,2019-04-27,Tottenham,West Ham,A,1.4,5.5,7.5,,,,B365H/B365D/B365A,,0.693860386879731,0.17661900756938606,0.1295206055508831,0.029437229437229373
1819,E0,2019-04-27,Watford,Wolves,A,2.62,3.3,2.9,,,,B365H/B365D/B365A,,0.37072906174943826,0.2943364066010692,0.33493453164949255,0.029537278550176627
1819,E0,2019-04-28,Burnley,Man City,A,23.0,9.0,1.14,,,,B365H/B365D/B365A,,0.0421389847215377,0.10768851651059634,0.8501724987678659,0.03178235443681676
1819,E0,2019-04-28,Leicester,Arsenal,H,2.75,3.6,2.6,,,,B365H/B365D/B365A,,0.35441120787580466,0.27073078379401744,0.37485800833017796,0.026029526029526018
1819,E0,2019-04-28,Man United,Chelsea,D,2.7,3.5,2.7,,,,B365H/B365D/B365A,,0.3608247422680412,0.2783505154639175,0.3608247422680412,0.02645502645502651
1819,E0,2019-05-03,Everton,Burnley,H,1.66,4.0,5.75,,,,B365H/B365D/B365A,,0.5869592956488452,0.24358810769427075,0.169452596656884,0.026322682032477784
1819,E0,2019-05-04,Bournemouth,Tottenham,H,4.0,4.0,1.9,,,,B365H/B365D/B365A,,0.2435897435897436,0.2435897435897436,0.5128205128205129,0.02631578947368407
1819,E0,2019-05-04,Cardiff,Crystal Palace,A,2.6,3.75,2.7,,,,B365H/B365D/B365A,,0.3764640267707753,0.2610150585610709,0.362520914668154,0.021652421652421427
1819,E0,2019-05-04,Newcastle,Liverpool,A,9.5,5.25,1.36,,,,B365H/B365D/B365A,,0.1020948023164367,0.18474297562021877,0.7131622220633446,0.031033466017986067
1819,E0,2019-05-04,West Ham,Southampton,H,2.3,3.75,3.1,,,,B365H/B365D/B365A,,0.4245799853907962,0.260409057706355,0.31501095690284875,0.024029920523609194
1819,E0,2019-05-04,Wolves,Fulham,H,1.53,4.2,7.5,,,,B365H/B365D/B365A,,0.6376389141920205,0.23228274731280743,0.13007833849517217,0.025023342670401405
1819,E0,2019-05-05,Arsenal,Brighton,D,1.4,5.0,9.0,,,,B365H/B365D/B365A,,0.696594427244582,0.19504643962848295,0.10835913312693496,0.02539682539682553
1819,E0,2019-05-05,Chelsea,Watford,H,1.4,5.25,8.0,,,,B365H/B365D/B365A,,0.6936416184971099,0.18497109826589597,0.12138728323699423,0.029761904761904656
1819,E0,2019-05-05,Huddersfield,Man United,D,11.0,6.0,1.3,,,,B365H/B365D/B365A,,0.08853575482406358,0.1623155505107832,0.7491486946651532,0.02680652680652673
1819,E0,2019-05-06,Man City,Leicester,H,1.12,8.5,17.0,,,,B365H/B365D/B365A,,0.8349705304518663,0.1100196463654224,0.0550098231827112,0.06932773109243695
1819,E0,2019-05-12,Brighton,Man City,A,19.0,8.5,1.16,,,,B365H/B365D/B365A,,0.050982419855222325,0.11396070320579109,0.8350568769389864,0.03234760328813935
1819,E0,2019-05-12,Burnley,Arsenal,A,3.25,3.8,2.2,,,,B365H/B365D/B365A,,0.30007178750897345,0.25664034458004303,0.44328786791098346,0.02539565697460433
1819,E0,2019-05-12,Crystal Palace,Bournemouth,H,1.9,4.2,3.8,,,,B365H/B365D/B365A,,0.5121951219512195,0.23170731707317074,0.25609756097560976,0.027568922305764243
1819,E0,2019-05-12,Fulham,Newcastle,A,2.5,3.6,2.9,,,,B365H/B365D/B365A,,0.3911577369801424,0.2716373173473211,0.33720494567253656,0.022605363984674387
1819,E0,2019-05-12,Leicester,Chelsea,D,2.4,3.75,2.9,,,,B365H/B365D/B365A,,0.4052543320290665,0.25936277249860257,0.3353828954723309,0.028160919540229923
1819,E0,2019-05-12,Liverpool,Wolves,H,1.3,6.0,11.0,,,,B365H/B365D/B365A,,0.7491486946651532,0.1623155505107832,0.08853575482406358,0.02680652680652673
1819,E0,2019-05-12,Man United,Cardiff,A,1.28,6.5,11.0,,,,B365H/B365D/B365A,,0.7614483493077742,0.14994675186368478,0.088604898828541,0.026005244755244794
1819,E0,2019-05-12,Southampton,Huddersfield,D,1.44,4.75,8.5,,,,B365H/B365D/B365A,,0.6790850222857623,0.2058699857034732,0.11504499201076444,0.02261781905744753
1819,E0,2019-05-12,Tottenham,Everton,D,2.2,3.5,3.5,,,,B365H/B365D/B365A,,0.4430379746835444,0.2784810126582279,0.2784810126582279,0.02597402597402576
1819,E0,2019-05-12,Watford,West Ham,A,2.25,3.75,3.2,,,,B365H/B365D/B365A,,0.43419267299864317,0.2605156037991859,0.30529172320217096,0.023611111111111027
1920,E0,2019-08-09,Liverpool,Norwich,H,1.14,8.75,19.83,1.14,9.52,19.18,AvgH/AvgD/AvgA,AvgCH/AvgCD/AvgCA,0.8419107425408927,0.1096889424567563,0.04840031500235087,0.041907340211345456
1920,E0,2019-08-10,Bournemouth,Sheffield United,D,2.01,3.53,3.83,1.98,3.58,3.96,AvgH/AvgD/AvgA,AvgCH/AvgCD/AvgCA,0.4775071962138203,0.2718950324050365,0.25059777138114325,0.041895162535240615
1920,E0,2019-08-10,Burnley,Southampton,H,2.68,3.22,2.78,2.65,3.18,2.88,AvgH/AvgD/AvgA,AvgCH/AvgCD/AvgCA,0.35761197845922754,0.29763978331389124,0.3447482382268813,0.04340556478521629
1920,E0,2019-08-10,Crystal Palace,Everton,D,3.13,3.27,2.4,3.41,3.37,2.23,AvgH/AvgD/AvgA,AvgCH/AvgCD/AvgCA,0.30662118921199755,0.29349367652402214,0.3998851342639802,0.041965882111557384
1920,E0,2019-08-10,Tottenham,Aston Villa,H,1.3,5.53,10.51,1.36,5.29,8.82,AvgH/AvgD/AvgA,AvgCH/AvgCD/AvgCA,0.7359580511141248,0.17301003009916135,0.09103191878671384,0.045210074224033114
1920,E0,2019-08-10,Watford,Brighton,A,1.94,3.41,4.26,2.07,3.27,4.04,AvgH/AvgD/AvgA,AvgCH/AvgCD/AvgCA,0.49399450459763866,0.281040861853202,0.22496463354915938,0.04346083352814123
1920,E0,2019-08-10,West Ham,Man City,A,11.84,6.28,1.25,11.14,6.46,1.26,AvgH/AvgD/AvgA,AvgCH/AvgCD/AvgCA,0.08092349688470309,0.15256914062338925,0.7665073624919078,0.043695128249268356
1920,E0,2019-08-11,Leicester,Wolves,D,2.22,3.28,3.48,2.41,3.14,3.29,AvgH/AvgD/AvgA,AvgCH/AvgCD/AvgCA,0.4320101734944137,0.29239712962121905,0.2755926968843673,0.042684821070018586
1920,E0,2019-08-11,Man United,Chelsea,H,2.19,3.32,3.49,2.05,3.36,3.99,AvgH/AvgD/AvgA,AvgCH/AvgCD/AvgCA,0.437226186478093,0.2884112495141638,0.27436256400774317,0.0443587751327168
1920,E0,2019-08-11,Newcastle,Arsenal,A,4.49,3.82,1.79,3.36,3.51,2.2,AvgH/AvgD/AvgA,AvgCH/AvgCD/AvgCA,0.2135031083439755,0.2509499886032592,0.5355469030527654,0.04315647180962667
1920,E0,2019-08-17,Arsenal,Burnley,H,1.33,5.49,9.48,1.36,5.27,8.77,AvgH/AvgD/AvgA,AvgCH/AvgCD/AvgCA,0.7232990481590654,0.17522545246840748,0.1014754993725271,0.03951429379286209
1920,E0,2019-08-17,Aston Villa,Bournemouth,A,2.33,3.49,3.08,2.26,3.62,3.12,AvgH/AvgD/AvgA,AvgCH/AvgCD/AvgCA,0.4125216350120696,0.2754084268132155,0.312069938174715,0.04039282532094601
1920,E0,2019-08-17,Brighton,West Ham,D,2.52,3.33,2.9,2.23,3.44,3.34,AvgH/AvgD/AvgA,AvgCH/AvgCD/AvgCA,0.3808475899765741,0.28820898700929937,0.3309434230141265,0.04195328333259374
1920,E0,2019-08-17,Everton,Watford,H,1.73,3.9,4.86,1.83,3.69,4.56,AvgH/AvgD/AvgA,AvgCH/AvgCD/AvgCA,0.555692372642837,0.24649943709541233,0.1978081902617506,0.04020625536360933
1920,E0,2019-08-17,Man City,Tottenham,D,1.36,5.32,8.46,1.36,5.47,8.2,AvgH/AvgD/AvgA,AvgCH/AvgCD/AvgCA,0.7060174436845078,0.1804856622952877,0.11349689402020456,0.04146735215176012
1920,E0,2019-08-17,Norwich,Newcastle,H,2.23,3.38,3.38,2.15,3.44,3.55,AvgH/AvgD/AvgA,AvgCH/AvgCD/AvgCA,0.4311224489795918,0.2844387755102041,0.2844387755102041,0.040146469604903645
1920,E0,2019-08-17,Southampton,Liverpool,A,6.77,4.67,1.47,6.48,4.56,1.5,AvgH/AvgD/AvgA,AvgCH/AvgCD/AvgCA,0.1417410138191759,0.2054789429455719,0.6527800432352522,0.04211535860077986
1920,E0,2019-08-18,Chelsea,Leicester,D,1.73,3.77,5.07,1.73,3.84,5.0,AvgH/AvgD/AvgA,AvgCH/AvgCD/AvgCA,0.5555219707560359,0.2549212226546265,0.18955680658933766,0.04052533024796556
1920,E0,2019-08-18,Sheffield United,Crystal Palace,H,2.57,3.19,2.95,2.51,3.24,3.01,AvgH/AvgD/AvgA,AvgCH/AvgCD/AvgCA,0.3735763369233395,0.3009690237909037,0.3254546392857568,0.04156773303766781
1920,E0,2019-08-19,Wolves,Man United,D,3.32,3.28,2.3,3.0,3.29,2.49,AvgH/AvgD/AvgA,AvgCH/AvgCD/AvgCA,0.28937920029459596,0.29290821493233493,0.417712584773069,0.040865476753248586
1920,E0,2019-08-23,Aston Villa,Everton,H,3.16,3.5,2.27,3.02,3.4,2.42,AvgH/AvgD/AvgA,AvgCH/AvgCD/AvgCA,0.3034968026831485,0.27401425613678554,0.4224889411800658,0.04269861627805094
1920,E0,2019-08-24,Brighton,Southampton,A,2.43,3.25,3.08,2.36,3.29,3.23,AvgH/AvgD/AvgA,AvgCH/AvgCD/AvgCA,0.3942202040808289,0.2947554141281275,0.31102438179104364,0.04389026611248825
1920,E0,2019-08-24,Liverpool,Arsenal,H,1.5,4.76,6.09,1.47,4.96,6.34,AvgH/AvgD/AvgA,AvgCH/AvgCD/AvgCA,0.6404379697503944,0.20181868794655283,0.15774334230305279,0.04095431275958661
1920,E0,2019-08-24,Man United,Crystal Palace,A,1.36,5.06,9.16,1.35,5.28,9.26,AvgH/AvgD/AvgA,AvgCH/AvgCD/AvgCA,0.7055936476233391,0.18964572347188566,0.10476062890477525,0.04209288182193838
1920,E0,2019-08-24,Norwich,Chelsea,A,4.18,3.92,1.83,4.16,3.89,1.85,AvgH/AvgD/AvgA,AvgCH/AvgCD/AvgCA,0.22985971815461126,0.24510551578731504,0.5250347660580736,0.0407845780087861
1920,E0,2019-08-24,Sheffield United,Leicester,A,3.45,3.23,2.26,3.23,3.27,2.36,AvgH/AvgD/AvgA,AvgCH/AvgCD/AvgCA,0.2781904170302931,0.29713837113142766,0.4246712118382793,0.041930471789777046
1920,E0,2019-08-24,Watford,West Ham,A,2.13,3.53,3.47,2.21,3.52,3.32,AvgH/AvgD/AvgA,AvgCH/AvgCD/AvgCA,0.4510127360626825,0.2721408294089274,0.27684643452839014,0.04095412509563312
1920,E0,2019-08-25,Bournemouth,Man City,A,14.52,7.28,1.19,16.35,8.47,1.17,AvgH/AvgD/AvgA,AvgCH/AvgCD/AvgCA,0.06580598506923029,0.13125039879192632,0.8029436161388435,0.046569295232396835
1920,E0,2019-08-25,Tottenham,Newcastle,A,1.24,6.26,12.35,1.28,6.02,10.99,AvgH/AvgD/AvgA,AvgCH/AvgCD/AvgCA,0.7701265298234639,0.15254902507685225,0.07732444509968382,0.04716768176794117
1920,E0,2019-08-25,Wolves,Burnley,D,1.85,3.43,4.78,1.79,3.48,5.21,AvgH/AvgD/AvgA,AvgCH/AvgCD/AvgCA,0.5191062535025757,0.2799844224430802,0.20090932405434417,0.04129075096541568
1920,E0,2019-08-31,Burnley,Liverpool,A,9.45,5.43,1.33,8.83,5.43,1.35,AvgH/AvgD/AvgA,AvgCH/AvgCD/AvgCA,0.10156826840721818,0.17676245606781063,0.7216692755249712,0.041861867683327336
1920,E0,2019-08-31,Chelsea,Sheffield United,D,1.36,4.98,9.53,1.41,4.78,8.32,AvgH/AvgD/AvgA,AvgCH/AvgCD/AvgCA,0.7063146458708496,0.1928891402378224,0.10079621389132798,0.04102912483214749
1920,E0,2019-08-31,Crystal Palace,Aston Villa,H,2.21,3.38,3.43,2.27,3.4,3.29,AvgH/AvgD/AvgA,AvgCH/AvgCD/AvgCA,0.43513051963893634,0.28450841668699683,0.2803610636740668,0.039891865452859054
1920,E0,2019-08-31,Leicester,Bournemouth,H,1.72,4.02,4.81,1.67,4.03,5.16,AvgH/AvgD/AvgA,AvgCH/AvgCD/AvgCA,0.5600831889884659,0.23963758334829885,0.2002792276632352,0.03805177564288997
1920,E0,2019-08-31,Man City,Brighton,H,1.09,11.73,30.92,1.09,11.5,31.01,AvgH/AvgD/AvgA,AvgCH/AvgCD/AvgCA,0.8863862147743743,0.08236666445899984,0.03124712076662575,0.0350242110817105
1920,E0,2019-08-31,Newcastle,Watford,D,2.63,3.24,2.86,2.53,3.19,3.01,AvgH/AvgD/AvgA,AvgCH/AvgCD/AvgCA,0.3661248389926272,0.297193927947719,0.33668123305965375,0.03852046184112101
1920,E0,2019-08-31,Southampton,Man United,D,3.75,3.38,2.1,4.06,3.52,1.97,AvgH/AvgD/AvgA,AvgCH/AvgCD/AvgCA,0.2567274305555556,0.2848307291666667,0.45844184027777773,0.03871513102282331
1920,E0,2019-08-31,West Ham,Norwich,H,1.89,3.91,3.92,1.9,4.0,3.81,AvgH/AvgD/AvgA,AvgCH/AvgCD/AvgCA,0.5087715221785906,0.24592792248530335,0.24530055533610612,0.03995704562018054
1920,E0,2019-09-01,Arsenal,Tottenham,D,2.38,3.63,2.9,2.58,3.63,2.65,AvgH/AvgD/AvgA,AvgCH/AvgCD/AvgCA,0.40382225222875207,0.2647650028386859,0.33141274493256206,0.040477747097699135
1920,E0,2019-09-01,Everton,Wolves,H,2.17,3.29,3.65,2.07,3.26,4.01,AvgH/AvgD/AvgA,AvgCH/AvgCD/AvgCA,0.4436370219038507,0.292611652745093,0.2637513253510564,0.038753463608438565
1920,E0,2019-09-14,Brighton,Burnley,D,2.15,3.34,3.62,2.13,3.38,3.64,AvgH/AvgD/AvgA,AvgCH/AvgCD/AvgCA,0.44690036518473614,0.28767538477460564,0.2654242500406582,0.04076057059720983
1920,E0,2019-09-14,Liverpool,Newcastle,H,1.15,8.27,19.45,1.2,7.31,14.15,AvgH/AvgD/AvgA,AvgCH/AvgCD/AvgCA,0.834597194513554,0.11605644180055465,0.04934636368589136,0.04189808341990853
1920,E0,2019-09-14,Man United,Leicester,H,1.94,3.55,4.12,2.13,3.35,3.7,AvgH/AvgD/AvgA,AvgCH/AvgCD/AvgCA,0.4956991506754605,0.2708891133268714,0.2334117359976683,0.03987250497278527
1920,E0,2019-09-14,Norwich,Man City,H,17.04,9.03,1.15,25.99,11.87,1.09,AvgH/AvgD/AvgA,AvgCH/AvgCD/AvgCA,0.056483024089524325,0.1065859059230891,0.8369310699873866,0.03899263460778157
1920,E0,2019-09-14,Sheffield United,Southampton,A,2.46,3.26,3.06,2.48,3.25,3.04,AvgH/AvgD/AvgA,AvgCH/AvgCD/AvgCA,0.3908505336405097,0.29493629225633555,0.31421317410315486,0.040049916919234096
1920,E0,2019-09-14,Tottenham,Crystal Palace,H,1.39,5.0,8.24,1.41,4.94,7.7,AvgH/AvgD/AvgA,AvgCH/AvgCD/AvgCA,0.6912334154312827,0.19216288948989657,0.11660369507882073,0.04078368373262564
1920,E0,2019-09-14,Wolves,Chelsea,A,2.97,3.36,2.46,3.05,3.4,2.39,AvgH/AvgD/AvgA,AvgCH/AvgCD/AvgCA,0.32349418809439945,0.2859457555477281,0.39056005635787255,0.04082344936003457
1920,E0,2019-09-15,Bournemouth,Everton,H,3.01,3.48,2.37,3.32,3.51,2.21,AvgH/AvgD/AvgA,AvgCH/AvgCD/AvgCA,0.31898082077343454,0.27590007773794195,0.40511910148862357,0.041523163730385004
1920,E0,2019-09-15,Watford,Arsenal,D,3.64,3.74,2.01,4.08,3.88,1.87,AvgH/AvgD/AvgA,AvgCH/AvgCD/AvgCA,0.26425613588588054,0.2571904638033704,0.478553400310749,0.039617391680605074
1920,E0,2019-09-16,Aston Villa,West Ham,D,2.64,3.56,2.63,2.73,3.61,2.53,AvgH/AvgD/AvgA,AvgCH/AvgCD/AvgCA,0.3642489223634864,0.2701171783819113,0.3656338992546023,0.039914892074502495
1920,E0,2019-09-20,Southampton,Bournemouth,A,2.1,3.62,3.5,2.18,3.56,3.34,AvgH/AvgD/AvgA,AvgCH/AvgCD/AvgCA,0.4586923466801825,0.2660922453117081,0.2752154080081095,0.03814785582741376
1920,E0,2019-09-21,Burnley,Norwich,H,1.99,3.76,3.67,2.02,3.73,3.62,AvgH/AvgD/AvgA,AvgCH/AvgCD/AvgCA,0.4827443860219906,0.2554950340914259,0.2617605798865835,0.040949573655278515
1920,E0,2019-09-21,Everton,Sheffield United,A,1.67,3.8,5.58,1.76,3.56,5.21,AvgH/AvgD/AvgA,AvgCH/AvgCD/AvgCA,0.5751235468664393,0.25275166401761934,0.1721247891159415,0.041171759480473025
1920,E0,2019-09-21,Leicester,Tottenham,H,2.87,3.5,2.45,2.71,3.44,2.63,AvgH/AvgD/AvgA,AvgCH/AvgCD/AvgCA,0.3342884431709647,0.27411652340019105,0.39159503342884433,0.04230960676953699
1920,E0,2019-09-21,Man City,Watford,H,1.11,10.24,23.21,1.1,10.72,24.55,AvgH/AvgD/AvgA,AvgCH/AvgCD/AvgCA,0.8648853220106703,0.09375221752264103,0.04136246046668867,0.04164202810900086
1920,E0,2019-09-21,Newcastle,Brighton,D,2.5,3.16,3.07,2.4,3.2,3.23,AvgH/AvgD/AvgA,AvgCH/AvgCD/AvgCA,0.3838076926120224,0.30364532643356196,0.31254698095441563,0.042188595225332914
1920,E0,2019-09-22,Arsenal,Aston Villa,H,1.42,4.9,7.49,1.42,5.07,7.23,AvgH/AvgD/AvgA,AvgCH/AvgCD/AvgCA,0.6759579186220412,0.19588984580475477,0.12815223557320404,0.041818333230356775
1920,E0,2019-09-22,Chelsea,Liverpool,A,3.58,3.69,2.04,3.25,3.7,2.17,AvgH/AvgD/AvgA,AvgCH/AvgCD/AvgCA,0.2684497699796726,0.2604472023109019,0.47110302770942547,0.0405283973970203
1920,E0,2019-09-22,Crystal Palace,Wolves,D,2.64,3.11,2.93,2.75,3.11,2.83,AvgH/AvgD/AvgA,AvgCH/AvgCD/AvgCA,0.3636497870930924,0.30869306685715886,0.32765714604974877,0.04162821547565243
1920,E0,2019-09-22,West Ham,Man United,H,3.24,3.59,2.21,3.08,3.48,2.34,AvgH/AvgD/AvgA,AvgCH/AvgCD/AvgCA,0.2968618456254046,0.26791988295997515,0.4352182714146203,0.03968219512487359
1920,E0,2019-09-28,Aston Villa,Burnley,D,2.38,3.38,3.08,2.31,3.41,3.19,AvgH/AvgD/AvgA,AvgCH/AvgCD/AvgCA,0.4037354761646216,0.2842871104354436,0.31197741339993484,0.04070138006789592
1920,E0,2019-09-28,Bournemouth,West Ham,D,2.48,3.56,2.79,2.39,3.61,2.89,AvgH/AvgD/AvgA,AvgCH/AvgCD/AvgCA,0.38676967648478994,0.26943505552873004,0.3437952679864799,0.0425476219242078
1920,E0,2019-09-28,Chelsea,Brighton,H,1.44,4.64,7.64,1.43,4.74,7.74,AvgH/AvgD/AvgA,AvgCH/AvgCD/AvgCA,0.6671886292459648,0.20705854011081667,0.1257528306432185,0.04085173817977572
1920,E0,2019-09-28,Crystal Palace,Norwich,H,1.94,3.75,3.88,1.91,3.8,3.95,AvgH/AvgD/AvgA,AvgCH/AvgCD/AvgCA,0.49570389953734306,0.25644415069398546,0.24785194976867153,0.03986254295532654
1920,E0,2019-09-28,Everton,Man City,A,9.84,5.86,1.3,8.67,5.55,1.35,AvgH/AvgD/AvgA,AvgCH/AvgCD/AvgCA,0.09757609603393773,0.16384791552456437,0.7385759884414979,0.04150524965475433
1920,E0,2019-09-28,Sheffield United,Liverpool,A,8.9,5.17,1.36,8.92,5.33,1.35,AvgH/AvgD/AvgA,AvgCH/AvgCD/AvgCA,0.1079262358745138,0.18579177935844737,0.7062819847670389,0.041077265887773384
1920,E0,2019-09-28,Tottenham,Southampton,H,1.44,4.67,7.61,1.39,5.07,8.29,AvgH/AvgD/AvgA,AvgCH/AvgCD/AvgCA,0.6677457963732975,0.20590020273609172,0.12635400089061083,0.03998325143513348
1920,E0,2019-09-28,Wolves,Watford,H,1.89,3.49,4.46,1.93,3.45,4.29,AvgH/AvgD/AvgA,AvgCH/AvgCD/AvgCA,0.5088245197101099,0.27555253359659243,0.21562294669329768,0.03984872702669873
1920,E0,2019-09-29,Leicester,Newcastle,H,1.53,4.09,7.06,1.53,4.18,6.92,AvgH/AvgD/AvgA,AvgCH/AvgCD/AvgCA,0.6286157148486228,0.23515453391647748,0.13622975123489983,0.03973660823802749
1920,E0,2019-09-30,Man United,Arsenal,D,2.36,3.53,2.99,2.24,3.55,3.21,AvgH/AvgD/AvgA,AvgCH/AvgCD/AvgCA,0.40685917376907627,0.27200783288810765,0.32113299334281603,0.04146309307460916
1920,E0,2019-10-05,Brighton,Tottenham,H,3.9,3.63,1.96,4.92,3.91,1.73,AvgH/AvgD/AvgA,AvgCH/AvgCD/AvgCA,0.2460523312514266,0.2643537443197145,0.48959392442885896,0.04209643170682131
1920,E0,2019-10-05,Burnley,Everton,H,2.93,3.3,2.52,3.19,3.24,2.4,AvgH/AvgD/AvgA,AvgCH/AvgCD/AvgCA,0.32780681630046593,0.2910527187152622,0.38114046498427195,0.04115262818334475
1920,E0,2019-10-05,Liverpool,Leicester,H,1.46,4.66,7.0,1.58,4.36,5.65,AvgH/AvgD/AvgA,AvgCH/AvgCD/AvgCA,0.6570836925605718,0.20586742299108043,0.13704888444834784,0.04238092438456942
1920,E0,2019-10-05,Norwich,Aston Villa,A,2.41,3.6,2.85,2.42,3.6,2.86,AvgH/AvgD/AvgA,AvgCH/AvgCD/AvgCA,0.3976050688833343,0.26617450444689883,0.33622042666976687,0.043592730096333465
1920,E0,2019-10-05,Watford,Sheffield United,D,2.14,3.38,3.58,2.35,3.28,3.23,AvgH/AvgD/AvgA,AvgCH/AvgCD/AvgCA,0.4482492924563249,0.2838028064664306,0.2679479010772445,0.04247731673039623
1920,E0,2019-10-05,West Ham,Crystal Palace,A,2.0,3.58,3.8,2.0,3.65,3.76,AvgH/AvgD/AvgA,AvgCH/AvgCD/AvgCA,0.47962205612748554,0.26794528275278523,0.25243266111972923,0.04248750367538956
1920,E0,2019-10-06,Arsenal,Bournemouth,H,1.45,4.97,6.68,1.36,5.72,7.57,AvgH/AvgD/AvgA,AvgCH/AvgCD/AvgCA,0.6627711754947387,0.1933638238364932,0.14386500066876814,0.04056301467695289
1920,E0,2019-10-06,Man City,Wolves,A,1.13,9.26,21.61,1.14,8.99,20.26,AvgH/AvgD/AvgA,AvgCH/AvgCD/AvgCA,0.8515560336811896,0.10391558510364407,0.04452838121516632,0.03922198564763413
1920,E0,2019-10-06,Newcastle,Man United,H,4.42,3.44,1.9,3.9,3.31,2.08,AvgH/AvgD/AvgA,AvgCH/AvgCD/AvgCA,0.216863312407926,0.27864413977995145,0.5044925478121225,0.04325780778369159
1920,E0,2019-10-06,Southampton,Chelsea,A,4.02,3.84,1.87,4.66,4.2,1.71,AvgH/AvgD/AvgA,AvgCH/AvgCD/AvgCA,0.23828770532603288,0.24945744151319066,0.5122548531607765,0.043932243860909326
1920,E0,2019-10-19,Aston Villa,Brighton,H,2.38,3.43,3.05,2.39,3.45,3.03,AvgH/AvgD/AvgA,AvgCH/AvgCD/AvgCA,0.404170159829083,0.28044460069773103,0.31538523947318614,0.03958210919028016
1920,E0,2019-10-19,Bournemouth,Norwich,D,1.73,4.33,4.35,1.76,4.24,4.29,AvgH/AvgD/AvgA,AvgCH/AvgCD/AvgCA,0.5564089460266632,0.22230657658802017,0.22128447738531667,0.03886662176927924
1920,E0,2019-10-19,Chelsea,Newcastle,H,1.31,5.62,10.38,1.28,6.01,10.93,AvgH/AvgD/AvgA,AvgCH/AvgCD/AvgCA,0.7356725972185089,0.17148240255449232,0.09284500022699871,0.03763383536660658
1920,E0,2019-10-19,Crystal Palace,Man City,A,11.88,6.72,1.24,12.15,7.23,1.22,AvgH/AvgD/AvgA,AvgCH/AvgCD/AvgCA,0.08098148061762372,0.14316368894901338,0.7758548304333629,0.03943622088783383
1920,E0,2019-10-19,Everton,West Ham,H,1.97,3.71,3.81,1.81,4.0,4.25,AvgH/AvgD/AvgA,AvgCH/AvgCD/AvgCA,0.4882675003022504,0.25926872657558847,0.252463773122161,0.039623183774760706
1920,E0,2019-10-19,Leicester,Burnley,H,1.57,4.09,6.37,1.5,4.41,6.85,AvgH/AvgD/AvgA,AvgCH/AvgCD/AvgCA,0.6133724146861131,0.2354510247083613,0.15117656060552553,0.03842732393693371
1920,E0,2019-10-19,Tottenham,Watford,D,1.42,4.9,7.48,1.51,4.49,6.54,AvgH/AvgD/AvgA,AvgCH/AvgCD/AvgCA,0.675842128943273,0.19585629042845865,0.12830158062826835,0.04199682433792984
1920,E0,2019-10-19,Wolves,Southampton,D,1.85,3.58,4.52,2.07,3.26,4.03,AvgH/AvgD/AvgA,AvgCH/AvgCD/AvgCA,0.5191968325065937,0.2683000391444688,0.2125031283489377,0.04110908753218512
1920,E0,2019-10-20,Man United,Liverpool,D,5.03,3.96,1.7,4.06,3.48,1.98,AvgH/AvgD/AvgA,AvgCH/AvgCD/AvgCA,0.19124022067053387,0.2429137146395923,0.5658460646898738,0.039567703700553736
1920,E0,2019-10-21,Sheffield United,Arsenal,H,3.88,3.79,1.93,3.68,3.56,2.06,AvgH/AvgD/AvgA,AvgCH/AvgCD/AvgCA,0.2478861879538977,0.2537726673512198,0.49834114469488244,0.03971891653285686
1920,E0,2019-10-25,Southampton,Leicester,A,3.2,3.34,2.36,3.13,3.34,2.39,AvgH/AvgD/AvgA,AvgCH/AvgCD/AvgCA,0.3017486907787952,0.2891005420635164,0.4091507671576884,0.035630011164112574
1920,E0,2019-10-26,Brighton,Everton,H,2.87,3.3,2.58,2.68,3.33,2.74,AvgH/AvgD/AvgA,AvgCH/AvgCD/AvgCA,0.3353341525664051,0.29163909632290386,0.37302675111069095,0.03905925800423815
1920,E0,2019-10-26,Burnley,Chelsea,A,4.53,4.02,1.75,5.05,4.01,1.69,AvgH/AvgD/AvgA,AvgCH/AvgCD/AvgCA,0.21206941769083987,0.23897374680087183,0.5489568355082883,0.04093534221042372
1920,E0,2019-10-26,Man City,Aston Villa,H,1.09,11.64,28.3,1.08,13.96,27.97,AvgH/AvgD/AvgA,AvgCH/AvgCD/AvgCA,0.8832685430032073,0.08271157318500826,0.034019883811784314,0.03867753462744905
1920,E0,2019-10-26,Watford,Bournemouth,D,2.19,3.53,3.31,2.28,3.54,3.14,AvgH/AvgD/AvgA,AvgCH/AvgCD/AvgCA,0.43820671394657196,0.27186195567790156,0.28993133037552643,0.04202192717175768
1920,E0,2019-10-26,West Ham,Sheffield United,D,2.11,3.46,3.6,2.27,3.41,3.28,AvgH/AvgD/AvgA,AvgCH/AvgCD/AvgCA,0.45538632524878814,0.277706689674839,0.26690698507637306,0.04072876810733961
1920,E0,2019-10-27,Arsenal,Crystal Palace,D,1.49,4.63,6.49,1.48,4.71,6.63,AvgH/AvgD/AvgA,AvgCH/AvgCD/AvgCA,0.64457982517295,0.20743497613557138,0.1479851986914785,0.041206865910267565
1920,E0,2019-10-27,Liverpool,Tottenham,H,1.54,4.45,6.11,1.48,4.8,6.44,AvgH/AvgD/AvgA,AvgCH/AvgCD/AvgCA,0.6257378848796025,0.2165474927448512,0.1577146223755463,0.03773587158717451
1920,E0,2019-10-27,Newcastle,Wolves,D,3.02,3.09,2.59,3.4,3.07,2.39,AvgH/AvgD/AvgA,AvgCH/AvgCD/AvgCA,0.31812996140193267,0.31092313379735814,0.3709469048007091,0.040850809384211484
1920,E0,2019-10-27,Norwich,Man United,A,4.36,3.91,1.8,4.53,3.73,1.82,AvgH/AvgD/AvgA,AvgCH/AvgCD/AvgCA,0.22039481924994364,0.24575995190019292,0.5338452288498635,0.04066782942401792
1920,E0,2019-11-02,Arsenal,Wolves,D,1.78,3.8,4.65,1.75,3.87,4.71,AvgH/AvgD/AvgA,AvgCH/AvgCD/AvgCA,0.5401852587814497,0.2530341475344685,0.20678059368408178,0.040009410986691085
1920,E0,2019-11-02,Aston Villa,Liverpool,A,8.4,5.37,1.36,9.45,6.14,1.3,AvgH/AvgD/AvgA,AvgCH/AvgCD/AvgCA,0.11440709827806603,0.17896082412211448,0.7066320775998196,0.04056147598704274
1920,E0,2019-11-02,Bournemouth,Man United,H,3.33,3.55,2.19,3.61,3.56,2.09,AvgH/AvgD/AvgA,AvgCH/AvgCD/AvgCA,0.289136328643631,0.27121802095303976,0.4396456504033293,0.038611445711580705
1920,E0,2019-11-02,Brighton,Norwich,H,1.71,4.17,4.65,1.59,4.44,5.43,AvgH/AvgD/AvgA,AvgCH/AvgCD/AvgCA,0.5624885779181786,0.23066078375062005,0.20685063833120118,0.0396572385555054
1920,E0,2019-11-02,Man City,Southampton,H,1.08,11.99,29.72,1.07,12.93,31.81,AvgH/AvgD/AvgA,AvgCH/AvgCD/AvgCA,0.8877728770252145,0.07996619743012774,0.03226092554465786,0.04297613712705006
1920,E0,2019-11-02,Sheffield United,Burnley,H,2.26,3.22,3.46,2.27,3.17,3.5,AvgH/AvgD/AvgA,AvgCH/AvgCD/AvgCA,0.42462077902279144,0.29802576415885357,0.2773534568183551,0.04205422335783715
1920,E0,2019-11-02,Watford,Chelsea,A,4.99,4.24,1.65,5.17,4.29,1.63,AvgH/AvgD/AvgA,AvgCH/AvgCD/AvgCA,0.19226594040195563,0.22627524589758458,0.5814588137004598,0.042310464267586
1920,E0,2019-11-02,West Ham,Newcastle,A,1.79,3.82,4.55,1.85,3.73,4.36,AvgH/AvgD/AvgA,AvgCH/AvgCD/AvgCA,0.5370589525790015,0.25165851442838033,0.2112825329926182,0.04021954236935654
1920,E0,2019-11-03,Crystal Palace,Leicester,A,3.5,3.38,2.17,3.74,3.49,2.07,AvgH/AvgD/AvgA,AvgCH/AvgCD/AvgCA,0.27409228837501304,0.28382337553625614,0.44208433608873077,0.042401766967523846
1920,E0,2019-11-03,Everton,Tottenham,D,2.73,3.49,2.57,2.49,3.58,2.79,AvgH/AvgD/AvgA,AvgCH/AvgCD/AvgCA,0.3515566512889457,0.27499990201112373,0.3734434466999307,0.04193837595552319
1920,E0,2019-11-08,Norwich,Watford,A,2.68,3.57,2.6,2.87,3.61,2.41,AvgH/AvgD/AvgA,AvgCH/AvgCD/AvgCA,0.35952218641546857,0.2698934060485871,0.3705844075359445,0.03786175779152057
1920,E0,2019-11-09,Burnley,West Ham,H,2.27,3.55,3.13,2.16,3.61,3.34,AvgH/AvgD/AvgA,AvgCH/AvgCD/AvgCA,0.42289087386917656,0.2704119108966284,0.30669721523419513,0.041707593097677575
1920,E0,2019-11-09,Chelsea,Crystal Palace,H,1.34,5.35,9.29,1.43,4.78,7.61,AvgH/AvgD/AvgA,AvgCH/AvgCD/AvgCA,0.716995748646477,0.17958398190397745,0.10342026944954567,0.0408271710469712
1920,E0,2019-11-09,Leicester,Arsenal,H,1.99,3.78,3.62,1.91,3.97,3.8,AvgH/AvgD/AvgA,AvgCH/AvgCD/AvgCA,0.4816540887587294,0.2535692160396486,0.264776695201622,0.04330592128698685
1920,E0,2019-11-09,Newcastle,Bournemouth,H,2.64,3.21,2.84,2.61,3.26,2.87,AvgH/AvgD/AvgA,AvgCH/AvgCD/AvgCA,0.36337111972066777,0.29884727603195105,0.33778160424738135,0.04242703459499553
1920,E0,2019-11-09,Southampton,Everton,A,2.96,3.37,2.44,3.15,3.34,2.36,AvgH/AvgD/AvgA,AvgCH/AvgCD/AvgCA,0.32347248666425393,0.28411826721845446,0.39240924611729167,0.04440980845611864
1920,E0,2019-11-09,Tottenham,Sheffield United,D,1.58,4.14,6.02,1.54,4.29,6.37,AvgH/AvgD/AvgA,AvgCH/AvgCD/AvgCA,0.6082351448178915,0.2321283886019973,0.1596364665801111,0.040570242935501266
1920,E0,2019-11-10,Liverpool,Man City,H,2.56,3.58,2.68,2.69,3.64,2.55,AvgH/AvgD/AvgA,AvgCH/AvgCD/AvgCA,0.3744886807181889,0.26779078844652615,0.3577205308352849,0.04308893729675645
1920,E0,2019-11-10,Man United,Brighton,H,1.67,3.67,5.82,1.64,3.77,6.18,AvgH/AvgD/AvgA,AvgCH/AvgCD/AvgCA,0.5740585953982643,0.26122012379158077,0.16472128081015486,0.043103265084202924
1920,E0,2019-11-10,Wolves,Aston Villa,H,1.9,3.6,4.24,1.7,3.81,5.31,AvgH/AvgD/AvgA,AvgCH/AvgCD/AvgCA,0.5061007957559681,0.26710875331564987,0.22679045092838193,0.039942623855235615
1920,E0,2019-11-23,Arsenal,Southampton,D,1.47,4.75,6.55,1.46,4.69,6.89,AvgH/AvgD/AvgA,AvgCH/AvgCD/AvgCA,0.6519324860917578,0.20175594832734398,0.1463115655808983,0.043470180358201826
1920,E0,2019-11-23,Bournemouth,Wolves,A,2.82,3.3,2.59,3.0,3.22,2.52,AvgH/AvgD/AvgA,AvgCH/AvgCD/AvgCA,0.33974909368441136,0.2903310436939515,0.36991986262163706,0.04374061820870345
1920,E0,2019-11-23,Brighton,Leicester,A,3.69,3.53,2.04,3.8,3.57,2.01,AvgH/AvgD/AvgA,AvgCH/AvgCD/AvgCA,0.2594606280062693,0.27122088310003784,0.4693184888936929,0.04448490743864286
1920,E0,2019-11-23,Crystal Palace,Liverpool,A,7.33,4.62,1.45,6.86,4.49,1.49,AvgH/AvgD/AvgA,AvgCH/AvgCD/AvgCA,0.13086003504446975,0.20761992573072796,0.6615200392248022,0.042531036885837814
1920,E0,2019-11-23,Everton,Norwich,A,1.4,5.0,7.73,1.35,5.39,8.55,AvgH/AvgD/AvgA,AvgCH/AvgCD/AvgCA,0.6844099730840062,0.19163479246352175,0.12395523445247202,0.0436518203659213
1920,E0,2019-11-23,Man City,Chelsea,H,1.45,4.96,6.64,1.39,5.53,7.18,AvgH/AvgD/AvgA,AvgCH/AvgCD/AvgCA,0.66193944656151,0.19351052369237692,0.1445500297461129,0.04187048527815396
1920,E0,2019-11-23,Watford,Burnley,A,2.33,3.31,3.2,2.24,3.3,3.43,AvgH/AvgD/AvgA,AvgCH/AvgCD/AvgCA,0.41117533569096637,0.2894376230090488,0.2993870412999849,0.04379935298160076
1920,E0,2019-11-23,West Ham,Tottenham,A,4.32,4.14,1.75,4.74,4.34,1.67,AvgH/AvgD/AvgA,AvgCH/AvgCD/AvgCA,0.22162876493585157,0.23126479819393211,0.5471064368702164,0.04445594662985952
1920,E0,2019-11-24,Sheffield United,Man United,D,3.55,3.28,2.18,3.81,3.36,2.09,AvgH/AvgD/AvgA,AvgCH/AvgCD/AvgCA,0.2694867600835174,0.29167012143185567,0.43884311848462687,0.04528378595583349
1920,E0,2019-11-25,Aston Villa,Newcastle,H,2.11,3.46,3.55,2.19,3.51,3.36,AvgH/AvgD/AvgA,AvgCH/AvgCD/AvgCA,0.45368082410864996,0.27666662973099754,0.2696525461603525,0.04464113117463242
1920,E0,2019-11-30,Burnley,Crystal Palace,A,2.31,3.26,3.3,2.05,3.44,3.84,AvgH/AvgD/AvgA,AvgCH/AvgCD/AvgCA,0.4151808456444218,0.29419256240448294,0.2906265919510953,0.0426792021884046
1920,E0,2019-11-30,Chelsea,West Ham,A,1.3,5.94,9.63,1.29,6.12,9.77,AvgH/AvgD/AvgA,AvgCH/AvgCD/AvgCA,0.7386342506507996,0.1616539605801413,0.09971178876905913,0.04142309749786377
1920,E0,2019-11-30,Liverpool,Brighton,H,1.21,6.85,14.67,1.2,7.21,14.46,AvgH/AvgD/AvgA,AvgCH/AvgCD/AvgCA,0.7942032123937098,0.14028991051042175,0.06550687709586837,0.040598008286627074
1920,E0,2019-11-30,Newcastle,Man City,D,15.11,7.59,1.18,12.15,7.58,1.21,AvgH/AvgD/AvgA,AvgCH/AvgCD/AvgCA,0.06330771911396618,0.1260315725707548,0.8106607083152789,0.04539126964699802
1920,E0,2019-11-30,Southampton,Watford,H,2.12,3.5,3.51,2.09,3.53,3.59,AvgH/AvgD/AvgA,AvgCH/AvgCD/AvgCA,0.45254952811074844,0.2741157141699391,0.2733347577193125,0.042312683822117725
1920,E0,2019-11-30,Tottenham,Bournemouth,H,1.38,5.19,7.86,1.33,5.59,8.97,AvgH/AvgD/AvgA,AvgCH/AvgCD/AvgCA,0.6937369903269255,0.1844618586996449,0.12180115097342965,0.04454237162405428
1920,E0,2019-12-01,Leicester,Everton,H,1.64,4.08,5.33,1.62,4.1,5.63,AvgH/AvgD/AvgA,AvgCH/AvgCD/AvgCA,0.5849139832377591,0.23511248345831492,0.17997353330392588,0.042471397564654456
1920,E0,2019-12-01,Man United,Aston Villa,D,1.49,4.38,7.08,1.46,4.72,7.02,AvgH/AvgD/AvgA,AvgCH/AvgCD/AvgCA,0.6448972461724668,0.21938285314999442,0.13571990067753892,0.04069437973352774
1920,E0,2019-12-01,Norwich,Arsenal,D,4.14,4.22,1.77,4.39,4.42,1.7,AvgH/AvgD/AvgA,AvgCH/AvgCD/AvgCA,0.2314801041279286,0.2270918557084418,0.5414280401636296,0.043484469776785994
1920,E0,2019-12-01,Wolves,Sheffield United,D,1.92,3.43,4.35,2.23,3.14,3.67,AvgH/AvgD/AvgA,AvgCH/AvgCD/AvgCA,0.49971364554342046,0.2797230902167251,0.22056326423985456,0.042263580308970816
1920,E0,2019-12-03,Burnley,Man City,A,11.59,6.41,1.25,11.2,6.88,1.24,AvgH/AvgD/AvgA,AvgCH/AvgCD/AvgCA,0.08278068722692705,0.14967678080500538,0.7675425319680677,0.04228751721250901
1920,E0,2019-12-03,Crystal Palace,Bournemouth,H,2.24,3.38,3.34,2.22,3.42,3.35,AvgH/AvgD/AvgA,AvgCH/AvgCD/AvgCA,0.4285627514995065,0.2840179181535191,0.2874193303469745,0.041687757199042164
1920,E0,2019-12-04,Chelsea,Aston Villa,H,1.3,5.85,9.89,1.34,5.65,8.54,AvgH/AvgD/AvgA,AvgCH/AvgCD/AvgCA,0.7387335048551745,0.1641630010789277,0.09710349406589758,0.04128317475132448
1920,E0,2019-12-04,Leicester,Watford,H,1.36,5.13,8.81,1.36,5.32,8.55,AvgH/AvgD/AvgA,AvgCH/AvgCD/AvgCA,0.7044846984663394,0.1867639746421485,0.10875132689151211,0.04373326950576972
1920,E0,2019-12-04,Liverpool,Everton,H,1.39,4.99,8.28,1.62,4.04,5.79,AvgH/AvgD/AvgA,AvgCH/AvgCD/AvgCA,0.6913566199539846,0.19258230495712192,0.11606107508889354,0.04059820889476451
1920,E0,2019-12-04,Man United,Tottenham,H,2.69,3.47,2.61,2.59,3.4,2.79,AvgH/AvgD/AvgA,AvgCH/AvgCD/AvgCA,0.3563960191878608,0.2762839457104742,0.36732003510166494,0.04307341238836404
1920,E0,2019-12-04,Southampton,Norwich,H,1.78,3.99,4.35,1.78,3.89,4.51,AvgH/AvgD/AvgA,AvgCH/AvgCD/AvgCA,0.5389932829633218,0.24045314377812352,0.2205535732585547,0.0423093766962932
1920,E0,2019-12-04,Wolves,West Ham,H,1.77,3.73,4.74,1.68,3.95,5.16,AvgH/AvgD/AvgA,AvgCH/AvgCD/AvgCA,0.5411406062052945,0.25678790160412096,0.20207149219058462,0.04403873029275873
1920,E0,2019-12-05,Arsenal,Brighton,A,1.61,4.23,5.41,1.64,4.28,5.07,AvgH/AvgD/AvgA,AvgCH/AvgCD/AvgCA,0.5958723802034647,0.226797761732288,0.17732985806424736,0.04236751535668626
1920,E0,2019-12-05,Sheffield United,Newcastle,A,1.86,3.45,4.62,1.8,3.54,4.96,AvgH/AvgD/AvgA,AvgCH/AvgCD/AvgCA,0.5150052343840875,0.27765499592881243,0.20733976968710016,0.04393969751613502
1920,E0,2019-12-07,Bournemouth,Liverpool,A,7.01,5.03,1.42,6.39,4.63,1.5,AvgH/AvgD/AvgA,AvgCH/AvgCD/AvgCA,0.13642084836631518,0.190121301599974,0.6734578500337108,0.04568586152411047
1920,E0,2019-12-07,Everton,Chelsea,H,3.52,3.8,2.02,3.31,3.75,2.13,AvgH/AvgD/AvgA,AvgCH/AvgCD/AvgCA,0.2725619975570264,0.2524784819475613,0.4749595204954123,0.04229830877824625
1920,E0,2019-12-07,Man City,Man United,A,1.31,5.67,9.9,1.33,5.76,8.91,AvgH/AvgD/AvgA,AvgCH/AvgCD/AvgCA,0.7334799430809216,0.16946362000635048,0.097056436912728,0.04073572266956482
1920,E0,2019-12-07,Tottenham,Burnley,H,1.41,4.82,7.98,1.43,4.82,7.55,AvgH/AvgD/AvgA,AvgCH/AvgCD/AvgCA,0.6806319410528103,0.19910602424988846,0.12026203469730105,0.04200202103209838
1920,E0,2019-12-07,Watford,Crystal Palace,D,2.37,3.34,3.12,2.44,3.32,3.03,AvgH/AvgD/AvgA,AvgCH/AvgCD/AvgCA,0.40499008977497963,0.2873732074151802,0.3076367028098403,0.04185494638765297
1920,E0,2019-12-08,Aston Villa,Leicester,A,4.27,3.88,1.82,4.84,4.16,1.69,AvgH/AvgD/AvgA,AvgCH/AvgCD/AvgCA,0.22488742253332739,0.24749208613848145,0.5276204913281911,0.0413745456841621
1920,E0,2019-12-08,Brighton,Wolves,D,2.69,3.16,2.81,2.64,3.19,2.88,AvgH/AvgD/AvgA,AvgCH/AvgCD/AvgCA,0.35605419645613884,0.3030967685022194,0.3408490350416418,0.04407479421943883
1920,E0,2019-12-08,Newcastle,Southampton,H,2.59,3.23,2.87,2.6,3.31,2.83,AvgH/AvgD/AvgA,AvgCH/AvgCD/AvgCA,0.3697819227654762,0.29651243961689894,0.3337056376176249,0.0441299650693292
1920,E0,2019-12-08,Norwich,Sheffield United,A,2.98,3.45,2.4,3.14,3.48,2.3,AvgH/AvgD/AvgA,AvgCH/AvgCD/AvgCA,0.3220161008050403,0.2781472406953681,0.39983665849959166,0.04209220892909249
1920,E0,2019-12-09,West Ham,Arsenal,A,3.43,4.02,1.98,3.57,4.16,1.93,AvgH/AvgD/AvgA,AvgCH/AvgCD/AvgCA,0.27889669091367775,0.2379640919984863,0.4831392170878358,0.045351913460351057
1920,E0,2019-12-14,Burnley,Newcastle,H,1.96,3.5,4.07,1.99,3.44,4.01,AvgH/AvgD/AvgA,AvgCH/AvgCD/AvgCA,0.4898185144177538,0.2742983680739421,0.235883117508304,0.041618613047184505
1920,E0,2019-12-14,Chelsea,Bournemouth,A,1.25,6.48,11.64,1.23,6.82,12.38,AvgH/AvgD/AvgA,AvgCH/AvgCD/AvgCA,0.7690594755967748,0.14835252229876056,0.08258800210446465,0.04023164057528317
1920,E0,2019-12-14,Leicester,Norwich,D,1.22,6.73,13.29,1.24,6.73,11.75,AvgH/AvgD/AvgA,AvgCH/AvgCD/AvgCA,0.7854989325181067,0.14239356577594206,0.07210750170595111,0.04350508602205716
1920,E0,2019-12-14,Liverpool,Watford,H,1.17,7.72,16.32,1.18,7.65,15.15,AvgH/AvgD/AvgA,AvgCH/AvgCD/AvgCA,0.8174973331983711,0.1238953212230692,0.058607345578559684,0.045509043261253046
1920,E0,2019-12-14,Sheffield United,Aston Villa,H,1.86,3.75,4.17,1.78,3.88,4.51,AvgH/AvgD/AvgA,AvgCH/AvgCD/AvgCA,0.5149216133716622,0.2554011202323445,0.22967726639599326,0.0441092287460354
1920,E0,2019-12-14,Southampton,West Ham,A,1.92,3.86,3.83,1.81,3.99,4.19,AvgH/AvgD/AvgA,AvgCH/AvgCD/AvgCA,0.500321504233703,0.24886458241676424,0.25081391334953257,0.04099729659041218
1920,E0,2019-12-15,Arsenal,Man City,A,6.03,5.33,1.45,6.7,5.78,1.39,AvgH/AvgD/AvgA,AvgCH/AvgCD/AvgCA,0.1589837056358628,0.17986336678879036,0.6611529275753467,0.04310991247210083
1920,E0,2019-12-15,Man United,Everton,D,1.78,3.71,4.76,1.67,3.97,5.28,AvgH/AvgD/AvgA,AvgCH/AvgCD/AvgCA,0.5394517384424582,0.2588205106273788,0.20172775093016293,0.04142356539817538
1920,E0,2019-12-15,Wolves,Tottenham,A,3.22,3.45,2.26,2.89,3.57,2.42,AvgH/AvgD/AvgA,AvgCH/AvgCD/AvgCA,0.2977863668306394,0.27793394237526353,0.42427969079409694,0.04289195478114305
1920,E0,2019-12-16,Crystal Palace,Brighton,D,2.55,3.22,2.91,2.8,3.22,2.68,AvgH/AvgD/AvgA,AvgCH/AvgCD/AvgCA,0.3747825147889944,0.2967998176124023,0.3284176675986033,0.04635848064012693
1920,E0,2019-12-21,Aston Villa,Southampton,A,2.43,3.54,2.87,2.5,3.64,2.72,AvgH/AvgD/AvgA,AvgCH/AvgCD/AvgCA,0.39476843810833806,0.2709851142947067,0.3342464475969552,0.042440565200199565
1920,E0,2019-12-21,Bournemouth,Burnley,A,2.43,3.38,2.97,2.4,3.31,3.08,AvgH/AvgD/AvgA,AvgCH/AvgCD/AvgCA,0.3941482031167179,0.28336690342414933,0.32248489345913284,0.04408095861087302
1920,E0,2019-12-21,Brighton,Sheffield United,A,2.21,3.27,3.52,2.17,3.36,3.54,AvgH/AvgD/AvgA,AvgCH/AvgCD/AvgCA,0.43408771208652785,0.29337426413187356,0.27253802378159847,0.04238999442723146
1920,E0,2019-12-21,Everton,Arsenal,D,2.33,3.75,2.9,2.12,3.82,3.25,AvgH/AvgD/AvgA,AvgCH/AvgCD/AvgCA,0.41240827471131425,0.2562430080206299,0.3313487172680559,0.04067880222978637
1920,E0,2019-12-21,Man City,Leicester,H,1.37,5.41,7.72,1.38,5.67,7.28,AvgH/AvgD/AvgA,AvgCH/AvgCD/AvgCA,0.6989605595004794,0.17700110286795875,0.12403833763156177,0.04430356960473025
1920,E0,2019-12-21,Newcastle,Crystal Palace,H,2.43,3.11,3.22,2.41,3.1,3.27,AvgH/AvgD/AvgA,AvgCH/AvgCD/AvgCA,0.3943203877760758,0.3081024251755191,0.2975771870484051,0.04362504831616465
1920,E0,2019-12-21,Norwich,Wolves,A,3.71,3.75,1.97,4.03,3.8,1.89,AvgH/AvgD/AvgA,AvgCH/AvgCD/AvgCA,0.25822564464655856,0.2554712377703286,0.48630311758311284,0.04382265884037739
1920,E0,2019-12-22,Tottenham,Chelsea,A,2.37,3.65,2.88,2.34,3.57,3.0,AvgH/AvgD/AvgA,AvgCH/AvgCD/AvgCA,0.4044928255624689,0.2626432867350826,0.3328638877024484,0.04313575323199048
1920,E0,2019-12-22,Watford,Man United,H,4.39,3.89,1.8,4.71,3.81,1.77,AvgH/AvgD/AvgA,AvgCH/AvgCD/AvgCA,0.2189418125080126,0.2470834336530013,0.5339747538389862,0.04041539709773767
1920,E0,2019-12-26,Aston Villa,Norwich,H,2.11,3.77,3.28,2.2,3.72,3.14,AvgH/AvgD/AvgA,AvgCH/AvgCD/AvgCA,0.453931742844452,0.2540572884354891,0.29201096872005905,0.04406368745950773
1920,E0,2019-12-26,Bournemouth,Arsenal,D,3.5,3.85,2.01,3.83,4.07,1.87,AvgH/AvgD/AvgA,AvgCH/AvgCD/AvgCA,0.2739437492256226,0.24903977202329328,0.4770164787510842,0.042966983265490644
1920,E0,2019-12-26,Chelsea,Southampton,A,1.35,5.31,8.58,1.39,5.05,8.06,AvgH/AvgD/AvgA,AvgCH/AvgCD/AvgCA,0.7084260464335195,0.18010831688987786,0.11146563667660271,0.045614774428333726
1920,E0,2019-12-26,Crystal Palace,West Ham,H,2.32,3.42,3.12,2.26,3.42,3.24,AvgH/AvgD/AvgA,AvgCH/AvgCD/AvgCA,0.41289004457652306,0.2800891530460624,0.3070208023774146,0.04394496409015458
1920,E0,2019-12-26,Everton,Burnley,H,1.71,3.76,5.15,1.74,3.67,5.12,AvgH/AvgD/AvgA,AvgCH/AvgCD/AvgCA,0.5596515617006887,0.25452238577345154,0.18582605252585976,0.044927525727490814
1920,E0,2019-12-26,Leicester,Liverpool,A,3.38,3.72,2.08,3.53,4.03,1.96,AvgH/AvgD/AvgA,AvgCH/AvgCD/AvgCA,0.28299733739064287,0.25713198934956255,0.4598706732597945,0.04544442323598652
1920,E0,2019-12-26,Man United,Newcastle,H,1.35,5.19,9.18,1.35,5.34,8.84,AvgH/AvgD/AvgA,AvgCH/AvgCD/AvgCA,0.7106439531231123,0.18484958318231243,0.10450646369457535,0.042351429974687216
1920,E0,2019-12-26,Sheffield United,Watford,D,1.86,3.54,4.46,1.83,3.56,4.67,AvgH/AvgD/AvgA,AvgCH/AvgCD/AvgCA,0.5148100324764252,0.27049340689439294,0.21469656062918183,0.044335530945136536
1920,E0,2019-12-26,Tottenham,Brighton,H,1.55,4.41,5.73,1.52,4.46,6.28,AvgH/AvgD/AvgA,AvgCH/AvgCD/AvgCA,0.6165304016220055,0.2166943588467366,0.166775239531258,0.04643872974512098
1920,E0,2019-12-27,Wolves,Man City,H,7.73,4.95,1.4,6.84,5.34,1.41,AvgH/AvgD/AvgA,AvgCH/AvgCD/AvgCA,0.12371575724576234,0.1931965259615642,0.6830877167926734,0.045672022386123334
1920,E0,2019-12-28,Brighton,Bournemouth,H,1.79,3.85,4.43,1.81,3.78,4.47,AvgH/AvgD/AvgA,AvgCH/AvgCD/AvgCA,0.5350459740186406,0.2487616346736017,0.21619239130775775,0.04413311192886704
1920,E0,2019-12-28,Burnley,Man United,A,4.31,3.7,1.85,4.22,3.62,1.9,AvgH/AvgD/AvgA,AvgCH/AvgCD/AvgCA,0.22248947684906797,0.259170174383644,0.518340348767288,0.042829372295729584
1920,E0,2019-12-28,Newcastle,Everton,A,3.55,3.4,2.14,3.25,3.33,2.3,AvgH/AvgD/AvgA,AvgCH/AvgCD/AvgCA,0.27005159039453663,0.2819656311472368,0.44798277845822665,0.04309750753006214
1920,E0,2019-12-28,Norwich,Tottenham,D,4.93,4.07,1.69,4.87,4.43,1.64,AvgH/AvgD/AvgA,AvgCH/AvgCD/AvgCA,0.19499023390436881,0.23619210151069733,0.5688176645849339,0.040255978623898736
1920,E0,2019-12-28,Southampton,Crystal Palace,D,1.98,3.57,3.91,1.95,3.52,4.1,AvgH/AvgD/AvgA,AvgCH/AvgCD/AvgCA,0.4851976599893636,0.2691012231873781,0.2457011168232583,0.040917025571757026
1920,E0,2019-12-28,Watford,Aston Villa,H,1.99,3.77,3.65,1.78,4.03,4.32,AvgH/AvgD/AvgA,AvgCH/AvgCD/AvgCA,0.48237941829119085,0.254624679681557,0.26299590202725204,0.04173715494371688
1920,E0,2019-12-28,West Ham,Leicester,A,4.03,3.87,1.86,2.55,3.61,2.68,AvgH/AvgD/AvgA,AvgCH/AvgCD/AvgCA,0.23764200184218606,0.2474669941664108,0.5148910039914031,0.04417129923506513
1920,E0,2019-12-29,Arsenal,Chelsea,A,2.86,3.73,2.35,2.93,3.67,2.33,AvgH/AvgD/AvgA,AvgCH/AvgCD/AvgCA,0.3351456548254016,0.2569749524934714,0.407879392681127,0.04327877928927504
1920,E0,2019-12-29,Liverpool,Wolves,H,1.28,5.84,10.92,1.27,6.11,11.28,AvgH/AvgD/AvgA,AvgCH/AvgCD/AvgCA,0.7482822062854354,0.16400705891187625,0.0877107348026884,0.04405796828742026
1920,E0,2019-12-29,Man City,Sheffield United,H,1.18,7.62,14.91,1.23,6.89,12.29,AvgH/AvgD/AvgA,AvgCH/AvgCD/AvgCA,0.8103746373028169,0.12549108556657793,0.06413427713060522,0.04576030407275722
1920,E0,2020-01-01,Arsenal,Man United,H,2.58,3.64,2.61,2.64,3.64,2.58,AvgH/AvgD/AvgA,AvgCH/AvgCD/AvgCA,0.370741529888314,0.2627783371186401,0.36648013299304605,0.04546393640218804
1920,E0,2020-01-01,Brighton,Chelsea,D,3.7,3.64,2.01,3.86,3.87,1.91,AvgH/AvgD/AvgA,AvgCH/AvgCD/AvgCA,0.2592500726399115,0.26352342548562435,0.47722650187446414,0.04250798280649026
1920,E0,2020-01-01,Burnley,Aston Villa,A,1.81,3.81,4.37,1.97,3.42,4.17,AvgH/AvgD/AvgA,AvgCH/AvgCD/AvgCA,0.5293096596779578,0.2514568199519957,0.2192335203700466,0.04378633139143373
1920,E0,2020-01-01,Man City,Everton,H,1.27,6.19,10.49,1.32,5.77,9.14,AvgH/AvgD/AvgA,AvgCH/AvgCD/AvgCA,0.7540128685841423,0.15470054008107606,0.09128659133478177,0.04428134798508587
1920,E0,2020-01-01,Newcastle,Leicester,A,5.26,3.9,1.67,4.22,3.84,1.84,AvgH/AvgD/AvgA,AvgCH/AvgCD/AvgCA,0.1818704762755786,0.24529197569475472,0.5728375480296667,0.04532672006090199
1920,E0,2020-01-01,Norwich,Crystal Palace,D,2.53,3.46,2.77,2.36,3.37,3.1,AvgH/AvgD/AvgA,AvgCH/AvgCD/AvgCA,0.37813312501726104,0.27649618679007815,0.34537068819266076,0.045285088361419756
1920,E0,2020-01-01,Southampton,Tottenham,H,3.34,3.54,2.16,3.51,3.84,2.02,AvgH/AvgD/AvgA,AvgCH/AvgCD/AvgCA,0.2865494446193282,0.27036021046004405,0.4430903449206277,0.04485003627396811
1920,E0,2020-01-01,Watford,Wolves,H,3.16,3.37,2.32,3.19,3.26,2.38,AvgH/AvgD/AvgA,AvgCH/AvgCD/AvgCA,0.30305285517155833,0.2841682558878707,0.4127788889405709,0.04422608400566275
1920,E0,2020-01-01,West Ham,Bournemouth,H,1.95,3.84,3.68,1.92,3.63,4.1,AvgH/AvgD/AvgA,AvgCH/AvgCD/AvgCA,0.49074845807634615,0.24920820136689453,0.2600433405567595,0.044976309921962
1920,E0,2020-01-02,Liverpool,Sheffield United,H,1.23,6.32,13.64,1.28,5.64,11.63,AvgH/AvgD/AvgA,AvgCH/AvgCD/AvgCA,0.7783335560459246,0.15147947372412773,0.07018697022994774,0.044549761173768854
1920,E0,2020-01-10,Sheffield United,West Ham,H,2.02,3.43,3.94,1.94,3.42,4.28,AvgH/AvgD/AvgA,AvgCH/AvgCD/AvgCA,0.475825305616585,0.28022364937186633,0.24395104501154866,0.04040180105385294
1920,E0,2020-01-11,Chelsea,Burnley,H,1.29,5.61,11.06,1.34,5.2,9.71,AvgH/AvgD/AvgA,AvgCH/AvgCD/AvgCA,0.7426203667464982,0.17076297203261726,0.08661666122088453,0.04386283107992561
1920,E0,2020-01-11,Crystal Palace,Arsenal,D,4.19,3.87,1.83,4.57,3.86,1.77,AvgH/AvgD/AvgA,AvgCH/AvgCD/AvgCA,0.22871232452018564,0.24762393791720358,0.5236637375626109,0.04350950473510484
1920,E0,2020-01-11,Everton,Brighton,H,1.9,3.63,4.16,1.93,3.69,3.96,AvgH/AvgD/AvgA,AvgCH/AvgCD/AvgCA,0.5050130761358848,0.2643319131289755,0.23065501073513967,0.04218249852221145
1920,E0,2020-01-11,Leicester,Southampton,A,1.64,4.02,5.46,1.7,3.88,5.09,AvgH/AvgD/AvgA,AvgCH/AvgCD/AvgCA,0.5853681953467532,0.23880692546484464,0.17582487918840206,0.04166249961663149
1920,E0,2020-01-11,Man United,Norwich,H,1.36,5.16,8.82,1.33,5.45,9.27,AvgH/AvgD/AvgA,AvgCH/AvgCD/AvgCA,0.7053375488190441,0.18590291984377905,0.10875953133717686,0.04247125206671809
1920,E0,2020-01-11,Tottenham,Liverpool,A,4.59,4.22,1.7,4.8,4.07,1.7,AvgH/AvgD/AvgA,AvgCH/AvgCD/AvgCA,0.208869530785983,0.227182736091863,0.5639477331221541,0.04306704250947346
1920,E0,2020-01-11,Wolves,Newcastle,D,1.46,4.35,7.91,1.46,4.44,7.59,AvgH/AvgD/AvgA,AvgCH/AvgCD/AvgCA,0.657804431818399,0.2207803380356006,0.12141523014600031,0.041238814636635146
1920,E0,2020-01-12,Aston Villa,Man City,A,14.5,8.39,1.17,15.71,9.09,1.15,AvgH/AvgD/AvgA,AvgCH/AvgCD/AvgCA,0.06613139777803677,0.11429145027193481,0.8195771519500283,0.042855883265237704
1920,E0,2020-01-12,Bournemouth,Watford,A,2.61,3.37,2.75,2.55,3.41,2.8,AvgH/AvgD/AvgA,AvgCH/AvgCD/AvgCA,0.3671649359962284,0.28436216111280593,0.34847290289096583,0.043514031132981135
1920,E0,2020-01-18,Arsenal,Sheffield United,D,1.85,3.61,4.46,2.0,3.38,4.08,AvgH/AvgD/AvgA,AvgCH/AvgCD/AvgCA,0.5188703871402283,0.2659031069832195,0.21522650587655212,0.04176409742661935
1920,E0,2020-01-18,Brighton,Aston Villa,D,1.65,4.29,4.94,1.69,4.16,4.84,AvgH/AvgD/AvgA,AvgCH/AvgCD/AvgCA,0.5818610129564193,0.22379269729093051,0.1943462897526502,0.04158998895840993
1920,E0,2020-01-18,Man City,Crystal Palace,D,1.1,10.64,24.53,1.08,11.63,29.18,AvgH/AvgD/AvgA,AvgCH/AvgCD/AvgCA,0.8709083034187092,0.0900375125714831,0.03905418400980759,0.04384227997633716
1920,E0,2020-01-18,Newcastle,Chelsea,H,6.02,4.53,1.52,5.58,4.38,1.58,AvgH/AvgD/AvgA,AvgCH/AvgCD/AvgCA,0.15899655017941838,0.21129342871525356,0.629710021105328,0.044758245529116225
1920,E0,2020-01-18,Norwich,Bournemouth,H,2.22,3.56,3.19,2.25,3.48,3.21,AvgH/AvgD/AvgA,AvgCH/AvgCD/AvgCA,0.4311236304828141,0.2688467583347886,0.30002961118239735,0.044828950679396184
1920,E0,2020-01-18,Southampton,Wolves,A,2.39,3.37,3.05,2.59,3.14,2.97,AvgH/AvgD/AvgA,AvgCH/AvgCD/AvgCA,0.40115446310440517,0.2844982690859134,0.3143472678096815,0.043014799344530896
1920,E0,2020-01-18,Watford,Tottenham,D,3.18,3.52,2.25,3.1,3.61,2.27,AvgH/AvgD/AvgA,AvgCH/AvgCD/AvgCA,0.3015006509673146,0.2723784289988808,0.4261209200338046,0.04300076234038497
1920,E0,2020-01-18,West Ham,Everton,D,2.96,3.46,2.4,2.91,3.42,2.46,AvgH/AvgD/AvgA,AvgCH/AvgCD/AvgCA,0.32374773875615986,0.2769633834445761,0.39928887779926386,0.043521845544967075
1920,E0,2020-01-19,Burnley,Leicester,H,4.19,3.71,1.87,4.27,3.68,1.87,AvgH/AvgD/AvgA,AvgCH/AvgCD/AvgCA,0.2288318122297389,0.25843808443196925,0.5127301033382919,0.0429646217513846
1920,E0,2020-01-19,Liverpool,Man United,H,1.37,5.12,8.31,1.45,4.64,7.28,AvgH/AvgD/AvgA,AvgCH/AvgCD/AvgCA,0.6981096473452859,0.18679887048106283,0.11509148217365123,0.04557645074090666
1920,E0,2020-01-21,Aston Villa,Watford,H,2.86,3.46,2.49,3.1,3.39,2.36,AvgH/AvgD/AvgA,AvgCH/AvgCD/AvgCA,0.3361136686381299,0.27782806135984145,0.38605827000202864,0.04027411639362333
1920,E0,2020-01-21,Bournemouth,Brighton,H,2.94,3.35,2.47,2.86,3.29,2.57,AvgH/AvgD/AvgA,AvgCH/AvgCD/AvgCA,0.32595636057088156,0.28606319405325126,0.3879804453758671,0.043501816703477525
1920,E0,2020-01-21,Chelsea,Arsenal,D,1.74,3.95,4.71,1.74,3.89,4.78,AvgH/AvgD/AvgA,AvgCH/AvgCD/AvgCA,0.5525066151118555,0.24338266083408316,0.2041107240540613,0.040191425693264726
1920,E0,2020-01-21,Crystal Palace,Southampton,A,2.73,3.26,2.72,2.78,3.17,2.73,AvgH/AvgD/AvgA,AvgCH/AvgCD/AvgCA,0.35197637401459153,0.29475322118399844,0.35327040480140987,0.040695891381564486
1920,E0,2020-01-21,Everton,Newcastle,D,1.6,3.99,6.06,1.5,4.29,7.16,AvgH/AvgD/AvgA,AvgCH/AvgCD/AvgCA,0.6005901727298469,0.24083816450319676,0.15857166276695628,0.0406430680662051
1920,E0,2020-01-21,Sheffield United,Man City,A,7.41,4.82,1.43,8.11,4.82,1.41,AvgH/AvgD/AvgA,AvgCH/AvgCD/AvgCA,0.12954773132650818,0.19915947907249493,0.671292789600997,0.04172234550046294
1920,E0,2020-01-22,Leicester,West Ham,H,1.53,4.49,5.97,1.47,4.71,6.64,AvgH/AvgD/AvgA,AvgCH/AvgCD/AvgCA,0.6261589241539767,0.2133681857362103,0.16047289010981314,0.043816108067010084
1920,E0,2020-01-22,Man United,Burnley,A,1.41,4.65,8.43,1.45,4.48,7.8,AvgH/AvgD/AvgA,AvgCH/AvgCD/AvgCA,0.6800474651427858,0.20620794104329632,0.11374459381391791,0.04289758363722074
1920,E0,2020-01-22,Tottenham,Norwich,H,1.42,4.89,7.5,1.38,5.12,8.24,AvgH/AvgD/AvgA,AvgCH/AvgCD/AvgCA,0.6758026711480629,0.19624535644790375,0.12795197240403325,0.04205766295112201
1920,E0,2020-01-23,Wolves,Liverpool,A,5.63,3.92,1.64,5.21,3.96,1.67,AvgH/AvgD/AvgA,AvgCH/AvgCD/AvgCA,0.17038238505655737,0.24470735404806582,0.5849102608953768,0.042478031805366134
1920,E0,2020-01-29,West Ham,Liverpool,A,8.76,5.55,1.33,8.53,5.34,1.35,AvgH/AvgD/AvgA,AvgCH/AvgCD/AvgCA,0.10911259817029637,0.172220965760684,0.7186664360690196,0.04621513056985305
1920,E0,2020-02-01,Bournemouth,Aston Villa,H,2.13,3.57,3.39,2.18,3.37,3.5,AvgH/AvgD/AvgA,AvgCH/AvgCD/AvgCA,0.44944683980079553,0.26815735820047465,0.28239580199872993,0.04458086363050762
1920,E0,2020-02-01,Crystal Palace,Sheffield United,A,3.11,3.06,2.52,3.09,3.03,2.58,AvgH/AvgD/AvgA,AvgCH/AvgCD/AvgCA,0.30764811490125676,0.31267504488330344,0.37967684021543985,0.045166190806440465
1920,E0,2020-02-01,Leicester,Chelsea,D,2.52,3.59,2.72,2.54,3.53,2.73,AvgH/AvgD/AvgA,AvgCH/AvgCD/AvgCA,0.3804566352372789,0.2670614821164186,0.3524818826463025,0.04302398768235238
1920,E0,2020-02-01,Liverpool,Southampton,H,1.28,5.86,10.73,1.3,5.65,10.11,AvgH/AvgD/AvgA,AvgCH/AvgCD/AvgCA,0.7475396193216268,0.16328510456172052,0.08917527611665259,0.045095109084605456
1920,E0,2020-02-01,Man United,Wolves,D,2.23,3.24,3.48,2.13,3.35,3.65,AvgH/AvgD/AvgA,AvgCH/AvgCD/AvgCA,0.42935477974776093,0.29551270334490953,0.27513251690732954,0.04442879042126502
1920,E0,2020-02-01,Newcastle,Norwich,D,2.24,3.39,3.31,2.25,3.35,3.33,AvgH/AvgD/AvgA,AvgCH/AvgCD/AvgCA,0.4278067322686045,0.2826805546553611,0.2895127130760345,0.043528625791412034
1920,E0,2020-02-01,Watford,Everton,A,2.75,3.31,2.64,2.97,3.34,2.46,AvgH/AvgD/AvgA,AvgCH/AvgCD/AvgCA,0.34813094351198565,0.2892326569963627,0.3626363994916517,0.04453904604962
1920,E0,2020-02-01,West Ham,Brighton,D,2.56,3.37,2.8,2.51,3.37,2.87,AvgH/AvgD/AvgA,AvgCH/AvgCD/AvgCA,0.3739814198294175,0.28409271061225777,0.3419258695583246,0.044503762187367624
1920,E0,2020-02-02,Burnley,Arsenal,D,3.75,3.53,2.02,3.93,3.68,1.94,AvgH/AvgD/AvgA,AvgCH/AvgCD/AvgCA,0.2551828537277539,0.27108660098557424,0.4737305452866718,0.04500229059733174
1920,E0,2020-02-02,Tottenham,Man City,H,5.64,4.45,1.56,5.87,4.62,1.53,AvgH/AvgD/AvgA,AvgCH/AvgCD/AvgCA,0.16998707099200752,0.21544428772919605,0.6145686412787964,0.043049706688243594
1920,E0,2020-02-08,Brighton,Watford,D,2.15,3.37,3.53,2.3,3.35,3.23,AvgH/AvgD/AvgA,AvgCH/AvgCD/AvgCA,0.44502845000766894,0.2839202277496997,0.27105132224263123,0.045138303094447885
1920,E0,2020-02-08,Everton,Crystal Palace,H,1.63,3.77,6.02,1.65,3.72,5.92,AvgH/AvgD/AvgA,AvgCH/AvgCD/AvgCA,0.5871560107727452,0.25386320890174396,0.15898078032551075,0.0448618787158892
1920,E0,2020-02-09,Sheffield United,Bournemouth,H,1.72,3.54,5.58,1.77,3.45,5.41,AvgH/AvgD/AvgA,AvgCH/AvgCD/AvgCA,0.5573764940913555,0.2708156976941049,0.17180780821453967,0.04309269407747407
1920,E0,2020-02-14,Wolves,Leicester,D,2.55,3.29,2.91,2.67,3.21,2.81,AvgH/AvgD/AvgA,AvgCH/AvgCD/AvgCA,0.3771642655383925,0.29233096569085126,0.3305047687707563,0.03975084221010183
1920,E0,2020-02-15,Norwich,Liverpool,A,10.02,6.0,1.29,8.76,5.47,1.34,AvgH/AvgD/AvgA,AvgCH/AvgCD/AvgCA,0.09580891691361602,0.16000089124573874,0.7441901918406453,0.041660864317875745
1920,E0,2020-02-15,Southampton,Burnley,A,1.79,3.69,4.7,1.69,3.95,5.11,AvgH/AvgD/AvgA,AvgCH/AvgCD/AvgCA,0.5359212140502022,0.25997262144982713,0.20410616449997063,0.042427885351003836
1920,E0,2020-02-16,Arsenal,Newcastle,H,1.43,4.6,7.72,1.45,4.56,7.55,AvgH/AvgD/AvgA,AvgCH/AvgCD/AvgCA,0.6684033006083238,0.2077862434499789,0.12381045594169728,0.046225682405002244
1920,E0,2020-02-16,Aston Villa,Tottenham,A,4.01,3.78,1.89,3.88,3.72,1.94,AvgH/AvgD/AvgA,AvgCH/AvgCD/AvgCA,0.239089184060721,0.2536369386464263,0.5072738772928526,0.04302735225428522
1920,E0,2020-02-17,Chelsea,Man United,A,1.86,3.6,4.35,1.98,3.44,4.04,AvgH/AvgD/AvgA,AvgCH/AvgCD/AvgCA,0.5143363878214602,0.2657404670410878,0.21992314513745198,0.045297243851192714
1920,E0,2020-02-19,Man City,West Ham,H,1.13,9.37,18.28,1.12,9.82,19.6,AvgH/AvgD/AvgA,AvgCH/AvgCD/AvgCA,0.8457275805184564,0.10199276051076368,0.05227965897077985,0.04638393331087176
1920,E0,2020-02-22,Burnley,Bournemouth,H,2.15,3.28,3.65,2.25,3.3,3.42,AvgH/AvgD/AvgA,AvgCH/AvgCD/AvgCA,0.4455277896656309,0.2920380328600934,0.2624341774742757,0.043966930589981246
1920,E0,2020-02-22,Chelsea,Tottenham,H,1.73,3.94,4.72,1.87,3.52,4.51,AvgH/AvgD/AvgA,AvgCH/AvgCD/AvgCA,0.5538289267569225,0.24317869119022228,0.20299238205285508,0.043706195459570774
1920,E0,2020-02-22,Crystal Palace,Newcastle,H,1.96,3.3,4.35,2.18,3.21,3.7,AvgH/AvgD/AvgA,AvgCH/AvgCD/AvgCA,0.48911376878258206,0.2905039353981396,0.22038229581927837,0.043119442134220476
1920,E0,2020-02-22,Leicester,Man City,A,4.49,4.15,1.73,5.31,4.49,1.59,AvgH/AvgD/AvgA,AvgCH/AvgCD/AvgCA,0.21379840205832518,0.23131441572093495,0.55488718222074,0.04171568672310144
1920,E0,2020-02-22,Sheffield United,Brighton,D,1.96,3.34,4.31,1.93,3.4,4.37,AvgH/AvgD/AvgA,AvgCH/AvgCD/AvgCA,0.4898160561290805,0.28743696706975985,0.2227469768011596,0.04162384072236236
1920,E0,2020-02-22,Southampton,Aston Villa,H,1.64,4.23,5.1,1.72,4.03,4.71,AvgH/AvgD/AvgA,AvgCH/AvgCD/AvgCA,0.5850432009372407,0.22682525993784272,0.18813153912491665,0.04224114831886738
1920,E0,2020-02-23,Arsenal,Everton,H,2.04,3.6,3.63,1.99,3.62,3.79,AvgH/AvgD/AvgA,AvgCH/AvgCD/AvgCA,0.46978128639834343,0.266209395625728,0.2640093179759286,0.04345594987306223
1920,E0,2020-02-23,Man United,Watford,H,1.6,3.97,5.98,1.58,3.97,6.26,AvgH/AvgD/AvgA,AvgCH/AvgCD/AvgCA,0.598594070689803,0.2412469806306511,0.16015894867954594,0.044113249033301605
1920,E0,2020-02-23,Wolves,Norwich,H,1.52,4.27,6.55,1.51,4.24,6.97,AvgH/AvgD/AvgA,AvgCH/AvgCD/AvgCA,0.6297098496225365,0.2241590097016992,0.14613114067576422,0.044758530038022215
1920,E0,2020-02-24,Liverpool,West Ham,H,1.17,7.81,16.2,1.15,8.55,17.55,AvgH/AvgD/AvgA,AvgCH/AvgCD/AvgCA,0.8183104084566891,0.1225893953769944,0.059100196166316434,0.04447022287397884
1920,E0,2020-02-28,Norwich,Leicester,H,4.66,4.02,1.74,4.16,3.83,1.85,AvgH/AvgD/AvgA,AvgCH/AvgCD/AvgCA,0.2067241195871901,0.23963542220803632,0.5536404582047735,0.038061137261745204
1920,E0,2020-02-29,Bournemouth,Chelsea,D,4.68,3.84,1.76,4.12,3.73,1.89,AvgH/AvgD/AvgA,AvgCH/AvgCD/AvgCA,0.2050087361677344,0.24985439720442632,0.5451368666278392,0.042273698523698666
1920,E0,2020-02-29,Brighton,Crystal Palace,A,2.08,3.24,3.93,2.2,3.16,3.7,AvgH/AvgD/AvgA,AvgCH/AvgCD/AvgCA,0.46056686488128823,0.29567255523243197,0.2437605798862798,0.04386413228652408
1920,E0,2020-02-29,Newcastle,Burnley,D,2.64,3.11,2.9,2.72,3.21,2.76,AvgH/AvgD/AvgA,AvgCH/AvgCD/AvgCA,0.3624213394199008,0.3076502688323274,0.3299283917477718,0.04515887335490398
1920,E0,2020-02-29,Watford,Liverpool,H,7.52,4.84,1.42,6.72,4.62,1.48,AvgH/AvgD/AvgA,AvgCH/AvgCD/AvgCA,0.12739675242826426,0.19793875583895604,0.6746644917327798,0.043815645764865296
1920,E0,2020-02-29,West Ham,Southampton,H,2.71,3.54,2.55,2.57,3.53,2.71,AvgH/AvgD/AvgA,AvgCH/AvgCD/AvgCA,0.3535715544692901,0.27067200921236617,0.37575643631834366,0.04364642848821321
1920,E0,2020-03-01,Everton,Man United,D,2.54,3.33,2.85,2.84,3.32,2.57,AvgH/AvgD/AvgA,AvgCH/AvgCD/AvgCA,0.37679105277575964,0.2874021843995284,0.3358067628247121,0.044878280684331084
1920,E0,2020-03-01,Tottenham,Wolves,A,2.44,3.17,3.13,2.78,3.09,2.78,AvgH/AvgD/AvgA,AvgCH/AvgCD/AvgCA,0.392269343443728,0.3019360246065288,0.3057946319497432,0.04478229671435563
1920,E0,2020-03-07,Arsenal,West Ham,H,1.56,4.37,5.78,1.64,4.25,5.13,AvgH/AvgD/AvgA,AvgCH/AvgCD/AvgCA,0.6146751483235424,0.21942636873792362,0.16589848293853396,0.042868973593558346
1920,E0,2020-03-07,Burnley,Tottenham,D,2.72,3.3,2.69,2.73,3.32,2.68,AvgH/AvgD/AvgA,AvgCH/AvgCD/AvgCA,0.3526845664248424,0.29069758202290047,0.35661785155225706,0.04242457374974329
1920,E0,2020-03-07,Crystal Palace,Watford,H,2.57,3.19,2.95,2.7,3.08,2.89,AvgH/AvgD/AvgA,AvgCH/AvgCD/AvgCA,0.3735763369233395,0.3009690237909037,0.3254546392857568,0.04156773303766781
1920,E0,2020-03-07,Liverpool,Bournemouth,H,1.25,6.24,11.93,1.22,7.07,12.64,AvgH/AvgD/AvgA,AvgCH/AvgCD/AvgCA,0.7662257592709435,0.15349073703344218,0.08028350369561436,0.04407870698734073
1920,E0,2020-03-07,Sheffield United,Norwich,H,1.66,3.78,5.71,1.68,3.88,5.37,AvgH/AvgD/AvgA,AvgCH/AvgCD/AvgCA,0.5780776276742766,0.25386477829081994,0.16805759403490353,0.04209125161586491
1920,E0,2020-03-07,Southampton,Newcastle,A,1.67,3.95,5.27,1.74,3.82,4.92,AvgH/AvgD/AvgA,AvgCH/AvgCD/AvgCA,0.5748207180115923,0.24302546812135667,0.18215381386705104,0.04172027285471813
1920,E0,2020-03-07,Wolves,Brighton,D,1.65,3.95,5.48,1.72,3.73,5.23,AvgH/AvgD/AvgA,AvgCH/AvgCD/AvgCA,0.5817957022483234,0.24302858448347686,0.17517571326819958,0.04170691484744893
1920,E0,2020-03-08,Chelsea,Everton,H,1.87,3.74,4.2,1.87,3.8,4.13,AvgH/AvgD/AvgA,AvgCH/AvgCD/AvgCA,0.5140758873929008,0.2570379436964504,0.22888616891064872,0.04023427552839309
1920,E0,2020-03-08,Man United,Man City,H,5.04,4.28,1.64,4.51,3.92,1.78,AvgH/AvgD/AvgA,AvgCH/AvgCD/AvgCA,0.19044931625786846,0.22426741914477968,0.5852832645973518,0.04181365578675811
1920,E0,2020-03-09,Leicester,Aston Villa,H,1.38,5.12,8.05,1.52,4.47,6.21,AvgH/AvgD/AvgA,AvgCH/AvgCD/AvgCA,0.6939818759197584,0.18704980249399736,0.11896832158624426,0.04417378364389246
1920,E0,2020-06-17,Aston Villa,Sheffield United,D,3.3,3.33,2.27,3.28,3.29,2.32,AvgH/AvgD/AvgA,AvgCH/AvgCD/AvgCA,0.29029805177598306,0.2876827540122355,0.4220191942117815,0.04385923769183675
1920,E0,2020-06-17,Man City,Arsenal,H,1.35,5.5,8.11,1.28,6.3,9.64,AvgH/AvgD/AvgA,AvgCH/AvgCD/AvgCA,0.7082575799677666,0.17384504235572457,0.11789737767650865,0.04586348482772662
1920,E0,2020-06-19,Norwich,Southampton,A,2.84,3.4,2.53,2.9,3.41,2.46,AvgH/AvgD/AvgA,AvgCH/AvgCD/AvgCA,0.3380864042258835,0.2824015847063262,0.3795120110677902,0.04148724011120919
1920,E0,2020-06-19,Tottenham,Man United,D,3.03,3.4,2.43,3.27,3.45,2.25,AvgH/AvgD/AvgA,AvgCH/AvgCD/AvgCA,0.31866517015146434,0.28398690163498147,0.39734792821355425,0.035673284104009495
1920,E0,2020-06-20,Bournemouth,Crystal Palace,A,2.51,3.24,2.98,2.71,3.09,2.87,AvgH/AvgD/AvgA,AvgCH/AvgCD/AvgCA,0.3821208355430317,0.29602570901636094,0.32185345544060723,0.042618819609291814
1920,E0,2020-06-20,Brighton,Arsenal,H,3.04,3.37,2.39,3.23,3.37,2.29,AvgH/AvgD/AvgA,AvgCH/AvgCD/AvgCA,0.3150555257836001,0.2842043912113187,0.4007400830050812,0.04409331530656724
1920,E0,2020-06-20,Watford,Leicester,D,3.59,3.52,2.09,3.78,3.43,2.06,AvgH/AvgD/AvgA,AvgCH/AvgCD/AvgCA,0.2675521062527503,0.2728727447293675,0.45957514901788216,0.04111134064586652
1920,E0,2020-06-20,West Ham,Wolves,A,3.57,3.36,2.15,4.09,3.38,2.0,AvgH/AvgD/AvgA,AvgCH/AvgCD/AvgCA,0.26860310767549,0.2853908019052081,0.446006090419302,0.042847371506742116
1920,E0,2020-06-21,Aston Villa,Chelsea,A,6.0,4.5,1.53,7.0,4.59,1.47,AvgH/AvgD/AvgA,AvgCH/AvgCD/AvgCA,0.15987460815047022,0.213166144200627,0.6269592476489029,0.0424836601307188
1920,E0,2020-06-21,Everton,Liverpool,D,5.66,4.23,1.59,5.75,3.97,1.62,AvgH/AvgD/AvgA,AvgCH/AvgCD/AvgCA,0.16955446480566924,0.22687429569742026,0.6035712394969106,0.042015882225087564
1920,E0,2020-06-21,Newcastle,Sheffield United,H,3.31,3.1,2.38,3.32,3.03,2.43,AvgH/AvgD/AvgA,AvgCH/AvgCD/AvgCA,0.28914283922748935,0.3087299347880612,0.4021272259844495,0.044863516013558646
1920,E0,2020-06-22,Man City,Burnley,H,1.13,8.97,19.85,1.14,8.85,21.48,AvgH/AvgD/AvgA,AvgCH/AvgCD/AvgCA,0.8453782645708335,0.10649692742085193,0.04812480800831445,0.04681630614391041
1920,E0,2020-06-23,Leicester,Brighton,D,1.64,3.97,5.64,1.62,3.94,5.86,AvgH/AvgD/AvgA,AvgCH/AvgCD/AvgCA,0.5868963492629328,0.24244584705068256,0.17065780368638472,0.03895023086572569
1920,E0,2020-06-23,Tottenham,West Ham,H,1.67,4.01,5.21,1.56,4.16,6.29,AvgH/AvgD/AvgA,AvgCH/AvgCD/AvgCA,0.5757064715689111,0.23975805673817496,0.18453547169291393,0.04011753346758273
1920,E0,2020-06-24,Liverpool,Crystal Palace,H,1.24,6.13,13.09,1.28,5.78,11.79,AvgH/AvgD/AvgA,AvgCH/AvgCD/AvgCA,0.7710025030146673,0.15596135460655586,0.07303614237877673,0.045977943975473945
1920,E0,2020-06-24,Man United,Sheffield United,H,1.43,4.39,8.62,1.37,4.85,9.61,AvgH/AvgD/AvgA,AvgCH/AvgCD/AvgCA,0.6704059270702494,0.21837824048074184,0.11121583244900889,0.043100412844981006
1920,E0,2020-06-24,Newcastle,Aston Villa,D,2.33,3.33,3.17,2.36,3.36,3.12,AvgH/AvgD/AvgA,AvgCH/AvgCD/AvgCA,0.41072561096606763,0.2873845866519332,0.3018898023819992,0.044942262905734776
1920,E0,2020-06-24,Norwich,Everton,A,3.94,3.66,1.94,4.42,3.57,1.87,AvgH/AvgD/AvgA,AvgCH/AvgCD/AvgCA,0.2434612061280191,0.2620866535913648,0.4944521402806162,0.04249506784060486
1920,E0,2020-06-24,Wolves,Bournemouth,H,1.58,4.03,6.11,1.57,3.87,6.76,AvgH/AvgD/AvgA,AvgCH/AvgCD/AvgCA,0.6058212058212058,0.23751799136414523,0.15666080281464898,0.044716471334369956
1920,E0,2020-06-25,Burnley,Watford,H,3.02,3.22,2.48,3.59,3.2,2.22,AvgH/AvgD/AvgA,AvgCH/AvgCD/AvgCA,0.3168939189510944,0.2972110668423308,0.3858950142065747,0.04491064047736271
1920,E0,2020-06-25,Chelsea,Man City,H,4.14,4.07,1.8,4.2,3.93,1.82,AvgH/AvgD/AvgA,AvgCH/AvgCD/AvgCA,0.23163166581298733,0.23561550281714186,0.5327528313698708,0.04280169497560804
1920,E0,2020-06-25,Southampton,Arsenal,A,2.64,3.47,2.65,2.66,3.52,2.63,AvgH/AvgD/AvgA,AvgCH/AvgCD/AvgCA,0.36270870887453993,0.27595129435988053,0.36133999676557943,0.04433080739426254
1920,E0,2020-06-27,Aston Villa,Wolves,A,4.79,3.68,1.78,4.49,3.42,1.9,AvgH/AvgD/AvgA,AvgCH/AvgCD/AvgCA,0.20029476696897608,0.2607097646145096,0.5389954684165144,0.04230515046715344
1920,E0,2020-06-28,Watford,Southampton,A,2.49,3.32,2.92,2.38,3.23,3.2,AvgH/AvgD/AvgA,AvgCH/AvgCD/AvgCA,0.38421052631578945,0.28815789473684217,0.32763157894736844,0.04527699840457711
1920,E0,2020-06-29,Crystal Palace,Burnley,A,2.29,3.16,3.41,2.02,3.17,4.31,AvgH/AvgD/AvgA,AvgCH/AvgCD/AvgCA,0.41732085248771345,0.3024255544926784,0.2802535930196081,0.04639205087476461
1920,E0,2020-06-30,Brighton,Man United,A,6.31,3.85,1.61,6.82,4.12,1.53,AvgH/AvgD/AvgA,AvgCH/AvgCD/AvgCA,0.1524804986826925,0.249909596542283,0.5976099047750246,0.039336877550892435
1920,E0,2020-07-01,Arsenal,Norwich,H,1.44,4.69,7.23,1.45,4.83,6.97,AvgH/AvgD/AvgA,AvgCH/AvgCD/AvgCA,0.6639196452171869,0.20384739639930688,0.1322329583835061,0.04597664709450178
1920,E0,2020-07-01,Bournemouth,Newcastle,A,2.4,3.16,3.21,2.19,3.17,3.72,AvgH/AvgD/AvgA,AvgCH/AvgCD/AvgCA,0.3988581135280517,0.3029302128061152,0.298211673665833,0.04464884261997715
1920,E0,2020-07-01,Everton,Leicester,H,2.54,3.28,2.9,2.58,3.21,2.9,AvgH/AvgD/AvgA,AvgCH/AvgCD/AvgCA,0.3773225647779382,0.29219491296828143,0.3304825222537804,0.0434064223889592
1920,E0,2020-07-01,West Ham,Chelsea,H,5.48,4.27,1.59,7.02,4.65,1.46,AvgH/AvgD/AvgA,AvgCH/AvgCD/AvgCA,0.17452271214150392,0.22397762588652026,0.6014996619719758,0.045604606905606415
1920,E0,2020-07-02,Man City,Liverpool,H,2.07,3.85,3.32,2.02,3.74,3.57,AvgH/AvgD/AvgA,AvgCH/AvgCD/AvgCA,0.4627152574401153,0.24878456698728274,0.288500175572602,0.04403686645698168
1920,E0,2020-07-02,Sheffield United,Tottenham,H,4.1,3.41,1.98,4.72,3.67,1.79,AvgH/AvgD/AvgA,AvgCH/AvgCD/AvgCA,0.23402470642061918,0.2813786792740582,0.4845966143053225,0.04220807603970478
1920,E0,2020-07-04,Chelsea,Watford,H,1.43,4.61,7.96,1.37,5.06,8.84,AvgH/AvgD/AvgA,AvgCH/AvgCD/AvgCA,0.6712114533013114,0.20820658963576466,0.120581957062924,0.04184857970052924
1920,E0,2020-07-04,Leicester,Crystal Palace,H,1.68,3.63,5.84,1.65,3.73,5.91,AvgH/AvgD/AvgA,AvgCH/AvgCD/AvgCA,0.571271504333204,0.26439011770792914,0.16433837795886688,0.04195306561433587
1920,E0,2020-07-04,Man United,Bournemouth,H,1.17,7.46,17.41,1.19,7.3,15.59,AvgH/AvgD/AvgA,AvgCH/AvgCD/AvgCA,0.8169672876179812,0.12813025824571556,0.05490245413630316,0.04618736595059114
1920,E0,2020-07-04,Norwich,Brighton,A,3.39,3.32,2.23,3.56,3.27,2.2,AvgH/AvgD/AvgA,AvgCH/AvgCD/AvgCA,0.2823850698563206,0.2883389719316045,0.4292759582120748,0.04462056328811426
1920,E0,2020-07-04,Wolves,Arsenal,A,2.27,3.3,3.32,2.37,3.18,3.26,AvgH/AvgD/AvgA,AvgCH/AvgCD/AvgCA,0.42165382513450894,0.2900467221379804,0.2882994527275107,0.04476375666864496
1920,E0,2020-07-05,Burnley,Sheffield United,D,2.91,2.97,2.75,3.16,2.92,2.6,AvgH/AvgD/AvgA,AvgCH/AvgCD/AvgCA,0.3291661125149621,0.32251629206011434,0.3483175954249235,0.043979312020549166
1920,E0,2020-07-05,Liverpool,Aston Villa,H,1.35,5.45,8.4,1.2,7.49,13.94,AvgH/AvgD/AvgA,AvgCH/AvgCD/AvgCA,0.7100151215540305,0.17587530533907175,0.11410957310689775,0.04327459832046987
1920,E0,2020-07-05,Newcastle,West Ham,D,2.66,3.28,2.74,2.73,3.36,2.65,AvgH/AvgD/AvgA,AvgCH/AvgCD/AvgCA,0.3594822482840275,0.291531335498632,0.34898641621734056,0.04578140205418291
1920,E0,2020-07-05,Southampton,Man City,H,9.03,5.56,1.33,9.11,5.69,1.32,AvgH/AvgD/AvgA,AvgCH/AvgCD/AvgCA,0.10622957413645734,0.17252752777917443,0.7212428980843681,0.04247778556312154
1920,E0,2020-07-06,Tottenham,Everton,H,2.13,3.51,3.45,1.99,3.56,3.88,AvgH/AvgD/AvgA,AvgCH/AvgCD/AvgCA,0.4495940120961005,0.2728305543489157,0.2775754335549838,0.04423892543917041
1920,E0,2020-07-07,Arsenal,Leicester,D,2.38,3.43,3.03,2.21,3.44,3.34,AvgH/AvgD/AvgA,AvgCH/AvgCD/AvgCA,0.40333052620140725,0.27986199777240495,0.31680747602618786,0.041746260031593874
1920,E0,2020-07-07,Crystal Palace,Chelsea,A,8.43,4.5,1.43,7.62,4.36,1.47,AvgH/AvgD/AvgA,AvgCH/AvgCD/AvgCA,0.11404539485227268,0.21364503968992413,0.6723095654578033,0.04014688356325369
1920,E0,2020-07-07,Watford,Norwich,H,1.75,3.71,5.02,1.75,3.71,4.94,AvgH/AvgD/AvgA,AvgCH/AvgCD/AvgCA,0.5493588817079968,0.2591315479754702,0.19150957031653282,0.04017353765530873
1920,E0,2020-07-08,Brighton,Liverpool,A,5.99,4.26,1.56,6.1,4.04,1.58,AvgH/AvgD/AvgA,AvgCH/AvgCD/AvgCA,0.16010639066768817,0.2251261220890733,0.6147674872432385,0.04271233324350021
1920,E0,2020-07-08,Man City,Newcastle,H,1.13,9.15,22.2,1.1,11.17,23.23,AvgH/AvgD/AvgA,AvgCH/AvgCD/AvgCA,0.8514999654168526,0.10515791922634354,0.04334211535680376,0.03929041474377337
1920,E0,2020-07-08,Sheffield United,Wolves,H,3.96,3.08,2.14,4.13,3.07,2.11,AvgH/AvgD/AvgA,AvgCH/AvgCD/AvgCA,0.2417688831504196,0.3108457069076823,0.44738540994189796,0.044490296826745546
1920,E0,2020-07-08,West Ham,Burnley,A,2.02,3.42,3.89,1.85,3.61,4.44,AvgH/AvgD/AvgA,AvgCH/AvgCD/AvgCA,0.47395083719273245,0.27993587459921626,0.24611328820805128,0.04451657450956836
1920,E0,2020-07-09,Aston Villa,Man United,A,9.26,5.15,1.35,9.05,5.62,1.33,AvgH/AvgD/AvgA,AvgCH/AvgCD/AvgCA,0.10354842312991025,0.18618609673455708,0.7102654801355326,0.04290685871343891
1920,E0,2020-07-09,Bournemouth,Tottenham,D,5.03,4.0,1.68,4.76,3.87,1.75,AvgH/AvgD/AvgA,AvgCH/AvgCD/AvgCA,0.19042005757939837,0.23945322240609346,0.5701267200145081,0.04404525229574929
1920,E0,2020-07-09,Everton,Southampton,D,2.07,3.51,3.62,2.09,3.42,3.68,AvgH/AvgD/AvgA,AvgCH/AvgCD/AvgCA,0.46262738801323855,0.27283153652062786,0.26454107546613365,0.04423516626255042
1920,E0,2020-07-11,Brighton,Man City,A,9.95,5.62,1.31,12.13,6.65,1.24,AvgH/AvgD/AvgA,AvgCH/AvgCD/AvgCA,0.09647031999968551,0.17079709679659624,0.7327325832037181,0.04179723424926651
1920,E0,2020-07-11,Liverpool,Burnley,D,1.25,6.27,11.44,1.22,6.7,13.12,AvgH/AvgD/AvgA,AvgCH/AvgCD/AvgCA,0.7641592349970118,0.15234434509509803,0.08349641990789028,0.04690222058643112
1920,E0,2020-07-11,Norwich,West Ham,A,3.76,3.65,1.99,3.65,3.53,2.07,AvgH/AvgD/AvgA,AvgCH/AvgCD/AvgCA,0.25512910126133215,0.2628179234911257,0.48205297524754215,0.04244261236230695
1920,E0,2020-07-11,Sheffield United,Chelsea,H,6.07,3.93,1.6,4.94,3.8,1.74,AvgH/AvgD/AvgA,AvgCH/AvgCD/AvgCA,0.1577715273578538,0.2436827407282882,0.5985457319138578,0.044197572007663055
1920,E0,2020-07-11,Watford,Newcastle,H,1.82,3.58,4.65,1.91,3.51,4.28,AvgH/AvgD/AvgA,AvgCH/AvgCD/AvgCA,0.5263773651725184,0.2675996660932915,0.20602296873419002,0.043833921829957045
1920,E0,2020-07-12,Aston Villa,Crystal Palace,H,2.29,3.35,3.24,2.36,3.35,3.13,AvgH/AvgD/AvgA,AvgCH/AvgCD/AvgCA,0.4183448897865108,0.2859730739137641,0.29568203629972517,0.04383066070263264
1920,E0,2020-07-12,Bournemouth,Leicester,H,5.14,3.82,1.7,4.87,3.8,1.75,AvgH/AvgD/AvgA,AvgCH/AvgCD/AvgCA,0.18625167781385157,0.25061089632544425,0.5631374258607041,0.04456792801256837
1920,E0,2020-07-12,Tottenham,Arsenal,H,2.6,3.48,2.68,2.75,3.38,2.62,AvgH/AvgD/AvgA,AvgCH/AvgCD/AvgCA,0.3680156575541385,0.27495422690826443,0.35703011553759706,0.045106034812673945
1920,E0,2020-07-12,Wolves,Everton,H,2.06,3.25,4.01,2.08,3.17,4.07,AvgH/AvgD/AvgA,AvgCH/AvgCD/AvgCA,0.46564432741057804,0.2951468659894741,0.23920880659994784,0.042505759499682494
1920,E0,2020-07-13,Man United,Southampton,D,1.29,5.73,10.41,1.28,6.1,10.57,AvgH/AvgD/AvgA,AvgCH/AvgCD/AvgCA,0.7412622607956515,0.1668810325351467,0.09185670666920177,0.045775347604422256
1920,E0,2020-07-14,Chelsea,Norwich,H,1.13,9.5,20.76,1.12,9.54,20.99,AvgH/AvgD/AvgA,AvgCH/AvgCD/AvgCA,0.8522395812177147,0.10137165545010711,0.046388763332178104,0.03838846694720344
1920,E0,2020-07-15,Arsenal,Liverpool,H,3.89,3.89,1.89,4.53,4.2,1.72,AvgH/AvgD/AvgA,AvgCH/AvgCD/AvgCA,0.24641460234680573,0.24641460234680573,0.5071707953063886,0.04323934658124884
1920,E0,2020-07-15,Burnley,Wolves,D,4.65,3.3,1.9,4.63,3.26,1.93,AvgH/AvgD/AvgA,AvgCH/AvgCD/AvgCA,0.2059113300492611,0.2901477832512316,0.5039408866995074,0.0443998559448473
1920,E0,2020-07-15,Man City,Bournemouth,H,1.15,8.68,16.72,1.15,9.04,16.98,AvgH/AvgD/AvgA,AvgCH/AvgCD/AvgCA,0.8324534414441699,0.11029049051391651,0.057256068041913605,0.0445812031033852
1920,E0,2020-07-15,Newcastle,Tottenham,A,4.56,3.77,1.79,5.25,4.06,1.65,AvgH/AvgD/AvgA,AvgCH/AvgCD/AvgCA,0.21021497169949444,0.2542653238593355,0.5355197044411701,0.04320945288105049
1920,E0,2020-07-16,Crystal Palace,Man United,A,9.84,5.0,1.35,8.68,5.27,1.35,AvgH/AvgD/AvgA,AvgCH/AvgCD/AvgCA,0.09749545021232343,0.19187104601785254,0.7106335037698241,0.0423667570009032
1920,E0,2020-07-16,Everton,Aston Villa,D,2.02,3.57,3.74,2.12,3.51,3.49,AvgH/AvgD/AvgA,AvgCH/AvgCD/AvgCA,0.4748488512696493,0.26868198307134217,0.2564691656590084,0.042541228912807316
1920,E0,2020-07-16,Leicester,Sheffield United,H,2.02,3.34,4.01,2.14,3.24,3.75,AvgH/AvgD/AvgA,AvgCH/AvgCD/AvgCA,0.4742638206257702,0.2868302148694778,0.23890596450475207,0.043827261158776665
1920,E0,2020-07-16,Southampton,Brighton,D,2.18,3.31,3.53,2.28,3.37,3.25,AvgH/AvgD/AvgA,AvgCH/AvgCD/AvgCA,0.4393337218702412,0.28934970201725857,0.27131657611250026,0.0441165189358228
1920,E0,2020-07-17,West Ham,Watford,H,2.42,3.04,3.31,2.48,2.91,3.34,AvgH/AvgD/AvgA,AvgCH/AvgCD/AvgCA,0.39569946597245714,0.3149976012017586,0.28930293282578434,0.04428531254229795
1920,E0,2020-07-18,Norwich,Burnley,A,3.32,3.33,2.25,3.2,3.39,2.3,AvgH/AvgD/AvgA,AvgCH/AvgCD/AvgCA,0.287972603687433,0.287107821093777,0.4249195752187899,0.04594956402185324
1920,E0,2020-07-19,Bournemouth,Southampton,A,2.39,3.65,2.84,2.43,3.73,2.74,AvgH/AvgD/AvgA,AvgCH/AvgCD/AvgCA,0.400585846172871,0.262301417083058,0.33711273674407105,0.04449532063706818
1920,E0,2020-07-19,Tottenham,Leicester,H,2.32,3.42,3.11,2.33,3.36,3.14,AvgH/AvgD/AvgA,AvgCH/AvgCD/AvgCA,0.41248283939222363,0.2798129202894616,0.3077042403183147,0.04497555193746283
1920,E0,2020-07-20,Brighton,Newcastle,D,1.93,3.42,4.23,1.99,3.49,3.92,AvgH/AvgD/AvgA,AvgCH/AvgCD/AvgCA,0.4949043997660027,0.2792881554235044,0.2258074448104929,0.04693899522996303
1920,E0,2020-07-20,Sheffield United,Everton,A,2.17,3.29,3.52,1.98,3.35,4.15,AvgH/AvgD/AvgA,AvgCH/AvgCD/AvgCA,0.439357323064666,0.28978887265967335,0.27085380427566064,0.048871769959621725
1920,E0,2020-07-20,Wolves,Crystal Palace,H,1.5,4.03,7.72,1.44,4.24,8.68,AvgH/AvgD/AvgA,AvgCH/AvgCD/AvgCA,0.6383621344123307,0.23760377211377073,0.12403409347389849,0.04433930323952051
1920,E0,2020-07-21,Aston Villa,Arsenal,H,3.24,3.78,2.11,3.13,3.7,2.2,AvgH/AvgD/AvgA,AvgCH/AvgCD/AvgCA,0.2947515465974855,0.25264418279784473,0.4526042706046697,0.047125889148006195
1920,E0,2020-07-21,Watford,Man City,A,8.62,5.6,1.33,9.13,6.01,1.3,AvgH/AvgD/AvgA,AvgCH/AvgCD/AvgCA,0.1108587384608973,0.1706432724165955,0.7184979891225073,0.04646040856200817
1920,E0,2020-07-22,Liverpool,Chelsea,H,2.04,3.7,3.51,1.91,3.73,3.97,AvgH/AvgD/AvgA,AvgCH/AvgCD/AvgCA,0.4689226369722048,0.2585411295738642,0.272536233453931,0.04536663360192761
1920,E0,2020-07-22,Man United,West Ham,D,1.24,6.38,11.56,1.26,6.4,10.94,AvgH/AvgD/AvgA,AvgCH/AvgCD/AvgCA,0.7682711378522975,0.14931915531925533,0.08240970682844713,0.04969661512687029
1920,E0,2020-07-26,Arsenal,Watford,H,1.93,3.89,3.72,2.01,3.76,3.56,AvgH/AvgD/AvgA,AvgCH/AvgCD/AvgCA,0.4962874810087077,0.24623003556473153,0.25748248342656066,0.04402132806734205
1920,E0,2020-07-26,Burnley,Brighton,A,2.32,3.44,3.09,2.62,3.33,2.75,AvgH/AvgD/AvgA,AvgCH/AvgCD/AvgCA,0.4123324230387289,0.27808465739821253,0.3095829195630586,0.04535675264648109
1920,E0,2020-07-26,Chelsea,Wolves,H,1.84,3.76,4.23,1.91,3.35,4.49,AvgH/AvgD/AvgA,AvgCH/AvgCD/AvgCA,0.5196560196560197,0.2542997542997543,0.22604422604422605,0.04584232706341851
1920,E0,2020-07-26,Crystal Palace,Tottenham,D,6.12,4.23,1.55,6.87,4.46,1.49,AvgH/AvgD/AvgA,AvgCH/AvgCD/AvgCA,0.15636738285861468,0.2262336603060808,0.6173989568353044,0.04496660251838103
1920,E0,2020-07-26,Everton,Bournemouth,A,2.24,3.78,2.98,2.35,3.62,2.91,AvgH/AvgD/AvgA,AvgCH/AvgCD/AvgCA,0.42657194359028733,0.25278337397942957,0.3206446824302831,0.04654930577749372
1920,E0,2020-07-26,Leicester,Man United,A,3.17,3.49,2.24,3.71,3.57,2.02,AvgH/AvgD/AvgA,AvgCH/AvgCD/AvgCA,0.30088870243286625,0.2733000534991937,0.42581124406794013,0.04841893596718094
1920,E0,2020-07-26,Man City,Norwich,H,1.07,12.8,30.42,1.04,19.42,40.86,AvgH/AvgD/AvgA,AvgCH/AvgCD/AvgCA,0.8938403852519641,0.07471946970465637,0.03144014504337941,0.04557754904852329
1920,E0,2020-07-26,Newcastle,Liverpool,A,7.6,4.99,1.4,5.57,4.48,1.56,AvgH/AvgD/AvgA,AvgCH/AvgCD/AvgCA,0.12576057605760574,0.1915391539153915,0.6827002700270026,0.04626546325734182
1920,E0,2020-07-26,Southampton,Sheffield United,H,2.18,3.47,3.34,1.99,3.61,3.81,AvgH/AvgD/AvgA,AvgCH/AvgCD/AvgCA,0.43841637791463023,0.2754316149434853,0.28615200714188443,0.04630123197541147
1920,E0,2020-07-26,West Ham,Aston Villa,D,3.05,3.57,2.28,2.62,3.5,2.65,AvgH/AvgD/AvgA,AvgCH/AvgCD/AvgCA,0.3132772177768541,0.2676458023023543,0.4190769799207916,0.046577388505013806
2021,E0,2020-09-12,Crystal Palace,Southampton,H,3.18,3.22,2.39,3.08,3.22,2.47,AvgH/AvgD/AvgA,AvgCH/AvgCD/AvgCA,0.3013753348266734,0.29763154184746005,0.4009931233258667,0.043434456857215586
2021,E0,2020-09-12,Fulham,Arsenal,A,5.94,4.34,1.55,5.36,3.93,1.67,AvgH/AvgD/AvgA,AvgCH/AvgCD/AvgCA,0.16126634958382877,0.22071938168846614,0.6180142687277052,0.04392620521652768
2021,E0,2020-09-12,Liverpool,Leeds,H,1.3,5.96,9.68,1.28,6.16,10.63,AvgH/AvgD/AvgA,AvgCH/AvgCD/AvgCA,0.7394161856230326,0.16128205391106418,0.09930176046590315,0.040321789254065044
2021,E0,2020-09-12,West Ham,Newcastle,A,2.15,3.48,3.42,2.01,3.57,3.79,AvgH/AvgD/AvgA,AvgCH/AvgCD/AvgCA,0.44514261349610645,0.2750162698323646,0.2798411166715289,0.04487026172756137
2021,E0,2020-09-13,Tottenham,Everton,A,1.9,3.55,4.2,2.07,3.39,3.79,AvgH/AvgD/AvgA,AvgCH/AvgCD/AvgCA,0.5031213092626962,0.26927619368989375,0.22760249704741015,0.0461011684139927
2021,E0,2020-09-13,West Brom,Leicester,A,3.87,3.57,1.97,3.32,3.33,2.28,AvgH/AvgD/AvgA,AvgCH/AvgCD/AvgCA,0.247005025866883,0.2677617507296463,0.4852332234034707,0.04612419083243413
2021,E0,2020-09-14,Brighton,Chelsea,A,5.12,4.13,1.65,5.91,4.35,1.56,AvgH/AvgD/AvgA,AvgCH/AvgCD/AvgCA,0.18716988801942425,0.23203627764151386,0.580793834339062,0.04350385666593293
2021,E0,2020-09-14,Sheffield United,Wolves,A,3.36,3.0,2.41,3.23,2.86,2.62,AvgH/AvgD/AvgA,AvgCH/AvgCD/AvgCA,0.2845605251971851,0.31870778822084733,0.3967316865819676,0.045890140288480374
2021,E0,2020-09-19,Arsenal,West Ham,H,1.53,4.51,5.91,1.51,4.46,6.48,AvgH/AvgD/AvgA,AvgCH/AvgCD/AvgCA,0.625731570755481,0.21227700737381067,0.1619914218707083,0.04452899899665952
2021,E0,2020-09-19,Everton,West Brom,H,1.54,4.25,6.3,1.59,4.03,6.15,AvgH/AvgD/AvgA,AvgCH/AvgCD/AvgCA,0.6223560039049789,0.22551252847380412,0.15213146762121704,0.04337492572786683
2021,E0,2020-09-19,Leeds,Fulham,H,1.64,3.97,5.5,1.73,3.81,5.05,AvgH/AvgD/AvgA,AvgCH/AvgCD/AvgCA,0.5843578887645922,0.241397213494693,0.17424489774071478,0.04346344814490055
2021,E0,2020-09-19,Man United,Crystal Palace,A,1.32,5.57,9.56,1.37,5.07,8.7,AvgH/AvgD/AvgA,AvgCH/AvgCD/AvgCA,0.7272414395909359,0.17234447042370474,0.10041408998535935,0.04171148168053285
2021,E0,2020-09-20,Chelsea,Liverpool,A,3.15,3.72,2.18,3.39,3.82,2.07,AvgH/AvgD/AvgA,AvgCH/AvgCD/AvgCA,0.30379177811242725,0.25724303791778114,0.4389651839697917,0.04499311809166784
2021,E0,2020-09-20,Leicester,Burnley,H,1.63,3.98,5.64,1.56,4.19,6.26,AvgH/AvgD/AvgA,AvgCH/AvgCD/AvgCA,0.5887357780936745,0.24111540660620334,0.17014881530012224,0.0420581784613796
2021,E0,2020-09-20,Newcastle,Brighton,A,2.68,3.15,2.82,2.64,3.17,2.88,AvgH/AvgD/AvgA,AvgCH/AvgCD/AvgCA,0.356996455354344,0.30373031757131486,0.3392732270743411,0.04520457489654062
2021,E0,2020-09-20,Southampton,Tottenham,A,3.1,3.35,2.37,3.34,3.37,2.25,AvgH/AvgD/AvgA,AvgCH/AvgCD/AvgCA,0.3092729291237365,0.28619285978614417,0.4045342110901194,0.043029036117899544
2021,E0,2020-09-21,Aston Villa,Sheffield United,H,2.71,3.19,2.75,2.46,3.16,3.16,AvgH/AvgD/AvgA,AvgCH/AvgCD/AvgCA,0.35273563625105053,0.2996594276615508,0.3476049360873989,0.04611967749771528
2021,E0,2020-09-21,Wolves,Man City,A,6.11,4.35,1.54,6.81,4.5,1.49,AvgH/AvgD/AvgA,AvgCH/AvgCD/AvgCA,0.15693339174313428,0.22042828127598865,0.622638326980877,0.04290182793484343
2021,E0,2020-09-26,Brighton,Man United,A,4.83,3.75,1.75,5.37,4.15,1.62,AvgH/AvgD/AvgA,AvgCH/AvgCD/AvgCA,0.1980982567353407,0.2551505546751189,0.5467511885895404,0.04513457556935818
2021,E0,2020-09-26,Burnley,Southampton,A,3.3,3.25,2.31,3.26,3.39,2.27,AvgH/AvgD/AvgA,AvgCH/AvgCD/AvgCA,0.29036375239310785,0.2948308870453095,0.4148053605615826,0.04362304362304359
2021,E0,2020-09-26,Crystal Palace,Everton,A,3.69,3.32,2.12,3.49,3.31,2.2,AvgH/AvgD/AvgA,AvgCH/AvgCD/AvgCA,0.25960460312776634,0.28853644142814994,0.4518589554440838,0.04390564251175588
2021,E0,2020-09-26,West Brom,Chelsea,D,8.24,5.02,1.38,6.71,4.76,1.46,AvgH/AvgD/AvgA,AvgCH/AvgCD/AvgCA,0.11611099564893837,0.19058856656319767,0.693300437787864,0.04520009171138728
2021,E0,2020-09-27,Man City,Leicester,A,1.29,5.93,9.68,1.31,5.83,9.22,AvgH/AvgD/AvgA,AvgCH/AvgCD/AvgCA,0.7403007249227166,0.16104349665266518,0.09865577842461823,0.04713364765452366
2021,E0,2020-09-27,Sheffield United,Leeds,A,2.72,3.37,2.63,2.95,3.34,2.47,AvgH/AvgD/AvgA,AvgCH/AvgCD/AvgCA,0.35194634496944377,0.2840635187883938,0.3639901362421624,0.04461110075016905
2021,E0,2020-09-27,Tottenham,Newcastle,D,1.47,4.5,6.95,1.41,4.82,7.75,AvgH/AvgD/AvgA,AvgCH/AvgCD/AvgCA,0.65012004614761,0.21237254840821926,0.13750740544417075,0.04637922315209053
2021,E0,2020-09-27,West Ham,Wolves,H,3.74,3.38,2.07,3.36,3.26,2.28,AvgH/AvgD/AvgA,AvgCH/AvgCD/AvgCA,0.255540621484609,0.2827579657847449,0.4617014127306463,0.04632945474967887
2021,E0,2020-09-28,Fulham,Aston Villa,A,2.92,3.26,2.52,3.01,3.38,2.41,AvgH/AvgD/AvgA,AvgCH/AvgCD/AvgCA,0.3273927182299305,0.293247465408404,0.3793598163616655,0.046039616507723036
2021,E0,2020-09-28,Liverpool,Arsenal,H,1.49,4.68,6.3,1.49,5.03,5.83,AvgH/AvgD/AvgA,AvgCH/AvgCD/AvgCA,0.6431347913149319,0.20475872629471126,0.1521064823903569,0.04354631200268777
2021,E0,2020-10-03,Chelsea,Crystal Palace,H,1.43,4.77,7.39,1.53,4.28,6.41,AvgH/AvgD/AvgA,AvgCH/AvgCD/AvgCA,0.6696600055852019,0.20075761173728274,0.12958238267751537,0.04426230246436047
2021,E0,2020-10-03,Everton,Brighton,H,1.76,3.73,4.79,1.79,3.76,4.61,AvgH/AvgD/AvgA,AvgCH/AvgCD/AvgCA,0.5436904135183906,0.25654024873790016,0.19976933774370928,0.04504660015050854
2021,E0,2020-10-03,Leeds,Man City,D,7.45,5.34,1.38,8.59,6.64,1.29,AvgH/AvgD/AvgA,AvgCH/AvgCD/AvgCA,0.12830906165771713,0.17900796055243307,0.6926829777898498,0.04613178668187978
2021,E0,2020-10-03,Newcastle,Burnley,H,2.47,3.15,3.08,2.4,3.27,3.12,AvgH/AvgD/AvgA,AvgCH/AvgCD/AvgCA,0.3866863822782691,0.3032112267388332,0.3101023909828976,0.04699394173078386
2021,E0,2020-10-04,Arsenal,Sheffield United,H,1.56,4.09,6.25,1.5,4.36,6.94,AvgH/AvgD/AvgA,AvgCH/AvgCD/AvgCA,0.6131139834360287,0.23385276629833862,0.15303325026563278,0.045524418531753374
2021,E0,2020-10-04,Aston Villa,Liverpool,H,9.35,5.41,1.33,6.65,4.89,1.45,AvgH/AvgD/AvgA,AvgCH/AvgCD/AvgCA,0.10247627620014728,0.17710779712964456,0.7204159266702083,0.043674454454857514
2021,E0,2020-10-04,Leicester,West Ham,A,1.68,4.12,4.86,1.82,3.89,4.21,AvgH/AvgD/AvgA,AvgCH/AvgCD/AvgCA,0.5703055574543715,0.23255178070954954,0.197142661836079,0.04371785871246492
2021,E0,2020-10-04,Man United,Tottenham,A,1.92,3.71,3.97,2.08,3.62,3.52,AvgH/AvgD/AvgA,AvgCH/AvgCD/AvgCA,0.49971330956121107,0.25861173971900947,0.24167495071977965,0.0422642810748175
2021,E0,2020-10-04,Southampton,West Brom,H,1.76,3.86,4.58,1.85,3.75,4.21,AvgH/AvgD/AvgA,AvgCH/AvgCD/AvgCA,0.5434079647867409,0.2477715072602757,0.20882052795298342,0.04558978704848338
2021,E0,2020-10-04,Wolves,Fulham,H,1.51,4.07,7.19,1.79,3.49,5.1,AvgH/AvgD/AvgA,AvgCH/AvgCD/AvgCA,0.6325025558780873,0.2346631104117719,0.13283433371014072,0.047033959743849385
2021,E0,2020-10-17,Chelsea,Southampton,D,1.53,4.56,5.92,1.58,4.47,5.38,AvgH/AvgD/AvgA,AvgCH/AvgCD/AvgCA,0.6273634893189803,0.21049696023202633,0.16213955044899322,0.04181193577478415
2021,E0,2020-10-17,Everton,Liverpool,D,3.91,4.08,1.85,4.12,4.17,1.79,AvgH/AvgD/AvgA,AvgCH/AvgCD/AvgCA,0.245588804690525,0.23535593782841976,0.5190552574810554,0.04139305545955141
2021,E0,2020-10-17,Man City,Arsenal,H,1.49,4.85,6.09,1.53,4.73,5.63,AvgH/AvgD/AvgA,AvgCH/AvgCD/AvgCA,0.6443797709715492,0.19796409458713574,0.157656134441315,0.04153011908709936
2021,E0,2020-10-17,Newcastle,Man United,A,4.78,4.08,1.7,4.62,4.11,1.72,AvgH/AvgD/AvgA,AvgCH/AvgCD/AvgCA,0.2006688963210702,0.2350973834349793,0.5642337202439504,0.042538354253835564
2021,E0,2020-10-18,Crystal Palace,Brighton,D,2.68,3.25,2.76,3.1,3.2,2.45,AvgH/AvgD/AvgA,AvgCH/AvgCD/AvgCA,0.3577011420914949,0.2949658648631404,0.3473329930453647,0.04314547663022683
2021,E0,2020-10-18,Leicester,Aston Villa,A,1.89,3.82,3.97,2.38,3.57,2.93,AvgH/AvgD/AvgA,AvgCH/AvgCD/AvgCA,0.5073991669036586,0.2510430433109724,0.2415577897853689,0.04276980257831431
2021,E0,2020-10-18,Sheffield United,Fulham,D,2.11,3.32,3.74,2.29,3.16,3.46,AvgH/AvgD/AvgA,AvgCH/AvgCD/AvgCA,0.45460469952477545,0.2889204566256856,0.256474843849539,0.042518147710592924
2021,E0,2020-10-18,Tottenham,West Ham,D,1.62,4.19,5.34,1.63,4.16,5.36,AvgH/AvgD/AvgA,AvgCH/AvgCD/AvgCA,0.5917140046333027,0.22877725238805496,0.17950874297864242,0.04321335270715365
2021,E0,2020-10-19,Leeds,Wolves,A,2.5,3.26,2.97,2.47,3.35,2.94,AvgH/AvgD/AvgA,AvgCH/AvgCD/AvgCA,0.38334415532996535,0.29397557924077095,0.3226802654292637,0.04344880295800535
2021,E0,2020-10-19,West Brom,Burnley,D,2.49,3.3,2.97,2.58,3.27,2.87,AvgH/AvgD/AvgA,AvgCH/AvgCD/AvgCA,0.3856641994546163,0.29100116867939235,0.32333463186599143,0.04133706543345084
2021,E0,2020-10-23,Aston Villa,Leeds,A,2.11,3.75,3.33,1.91,3.99,3.73,AvgH/AvgD/AvgA,AvgCH/AvgCD/AvgCA,0.45531114295402597,0.2561884031021319,0.28850045394384227,0.040900616256066336
2021,E0,2020-10-24,Fulham,Crystal Palace,A,2.74,3.14,2.77,2.58,3.15,2.96,AvgH/AvgD/AvgA,AvgCH/AvgCD/AvgCA,0.3494327312463843,0.3049190075207302,0.34564826123288556,0.04444567155416257
2021,E0,2020-10-24,Liverpool,Sheffield United,H,1.25,6.36,11.55,1.21,7.24,12.71,AvgH/AvgD/AvgA,AvgCH/AvgCD/AvgCA,0.7664209587304569,0.1506330500649483,0.0829459912045949,0.04381279098260227
2021,E0,2020-10-24,Man United,Chelsea,D,2.38,3.59,2.9,2.6,3.46,2.72,AvgH/AvgD/AvgA,AvgCH/AvgCD/AvgCA,0.40263446931608987,0.26692758690036045,0.3304379437835496,0.04354718546721359
2021,E0,2020-10-24,West Ham,Man City,D,7.2,5.16,1.41,6.63,5.07,1.44,AvgH/AvgD/AvgA,AvgCH/AvgCD/AvgCA,0.1333025526020711,0.18600356177033175,0.6806938856275971,0.041907196657320345
2021,E0,2020-10-25,Arsenal,Leicester,A,1.93,3.74,3.92,1.94,3.54,4.07,AvgH/AvgD/AvgA,AvgCH/AvgCD/AvgCA,0.4979113317891906,0.25694354822276405,0.24514511998804536,0.040616434986618266
2021,E0,2020-10-25,Southampton,Everton,H,2.78,3.47,2.54,3.05,3.53,2.32,AvgH/AvgD/AvgA,AvgCH/AvgCD/AvgCA,0.34534668672810487,0.2766754435458592,0.377977869726036,0.04159745565774786
2021,E0,2020-10-25,Wolves,Newcastle,D,1.78,3.49,5.16,1.83,3.42,4.89,AvgH/AvgD/AvgA,AvgCH/AvgCD/AvgCA,0.5390864949978147,0.2749495590533267,0.18596394594885854,0.04212915371079018
2021,E0,2020-10-26,Brighton,West Brom,D,1.75,3.93,4.61,1.67,3.99,5.15,AvgH/AvgD/AvgA,AvgCH/AvgCD/AvgCA,0.5479745813207187,0.24400903748378064,0.20801638119550062,0.042801237333535136
2021,E0,2020-10-26,Burnley,Tottenham,A,5.49,4.02,1.63,5.7,4.33,1.58,AvgH/AvgD/AvgA,AvgCH/AvgCD/AvgCA,0.1744053274990618,0.2381804099427486,0.5874142625581897,0.044402513898041285
2021,E0,2020-10-30,Wolves,Crystal Palace,H,2.05,3.13,4.27,2.07,3.12,4.22,AvgH/AvgD/AvgA,AvgCH/AvgCD/AvgCA,0.4683740375887942,0.30676254858052016,0.22486341383068573,0.04148573341088024
2021,E0,2020-10-31,Burnley,Chelsea,A,6.05,4.37,1.54,5.6,4.23,1.6,AvgH/AvgD/AvgA,AvgCH/AvgCD/AvgCA,0.15840302410480803,0.2192993811977319,0.62229759469746,0.04347285749407659
2021,E0,2020-10-31,Liverpool,West Ham,H,1.39,5.26,7.43,1.42,5.15,6.96,AvgH/AvgD/AvgA,AvgCH/AvgCD/AvgCA,0.6890193914412501,0.1820792688409387,0.12890133971781126,0.04412803089156192
2021,E0,2020-10-31,Sheffield United,Man City,A,9.43,5.76,1.31,10.42,6.04,1.28,AvgH/AvgD/AvgA,AvgCH/AvgCD/AvgCA,0.10167120973055568,0.16645130343040626,0.7318774868390381,0.04301442844332182
2021,E0,2020-11-01,Aston Villa,Southampton,A,2.46,3.6,2.78,2.57,3.55,2.69,AvgH/AvgD/AvgA,AvgCH/AvgCD/AvgCA,0.3893739203510901,0.26607217890657825,0.34455390074233155,0.04399407303425562
2021,E0,2020-11-01,Man United,Arsenal,A,2.04,3.66,3.58,1.99,3.59,3.87,AvgH/AvgD/AvgA,AvgCH/AvgCD/AvgCA,0.47009945322254276,0.2620226460584664,0.2678779007189908,0.04274973108576696
2021,E0,2020-11-01,Newcastle,Everton,H,3.71,3.47,2.06,3.34,3.33,2.27,AvgH/AvgD/AvgA,AvgCH/AvgCD/AvgCA,0.2583889099748775,0.2762601890509498,0.4653509009741727,0.043163110219970546
2021,E0,2020-11-01,Tottenham,Brighton,H,1.63,4.17,5.29,1.59,4.29,5.62,AvgH/AvgD/AvgA,AvgCH/AvgCD/AvgCA,0.5885760330424156,0.23006689061370203,0.18135707634388232,0.04234100281675235
2021,E0,2020-11-02,Fulham,West Brom,H,2.44,3.32,3.01,2.41,3.27,3.09,AvgH/AvgD/AvgA,AvgCH/AvgCD/AvgCA,0.3928391722749859,0.28871312661173665,0.3184477011132776,0.04326679847214132
2021,E0,2020-11-02,Leeds,Leicester,A,2.56,3.56,2.68,2.41,3.63,2.84,AvgH/AvgD/AvgA,AvgCH/AvgCD/AvgCA,0.37392613030664074,0.26889070044522484,0.3571831692481344,0.044658204762703324
2021,E0,2020-11-06,Brighton,Burnley,D,1.9,3.48,4.42,1.98,3.39,4.19,AvgH/AvgD/AvgA,AvgCH/AvgCD/AvgCA,0.5061135313705103,0.27632635333447403,0.21756011529501573,0.03991645520416731
2021,E0,2020-11-06,Southampton,Newcastle,H,2.04,3.58,3.7,2.16,3.43,3.46,AvgH/AvgD/AvgA,AvgCH/AvgCD/AvgCA,0.47143487607306067,0.2686388679299005,0.25992625599703884,0.03979595764019028
2021,E0,2020-11-07,Chelsea,Sheffield United,H,1.39,4.93,8.23,1.38,4.95,8.63,AvgH/AvgD/AvgA,AvgCH/AvgCD/AvgCA,0.6892551425858259,0.19433360003941136,0.11641125737476281,0.04377089989150451
2021,E0,2020-11-07,Crystal Palace,Leeds,H,2.92,3.37,2.47,2.84,3.43,2.49,AvgH/AvgD/AvgA,AvgCH/AvgCD/AvgCA,0.3280134926921152,0.28421347141275266,0.3877730358951322,0.04405995806430951
2021,E0,2020-11-07,Everton,Man United,A,2.91,3.52,2.42,3.18,3.61,2.22,AvgH/AvgD/AvgA,AvgCH/AvgCD/AvgCA,0.3301219200272828,0.2729132918407367,0.3969647881319806,0.04095666127062558
2021,E0,2020-11-07,West Ham,Fulham,H,1.83,3.82,4.23,1.85,3.79,4.2,AvgH/AvgD/AvgA,AvgCH/AvgCD/AvgCA,0.5230996338632766,0.2505948507774336,0.2263055153592899,0.044634811529078444
2021,E0,2020-11-08,Arsenal,Aston Villa,A,1.7,3.97,4.92,1.65,4.31,4.91,AvgH/AvgD/AvgA,AvgCH/AvgCD/AvgCA,0.5637804730209495,0.24141733101652746,0.19480219596252318,0.04337649540371524
2021,E0,2020-11-08,Leicester,Wolves,H,2.38,3.14,3.28,2.36,3.14,3.32,AvgH/AvgD/AvgA,AvgCH/AvgCD/AvgCA,0.40264594117003144,0.3051902356639091,0.2921638231660594,0.043517453586996435
2021,E0,2020-11-08,Man City,Liverpool,D,1.99,4.03,3.42,1.92,4.14,3.62,AvgH/AvgD/AvgA,AvgCH/AvgCD/AvgCA,0.48177264481038584,0.2378976583555007,0.2803296968341134,0.04304918144916092
2021,E0,2020-11-08,West Brom,Tottenham,A,6.38,4.38,1.52,6.41,4.6,1.49,AvgH/AvgD/AvgA,AvgCH/AvgCD/AvgCA,0.15028578136145698,0.2189094258187433,0.6308047928197997,0.042945051037436066
2021,E0,2020-11-21,Aston Villa,Brighton,A,2.19,3.61,3.21,2.28,3.52,3.11,AvgH/AvgD/AvgA,AvgCH/AvgCD/AvgCA,0.43689276463868437,0.2650402090190357,0.29806702634227994,0.04515579456629637
2021,E0,2020-11-21,Man United,West Brom,H,1.34,5.34,9.21,1.32,5.61,9.13,AvgH/AvgD/AvgA,AvgCH/AvgCD/AvgCA,0.7161116158792283,0.17969842046407605,0.10418996365669554,0.042112207327014595
2021,E0,2020-11-21,Newcastle,Chelsea,A,6.39,4.54,1.5,7.07,4.75,1.45,AvgH/AvgD/AvgA,AvgCH/AvgCD/AvgCA,0.1499815000792854,0.21109730958295897,0.6389211903377557,0.04342550653898902
2021,E0,2020-11-21,Tottenham,Man City,H,4.1,4.03,1.81,4.12,4.09,1.8,AvgH/AvgD/AvgA,AvgCH/AvgCD/AvgCA,0.23350502428109085,0.23756094281699067,0.5289340329019185,0.04452758468607132
2021,E0,2020-11-22,Fulham,Everton,A,3.93,3.79,1.9,4.21,3.78,1.85,AvgH/AvgD/AvgA,AvgCH/AvgCD/AvgCA,0.2435839757532296,0.25258180071509034,0.5038342235316802,0.044620958426398794
2021,E0,2020-11-22,Leeds,Arsenal,D,3.13,3.7,2.21,3.48,3.78,2.04,AvgH/AvgD/AvgA,AvgCH/AvgCD/AvgCA,0.30653825823889513,0.2593147968345248,0.43414694492658,0.042247775944449506
2021,E0,2020-11-22,Liverpool,Leicester,H,1.9,3.92,3.82,1.78,4.05,4.31,AvgH/AvgD/AvgA,AvgCH/AvgCD/AvgCA,0.504521502405628,0.2445384833088503,0.25094001428552176,0.0431979350020526
2021,E0,2020-11-22,Sheffield United,West Ham,A,3.06,3.26,2.43,3.09,3.2,2.46,AvgH/AvgD/AvgA,AvgCH/AvgCD/AvgCA,0.3127042773909337,0.29351996589455737,0.39377575671450904,0.04506848562343957
2021,E0,2020-11-23,Burnley,Crystal Palace,H,2.79,3.06,2.8,2.65,3.1,2.91,AvgH/AvgD/AvgA,AvgCH/AvgCD/AvgCA,0.3438561005562378,0.3135158563895109,0.3426280430542512,0.0423631818318726
2021,E0,2020-11-23,Wolves,Southampton,D,2.32,3.25,3.27,2.34,3.19,3.3,AvgH/AvgD/AvgA,AvgCH/AvgCD/AvgCA,0.41265594725459054,0.2945728608094308,0.29277119193597856,0.044537188004445394
2021,E0,2020-11-27,Crystal Palace,Newcastle,A,2.15,3.21,3.74,2.16,3.18,3.77,AvgH/AvgD/AvgA,AvgCH/AvgCD/AvgCA,0.4455041023604808,0.2983905981542161,0.2561052994853031,0.044022437964931216
2021,E0,2020-11-28,Brighton,Liverpool,D,5.32,4.19,1.62,4.81,4.19,1.68,AvgH/AvgD/AvgA,AvgCH/AvgCD/AvgCA,0.18006207390508527,0.22862296734488155,0.5913149587500331,0.043917359916187504
2021,E0,2020-11-28,Everton,Leeds,A,2.02,3.72,3.57,2.29,3.64,3.01,AvgH/AvgD/AvgA,AvgCH/AvgCD/AvgCA,0.47419499967864254,0.25749298369646717,0.2683120166248902,0.04397875406949758
2021,E0,2020-11-28,Man City,Burnley,H,1.17,7.84,16.81,1.12,9.99,20.57,AvgH/AvgD/AvgA,AvgCH/AvgCD/AvgCA,0.820454843993279,0.12244032748369087,0.05710482852303012,0.041740274871064464
2021,E0,2020-11-28,West Brom,Sheffield United,H,2.6,3.17,2.9,2.64,3.13,2.89,AvgH/AvgD/AvgA,AvgCH/AvgCD/AvgCA,0.3680880880880881,0.30190190190190186,0.33001001001001,0.04490038407149255
2021,E0,2020-11-29,Arsenal,Wolves,A,2.13,3.28,3.72,2.09,3.28,3.85,AvgH/AvgD/AvgA,AvgCH/AvgCD/AvgCA,0.4500509007214624,0.2922586641880229,0.25769043509051476,0.04317882115668037
2021,E0,2020-11-29,Chelsea,Tottenham,D,2.1,3.52,3.53,2.01,3.65,3.71,AvgH/AvgD/AvgA,AvgCH/AvgCD/AvgCA,0.45631018045874866,0.2722305053873217,0.2714593141539298,0.04356750426155509
2021,E0,2020-11-29,Southampton,Man United,A,3.8,3.57,2.0,3.83,3.72,1.95,AvgH/AvgD/AvgA,AvgCH/AvgCD/AvgCA,0.25224334063449444,0.26849431215996605,0.47926234720553945,0.04326993955476932
2021,E0,2020-11-30,Leicester,Fulham,A,1.54,4.35,6.15,1.63,4.09,5.44,AvgH/AvgD/AvgA,AvgCH/AvgCD/AvgCA,0.6232745063777738,0.22065350340730386,0.1560719902149222,0.041837332838174035
2021,E0,2020-11-30,West Ham,Aston Villa,H,2.32,3.57,3.01,2.34,3.49,3.03,AvgH/AvgD/AvgA,AvgCH/AvgCD/AvgCA,0.4131166070131059,0.2684679350897495,0.31841545789714476,0.04337244119781025
2021,E0,2020-12-05,Burnley,Everton,D,4.02,3.5,1.97,3.73,3.51,2.04,AvgH/AvgD/AvgA,AvgCH/AvgCD/AvgCA,0.23871016881084603,0.27417567960560024,0.4871141515835537,0.042084717817727935
2021,E0,2020-12-05,Chelsea,Leeds,H,1.54,4.5,5.82,1.47,4.92,6.25,AvgH/AvgD/AvgA,AvgCH/AvgCD/AvgCA,0.6223445208018479,0.21298012489663234,0.16467535430151986,0.0433941774147959
2021,E0,2020-12-05,Man City,Fulham,H,1.12,9.74,21.84,1.12,10.05,20.63,AvgH/AvgD/AvgA,AvgCH/AvgCD/AvgCA,0.8574330729989618,0.09859600018057876,0.043970926820459576,0.041314093162142296
2021,E0,2020-12-05,West Ham,Man United,A,3.62,3.57,2.05,3.37,3.49,2.17,AvgH/AvgD/AvgA,AvgCH/AvgCD/AvgCA,0.2645601148108116,0.26826543854765766,0.46717444664153074,0.04416001678935966
2021,E0,2020-12-06,Liverpool,Wolves,H,1.52,4.25,6.59,1.58,4.31,5.57,AvgH/AvgD/AvgA,AvgCH/AvgCD/AvgCA,0.6296041524762669,0.22517607335621778,0.14521977416751525,0.04493392277444497
2021,E0,2020-12-06,Sheffield United,Leicester,A,3.86,3.49,2.01,4.04,3.52,1.96,AvgH/AvgD/AvgA,AvgCH/AvgCD/AvgCA,0.24835988089885255,0.27469029807151024,0.47694982102963723,0.043112746613297004
2021,E0,2020-12-06,Tottenham,Arsenal,H,2.01,3.54,3.79,2.19,3.47,3.36,AvgH/AvgD/AvgA,AvgCH/AvgCD/AvgCA,0.47661270555135193,0.2706190785757676,0.25276821587288056,0.04385055626122325
2021,E0,2020-12-06,West Brom,Crystal Palace,A,2.9,3.21,2.58,3.01,3.29,2.46,AvgH/AvgD/AvgA,AvgCH/AvgCD/AvgCA,0.3303101368814014,0.29841102708911643,0.3712788360294821,0.04395096518248165
2021,E0,2020-12-07,Brighton,Southampton,A,2.52,3.36,2.86,2.44,3.38,2.96,AvgH/AvgD/AvgA,AvgCH/AvgCD/AvgCA,0.3800664451827242,0.28504983388704314,0.33488372093023255,0.04409479409479422
2021,E0,2020-12-11,Leeds,West Ham,A,2.18,3.67,3.2,2.14,3.75,3.23,AvgH/AvgD/AvgA,AvgCH/AvgCD/AvgCA,0.4395110888228558,0.26107198191657377,0.2994169292605705,0.04369516036297272
2021,E0,2020-12-12,Everton,Chelsea,H,4.36,4.12,1.75,4.77,4.22,1.68,AvgH/AvgD/AvgA,AvgCH/AvgCD/AvgCA,0.21979562969466396,0.23259925860891625,0.5476051116964199,0.04350481619565061
2021,E0,2020-12-12,Man United,Man City,D,4.39,4.16,1.74,4.57,4.17,1.71,AvgH/AvgD/AvgA,AvgCH/AvgCD/AvgCA,0.2184227837558918,0.2304990434347031,0.5510781728094051,0.04288769186459862
2021,E0,2020-12-12,Newcastle,West Brom,H,2.51,3.25,2.95,2.45,3.22,3.08,AvgH/AvgD/AvgA,AvgCH/AvgCD/AvgCA,0.38122030259050876,0.29441937215451597,0.3243603252549752,0.045081733041757444
2021,E0,2020-12-12,Wolves,Aston Villa,A,2.34,3.27,3.21,2.56,3.23,2.9,AvgH/AvgD/AvgA,AvgCH/AvgCD/AvgCA,0.40907018343797136,0.29272912209322716,0.2982006944688015,0.044687304654722926
2021,E0,2020-12-13,Arsenal,Burnley,A,1.54,4.22,6.42,1.46,4.62,7.17,AvgH/AvgD/AvgA,AvgCH/AvgCD/AvgCA,0.6231289387736326,0.22739776438658632,0.14947329683978103,0.04208071387058854
2021,E0,2020-12-13,Crystal Palace,Tottenham,D,4.71,3.75,1.76,4.21,3.77,1.85,AvgH/AvgD/AvgA,AvgCH/AvgCD/AvgCA,0.20275189619102915,0.25465638161593257,0.5425917221930383,0.04716270990156346
2021,E0,2020-12-13,Fulham,Liverpool,D,8.44,5.66,1.34,8.24,5.43,1.35,AvgH/AvgD/AvgA,AvgCH/AvgCD/AvgCA,0.11376986817551799,0.16964976809211516,0.7165803637323669,0.04143051426837463
2021,E0,2020-12-13,Leicester,Brighton,H,2.03,3.49,3.76,2.04,3.52,3.7,AvgH/AvgD/AvgA,AvgCH/AvgCD/AvgCA,0.4713522677883183,0.2741676514642653,0.2544800807474165,0.045101235536332496
2021,E0,2020-12-13,Southampton,Sheffield United,H,1.72,3.83,4.95,1.64,4.03,5.45,AvgH/AvgD/AvgA,AvgCH/AvgCD/AvgCA,0.5566190351760564,0.24996990613650572,0.19341105868743777,0.044512156601536734
2021,E0,2020-12-15,Man City,West Brom,D,1.12,9.96,22.77,1.1,11.01,24.73,AvgH/AvgD/AvgA,AvgCH/AvgCD/AvgCA,0.8608538801761872,0.09680284596358732,0.04234327386022529,0.037176184504628784
2021,E0,2020-12-15,Wolves,Chelsea,H,5.44,3.79,1.68,5.37,3.74,1.69,AvgH/AvgD/AvgA,AvgCH/AvgCD/AvgCA,0.1762595504373823,0.25299523862252243,0.5707452109400952,0.04291386739392333
2021,E0,2020-12-16,Arsenal,Southampton,D,2.25,3.47,3.19,2.16,3.5,3.37,AvgH/AvgD/AvgA,AvgCH/AvgCD/AvgCA,0.42485501433544554,0.2754823579984878,0.29966262766606666,0.04610850630924168
2021,E0,2020-12-16,Fulham,Brighton,D,2.9,3.28,2.51,2.89,3.28,2.54,AvgH/AvgD/AvgA,AvgCH/AvgCD/AvgCA,0.3289987931489222,0.29088307930849827,0.38011812754257945,0.04811200948937655
2021,E0,2020-12-16,Leeds,Newcastle,H,1.76,3.89,4.49,1.58,4.39,5.36,AvgH/AvgD/AvgA,AvgCH/AvgCD/AvgCA,0.542174583810597,0.2453026394618639,0.21252277672753908,0.047968376142668134
2021,E0,2020-12-16,Leicester,Everton,A,2.2,3.55,3.22,2.13,3.51,3.45,AvgH/AvgD/AvgA,AvgCH/AvgCD/AvgCA,0.4342260208926875,0.26909781576448244,0.29667616334283,0.04679460160170512
2021,E0,2020-12-16,Liverpool,Tottenham,H,1.79,3.84,4.44,1.82,3.92,4.19,AvgH/AvgD/AvgA,AvgCH/AvgCD/AvgCA,0.5349599005986672,0.24936932866448291,0.21567077073685004,0.04430110976898671
2021,E0,2020-12-16,West Ham,Crystal Palace,D,2.1,3.4,3.64,2.17,3.37,3.49,AvgH/AvgD/AvgA,AvgCH/AvgCD/AvgCA,0.45567010309278355,0.2814432989690722,0.26288659793814434,0.045033397974574285
2021,E0,2020-12-17,Aston Villa,Burnley,D,1.74,3.84,4.73,1.86,3.74,4.17,AvgH/AvgD/AvgA,AvgCH/AvgCD/AvgCA,0.5491519274376417,0.24883446712018142,0.20201360544217686,0.046545800831085504
2021,E0,2020-12-17,Sheffield United,Man United,A,7.14,4.54,1.46,7.2,4.73,1.44,AvgH/AvgD/AvgA,AvgCH/AvgCD/AvgCA,0.13399260942338947,0.21072846504030857,0.655278925536302,0.04525184643889535
2021,E0,2020-12-19,Crystal Palace,Liverpool,A,6.2,4.45,1.52,5.27,4.07,1.65,AvgH/AvgD/AvgA,AvgCH/AvgCD/AvgCA,0.15450682991456896,0.21526794280232078,0.6302252272831103,0.04390416054634594
2021,E0,2020-12-19,Everton,Arsenal,H,2.42,3.44,2.93,2.66,3.39,2.68,AvgH/AvgD/AvgA,AvgCH/AvgCD/AvgCA,0.395346465526033,0.2781216414456395,0.3265318930283275,0.04521774324211747
2021,E0,2020-12-19,Newcastle,Fulham,D,2.58,3.25,2.87,2.84,3.29,2.58,AvgH/AvgD/AvgA,AvgCH/AvgCD/AvgCA,0.3713605471969295,0.29480314208248565,0.33383631072058473,0.04372126266624288
2021,E0,2020-12-19,Southampton,Man City,A,6.48,4.63,1.48,5.98,4.64,1.52,AvgH/AvgD/AvgA,AvgCH/AvgCD/AvgCA,0.14753731279012686,0.2064885068855339,0.6459741803243393,0.04597938471228602
2021,E0,2020-12-20,Brighton,Sheffield United,D,1.69,3.72,5.43,1.88,3.43,4.57,AvgH/AvgD/AvgA,AvgCH/AvgCD/AvgCA,0.5664005652901738,0.25731638584419186,0.1762830488656342,0.0446952432475376
2021,E0,2020-12-20,Man United,Leeds,H,1.71,4.23,4.49,1.72,4.34,4.38,AvgH/AvgD/AvgA,AvgCH/AvgCD/AvgCA,0.5601921902789945,0.22646067266597647,0.21334713705502908,0.04391909024325957
2021,E0,2020-12-20,Tottenham,Leicester,A,2.08,3.48,3.62,2.1,3.48,3.56,AvgH/AvgD/AvgA,AvgCH/AvgCD/AvgCA,0.46034437395854644,0.2751483614464875,0.26450726459496593,0.044368646530963174
2021,E0,2020-12-20,West Brom,Aston Villa,A,3.69,3.7,1.99,4.64,4.02,1.73,AvgH/AvgD/AvgA,AvgCH/AvgCD/AvgCA,0.25963447359048775,0.25893275879699984,0.48143276761251236,0.043785543111440894
2021,E0,2020-12-21,Burnley,Wolves,H,3.61,3.13,2.23,3.44,3.05,2.36,AvgH/AvgD/AvgA,AvgCH/AvgCD/AvgCA,0.26509808389828904,0.30575210315425666,0.4291498129474544,0.044927621414223795
2021,E0,2020-12-21,Chelsea,West Ham,H,1.49,4.63,6.29,1.58,4.3,5.59,AvgH/AvgD/AvgA,AvgCH/AvgCD/AvgCA,0.6415610164450857,0.20646348045425,0.15197550310066416,0.04610617290329344
2021,E0,2020-12-26,Arsenal,Chelsea,H,4.06,3.59,1.93,4.72,3.86,1.75,AvgH/AvgD/AvgA,AvgCH/AvgCD/AvgCA,0.23615281579010153,0.2670697582473014,0.49677742596259694,0.04299166577854496
2021,E0,2020-12-26,Aston Villa,Crystal Palace,H,1.94,3.75,3.8,1.82,3.83,4.32,AvgH/AvgD/AvgA,AvgCH/AvgCD/AvgCA,0.4931307748209157,0.2551129875073537,0.2517562376717306,0.045288478929282006
2021,E0,2020-12-26,Fulham,Southampton,D,3.19,3.32,2.32,2.88,3.28,2.55,AvgH/AvgD/AvgA,AvgCH/AvgCD/AvgCA,0.2997742663656885,0.2880361173814898,0.41218961625282163,0.04571892586018067
2021,E0,2020-12-26,Leicester,Man United,D,3.01,3.55,2.32,2.96,3.54,2.36,AvgH/AvgD/AvgA,AvgCH/AvgCD/AvgCA,0.31793458329955565,0.2695727030230035,0.4124927136774408,0.04495053722495368
2021,E0,2020-12-26,Man City,Newcastle,H,1.12,9.31,23.28,1.12,9.74,21.01,AvgH/AvgD/AvgA,AvgCH/AvgCD/AvgCA,0.8558634262842484,0.10296101368833063,0.041175560027420885,0.04322385492449832
2021,E0,2020-12-26,Sheffield United,Everton,A,4.2,3.59,1.9,3.37,3.28,2.27,AvgH/AvgD/AvgA,AvgCH/AvgCD/AvgCA,0.22828742595133703,0.2670772114193915,0.5046353626292713,0.04296255960234863
2021,E0,2020-12-27,Leeds,Burnley,H,1.75,3.98,4.5,1.7,4.15,4.7,AvgH/AvgD/AvgA,AvgCH/AvgCD/AvgCA,0.5468702290076336,0.24045801526717558,0.21267175572519087,0.04490707505782865
2021,E0,2020-12-27,Liverpool,West Brom,D,1.13,9.05,20.61,1.13,9.2,20.48,AvgH/AvgD/AvgA,AvgCH/AvgCD/AvgCA,0.8476805872485585,0.10584299045202995,0.0464764222994115,0.04397312563783062
2021,E0,2020-12-27,West Ham,Brighton,D,2.37,3.32,3.11,2.36,3.32,3.15,AvgH/AvgD/AvgA,AvgCH/AvgCD/AvgCA,0.4038913641288829,0.2883200400558592,0.3077885958152581,0.044689155907279066
2021,E0,2020-12-27,Wolves,Tottenham,D,3.62,3.28,2.16,3.53,3.34,2.17,AvgH/AvgD/AvgA,AvgCH/AvgCD/AvgCA,0.2645793499043977,0.292005258126195,0.4434153919694072,0.04408410566610277
2021,E0,2020-12-28,Chelsea,Aston Villa,D,1.69,4.18,4.72,1.81,3.97,4.2,AvgH/AvgD/AvgA,AvgCH/AvgCD/AvgCA,0.5674219024118076,0.22941220456362557,0.20316589302456672,0.04281483287178767
2021,E0,2020-12-28,Crystal Palace,Leicester,D,3.81,3.52,2.01,3.35,3.37,2.23,AvgH/AvgD/AvgA,AvgCH/AvgCD/AvgCA,0.25138837072962744,0.27209934445451156,0.47651228481586105,0.04407053850290432
2021,E0,2020-12-29,Brighton,Arsenal,A,3.22,3.38,2.29,3.64,3.44,2.1,AvgH/AvgD/AvgA,AvgCH/AvgCD/AvgCA,0.29772748253684955,0.28363387389605194,0.4186386435670985,0.043098217084284185
2021,E0,2020-12-29,Burnley,Sheffield United,H,2.41,3.15,3.22,2.4,3.17,3.22,AvgH/AvgD/AvgA,AvgCH/AvgCD/AvgCA,0.3978473957332308,0.3043848329260591,0.29776777134071003,0.04295708300759715
2021,E0,2020-12-29,Man United,Wolves,H,1.55,4.21,6.1,1.54,4.27,6.2,AvgH/AvgD/AvgA,AvgCH/AvgCD/AvgCA,0.6164204361340806,0.22694814156955465,0.15663142229636476,0.04662540776349022
2021,E0,2020-12-29,Southampton,West Ham,D,2.19,3.48,3.33,2.03,3.58,3.71,AvgH/AvgD/AvgA,AvgCH/AvgCD/AvgCA,0.4372601623255341,0.2751723435324481,0.28756749414201793,0.044277626705590656
2021,E0,2020-12-29,West Brom,Leeds,A,3.59,3.67,2.03,4.23,3.96,1.81,AvgH/AvgD/AvgA,AvgCH/AvgCD/AvgCA,0.2669033536224926,0.2610852968677789,0.4720113495097284,0.04364193350454748
2021,E0,2020-12-30,Newcastle,Liverpool,D,9.81,5.93,1.29,10.36,6.02,1.28,AvgH/AvgD/AvgA,AvgCH/AvgCD/AvgCA,0.09747584988894961,0.16125431490903808,0.7412698352020122,0.04576466171506244
2021,E0,2021-01-01,Everton,West Ham,A,2.15,3.44,3.5,2.24,3.45,3.29,AvgH/AvgD/AvgA,AvgCH/AvgCD/AvgCA,0.4465709728867624,0.2791068580542265,0.2743221690590112,0.04152823920265769
2021,E0,2021-01-01,Man United,Aston Villa,H,1.74,4.14,4.42,1.7,4.12,4.68,AvgH/AvgD/AvgA,AvgCH/AvgCD/AvgCA,0.5512815877950905,0.23169805863851634,0.21702035356639313,0.04250288128937041
2021,E0,2021-01-02,Brighton,Wolves,D,2.66,3.15,2.85,2.83,3.02,2.78,AvgH/AvgD/AvgA,AvgCH/AvgCD/AvgCA,0.36,0.304,0.33599999999999997,0.044277360066833804
2021,E0,2021-01-02,Crystal Palace,Sheffield United,H,2.01,3.4,3.93,2.08,3.26,3.9,AvgH/AvgD/AvgA,AvgCH/AvgCD/AvgCA,0.4755955622470663,0.281160905916648,0.24324353183628578,0.04608301107842028
2021,E0,2021-01-02,Tottenham,Leeds,H,1.8,4.05,4.15,1.85,4.0,3.97,AvgH/AvgD/AvgA,AvgCH/AvgCD/AvgCA,0.5324305060584462,0.23663578047042055,0.23093371347113328,0.04343299122415578
2021,E0,2021-01-02,West Brom,Arsenal,A,5.78,4.01,1.61,5.98,4.01,1.6,AvgH/AvgD/AvgA,AvgCH/AvgCD/AvgCA,0.16579737388834534,0.2389797558789616,0.5952228702326932,0.04350495164868873
2021,E0,2021-01-03,Chelsea,Man City,A,3.01,3.66,2.24,3.37,3.6,2.14,AvgH/AvgD/AvgA,AvgCH/AvgCD/AvgCA,0.31584056954856804,0.2597486651205436,0.4244107653308883,0.05187852876568089
2021,E0,2021-01-03,Newcastle,Leicester,A,5.19,3.97,1.67,6.05,4.07,1.59,AvgH/AvgD/AvgA,AvgCH/AvgCD/AvgCA,0.18466916424104837,0.24141888221940586,0.5739119535395457,0.043369791335632346
2021,E0,2021-01-04,Southampton,Liverpool,H,4.89,4.24,1.65,6.0,4.76,1.5,AvgH/AvgD/AvgA,AvgCH/AvgCD/AvgCA,0.19542936636301927,0.22538905696112363,0.5791815766758571,0.04640864016949209
2021,E0,2021-01-12,Burnley,Man United,A,7.03,4.56,1.47,7.76,4.87,1.41,AvgH/AvgD/AvgA,AvgCH/AvgCD/AvgCA,0.13653779171020547,0.21049576221990016,0.6529664460698943,0.041817865126135834
2021,E0,2021-01-12,Sheffield United,Newcastle,H,2.49,3.11,3.13,2.34,3.13,3.39,AvgH/AvgD/AvgA,AvgCH/AvgCD/AvgCA,0.38518275238506006,0.308393907858135,0.30642333975680497,0.0426386519543136
2021,E0,2021-01-12,Wolves,Everton,A,2.5,3.12,3.1,2.59,2.93,3.16,AvgH/AvgD/AvgA,AvgCH/AvgCD/AvgCA,0.38347474427087463,0.30727142970422644,0.30925382602489887,0.043093465674110876
2021,E0,2021-01-13,Man City,Brighton,H,1.18,7.48,15.78,1.18,7.62,16.73,AvgH/AvgD/AvgA,AvgCH/AvgCD/AvgCA,0.8113378223440555,0.12799179550347398,0.060670382152470566,0.04451882283785813
2021,E0,2021-01-13,Tottenham,Fulham,D,1.4,4.91,7.98,1.63,3.82,6.06,AvgH/AvgD/AvgA,AvgCH/AvgCD/AvgCA,0.6846637473395797,0.1952198057587396,0.12011644690168063,0.0432649852737752
2021,E0,2021-01-14,Arsenal,Crystal Palace,D,1.55,4.1,6.37,1.7,3.82,5.2,AvgH/AvgD/AvgA,AvgCH/AvgCD/AvgCA,0.6167597501505473,0.23316527139837764,0.1500749784510751,0.04604960061855645
2021,E0,2021-01-16,Fulham,Chelsea,A,6.3,4.21,1.55,6.09,4.1,1.58,AvgH/AvgD/AvgA,AvgCH/AvgCD/AvgCA,0.15241687785394792,0.22808226377194107,0.6195008583741108,0.0414211402641409
2021,E0,2021-01-16,Leeds,Brighton,A,2.17,3.57,3.31,2.27,3.53,3.14,AvgH/AvgD/AvgA,AvgCH/AvgCD/AvgCA,0.4418069041325342,0.2685492946687953,0.28964380119867045,0.04305634153086246
2021,E0,2021-01-16,Leicester,Southampton,H,1.8,3.72,4.58,1.71,3.82,5.1,AvgH/AvgD/AvgA,AvgCH/AvgCD/AvgCA,0.5327979585709997,0.25780546382467723,0.209396577604323,0.04271337121034269
2021,E0,2021-01-16,West Ham,Burnley,H,1.84,3.49,4.69,1.77,3.65,4.89,AvgH/AvgD/AvgA,AvgCH/AvgCD/AvgCA,0.5209568640930893,0.2746592062840356,0.20438392962287513,0.04323082836365422
2021,E0,2021-01-16,Wolves,West Brom,A,1.61,3.67,6.71,1.64,3.69,6.13,AvgH/AvgD/AvgA,AvgCH/AvgCD/AvgCA,0.595723011793166,0.2613389779256124,0.14293801028122166,0.042628873027337866
2021,E0,2021-01-17,Liverpool,Man United,D,1.97,3.84,3.65,1.94,3.89,3.72,AvgH/AvgD/AvgA,AvgCH/AvgCD/AvgCA,0.48715212729351814,0.2499191903042268,0.262928682402255,0.04200348260436226
2021,E0,2021-01-17,Man City,Crystal Palace,H,1.17,7.67,17.03,1.18,7.39,17.06,AvgH/AvgD/AvgA,AvgCH/AvgCD/AvgCA,0.8188367411802099,0.1249072995020659,0.056255959317724334,0.043798857228796395
2021,E0,2021-01-17,Sheffield United,Tottenham,A,5.96,3.73,1.65,4.79,3.6,1.8,AvgH/AvgD/AvgA,AvgCH/AvgCD/AvgCA,0.16103120674632976,0.2573045555517762,0.5816642377018941,0.041942355705243184
2021,E0,2021-01-18,Arsenal,Newcastle,H,1.44,4.61,7.54,1.43,4.75,7.71,AvgH/AvgD/AvgA,AvgCH/AvgCD/AvgCA,0.6651829284628957,0.20777948307734703,0.1270375884597573,0.043990178835716875
2021,E0,2021-01-19,Leicester,Chelsea,H,2.9,3.41,2.49,2.8,3.43,2.53,AvgH/AvgD/AvgA,AvgCH/AvgCD/AvgCA,0.33166412118323974,0.28206039631419205,0.38627548250256827,0.03968914387451705
2021,E0,2021-01-19,West Ham,West Brom,H,1.58,4.08,6.09,1.53,4.22,6.46,AvgH/AvgD/AvgA,AvgCH/AvgCD/AvgCA,0.6072764066693063,0.23517076532781958,0.1575528280028742,0.04221304410022397
2021,E0,2021-01-20,Fulham,Man United,A,6.05,4.31,1.55,5.44,4.1,1.63,AvgH/AvgD/AvgA,AvgCH/AvgCD/AvgCA,0.15855554368851388,0.22256636643051256,0.6188780898809735,0.04246910800584658
2021,E0,2021-01-20,Man City,Aston Villa,H,1.25,6.21,11.36,1.31,5.79,9.32,AvgH/AvgD/AvgA,AvgCH/AvgCD/AvgCA,0.762588357127646,0.15350007188559703,0.08391157098675683,0.0490587648272891
2021,E0,2021-01-21,Liverpool,Burnley,A,1.2,7.05,14.89,1.33,5.49,9.57,AvgH/AvgD/AvgA,AvgCH/AvgCD/AvgCA,0.7994859199177472,0.13608270977323356,0.06443137030901924,0.04233647219086545
2021,E0,2021-01-23,Aston Villa,Newcastle,H,1.5,4.53,6.37,1.51,4.59,6.24,AvgH/AvgD/AvgA,AvgCH/AvgCD/AvgCA,0.6383231466549868,0.21136528034933338,0.1503115729956798,0.044403089814631924
2021,E0,2021-01-26,Crystal Palace,West Ham,A,3.16,3.27,2.39,3.53,3.33,2.18,AvgH/AvgD/AvgA,AvgCH/AvgCD/AvgCA,0.3040866273165531,0.29385741355361095,0.4020559591298359,0.04067613559705263
2021,E0,2021-01-26,Newcastle,Leeds,A,3.83,3.83,1.93,4.07,3.94,1.84,AvgH/AvgD/AvgA,AvgCH/AvgCD/AvgCA,0.2509752925877763,0.2509752925877763,0.49804941482444737,0.0403279265141574
2021,E0,2021-01-26,Southampton,Arsenal,A,3.49,3.6,2.09,3.48,3.65,2.08,AvgH/AvgD/AvgA,AvgCH/AvgCD/AvgCA,0.27477804843310044,0.26638205250875574,0.4588398990581439,0.04277962858870721
2021,E0,2021-01-26,West Brom,Man City,A,15.44,7.06,1.2,19.5,8.28,1.15,AvgH/AvgD/AvgA,AvgCH/AvgCD/AvgCA,0.062291186297115435,0.13622888334666605,0.8014799303562186,0.03974323220165665
2021,E0,2021-01-27,Brighton,Fulham,D,2.06,3.38,3.82,2.05,3.31,3.95,AvgH/AvgD/AvgA,AvgCH/AvgCD/AvgCA,0.46539021612191644,0.28364019089087217,0.2509695929872115,0.04307498608160576
2021,E0,2021-01-27,Burnley,Aston Villa,H,3.84,3.53,2.0,4.41,3.74,1.82,AvgH/AvgD/AvgA,AvgCH/AvgCD/AvgCA,0.24951228476914816,0.2714241284740875,0.4790635867567644,0.043702785646836606
2021,E0,2021-01-27,Chelsea,Wolves,D,1.62,4.08,5.53,1.65,3.85,5.78,AvgH/AvgD/AvgA,AvgCH/AvgCD/AvgCA,0.5917137417192491,0.23494516215323125,0.17334109612751963,0.04321381623441689
2021,E0,2021-01-27,Everton,Leicester,D,2.83,3.25,2.61,3.18,3.28,2.37,AvgH/AvgD/AvgA,AvgCH/AvgCD/AvgCA,0.3384025564203731,0.2946705337445095,0.3669269098351172,0.04419096060377914
2021,E0,2021-01-27,Man United,Sheffield United,A,1.28,5.94,10.6,1.28,6.02,10.77,AvgH/AvgD/AvgA,AvgCH/AvgCD/AvgCA,0.7483669142047561,0.16126425087240534,0.09036883492283848,0.043939790991677885
2021,E0,2021-01-28,Tottenham,Liverpool,A,3.22,3.54,2.22,3.57,3.8,2.01,AvgH/AvgD/AvgA,AvgCH/AvgCD/AvgCA,0.29761417859577366,0.27071120199954557,0.4316746194046807,0.04349533236784531
2021,E0,2021-01-30,Arsenal,Man United,D,2.86,3.4,2.51,3.48,3.52,2.13,AvgH/AvgD/AvgA,AvgCH/AvgCD/AvgCA,0.3355008137880063,0.2822153904216758,0.3822837957903179,0.042174371211165296
2021,E0,2021-01-30,Crystal Palace,Wolves,H,2.96,3.1,2.61,2.94,3.09,2.63,AvgH/AvgD/AvgA,AvgCH/AvgCD/AvgCA,0.32373582580443805,0.3091154981874634,0.36714867600809836,0.0435602454512356
2021,E0,2021-01-30,Everton,Newcastle,A,1.59,3.95,6.27,1.57,4.11,6.22,AvgH/AvgD/AvgA,AvgCH/AvgCD/AvgCA,0.603820919975717,0.2430570285471873,0.1531220514770957,0.04158500774593188
2021,E0,2021-01-30,Man City,Sheffield United,H,1.13,8.75,21.73,1.18,7.27,16.86,AvgH/AvgD/AvgA,AvgCH/AvgCD/AvgCA,0.8466363196350164,0.10933703327857924,0.044026647086404434,0.04526079461591315
2021,E0,2021-01-30,Southampton,Aston Villa,A,2.86,3.59,2.41,3.22,3.68,2.18,AvgH/AvgD/AvgA,AvgCH/AvgCD/AvgCA,0.33519035793568086,0.26703187289583485,0.3977777691684843,0.04313964101987544
2021,E0,2021-01-30,West Brom,Fulham,D,3.33,3.19,2.32,3.53,3.29,2.2,AvgH/AvgD/AvgA,AvgCH/AvgCD/AvgCA,0.28741975447685547,0.3000337875886924,0.4125464579344521,0.04481440688337246
2021,E0,2021-01-31,Brighton,Tottenham,H,3.12,3.36,2.35,3.24,3.32,2.31,AvgH/AvgD/AvgA,AvgCH/AvgCD/AvgCA,0.30710351908895733,0.2851675534397461,0.4077289274712966,0.043663783025485126
2021,E0,2021-01-31,Chelsea,Burnley,H,1.34,5.15,9.64,1.33,5.22,10.0,AvgH/AvgD/AvgA,AvgCH/AvgCD/AvgCA,0.7146949669327974,0.18595946712426187,0.09934556594294072,0.04417785383199613
2021,E0,2021-01-31,Leicester,Leeds,A,1.82,4.02,4.11,1.84,3.83,4.2,AvgH/AvgD/AvgA,AvgCH/AvgCD/AvgCA,0.5275489482355645,0.2388405686041611,0.23361048316027433,0.04151577078911206
2021,E0,2021-01-31,West Ham,Liverpool,A,4.39,3.99,1.77,3.45,3.68,2.09,AvgH/AvgD/AvgA,AvgCH/AvgCD/AvgCA,0.21831789221823442,0.24020439770377167,0.5414777100779938,0.043388750630291906
2021,E0,2021-02-02,Man United,Southampton,H,1.44,4.73,7.22,1.45,4.79,6.94,AvgH/AvgD/AvgA,AvgCH/AvgCD/AvgCA,0.6649441378853785,0.2024354246416374,0.1326204374729841,0.04436509005535605
2021,E0,2021-02-02,Newcastle,Crystal Palace,A,2.91,3.15,2.63,2.96,3.27,2.5,AvgH/AvgD/AvgA,AvgCH/AvgCD/AvgCA,0.3300032265388798,0.30486012356448894,0.3651366498966313,0.04133106602629555
2021,E0,2021-02-02,Sheffield United,West Brom,H,2.05,3.3,3.99,2.12,3.34,3.7,AvgH/AvgD/AvgA,AvgCH/AvgCD/AvgCA,0.4683848247158637,0.29096633050530923,0.24064884477882717,0.041461747495123547
2021,E0,2021-02-02,Wolves,Arsenal,H,3.63,3.29,2.17,3.61,3.26,2.18,AvgH/AvgD/AvgA,AvgCH/AvgCD/AvgCA,0.2648196712798276,0.2921870537221198,0.4429932749980526,0.04026295453262452
2021,E0,2021-02-03,Aston Villa,West Ham,A,2.21,3.43,3.33,2.36,3.45,3.04,AvgH/AvgD/AvgA,AvgCH/AvgCD/AvgCA,0.43327959334635735,0.27916848434269664,0.28755192231094584,0.04433417758747904
2021,E0,2021-02-03,Burnley,Man City,A,14.33,6.54,1.22,15.35,6.88,1.2,AvgH/AvgD/AvgA,AvgCH/AvgCD/AvgCA,0.0669476991028666,0.14669121225444623,0.7863610886426872,0.04236100054537406
2021,E0,2021-02-03,Fulham,Leicester,A,4.0,3.49,1.97,3.79,3.33,2.08,AvgH/AvgD/AvgA,AvgCH/AvgCD/AvgCA,0.23942985098536318,0.2744181673184678,0.48615198169616886,0.044147164487367885
2021,E0,2021-02-03,Leeds,Everton,A,2.47,3.63,2.75,2.58,3.48,2.72,AvgH/AvgD/AvgA,AvgCH/AvgCD/AvgCA,0.38780394000256396,0.2638776120678603,0.34831844792957567,0.043976756895417246
2021,E0,2021-02-03,Liverpool,Brighton,A,1.36,5.23,8.38,1.5,4.57,6.38,AvgH/AvgD/AvgA,AvgCH/AvgCD/AvgCA,0.7030720118067921,0.1828256091887643,0.11410237900444359,0.045830448800629364
2021,E0,2021-02-04,Tottenham,Chelsea,A,3.48,3.43,2.16,3.98,3.48,1.98,AvgH/AvgD/AvgA,AvgCH/AvgCD/AvgCA,0.2758096939915122,0.2798302434666071,0.4443600625418807,0.04186447430641649
2021,E0,2021-02-06,Aston Villa,Arsenal,H,2.74,3.47,2.56,2.98,3.46,2.4,AvgH/AvgD/AvgA,AvgCH/AvgCD/AvgCA,0.34965794673573336,0.27609878214867706,0.37424327111558964,0.043772941689980804
2021,E0,2021-02-06,Burnley,Brighton,D,3.58,3.17,2.22,3.64,3.15,2.21,AvgH/AvgD/AvgA,AvgCH/AvgCD/AvgCA,0.267240331743476,0.30180453868821583,0.43095512956830817,0.04523747263820921
2021,E0,2021-02-06,Fulham,West Ham,D,3.57,3.46,2.1,4.1,3.63,1.91,AvgH/AvgD/AvgA,AvgCH/AvgCD/AvgCA,0.2679677819083024,0.27648698884758366,0.455545229244114,0.04531986204886573
2021,E0,2021-02-06,Man United,Everton,D,1.56,4.26,5.99,1.62,4.15,5.45,AvgH/AvgD/AvgA,AvgCH/AvgCD/AvgCA,0.6147674872432385,0.2251261220890733,0.16010639066768817,0.04271233324350021
2021,E0,2021-02-06,Newcastle,Southampton,H,2.99,3.27,2.47,3.28,3.47,2.23,AvgH/AvgD/AvgA,AvgCH/AvgCD/AvgCA,0.3200103013134175,0.2926088076229719,0.3873808910636106,0.04511685768377549
2021,E0,2021-02-07,Liverpool,Man City,A,3.37,3.63,2.12,3.13,3.6,2.25,AvgH/AvgD/AvgA,AvgCH/AvgCD/AvgCA,0.2842526345339101,0.26389294170228017,0.45185442376380985,0.043916111915969225
2021,E0,2021-02-07,Sheffield United,Chelsea,A,7.18,4.38,1.48,6.99,4.27,1.5,AvgH/AvgD/AvgA,AvgCH/AvgCD/AvgCA,0.1335002842009012,0.2188429316352673,0.6476567841638315,0.043261943975493766
2021,E0,2021-02-07,Tottenham,West Brom,H,1.46,4.51,7.23,1.39,4.93,8.25,AvgH/AvgD/AvgA,AvgCH/AvgCD/AvgCA,0.6554534179469603,0.21218669405821777,0.13235988799482185,0.044973583316854526
2021,E0,2021-02-07,Wolves,Leicester,D,3.52,3.37,2.16,3.36,3.22,2.31,AvgH/AvgD/AvgA,AvgCH/AvgCD/AvgCA,0.27217253447399126,0.2842870389758009,0.44354042655020787,0.04378977709838239
2021,E0,2021-02-08,Leeds,Crystal Palace,H,1.86,3.82,4.06,1.82,3.71,4.48,AvgH/AvgD/AvgA,AvgCH/AvgCD/AvgCA,0.5141284890273817,0.2503348140290393,0.23553669694357887,0.0457199320334043
2021,E0,2021-02-13,Brighton,Aston Villa,D,2.77,3.4,2.56,2.88,3.36,2.51,AvgH/AvgD/AvgA,AvgCH/AvgCD/AvgCA,0.3452159979693177,0.2812495042279441,0.37353449780273823,0.045753477383733365
2021,E0,2021-02-13,Crystal Palace,Burnley,A,2.42,3.11,3.22,2.84,3.14,2.69,AvgH/AvgD/AvgA,AvgCH/AvgCD/AvgCA,0.39530569064611887,0.3076012126571086,0.29709309669677253,0.045325555067176504
2021,E0,2021-02-13,Leicester,Liverpool,H,3.45,3.49,2.14,3.74,3.83,1.94,AvgH/AvgD/AvgA,AvgCH/AvgCD/AvgCA,0.27772468494464914,0.2745415939997248,0.447733721055626,0.04367774337933472
2021,E0,2021-02-13,Man City,Tottenham,H,1.33,5.56,8.65,1.34,5.62,8.46,AvgH/AvgD/AvgA,AvgCH/AvgCD/AvgCA,0.7178926847908672,0.1717261278366643,0.1103811873724686,0.04734275077221883
2021,E0,2021-02-14,Arsenal,Leeds,H,1.89,3.77,3.98,1.81,3.87,4.23,AvgH/AvgD/AvgA,AvgCH/AvgCD/AvgCA,0.5060214959480105,0.2536818640163766,0.24029664003561296,0.045608799897484786
2021,E0,2021-02-14,Everton,Fulham,A,1.93,3.53,4.09,2.04,3.37,3.92,AvgH/AvgD/AvgA,AvgCH/AvgCD/AvgCA,0.49538674800904464,0.2708488452287411,0.2337644067622142,0.04591961151218937
2021,E0,2021-02-14,Southampton,Wolves,A,2.42,3.21,3.12,2.23,3.24,3.49,AvgH/AvgD/AvgA,AvgCH/AvgCD/AvgCA,0.3953295597186368,0.2980366151149847,0.3066338251663785,0.04526244075946706
2021,E0,2021-02-14,West Brom,Man United,D,9.19,5.52,1.33,9.63,5.82,1.3,AvgH/AvgD/AvgA,AvgCH/AvgCD/AvgCA,0.1044426835635361,0.17388193151248132,0.7216753849239825,0.0418530477207828
2021,E0,2021-02-15,Chelsea,Newcastle,H,1.24,6.36,11.97,1.29,5.74,10.69,AvgH/AvgD/AvgA,AvgCH/AvgCD/AvgCA,0.7700832706173678,0.15014202131533586,0.07977470806729624,0.04722650611108836
2021,E0,2021-02-15,West Ham,Sheffield United,H,1.73,3.74,5.04,2.03,3.27,4.07,AvgH/AvgD/AvgA,AvgCH/AvgCD/AvgCA,0.5537647992009166,0.2561532359940068,0.1900819648050765,0.04382705963800837
2021,E0,2021-02-17,Burnley,Fulham,D,2.77,3.15,2.72,2.96,3.13,2.59,AvgH/AvgD/AvgA,AvgCH/AvgCD/AvgCA,0.3450956383745706,0.30346505342779695,0.35143930819763247,0.04611820660875665
2021,E0,2021-02-17,Everton,Man City,A,8.56,5.33,1.35,10.79,5.8,1.29,AvgH/AvgD/AvgA,AvgCH/AvgCD/AvgCA,0.11177250012815275,0.17950705461481942,0.7087204452570278,0.04518043143527528
2021,E0,2021-02-19,Wolves,Leeds,H,2.38,3.36,3.08,2.3,3.36,3.21,AvgH/AvgD/AvgA,AvgCH/AvgCD/AvgCA,0.40305343511450387,0.2854961832061069,0.3114503816793893,0.04246243952126294
2021,E0,2021-02-20,Burnley,West Brom,D,2.04,3.31,3.96,2.16,3.26,3.67,AvgH/AvgD/AvgA,AvgCH/AvgCD/AvgCA,0.4691607250236234,0.2891504166308736,0.24168885834550297,0.04483613458200275
2021,E0,2021-02-20,Fulham,Sheffield United,H,2.2,3.19,3.61,1.97,3.34,4.2,AvgH/AvgD/AvgA,AvgCH/AvgCD/AvgCA,0.4349578295733101,0.2999709169471104,0.2650712534795796,0.045033388619213355
2021,E0,2021-02-20,Liverpool,Everton,A,1.47,4.59,6.79,1.37,5.27,7.97,AvgH/AvgD/AvgA,AvgCH/AvgCD/AvgCA,0.6507212697855921,0.20840092953917658,0.14087780067523129,0.045412437598177924
2021,E0,2021-02-20,Southampton,Chelsea,D,4.93,3.76,1.74,4.62,3.77,1.78,AvgH/AvgD/AvgA,AvgCH/AvgCD/AvgCA,0.19438221609512324,0.254868171635361,0.5507496122695157,0.04350984707896366
2021,E0,2021-02-21,Arsenal,Man City,A,6.27,4.36,1.53,6.84,4.59,1.47,AvgH/AvgD/AvgA,AvgCH/AvgCD/AvgCA,0.15299614000564207,0.2200196784026091,0.6269841815917488,0.04244220258081133
2021,E0,2021-02-21,Aston Villa,Leicester,A,2.87,3.5,2.44,3.69,3.63,2.01,AvgH/AvgD/AvgA,AvgCH/AvgCD/AvgCA,0.3337528040706899,0.27367729933796575,0.39256989659134434,0.043982407037185034
2021,E0,2021-02-21,Man United,Newcastle,H,1.3,5.75,10.27,1.33,5.37,9.41,AvgH/AvgD/AvgA,AvgCH/AvgCD/AvgCA,0.7392790300268532,0.16714134591911467,0.09357962405403207,0.04051479615596287
2021,E0,2021-02-21,West Ham,Tottenham,H,2.64,3.33,2.73,3.01,3.43,2.39,AvgH/AvgD/AvgA,AvgCH/AvgCD/AvgCA,0.36234171539261756,0.28726190049144457,0.3503963841159378,0.04538854538854542
2021,E0,2021-02-22,Brighton,Crystal Palace,A,1.74,3.53,5.36,1.76,3.49,5.27,AvgH/AvgD/AvgA,AvgCH/AvgCD/AvgCA,0.550192791964966,0.27119984646431755,0.17860736157071658,0.04456592683743521
2021,E0,2021-02-23,Leeds,Southampton,H,2.34,3.47,3.06,2.16,3.58,3.31,AvgH/AvgD/AvgA,AvgCH/AvgCD/AvgCA,0.4099944398109536,0.2764804003336114,0.3135251598554351,0.04233225101168814
2021,E0,2021-02-27,Leeds,Aston Villa,A,2.23,3.63,3.12,2.04,3.8,3.45,AvgH/AvgD/AvgA,AvgCH/AvgCD/AvgCA,0.4293561704595858,0.2637642589875692,0.3068795705528449,0.04442540745027501
2021,E0,2021-02-27,Man City,West Ham,H,1.23,6.55,12.55,1.26,6.18,11.14,AvgH/AvgD/AvgA,AvgCH/AvgCD/AvgCA,0.7777294208362703,0.14604689887459732,0.07622368028913247,0.04536116070689
2021,E0,2021-02-27,Newcastle,Wolves,D,3.51,3.12,2.28,3.65,3.15,2.21,AvgH/AvgD/AvgA,AvgCH/AvgCD/AvgCA,0.27289048473967686,0.30700179533213645,0.42010771992818674,0.04400959664117554
2021,E0,2021-02-27,West Brom,Brighton,H,4.14,3.44,1.96,4.49,3.54,1.85,AvgH/AvgD/AvgA,AvgCH/AvgCD/AvgCA,0.23171033458884335,0.2788606933714568,0.4894289720396997,0.04244764977106463
2021,E0,2021-02-28,Chelsea,Man United,D,2.27,3.29,3.35,2.36,3.32,3.15,AvgH/AvgD/AvgA,AvgCH/AvgCD/AvgCA,0.4223719356334525,0.2914237975343274,0.28620426683222006,0.04298746482895566
2021,E0,2021-02-28,Crystal Palace,Fulham,D,3.49,3.17,2.26,3.45,3.2,2.27,AvgH/AvgD/AvgA,AvgCH/AvgCD/AvgCA,0.2743338094344608,0.30202681227957984,0.4236393782859594,0.04446824064480426
2021,E0,2021-02-28,Leicester,Arsenal,A,2.51,3.34,2.89,2.34,3.33,3.18,AvgH/AvgD/AvgA,AvgCH/AvgCD/AvgCA,0.3816780612022982,0.2868299202448409,0.331492018552861,0.04382833335245717
2021,E0,2021-02-28,Sheffield United,Liverpool,A,7.56,4.94,1.41,8.15,5.32,1.37,AvgH/AvgD/AvgA,AvgCH/AvgCD/AvgCA,0.1267095253168011,0.1939117431973717,0.6793787314858272,0.04392414022873159
2021,E0,2021-02-28,Tottenham,Burnley,H,1.55,4.04,6.66,1.5,4.27,7.04,AvgH/AvgD/AvgA,AvgCH/AvgCD/AvgCA,0.6186602408752074,0.23735727063281475,0.14398248849197773,0.04283619294797836
2021,E0,2021-03-01,Everton,Southampton,H,2.19,3.45,3.34,2.14,3.45,3.48,AvgH/AvgD/AvgA,AvgCH/AvgCD/AvgCA,0.43659138183843504,0.27714061629744136,0.2862680018641236,0.04587727463476865
2021,E0,2021-03-02,Man City,Wolves,H,1.22,6.41,15.26,1.22,6.53,14.46,AvgH/AvgD/AvgA,AvgCH/AvgCD/AvgCA,0.7872309945756274,0.14983179615947978,0.06293720926489288,0.041209170872904544
2021,E0,2021-03-03,Burnley,Leicester,D,3.97,3.3,2.05,3.85,3.12,2.17,AvgH/AvgD/AvgA,AvgCH/AvgCD/AvgCA,0.24156831937724293,0.29061400846292557,0.4678176721598315,0.04272434984482665
2021,E0,2021-03-03,Crystal Palace,Man United,D,7.56,4.6,1.44,7.61,4.62,1.44,AvgH/AvgD/AvgA,AvgCH/AvgCD/AvgCA,0.1266868631231066,0.20820710548058385,0.6651060313963094,0.04411088106740291
2021,E0,2021-03-03,Sheffield United,Aston Villa,H,3.73,3.44,2.07,3.55,3.38,2.15,AvgH/AvgD/AvgA,AvgCH/AvgCD/AvgCA,0.2573184789560981,0.2790110251471645,0.4636704958967372,0.041885976603526665
2021,E0,2021-03-04,Fulham,Tottenham,A,3.95,3.57,1.96,3.91,3.44,2.02,AvgH/AvgD/AvgA,AvgCH/AvgCD/AvgCA,0.24261547049828888,0.2684400864056698,0.48894444309604146,0.04348068341260536
2021,E0,2021-03-04,Liverpool,Chelsea,A,2.26,3.59,3.1,2.2,3.48,3.33,AvgH/AvgD/AvgA,AvgCH/AvgCD/AvgCA,0.42398774782462934,0.26691150698709254,0.3091007451882781,0.04361005330091117
2021,E0,2021-03-04,West Brom,Everton,A,4.43,3.67,1.84,3.93,3.47,2.0,AvgH/AvgD/AvgA,AvgCH/AvgCD/AvgCA,0.21669913131656726,0.26157415578539317,0.5217267128980396,0.04169145921377515
2021,E0,2021-03-06,Aston Villa,Wolves,D,2.42,3.2,3.14,2.62,3.11,2.94,AvgH/AvgD/AvgA,AvgCH/AvgCD/AvgCA,0.395733887864896,0.2992737526978276,0.30499235943727654,0.04419447807548549
2021,E0,2021-03-06,Brighton,Leicester,A,2.56,3.24,2.9,2.53,3.17,3.02,AvgH/AvgD/AvgA,AvgCH/AvgCD/AvgCA,0.37412799031631255,0.2956073009906667,0.3302647086930207,0.04409456151553859
2021,E0,2021-03-06,Burnley,Arsenal,D,5.48,3.94,1.64,4.93,3.61,1.78,AvgH/AvgD/AvgA,AvgCH/AvgCD/AvgCA,0.17444924406047518,0.24263498920086396,0.582915766738661,0.04604495598477776
2021,E0,2021-03-06,Sheffield United,Southampton,A,3.67,3.4,2.09,3.75,3.33,2.1,AvgH/AvgD/AvgA,AvgCH/AvgCD/AvgCA,0.2607294995652062,0.2814344892365608,0.4578360111982329,0.045066110613052324
2021,E0,2021-03-07,Liverpool,Fulham,A,1.38,4.98,8.39,1.64,3.96,5.6,AvgH/AvgD/AvgA,AvgCH/AvgCD/AvgCA,0.6936785273140217,0.1922241702195481,0.11409730246643024,0.04463040533382956
2021,E0,2021-03-07,Man City,Man United,A,1.5,4.35,6.74,1.5,4.39,6.76,AvgH/AvgD/AvgA,AvgCH/AvgCD/AvgCA,0.6380075727901814,0.22000261130695914,0.14198981590285936,0.04491967666018626
2021,E0,2021-03-07,Tottenham,Crystal Palace,H,1.47,4.48,7.11,1.54,4.15,6.55,AvgH/AvgD/AvgA,AvgCH/AvgCD/AvgCA,0.6515184055667712,0.21377947682659681,0.13470211760663203,0.04413337064783707
2021,E0,2021-03-07,West Brom,Newcastle,D,2.45,3.2,3.09,2.31,3.18,3.38,AvgH/AvgD/AvgA,AvgCH/AvgCD/AvgCA,0.3908532126410656,0.29924699092831586,0.30989979643061843,0.044287860775378274
2021,E0,2021-03-08,Chelsea,Everton,H,1.55,4.14,6.29,1.62,3.89,5.92,AvgH/AvgD/AvgA,AvgCH/AvgCD/AvgCA,0.6169720260335346,0.23099194211400453,0.15203603185246084,0.04568969596607575
2021,E0,2021-03-08,West Ham,Leeds,H,2.09,3.59,3.46,2.25,3.55,3.15,AvgH/AvgD/AvgA,AvgCH/AvgCD/AvgCA,0.4574107284236575,0.2662920396672546,0.2762972319090879,0.046037772595419746
2021,E0,2021-03-10,Man City,Southampton,H,1.21,6.91,14.17,1.18,7.38,16.25,AvgH/AvgD/AvgA,AvgCH/AvgCD/AvgCA,0.7933358450513078,0.1389198802477688,0.06774427470092326,0.041735711485829
2021,E0,2021-03-12,Newcastle,Aston Villa,D,3.8,3.33,2.09,3.66,3.35,2.12,AvgH/AvgD/AvgA,AvgCH/AvgCD/AvgCA,0.2525684341170792,0.2882162311245949,0.4592153347583259,0.041927094558673605
2021,E0,2021-03-13,Crystal Palace,West Brom,H,2.24,3.17,3.55,2.34,3.11,3.4,AvgH/AvgD/AvgA,AvgCH/AvgCD/AvgCA,0.42778726008598694,0.3022850039724324,0.26992773594158054,0.04357612552285328
2021,E0,2021-03-13,Everton,Burnley,A,1.88,3.49,4.42,1.99,3.3,4.2,AvgH/AvgD/AvgA,AvgCH/AvgCD/AvgCA,0.5091594436339392,0.2742750011552451,0.21656555521081575,0.04469218879782222
2021,E0,2021-03-13,Fulham,Man City,A,9.63,4.98,1.35,8.31,4.7,1.41,AvgH/AvgD/AvgA,AvgCH/AvgCD/AvgCA,0.09933378545498066,0.19208521163282402,0.7085810029121954,0.04538611350907251
2021,E0,2021-03-13,Leeds,Chelsea,D,4.57,3.9,1.76,5.0,3.93,1.7,AvgH/AvgD/AvgA,AvgCH/AvgCD/AvgCA,0.20971457552963318,0.24574246414626252,0.5445429603241044,0.04341045533605703
2021,E0,2021-03-14,Arsenal,Tottenham,H,2.56,3.34,2.82,2.66,3.3,2.75,AvgH/AvgD/AvgA,AvgCH/AvgCD/AvgCA,0.37393403312635975,0.28660812119864704,0.33945784567499326,0.04463612668280459
2021,E0,2021-03-14,Leicester,Sheffield United,H,1.54,4.12,6.6,1.52,4.0,7.36,AvgH/AvgD/AvgA,AvgCH/AvgCD/AvgCA,0.6222311719693919,0.23258155457108337,0.14518727345952478,0.04358424746774259
2021,E0,2021-03-14,Man United,West Ham,H,1.86,3.57,4.42,1.79,3.6,4.83,AvgH/AvgD/AvgA,AvgCH/AvgCD/AvgCA,0.5149800266311585,0.26830892143808255,0.216711051930759,0.04399079731148037
2021,E0,2021-03-14,Southampton,Brighton,A,2.98,3.07,2.6,3.24,3.18,2.38,AvgH/AvgD/AvgA,AvgCH/AvgCD/AvgCA,0.3208379892759239,0.31143231532320953,0.36772969540086653,0.04591875343684371
2021,E0,2021-03-15,Wolves,Liverpool,A,4.81,3.74,1.76,5.67,3.89,1.64,AvgH/AvgD/AvgA,AvgCH/AvgCD/AvgCA,0.19924086035826064,0.25624292468535653,0.5445162149563827,0.04346170522641124
2021,E0,2021-03-19,Fulham,Leeds,A,2.43,3.35,3.0,2.57,3.29,2.84,AvgH/AvgD/AvgA,AvgCH/AvgCD/AvgCA,0.39441926178842646,0.2861011361629482,0.31947960204862547,0.04336342976475627
2021,E0,2021-03-20,Brighton,Newcastle,H,1.66,3.54,6.24,1.72,3.53,5.57,AvgH/AvgD/AvgA,AvgCH/AvgCD/AvgCA,0.576384757491311,0.2702821179196543,0.15333312458903464,0.04515192451684191
2021,E0,2021-03-21,Aston Villa,Tottenham,A,2.97,3.38,2.42,3.05,3.42,2.36,AvgH/AvgD/AvgA,AvgCH/AvgCD/AvgCA,0.3219605126428819,0.2829061309317631,0.3951333564253551,0.04578146536188488
2021,E0,2021-03-21,West Ham,Arsenal,D,2.83,3.43,2.5,3.49,3.47,2.13,AvgH/AvgD/AvgA,AvgCH/AvgCD/AvgCA,0.338172252917352,0.27901675678020577,0.3828109903024424,0.04490207996373696
2021,E0,2021-04-03,Arsenal,Liverpool,A,3.13,3.56,2.26,2.84,3.58,2.42,AvgH/AvgD/AvgA,AvgCH/AvgCD/AvgCA,0.30635666471201956,0.2693529102664667,0.4242904250215138,0.04286557040206285
2021,E0,2021-04-03,Chelsea,West Brom,A,1.22,6.33,14.99,1.28,5.57,11.9,AvgH/AvgD/AvgA,AvgCH/AvgCD/AvgCA,0.7848550544223145,0.15126748284284736,0.06387746273483814,0.04436115500441451
2021,E0,2021-04-03,Leeds,Sheffield United,H,1.52,4.4,6.36,1.56,4.17,6.2,AvgH/AvgD/AvgA,AvgCH/AvgCD/AvgCA,0.6311345265588915,0.21802829099307158,0.15083718244803693,0.04240016851734829
2021,E0,2021-04-03,Leicester,Man City,A,6.16,4.07,1.57,5.25,3.88,1.68,AvgH/AvgD/AvgA,AvgCH/AvgCD/AvgCA,0.15534993180541812,0.2351242211109031,0.6095258470836787,0.04498058319714371
2021,E0,2021-04-04,Aston Villa,Fulham,H,2.28,3.29,3.32,2.53,3.19,2.99,AvgH/AvgD/AvgA,AvgCH/AvgCD/AvgCA,0.4202111288932661,0.29121014403545487,0.28857872707127913,0.04375267828633356
2021,E0,2021-04-04,Man United,Brighton,H,1.64,3.97,5.39,1.66,3.91,5.39,AvgH/AvgD/AvgA,AvgCH/AvgCD/AvgCA,0.582287264583509,0.24054184229646217,0.17717089312002873,0.047174023284047184
2021,E0,2021-04-04,Newcastle,Tottenham,D,5.56,4.03,1.62,5.37,3.83,1.68,AvgH/AvgD/AvgA,AvgCH/AvgCD/AvgCA,0.1720651721284256,0.23739016303574345,0.5905446648358309,0.04527902354157476
2021,E0,2021-04-04,Southampton,Burnley,H,2.1,3.29,3.78,2.01,3.37,4.04,AvgH/AvgD/AvgA,AvgCH/AvgCD/AvgCA,0.4558189655172413,0.2909482758620689,0.25323275862068967,0.04469210852189587
2021,E0,2021-04-05,Everton,Crystal Palace,D,1.8,3.46,4.91,1.84,3.46,4.72,AvgH/AvgD/AvgA,AvgCH/AvgCD/AvgCA,0.5299894554915676,0.2757170577701797,0.19429348673825286,0.04823888437605861
2021,E0,2021-04-05,Wolves,West Ham,A,2.95,3.13,2.58,2.89,3.16,2.63,AvgH/AvgD/AvgA,AvgCH/AvgCD/AvgCA,0.32405426988069774,0.3054185610696672,0.370527169049635,0.04606876796363757
2021,E0,2021-04-09,Fulham,Wolves,A,2.57,3.01,3.14,2.64,3.09,2.94,AvgH/AvgD/AvgA,AvgCH/AvgCD/AvgCA,0.3742106117536198,0.31950872830790794,0.30628065993847226,0.039802309566639105
2021,E0,2021-04-10,Crystal Palace,Chelsea,A,6.95,3.98,1.54,7.34,4.2,1.5,AvgH/AvgD/AvgA,AvgCH/AvgCD/AvgCA,0.13775588179766796,0.24055361268688247,0.6216905055154496,0.04449182284401543
2021,E0,2021-04-10,Liverpool,Aston Villa,H,1.52,4.51,6.22,1.46,4.67,6.96,AvgH/AvgD/AvgA,AvgCH/AvgCD/AvgCA,0.6323503554860264,0.2131202971926297,0.15452934732134405,0.04039593104434247
2021,E0,2021-04-10,Man City,Leeds,A,1.3,5.92,9.56,1.38,5.24,7.9,AvgH/AvgD/AvgA,AvgCH/AvgCD/AvgCA,0.7376927809466209,0.16199334716733232,0.10031387188604679,0.04275219860993906
2021,E0,2021-04-11,Burnley,Newcastle,A,2.34,3.12,3.39,2.27,3.34,3.31,AvgH/AvgD/AvgA,AvgCH/AvgCD/AvgCA,0.40979147778785135,0.3073436083408885,0.2828649138712602,0.04284849860071094
2021,E0,2021-04-11,Sheffield United,Arsenal,A,6.15,3.97,1.59,5.52,3.89,1.66,AvgH/AvgD/AvgA,AvgCH/AvgCD/AvgCA,0.15583501825641938,0.24140689226120382,0.6027580894823769,0.0434216123920661
2021,E0,2021-04-11,Tottenham,Man United,A,2.87,3.44,2.49,2.94,3.52,2.4,AvgH/AvgD/AvgA,AvgCH/AvgCD/AvgCA,0.3347938416319128,0.27931928066383427,0.3858868777042529,0.0407361558705448
2021,E0,2021-04-11,West Ham,Leicester,H,3.01,3.38,2.41,3.18,3.23,2.39,AvgH/AvgD/AvgA,AvgCH/AvgCD/AvgCA,0.31852254464547564,0.2836546921251129,0.39782276322941146,0.04302166112304251
2021,E0,2021-04-12,Brighton,Everton,D,2.3,3.26,3.31,2.15,3.45,3.52,AvgH/AvgD/AvgA,AvgCH/AvgCD/AvgCA,0.4165997467337925,0.2939200667140254,0.28948018655218205,0.043645878578698616
2021,E0,2021-04-12,West Brom,Southampton,H,3.55,3.28,2.19,3.57,3.56,2.08,AvgH/AvgD/AvgA,AvgCH/AvgCD/AvgCA,0.2700278553626272,0.2922557580906483,0.43771638654672446,0.043189194191768365
2021,E0,2021-04-16,Everton,Tottenham,D,3.42,3.47,2.17,3.5,3.45,2.15,AvgH/AvgD/AvgA,AvgCH/AvgCD/AvgCA,0.2807705071461331,0.27672482260512254,0.44250467024874435,0.04141159194661692
2021,E0,2021-04-17,Newcastle,West Ham,H,3.65,3.45,2.08,3.43,3.39,2.2,AvgH/AvgD/AvgA,AvgCH/AvgCD/AvgCA,0.26227590870049894,0.2774803092048757,0.4602437820946255,0.0445969059727247
2021,E0,2021-04-17,Wolves,Sheffield United,H,1.69,3.55,5.81,1.79,3.44,5.24,AvgH/AvgD/AvgA,AvgCH/AvgCD/AvgCA,0.5659520523324891,0.26942506153293144,0.16462288613457945,0.0455231567633505
2021,E0,2021-04-18,Arsenal,Fulham,D,1.75,3.72,4.91,1.84,3.66,4.43,AvgH/AvgD/AvgA,AvgCH/AvgCD/AvgCA,0.5473916392199643,0.2575095076975638,0.195098853082472,0.043911763509687285
2021,E0,2021-04-18,Man United,Burnley,H,1.36,5.05,9.25,1.36,5.17,8.77,AvgH/AvgD/AvgA,AvgCH/AvgCD/AvgCA,0.7060481707363154,0.19014366578245329,0.10380816348123126,0.041422027735364964
2021,E0,2021-04-19,Leeds,Liverpool,D,4.7,4.26,1.68,5.19,4.46,1.6,AvgH/AvgD/AvgA,AvgCH/AvgCD/AvgCA,0.20404392897464846,0.2251188887748469,0.5708371822505046,0.04274583672246246
2021,E0,2021-04-20,Chelsea,Brighton,D,1.61,3.85,6.26,1.68,3.72,5.72,AvgH/AvgD/AvgA,AvgCH/AvgCD/AvgCA,0.5968829637848239,0.24960560303728999,0.15351143317788601,0.04060268110830689
2021,E0,2021-04-21,Aston Villa,Man City,A,8.68,4.88,1.38,9.77,5.28,1.33,AvgH/AvgD/AvgA,AvgCH/AvgCD/AvgCA,0.11027128990424291,0.19613827794443206,0.6935904321513251,0.044763087218195
2021,E0,2021-04-21,Tottenham,Southampton,H,1.8,3.79,4.42,1.86,3.81,4.18,AvgH/AvgD/AvgA,AvgCH/AvgCD/AvgCA,0.5313005474186325,0.25233271381359856,0.2163667387677689,0.04565214219102165
2021,E0,2021-04-22,Leicester,West Brom,H,1.59,4.08,5.94,1.64,3.93,5.62,AvgH/AvgD/AvgA,AvgCH/AvgCD/AvgCA,0.6033609679587721,0.23513331839569795,0.1615057136455299,0.04237902517591752
2021,E0,2021-04-23,Arsenal,Everton,A,2.06,3.46,3.77,2.03,3.55,3.76,AvgH/AvgD/AvgA,AvgCH/AvgCD/AvgCA,0.46689813157706345,0.2779798124418355,0.255122055981101,0.03970622363426646
2021,E0,2021-04-24,Liverpool,Newcastle,D,1.24,6.38,12.06,1.22,7.17,12.58,AvgH/AvgD/AvgA,AvgCH/AvgCD/AvgCA,0.7709050540836242,0.14983107634227177,0.07926386957410397,0.046110164450609226
2021,E0,2021-04-24,Sheffield United,Brighton,H,5.33,3.56,1.74,6.31,3.96,1.59,AvgH/AvgD/AvgA,AvgCH/AvgCD/AvgCA,0.17984287265484825,0.26925913237369137,0.5508979949714604,0.04322878087064774
2021,E0,2021-04-24,West Ham,Chelsea,A,4.74,3.75,1.77,5.25,3.93,1.68,AvgH/AvgD/AvgA,AvgCH/AvgCD/AvgCA,0.20234861579828242,0.255768650369029,0.5418827338326886,0.04260888221411707
2021,E0,2021-04-25,Aston Villa,West Brom,D,1.88,3.67,4.19,2.08,3.48,3.66,AvgH/AvgD/AvgA,AvgCH/AvgCD/AvgCA,0.5099571865849089,0.26123147432687427,0.22881133908821683,0.04305794213659242
2021,E0,2021-04-25,Leeds,Man United,D,4.05,4.05,1.82,4.35,3.91,1.8,AvgH/AvgD/AvgA,AvgCH/AvgCD/AvgCA,0.23667100130039012,0.23667100130039012,0.5266579973992197,0.04327770994437663
2021,E0,2021-04-25,Wolves,Burnley,A,2.07,3.31,3.88,2.35,3.09,3.42,AvgH/AvgD/AvgA,AvgCH/AvgCD/AvgCA,0.46320254200915384,0.2896765141869935,0.24712094380385272,0.042938549827877814
2021,E0,2021-04-26,Leicester,Crystal Palace,H,1.47,4.26,7.71,1.43,4.64,7.95,AvgH/AvgD/AvgA,AvgCH/AvgCD/AvgCA,0.6511553216165582,0.2246944419662771,0.1241502364171648,0.04471557900301559
2021,E0,2021-04-30,Southampton,Leicester,D,3.82,3.81,1.94,4.11,3.75,1.89,AvgH/AvgD/AvgA,AvgCH/AvgCD/AvgCA,0.25178155359649007,0.25244239756918424,0.4957760488343258,0.03971121383886489
2021,E0,2021-05-01,Brighton,Leeds,H,2.16,3.45,3.43,2.08,3.5,3.69,AvgH/AvgD/AvgA,AvgCH/AvgCD/AvgCA,0.443296883604365,0.27754239669142855,0.27916071970420653,0.04436322493110412
2021,E0,2021-05-01,Chelsea,Fulham,H,1.48,4.27,7.59,1.49,4.2,7.85,AvgH/AvgD/AvgA,AvgCH/AvgCD/AvgCA,0.6486776976948527,0.22483442449376628,0.12648787781138104,0.041620018811750814
2021,E0,2021-05-01,Crystal Palace,Man City,A,10.1,5.14,1.34,9.74,5.43,1.33,AvgH/AvgD/AvgA,AvgCH/AvgCD/AvgCA,0.0952172927299974,0.18710012773793264,0.7176825795320699,0.039831086889396294
2021,E0,2021-05-01,Everton,Aston Villa,A,2.02,3.62,3.69,1.98,3.73,3.77,AvgH/AvgD/AvgA,AvgCH/AvgCD/AvgCA,0.47496088749822213,0.26503342341061015,0.26000568909116767,0.04229530890024735
2021,E0,2021-05-02,Newcastle,Arsenal,A,3.64,3.57,2.05,3.74,3.63,2.02,AvgH/AvgD/AvgA,AvgCH/AvgCD/AvgCA,0.2634895032636911,0.26865596411199877,0.46785453262431015,0.0426421975919824
2021,E0,2021-05-02,Tottenham,Sheffield United,H,1.29,5.73,11.16,1.32,5.46,9.91,AvgH/AvgD/AvgA,AvgCH/AvgCD/AvgCA,0.7458666190781117,0.16791761581339687,0.08621576510849141,0.03931960302466542
2021,E0,2021-05-03,Burnley,West Ham,A,3.17,3.49,2.26,3.02,3.55,2.35,AvgH/AvgD/AvgA,AvgCH/AvgCD/AvgCA,0.30202681227957984,0.2743338094344608,0.4236393782859594,0.04446824064480426
2021,E0,2021-05-03,West Brom,Wolves,D,2.91,3.19,2.58,2.55,3.11,3.06,AvgH/AvgD/AvgA,AvgCH/AvgCD/AvgCA,0.32893301200196634,0.3000611488795367,0.3710058391184969,0.0447191347331064
2021,E0,2021-05-07,Leicester,Newcastle,A,1.42,4.8,7.83,1.4,4.94,8.28,AvgH/AvgD/AvgA,AvgCH/AvgCD/AvgCA,0.676962315332159,0.2002680182857637,0.12276966638207737,0.040272606263378474
2021,E0,2021-05-08,Leeds,Tottenham,H,3.46,3.8,2.04,4.03,3.97,1.86,AvgH/AvgD/AvgA,AvgCH/AvgCD/AvgCA,0.27726908549845486,0.2524607989012247,0.4702701156003205,0.04237131420867701
2021,E0,2021-05-08,Liverpool,Southampton,H,1.29,5.97,10.14,1.31,5.93,9.28,AvgH/AvgD/AvgA,AvgCH/AvgCD/AvgCA,0.7444357132579992,0.160857968191427,0.09470631855057386,0.041317315442862546
2021,E0,2021-05-08,Man City,Chelsea,A,1.94,3.45,4.26,2.04,3.35,4.01,AvgH/AvgD/AvgA,AvgCH/AvgCD/AvgCA,0.4956094205244415,0.2786905147296859,0.22570006474587243,0.04006077402710018
2021,E0,2021-05-08,Sheffield United,Crystal Palace,A,2.97,3.25,2.52,2.96,3.19,2.58,AvgH/AvgD/AvgA,AvgCH/AvgCD/AvgCA,0.3233715930492875,0.2955118865711951,0.38111652037951743,0.04121804121804118
2021,E0,2021-05-09,Arsenal,West Brom,H,1.47,4.53,7.01,1.5,4.5,6.74,AvgH/AvgD/AvgA,AvgCH/AvgCD/AvgCA,0.651803912633854,0.21151252794078707,0.13668355942535884,0.043676013073697506
2021,E0,2021-05-09,Aston Villa,Man United,A,4.38,3.81,1.82,4.43,3.94,1.78,AvgH/AvgD/AvgA,AvgCH/AvgCD/AvgCA,0.219481160741416,0.25231692494682467,0.5282019143117593,0.04022824333470432
2021,E0,2021-05-09,West Ham,Everton,A,2.27,3.44,3.22,2.14,3.53,3.46,AvgH/AvgD/AvgA,AvgCH/AvgCD/AvgCA,0.4228593242985303,0.2790379843481581,0.29810269135331174,0.04178531499101812
2021,E0,2021-05-09,Wolves,Brighton,H,3.35,3.3,2.27,3.96,3.3,2.06,AvgH/AvgD/AvgA,AvgCH/AvgCD/AvgCA,0.286457237911321,0.2907974990917956,0.4227452629968834,0.042066400078103694
2021,E0,2021-05-10,Fulham,Burnley,A,2.21,3.41,3.35,2.23,3.42,3.35,AvgH/AvgD/AvgA,AvgCH/AvgCD/AvgCA,0.433313988112172,0.28082812719293254,0.28585788469489554,0.04425128243418186
2021,E0,2021-05-11,Man United,Leicester,A,2.54,3.37,2.88,3.71,3.55,2.05,AvgH/AvgD/AvgA,AvgCH/AvgCD/AvgCA,0.37941252355300503,0.2859667091467753,0.3346207673002197,0.037658914668307286
2021,E0,2021-05-11,Southampton,Crystal Palace,H,2.1,3.56,3.56,1.88,3.78,4.09,AvgH/AvgD/AvgA,AvgCH/AvgCD/AvgCA,0.45876288659793807,0.2706185567010309,0.2706185567010309,0.03798822899946508
2021,E0,2021-05-12,Chelsea,Arsenal,A,1.73,3.8,5.04,1.95,3.4,4.29,AvgH/AvgD/AvgA,AvgCH/AvgCD/AvgCA,0.5560136100240382,0.2531325119319963,0.19085387804396547,0.03960527523046542
2021,E0,2021-05-13,Aston Villa,Everton,D,2.72,3.44,2.61,3.04,3.32,2.45,AvgH/AvgD/AvgA,AvgCH/AvgCD/AvgCA,0.3530022331959865,0.2791180448526405,0.367879721951373,0.04148649569424134
2021,E0,2021-05-13,Man United,Liverpool,A,3.15,3.76,2.18,2.79,3.72,2.43,AvgH/AvgD/AvgA,AvgCH/AvgCD/AvgCA,0.30462542459807196,0.2552048105010443,0.4401697649008838,0.04213336059910322
2021,E0,2021-05-14,Newcastle,Man City,A,10.52,5.8,1.3,8.51,5.76,1.34,AvgH/AvgD/AvgA,AvgCH/AvgCD/AvgCA,0.09169179881311411,0.16630995232999318,0.7419982488568926,0.036701596554749916
2021,E0,2021-05-15,Brighton,West Ham,D,2.98,3.49,2.39,3.49,3.55,2.12,AvgH/AvgD/AvgA,AvgCH/AvgCD/AvgCA,0.32250468807392657,0.2753764958338972,0.4021188160921762,0.04051346292906022
2021,E0,2021-05-15,Burnley,Leeds,A,3.14,3.64,2.23,3.49,3.8,2.05,AvgH/AvgD/AvgA,AvgCH/AvgCD/AvgCA,0.30574409582281814,0.26374628046254095,0.43050962371464085,0.041627105578435186
2021,E0,2021-05-15,Southampton,Fulham,H,2.02,3.58,3.73,1.87,3.74,4.21,AvgH/AvgD/AvgA,AvgCH/AvgCD/AvgCA,0.4748787322721518,0.26794833496920295,0.2571729327586452,0.04247562863435084
2021,E0,2021-05-16,Crystal Palace,Aston Villa,H,3.05,3.5,2.33,3.1,3.51,2.3,AvgH/AvgD/AvgA,AvgCH/AvgCD/AvgCA,0.3144217608389721,0.2739961058739614,0.4115821332870665,0.04276768752952531
2021,E0,2021-05-16,Everton,Sheffield United,A,1.4,4.73,8.34,1.36,5.1,9.07,AvgH/AvgD/AvgA,AvgCH/AvgCD/AvgCA,0.6831306648749182,0.20219512279595886,0.11467421232912296,0.045606281510581326
2021,E0,2021-05-16,Tottenham,Wolves,H,1.54,4.28,6.27,1.54,4.49,5.95,AvgH/AvgD/AvgA,AvgCH/AvgCD/AvgCA,0.6228871980799673,0.22412296379512842,0.15298983812490427,0.042485142337577164
2021,E0,2021-05-16,West Brom,Liverpool,A,12.37,6.75,1.23,12.27,7.13,1.22,AvgH/AvgD/AvgA,AvgCH/AvgCD/AvgCA,0.0775825093841897,0.14217713201221135,0.7802403586035989,0.04199702196429134
2021,E0,2021-05-18,Brighton,Man City,H,6.93,4.49,1.49,7.26,4.66,1.45,AvgH/AvgD/AvgA,AvgCH/AvgCD/AvgCA,0.1389962914099914,0.21453102438112254,0.646472684208886,0.03815823311794975
2021,E0,2021-05-18,Chelsea,Leicester,H,1.72,3.71,5.37,1.7,3.81,5.32,AvgH/AvgD/AvgA,AvgCH/AvgCD/AvgCA,0.5605664555448322,0.2598852570180893,0.17954828743707849,0.037156867105315516
2021,E0,2021-05-18,Man United,Fulham,D,1.32,5.71,9.38,1.3,5.82,9.97,AvgH/AvgD/AvgA,AvgCH/AvgCD/AvgCA,0.7289169907973206,0.16850620452757675,0.10257680467510269,0.03931691418948646
2021,E0,2021-05-18,Southampton,Leeds,A,2.6,3.81,2.54,2.65,3.8,2.5,AvgH/AvgD/AvgA,AvgCH/AvgCD/AvgCA,0.36954413191076624,0.2521823472356935,0.3782735208535402,0.04078336361800927
2021,E0,2021-05-19,Burnley,Liverpool,A,10.82,6.67,1.25,9.9,6.3,1.28,AvgH/AvgD/AvgA,AvgCH/AvgCD/AvgCA,0.08866671842215249,0.14383416691569564,0.7674991146621519,0.04234647925575108
2021,E0,2021-05-19,Crystal Palace,Arsenal,A,6.14,4.41,1.53,5.92,4.09,1.59,AvgH/AvgD/AvgA,AvgCH/AvgCD/AvgCA,0.15611919785094025,0.21736323691718207,0.6265175652318777,0.043218590367743115
2021,E0,2021-05-19,Everton,Wolves,H,1.89,3.61,4.25,1.79,3.66,4.77,AvgH/AvgD/AvgA,AvgCH/AvgCD/AvgCA,0.5080651303567467,0.26599531755519423,0.2259395520880591,0.041402956996895446
2021,E0,2021-05-19,Newcastle,Sheffield United,H,1.75,3.83,4.75,1.85,3.75,4.29,AvgH/AvgD/AvgA,AvgCH/AvgCD/AvgCA,0.5478431077316871,0.2503199578408492,0.20183693442746367,0.04305149296217037
2021,E0,2021-05-19,Tottenham,Aston Villa,A,1.53,4.65,5.85,1.62,4.44,5.15,AvgH/AvgD/AvgA,AvgCH/AvgCD/AvgCA,0.6287051482059283,0.20686427457098283,0.16443057722308893,0.03958870562286121
2021,E0,2021-05-19,West Brom,West Ham,A,5.26,4.25,1.62,5.07,4.28,1.64,AvgH/AvgD/AvgA,AvgCH/AvgCD/AvgCA,0.18233001069881255,0.22566020147664798,0.5920097878245395,0.04269213670540739
2021,E0,2021-05-23,Arsenal,Brighton,H,1.62,4.29,5.23,1.67,4.19,4.93,AvgH/AvgD/AvgA,AvgCH/AvgCD/AvgCA,0.5926369089598009,0.22379295862817655,0.18357013241202247,0.04158877262765093
2021,E0,2021-05-23,Aston Villa,Chelsea,H,6.62,4.56,1.49,6.97,4.85,1.44,AvgH/AvgD/AvgA,AvgCH/AvgCD/AvgCA,0.14503878715946494,0.21056069539378466,0.6444005174467504,0.041496587024039355
2021,E0,2021-05-23,Fulham,Newcastle,A,2.09,3.81,3.32,2.48,3.44,2.89,AvgH/AvgD/AvgA,AvgCH/AvgCD/AvgCA,0.45912111764044006,0.251853841435307,0.2890250409242529,0.04214091039968948
2021,E0,2021-05-23,Leeds,West Brom,H,1.44,5.18,6.51,1.54,4.69,5.59,AvgH/AvgD/AvgA,AvgCH/AvgCD/AvgCA,0.6670266677743624,0.1854282628561934,0.14754506936944423,0.04110446852382332
2021,E0,2021-05-23,Leicester,Tottenham,A,2.04,4.02,3.33,1.79,4.19,4.14,AvgH/AvgD/AvgA,AvgCH/AvgCD/AvgCA,0.4716813598021184,0.23936069004883623,0.2889579501490455,0.03925259763714539
2021,E0,2021-05-23,Liverpool,Crystal Palace,H,1.16,8.28,17.35,1.16,8.57,16.09,AvgH/AvgD/AvgA,AvgCH/AvgCD/AvgCA,0.8285310239185,0.1160743946552488,0.055394581426251296,0.040478799985213865
2021,E0,2021-05-23,Man City,Everton,H,1.44,4.94,6.83,1.3,6.12,9.6,AvgH/AvgD/AvgA,AvgCH/AvgCD/AvgCA,0.6656315965988676,0.1940302629761881,0.14033814042494427,0.04328647857583667
2021,E0,2021-05-23,Sheffield United,Burnley,H,2.84,3.63,2.41,2.8,3.47,2.53,AvgH/AvgD/AvgA,AvgCH/AvgCD/AvgCA,0.3377474239341516,0.264243163628923,0.39800941243692545,0.04253252905634941
2021,E0,2021-05-23,West Ham,Southampton,H,1.72,4.0,4.76,1.78,3.85,4.57,AvgH/AvgD/AvgA,AvgCH/AvgCD/AvgCA,0.5582399024252943,0.24004315804287657,0.20171693953182904,0.041479382450654745
2021,E0,2021-05-23,Wolves,Man United,A,2.53,3.63,2.69,2.34,3.25,3.26,AvgH/AvgD/AvgA,AvgCH/AvgCD/AvgCA,0.37914833639431084,0.2642549011233075,0.3565967624823816,0.0424862225558702
2122,E0,2021-08-13,Brentford,Arsenal,H,4.02,3.43,2.02,3.89,3.28,2.1,AvgH/AvgD/AvgA,AvgCH/AvgCD/AvgCA,0.2402627125697007,0.2815907010292118,0.4781465864010874,0.03535091336034091
2122,E0,2021-08-14,Burnley,Brighton,A,3.19,3.09,2.49,3.19,3.1,2.48,AvgH/AvgD/AvgA,AvgCH/AvgCD/AvgCA,0.3017968722420306,0.311563761311352,0.38663936644661745,0.03871064499651822
2122,E0,2021-08-14,Chelsea,Crystal Palace,H,1.26,5.92,12.8,1.33,5.17,10.58,AvgH/AvgD/AvgA,AvgCH/AvgCD/AvgCA,0.7626163408585874,0.1623136130881453,0.07507004605326721,0.04069471256971258
2122,E0,2021-08-14,Everton,Southampton,H,1.97,3.53,4.04,2.04,3.39,3.95,AvgH/AvgD/AvgA,AvgCH/AvgCD/AvgCA,0.48883084653853925,0.2728036169067769,0.23836553655468376,0.03842508465338712
2122,E0,2021-08-14,Leicester,Wolves,H,1.71,3.75,5.32,1.74,3.72,5.06,AvgH/AvgD/AvgA,AvgCH/AvgCD/AvgCA,0.562610512779296,0.25655039382735895,0.1808390933933451,0.039431913116123596
2122,E0,2021-08-14,Man United,Leeds,H,1.55,4.48,5.87,1.64,4.19,5.22,AvgH/AvgD/AvgA,AvgCH/AvgCD/AvgCA,0.6211038707986047,0.21489084815576723,0.16400528104562814,0.03873332731454937
2122,E0,2021-08-14,Norwich,Liverpool,A,8.78,5.71,1.33,6.8,4.85,1.46,AvgH/AvgD/AvgA,AvgCH/AvgCD/AvgCA,0.10941928233353265,0.16824891399096614,0.7223318036755012,0.040906264160414985
2122,E0,2021-08-14,Watford,Aston Villa,H,3.14,3.26,2.41,3.49,3.3,2.22,AvgH/AvgD/AvgA,AvgCH/AvgCD/AvgCA,0.3061760533740706,0.2949057692007919,0.39891817742513763,0.040157563173385924
2122,E0,2021-08-15,Newcastle,West Ham,A,3.2,3.51,2.26,3.36,3.5,2.19,AvgH/AvgD/AvgA,AvgCH/AvgCD/AvgCA,0.3005159755423047,0.2739746785570869,0.42550934590060846,0.03987816100647956
2122,E0,2021-08-15,Tottenham,Man City,H,5.49,4.1,1.64,5.88,4.12,1.6,AvgH/AvgD/AvgA,AvgCH/AvgCD/AvgCA,0.17585245550075057,0.23547072699978558,0.5886768174994639,0.03580789906259718
2122,E0,2021-08-21,Aston Villa,Newcastle,H,1.82,3.92,4.25,1.84,3.88,4.21,AvgH/AvgD/AvgA,AvgCH/AvgCD/AvgCA,0.5283957195506416,0.2453265840770836,0.22627769637227474,0.03984670791393485
2122,E0,2021-08-21,Brighton,Watford,H,1.74,3.52,5.53,1.74,3.58,5.41,AvgH/AvgD/AvgA,AvgCH/AvgCD/AvgCA,0.5528021219677047,0.27326013983630865,0.17393773819598668,0.03963537917051663
2122,E0,2021-08-21,Crystal Palace,Brentford,D,2.61,3.18,2.9,2.65,3.16,2.9,AvgH/AvgD/AvgA,AvgCH/AvgCD/AvgCA,0.36754507628294036,0.3016643550624133,0.33079056865464634,0.042434757464035355
2122,E0,2021-08-21,Leeds,Everton,D,2.37,3.47,3.03,2.13,3.49,3.53,AvgH/AvgD/AvgA,AvgCH/AvgCD/AvgCA,0.40565065916640625,0.27705823118858297,0.31729110964501084,0.04015836961071795
2122,E0,2021-08-21,Liverpool,Burnley,H,1.21,6.97,14.41,1.24,6.57,12.29,AvgH/AvgD/AvgA,AvgCH/AvgCD/AvgCA,0.7951839756150664,0.13804485086000434,0.06677117352492924,0.039314556549618684
2122,E0,2021-08-21,Man City,Norwich,H,1.11,10.58,25.64,1.12,9.88,23.15,AvgH/AvgD/AvgA,AvgCH/AvgCD/AvgCA,0.8709233538186322,0.09137286604335366,0.03770378013801411,0.034420419375401634
2122,E0,2021-08-22,Arsenal,Chelsea,A,4.76,3.74,1.78,4.51,3.54,1.88,AvgH/AvgD/AvgA,AvgCH/AvgCD/AvgCA,0.20214742927937232,0.2572785463555647,0.5405740243650631,0.03926146556681909
2122,E0,2021-08-22,Southampton,Man United,D,5.36,4.26,1.61,5.39,4.28,1.62,AvgH/AvgD/AvgA,AvgCH/AvgCD/AvgCA,0.178973847783768,0.225187752141079,0.5958384000751531,0.04242696063902329
2122,E0,2021-08-22,Wolves,Tottenham,A,3.2,3.15,2.43,2.93,3.06,2.7,AvgH/AvgD/AvgA,AvgCH/AvgCD/AvgCA,0.30005291938613515,0.304815664138296,0.3951314164755689,0.04148295120517331
2122,E0,2021-08-23,West Ham,Leicester,H,2.58,3.44,2.75,2.46,3.47,2.9,AvgH/AvgD/AvgA,AvgCH/AvgCD/AvgCA,0.37199864727764625,0.2789989854582347,0.34900236726411904,0.04193093727977448
2122,E0,2021-08-28,Aston Villa,Brentford,D,2.0,3.57,3.84,2.09,3.3,3.9,AvgH/AvgD/AvgA,AvgCH/AvgCD/AvgCA,0.4805249432152772,0.2692016488600993,0.25027340792462355,0.040528711484593805
2122,E0,2021-08-28,Brighton,Everton,A,2.35,3.25,3.27,2.31,3.23,3.36,AvgH/AvgD/AvgA,AvgCH/AvgCD/AvgCA,0.40954546330372454,0.29613287346577005,0.29432166323050535,0.03903462013944159
2122,E0,2021-08-28,Liverpool,Chelsea,D,2.5,3.33,2.95,2.43,3.32,3.07,AvgH/AvgD/AvgA,AvgCH/AvgCD/AvgCA,0.38488060023115955,0.2889493995729426,0.32617000019589787,0.03928335114775794
2122,E0,2021-08-28,Man City,Arsenal,H,1.26,6.16,11.99,1.34,5.24,9.86,AvgH/AvgD/AvgA,AvgCH/AvgCD/AvgCA,0.7635726795096323,0.1561853208087884,0.08024199968157937,0.039391291684869545
2122,E0,2021-08-28,Newcastle,Southampton,D,2.52,3.47,2.82,2.44,3.54,2.86,AvgH/AvgD/AvgA,AvgCH/AvgCD/AvgCA,0.3817024363985302,0.277201769372996,0.3410957942284738,0.03961976394375677
2122,E0,2021-08-28,Norwich,Leicester,A,4.34,3.55,1.9,4.21,3.63,1.9,AvgH/AvgD/AvgA,AvgCH/AvgCD/AvgCA,0.2218895979998684,0.2712678465688532,0.5068425554312783,0.038420676862533476
2122,E0,2021-08-28,West Ham,Crystal Palace,D,1.58,4.02,6.29,1.57,4.12,6.39,AvgH/AvgD/AvgA,AvgCH/AvgCD/AvgCA,0.6081884566909436,0.23903924417206246,0.1527722991369938,0.040650123234224456
2122,E0,2021-08-29,Burnley,Leeds,D,3.07,3.51,2.33,3.27,3.54,2.22,AvgH/AvgD/AvgA,AvgCH/AvgCD/AvgCA,0.31325961137008707,0.2739906002581673,0.4127497883717456,0.039817733279309486
2122,E0,2021-08-29,Tottenham,Watford,H,1.44,4.48,8.42,1.47,4.45,7.65,AvgH/AvgD/AvgA,AvgCH/AvgCD/AvgCA,0.6700392201443756,0.21536974933212072,0.11459103052350367,0.03642357576443089
2122,E0,2021-08-29,Wolves,Man United,A,4.91,3.48,1.82,4.88,3.71,1.77,AvgH/AvgD/AvgA,AvgCH/AvgCD/AvgCA,0.19574368135094541,0.276178584894581,0.5280777337544735,0.040472859069670575
2122,E0,2021-09-11,Arsenal,Norwich,H,1.52,4.48,6.4,1.42,4.89,7.72,AvgH/AvgD/AvgA,AvgCH/AvgCD/AvgCA,0.6342015855039639,0.21517553793884484,0.1506228765571914,0.0373590225563909
2122,E0,2021-09-11,Brentford,Brighton,A,2.86,3.14,2.69,3.01,3.01,2.67,AvgH/AvgD/AvgA,AvgCH/AvgCD/AvgCA,0.33624464578589514,0.3062610467986178,0.357494307415487,0.03986889912587843
2122,E0,2021-09-11,Chelsea,Aston Villa,H,1.3,5.46,11.28,1.34,5.29,9.78,AvgH/AvgD/AvgA,AvgCH/AvgCD/AvgCA,0.7389107243121841,0.1759311248362343,0.08515815085158152,0.04103343465045595
2122,E0,2021-09-11,Crystal Palace,Tottenham,H,4.25,3.44,1.95,3.95,3.32,2.07,AvgH/AvgD/AvgA,AvgCH/AvgCD/AvgCA,0.22650301362462222,0.27983657206530366,0.4936604143100741,0.038812304886176374
2122,E0,2021-09-11,Leicester,Man City,A,5.7,4.22,1.6,5.58,4.04,1.63,AvgH/AvgD/AvgA,AvgCH/AvgCD/AvgCA,0.16911285878875917,0.2284225817762861,0.6024645594349546,0.03740542113577794
2122,E0,2021-09-11,Man United,Newcastle,H,1.2,7.27,14.77,1.19,7.42,15.77,AvgH/AvgD/AvgA,AvgCH/AvgCD/AvgCA,0.8023700942792089,0.13244073083013078,0.06518917489066016,0.03858972221782464
2122,E0,2021-09-11,Southampton,West Ham,D,2.89,3.46,2.47,3.06,3.53,2.33,AvgH/AvgD/AvgA,AvgCH/AvgCD/AvgCA,0.3327454163892555,0.2779289749609678,0.3893256086497767,0.03989640188127885
2122,E0,2021-09-11,Watford,Wolves,A,3.36,3.19,2.33,3.57,3.17,2.25,AvgH/AvgD/AvgA,AvgCH/AvgCD/AvgCA,0.28609424978541104,0.30134065181159286,0.4125650984029962,0.04028322079972213
2122,E0,2021-09-12,Leeds,Liverpool,A,4.34,4.05,1.78,4.86,4.31,1.67,AvgH/AvgD/AvgA,AvgCH/AvgCD/AvgCA,0.2217389699549694,0.23761657521100424,0.5406444548340265,0.03912607959968106
2122,E0,2021-09-13,Everton,Burnley,H,1.75,3.71,5.01,1.78,3.52,5.23,AvgH/AvgD/AvgA,AvgCH/AvgCD/AvgCA,0.5491489669720596,0.25903253159059414,0.1918185014373462,0.04057114880750623
2122,E0,2021-09-17,Newcastle,Leeds,D,3.01,3.62,2.33,3.09,3.67,2.26,AvgH/AvgD/AvgA,AvgCH/AvgCD/AvgCA,0.320170360725931,0.26621900159808076,0.4136106376759881,0.03765355690013772
2122,E0,2021-09-18,Aston Villa,Everton,H,2.4,3.36,3.06,2.18,3.36,3.52,AvgH/AvgD/AvgA,AvgCH/AvgCD/AvgCA,0.40022421524663676,0.2858744394618834,0.3139013452914798,0.041083099906629394
2122,E0,2021-09-18,Burnley,Arsenal,A,3.82,3.5,2.03,3.76,3.63,2.01,AvgH/AvgD/AvgA,AvgCH/AvgCD/AvgCA,0.2516861733782979,0.27469748065859945,0.4736163459631026,0.04010522786475135
2122,E0,2021-09-18,Liverpool,Crystal Palace,H,1.22,6.84,14.04,1.27,6.16,11.26,AvgH/AvgD/AvgA,AvgCH/AvgCD/AvgCA,0.7903531642569329,0.1409694240341313,0.06867741170893576,0.037096032781968935
2122,E0,2021-09-18,Man City,Southampton,D,1.15,8.46,18.55,1.17,8.1,16.62,AvgH/AvgD/AvgA,AvgCH/AvgCD/AvgCA,0.834774421592121,0.11347406440082022,0.051751514007058706,0.04167688287912408
2122,E0,2021-09-18,Norwich,Watford,A,2.18,3.39,3.47,2.3,3.3,3.34,AvgH/AvgD/AvgA,AvgCH/AvgCD/AvgCA,0.44027457042229795,0.28312641991758397,0.276599009660118,0.0418852851080842
2122,E0,2021-09-18,Wolves,Brentford,A,1.9,3.27,4.83,1.83,3.35,5.1,AvgH/AvgD/AvgA,AvgCH/AvgCD/AvgCA,0.5064792634708072,0.29428458733777785,0.19923614919141483,0.03916552450132116
2122,E0,2021-09-19,Brighton,Leicester,H,2.75,3.23,2.73,2.52,3.22,3.02,AvgH/AvgD/AvgA,AvgCH/AvgCD/AvgCA,0.3498070049468619,0.29782330142534685,0.3523696936277913,0.03953425315654413
2122,E0,2021-09-19,Tottenham,Chelsea,A,4.89,3.83,1.74,4.2,3.41,1.97,AvgH/AvgD/AvgA,AvgCH/AvgCD/AvgCA,0.19657537277111634,0.2509800451307464,0.5524445820981373,0.04030822692739866
2122,E0,2021-09-19,West Ham,Man United,A,4.51,3.9,1.78,4.38,3.77,1.83,AvgH/AvgD/AvgA,AvgCH/AvgCD/AvgCA,0.21321424622529087,0.2465631411477082,0.540222612627001,0.039937499241418095
2122,E0,2021-09-25,Brentford,Liverpool,D,6.96,4.48,1.49,7.58,4.86,1.42,AvgH/AvgD/AvgA,AvgCH/AvgCD/AvgCA,0.13841381484000465,0.21503574805500722,0.6465504371049883,0.038033386231141275
2122,E0,2021-09-25,Chelsea,Man City,A,2.66,3.26,2.79,2.89,3.18,2.64,AvgH/AvgD/AvgA,AvgCH/AvgCD/AvgCA,0.36109478966508396,0.294635625923044,0.34426958441187216,0.041111254949829146
2122,E0,2021-09-25,Everton,Norwich,H,1.63,3.86,5.96,1.69,3.76,5.53,AvgH/AvgD/AvgA,AvgCH/AvgCD/AvgCA,0.5897027083835312,0.2490195374780197,0.161277754138449,0.040349524927619784
2122,E0,2021-09-25,Leeds,West Ham,A,3.04,3.67,2.29,2.95,3.6,2.36,AvgH/AvgD/AvgA,AvgCH/AvgCD/AvgCA,0.3168719625075878,0.26247704796268856,0.4206509895297235,0.03810815516117394
2122,E0,2021-09-25,Leicester,Burnley,D,1.59,4.05,6.12,1.68,3.86,5.32,AvgH/AvgD/AvgA,AvgCH/AvgCD/AvgCA,0.6051816204100469,0.23758982134616655,0.15722855824378668,0.03924309066743392
2122,E0,2021-09-25,Man United,Aston Villa,A,1.4,5.08,7.84,1.4,4.99,7.82,AvgH/AvgD/AvgA,AvgCH/AvgCD/AvgCA,0.6876812995552117,0.18951846838135755,0.12280023206343066,0.03868712839466504
2122,E0,2021-09-25,Watford,Newcastle,D,2.27,3.37,3.32,2.13,3.48,3.52,AvgH/AvgD/AvgA,AvgCH/AvgCD/AvgCA,0.4242095644689798,0.28574353452361545,0.2900469010074049,0.03846935868285217
2122,E0,2021-09-26,Arsenal,Tottenham,H,2.28,3.31,3.35,2.2,3.39,3.45,AvgH/AvgD/AvgA,AvgCH/AvgCD/AvgCA,0.4220444329414273,0.29071338583276557,0.2872421812258072,0.039218757540014915
2122,E0,2021-09-26,Southampton,Wolves,A,2.65,3.24,2.83,2.21,3.3,3.52,AvgH/AvgD/AvgA,AvgCH/AvgCD/AvgCA,0.3630690524931993,0.2969546262675858,0.3399763212392149,0.03935735633404369
2122,E0,2021-09-27,Crystal Palace,Brighton,D,3.04,3.15,2.54,2.9,3.09,2.69,AvgH/AvgD/AvgA,AvgCH/AvgCD/AvgCA,0.31626255998355646,0.3052184705873052,0.3785189694291384,0.04010847328294487
2122,E0,2021-10-02,Brighton,Arsenal,D,3.05,3.22,2.5,3.24,3.29,2.35,AvgH/AvgD/AvgA,AvgCH/AvgCD/AvgCA,0.3157358016943834,0.2990665202384687,0.3851976780671477,0.03842785867019671
2122,E0,2021-10-02,Burnley,Norwich,D,1.88,3.61,4.33,1.96,3.54,4.01,AvgH/AvgD/AvgA,AvgCH/AvgCD/AvgCA,0.5115205262038385,0.2663874208485364,0.22209205294762502,0.03987008608341891
2122,E0,2021-10-02,Chelsea,Southampton,H,1.38,4.9,8.92,1.42,4.73,7.94,AvgH/AvgD/AvgA,AvgCH/AvgCD/AvgCA,0.6962134196458721,0.19607643247169457,0.10771014788243313,0.04082693713086738
2122,E0,2021-10-02,Leeds,Watford,H,1.76,3.9,4.63,1.76,3.95,4.6,AvgH/AvgD/AvgA,AvgCH/AvgCD/AvgCA,0.5460268885811224,0.24641213433404496,0.20756097708483268,0.040574795974364086
2122,E0,2021-10-02,Man United,Everton,D,1.5,4.38,7.08,1.54,4.24,6.48,AvgH/AvgD/AvgA,AvgCH/AvgCD/AvgCA,0.6433639554858467,0.22033012174172834,0.13630592277242515,0.036220106802878904
2122,E0,2021-10-02,Wolves,Newcastle,H,1.69,4.0,5.02,1.78,3.71,4.75,AvgH/AvgD/AvgA,AvgCH/AvgCD/AvgCA,0.5684552624576066,0.24017234838833876,0.1913723891540548,0.04091916358235692
2122,E0,2021-10-03,Crystal Palace,Leicester,D,3.11,3.41,2.36,2.82,3.25,2.64,AvgH/AvgD/AvgA,AvgCH/AvgCD/AvgCA,0.30961477052819486,0.28237593441134484,0.40800929506046024,0.038527353884260096
2122,E0,2021-10-03,Liverpool,Man City,D,2.9,3.53,2.43,3.02,3.56,2.35,AvgH/AvgD/AvgA,AvgCH/AvgCD/AvgCA,0.33168096698231764,0.2724857802404309,0.3958332527772514,0.03963633893192253
2122,E0,2021-10-03,Tottenham,Aston Villa,H,2.12,3.53,3.5,2.11,3.44,3.65,AvgH/AvgD/AvgA,AvgCH/AvgCD/AvgCA,0.4532514509182422,0.2722076702398509,0.27454087884190675,0.04069851790200296
2122,E0,2021-10-03,West Ham,Brentford,A,1.82,3.62,4.67,1.78,3.72,4.81,AvgH/AvgD/AvgA,AvgCH/AvgCD/AvgCA,0.52840603628271,0.26566270332445646,0.20593126039283347,0.03982640568583529
2122,E0,2021-10-16,Aston Villa,Wolves,A,2.25,3.28,3.42,2.13,3.2,3.84,AvgH/AvgD/AvgA,AvgCH/AvgCD/AvgCA,0.4266447593619498,0.292667898952557,0.28068734168549325,0.041720154043645596
2122,E0,2021-10-16,Brentford,Chelsea,A,6.37,3.84,1.6,5.58,3.83,1.66,AvgH/AvgD/AvgA,AvgCH/AvgCD/AvgCA,0.1506000470625147,0.24982351556984864,0.5995764373676367,0.042402537938252216
2122,E0,2021-10-16,Leicester,Man United,H,3.49,3.59,2.1,3.66,3.75,2.0,AvgH/AvgD/AvgA,AvgCH/AvgCD/AvgCA,0.2751751097743922,0.2675100649338799,0.45731482529172796,0.041274959513300624
2122,E0,2021-10-16,Man City,Burnley,H,1.12,9.47,22.12,1.14,8.96,19.09,AvgH/AvgD/AvgA,AvgCH/AvgCD/AvgCA,0.8555043511075027,0.10117897288705417,0.04331667600544318,0.043661720365635315
2122,E0,2021-10-16,Norwich,Brighton,D,3.67,3.34,2.13,4.03,3.49,1.97,AvgH/AvgD/AvgA,AvgCH/AvgCD/AvgCA,0.26165632551279744,0.28750859719519956,0.450835077292003,0.0413643297126054
2122,E0,2021-10-16,Southampton,Leeds,H,2.4,3.52,2.93,2.16,3.58,3.34,AvgH/AvgD/AvgA,AvgCH/AvgCD/AvgCA,0.3998511258606786,0.27262576763228086,0.3275231065070404,0.042054504085220934
2122,E0,2021-10-16,Watford,Liverpool,A,8.67,5.33,1.36,8.61,5.48,1.35,AvgH/AvgD/AvgA,AvgCH/AvgCD/AvgCA,0.11109084751061668,0.180704999609202,0.7082041528801813,0.038251632183609496
2122,E0,2021-10-17,Everton,West Ham,A,2.52,3.35,2.89,2.84,3.27,2.61,AvgH/AvgD/AvgA,AvgCH/AvgCD/AvgCA,0.3810669007293467,0.2866533103993891,0.33227978887126425,0.0413536207576386
2122,E0,2021-10-17,Newcastle,Tottenham,A,3.51,3.58,2.09,3.56,3.61,2.07,AvgH/AvgD/AvgA,AvgCH/AvgCD/AvgCA,0.2732335423369206,0.26789098703982994,0.45887547062324946,0.04269879336036353
2122,E0,2021-10-18,Arsenal,Crystal Palace,D,1.65,3.87,5.65,1.61,4.0,5.81,AvgH/AvgD/AvgA,AvgCH/AvgCD/AvgCA,0.5819393987783943,0.24811369715357895,0.16994690406802665,0.04144968931962145
2122,E0,2021-10-22,Arsenal,Aston Villa,H,1.91,3.73,4.05,1.98,3.64,3.87,AvgH/AvgD/AvgA,AvgCH/AvgCD/AvgCA,0.5041162906331446,0.2581399772411008,0.2377437321257546,0.03857030441630571
2122,E0,2021-10-23,Brighton,Man City,A,7.71,4.77,1.42,8.1,4.84,1.41,AvgH/AvgD/AvgA,AvgCH/AvgCD/AvgCA,0.12428644563224908,0.20089066998420135,0.6748228843835496,0.04357064410461664
2122,E0,2021-10-23,Chelsea,Norwich,H,1.19,7.07,17.21,1.22,6.51,14.53,AvgH/AvgD/AvgA,AvgCH/AvgCD/AvgCA,0.8081051804534699,0.13601770364068305,0.055877115905847125,0.03988460262341742
2122,E0,2021-10-23,Crystal Palace,Newcastle,D,1.97,3.61,3.88,1.91,3.54,4.24,AvgH/AvgD/AvgA,AvgCH/AvgCD/AvgCA,0.4869880850146547,0.26575250068666756,0.24725941429867782,0.04235448221016358
2122,E0,2021-10-23,Everton,Watford,A,1.67,3.86,5.49,1.79,3.62,4.84,AvgH/AvgD/AvgA,AvgCH/AvgCD/AvgCA,0.5757609513692099,0.24909864994470998,0.17514039868608022,0.04001911519976553
2122,E0,2021-10-23,Leeds,Wolves,D,2.57,3.37,2.79,2.44,3.4,2.96,AvgH/AvgD/AvgA,AvgCH/AvgCD/AvgCA,0.3726118057344403,0.28415796461053755,0.3432302296550221,0.04426390247836953
2122,E0,2021-10-23,Southampton,Burnley,D,2.0,3.54,3.87,1.97,3.61,3.9,AvgH/AvgD/AvgA,AvgCH/AvgCD/AvgCA,0.48036101234931516,0.2713904024572402,0.2482485851934445,0.04088380852275231
2122,E0,2021-10-24,Brentford,Leicester,A,2.63,3.39,2.72,2.78,3.41,2.58,AvgH/AvgD/AvgA,AvgCH/AvgCD/AvgCA,0.3646011680459943,0.2828616731448274,0.35253715880917824,0.042860446443121925
2122,E0,2021-10-24,Man United,Liverpool,A,3.06,3.66,2.27,2.97,3.59,2.35,AvgH/AvgD/AvgA,AvgCH/AvgCD/AvgCA,0.31406214561124973,0.26257654797006125,0.4233613064186891,0.04055006369799541
2122,E0,2021-10-24,West Ham,Tottenham,H,2.35,3.49,3.01,2.29,3.5,3.13,AvgH/AvgD/AvgA,AvgCH/AvgCD/AvgCA,0.40748412522934535,0.2743804281630262,0.31813544660762844,0.04429077980427776
2122,E0,2021-10-30,Burnley,Brentford,H,2.66,3.24,2.78,2.64,3.15,2.88,AvgH/AvgD/AvgA,AvgCH/AvgCD/AvgCA,0.3599942446963278,0.2955508305222938,0.34445492478137846,0.044294055148529354
2122,E0,2021-10-30,Leicester,Arsenal,A,2.47,3.47,2.87,2.5,3.49,2.8,AvgH/AvgD/AvgA,AvgCH/AvgCD/AvgCA,0.3887355720625949,0.27670802968144365,0.33455639825596145,0.04147479338461646
2122,E0,2021-10-30,Liverpool,Brighton,D,1.24,6.49,12.11,1.28,6.06,10.42,AvgH/AvgD/AvgA,AvgCH/AvgCD/AvgCA,0.7731214199781818,0.14771503247657095,0.07916354754524736,0.04311120098830612
2122,E0,2021-10-30,Man City,Crystal Palace,A,1.16,8.13,18.61,1.14,8.64,19.87,AvgH/AvgD/AvgA,AvgCH/AvgCD/AvgCA,0.8298662170485916,0.11840649591345216,0.051727287037956274,0.03880474684603796
2122,E0,2021-10-30,Newcastle,Chelsea,A,8.63,4.91,1.38,7.84,4.54,1.44,AvgH/AvgD/AvgA,AvgCH/AvgCD/AvgCA,0.11097226430390526,0.19504901037529582,0.693978725320799,0.04417852409589207
2122,E0,2021-10-30,Tottenham,Man United,A,2.93,3.57,2.37,3.12,3.58,2.26,AvgH/AvgD/AvgA,AvgCH/AvgCD/AvgCA,0.3271164619506594,0.2684737348782723,0.4044098031710684,0.043349901415614234
2122,E0,2021-10-30,Watford,Southampton,A,3.12,3.37,2.35,3.23,3.44,2.26,AvgH/AvgD/AvgA,AvgCH/AvgCD/AvgCA,0.30736360849029143,0.2845621538545131,0.40807423765519546,0.04278064045094787
2122,E0,2021-10-31,Aston Villa,West Ham,A,2.83,3.5,2.48,2.96,3.48,2.39,AvgH/AvgD/AvgA,AvgCH/AvgCD/AvgCA,0.33901747424170225,0.27411984345829066,0.38686268230000703,0.0422969826252626
2122,E0,2021-10-31,Norwich,Leeds,A,3.44,3.6,2.11,3.59,3.66,2.03,AvgH/AvgD/AvgA,AvgCH/AvgCD/AvgCA,0.2788710056390978,0.26647673872180455,0.4546522556390978,0.04240910148548194
2122,E0,2021-11-01,Wolves,Everton,H,2.24,3.28,3.39,2.24,3.17,3.56,AvgH/AvgD/AvgA,AvgCH/AvgCD/AvgCA,0.4266768994627782,0.2913891020721412,0.2819339984650806,0.04629187094652232
2122,E0,2021-11-05,Southampton,Aston Villa,H,2.02,3.66,3.68,2.06,3.64,3.56,AvgH/AvgD/AvgA,AvgCH/AvgCD/AvgCA,0.47600333620774965,0.26271222380864867,0.2612844399836017,0.040012679101124604
2122,E0,2021-11-06,Brentford,Norwich,A,1.63,3.92,5.8,1.64,3.97,5.53,AvgH/AvgD/AvgA,AvgCH/AvgCD/AvgCA,0.5893270018351668,0.24505178902839847,0.16562120913643483,0.04101276643511209
2122,E0,2021-11-06,Brighton,Newcastle,D,1.62,3.99,5.76,1.59,4.13,5.84,AvgH/AvgD/AvgA,AvgCH/AvgCD/AvgCA,0.592675114886506,0.24063500905166413,0.16668987606182983,0.04152162814443505
2122,E0,2021-11-06,Chelsea,Burnley,D,1.26,5.94,12.51,1.27,5.67,12.59,AvgH/AvgD/AvgA,AvgCH/AvgCD/AvgCA,0.7617070740617735,0.16157422783128528,0.07671869810694122,0.04193701316003473
2122,E0,2021-11-06,Crystal Palace,Wolves,H,2.5,3.15,3.08,2.34,3.1,3.42,AvgH/AvgD/AvgA,AvgCH/AvgCD/AvgCA,0.3838271946829134,0.30462475768485187,0.31154804763223487,0.042135642135642026
2122,E0,2021-11-06,Man United,Man City,A,4.69,4.09,1.72,4.65,4.14,1.71,AvgH/AvgD/AvgA,AvgCH/AvgCD/AvgCA,0.20519372179782228,0.23529549027672045,0.5595107879254573,0.03911374254801259
2122,E0,2021-11-07,Arsenal,Watford,H,1.39,4.9,8.25,1.45,4.76,7.13,AvgH/AvgD/AvgA,AvgCH/AvgCD/AvgCA,0.6886301498207091,0.1953461037246501,0.11602374645464068,0.0447182142968372
2122,E0,2021-11-07,Everton,Tottenham,D,3.06,3.28,2.42,3.39,3.28,2.26,AvgH/AvgD/AvgA,AvgCH/AvgCD/AvgCA,0.312755126164321,0.2917776481898848,0.3954672256457943,0.04489857489727056
2122,E0,2021-11-07,Leeds,Leicester,D,2.76,3.56,2.5,2.64,3.44,2.68,AvgH/AvgD/AvgA,AvgCH/AvgCD/AvgCA,0.34730894105894106,0.269261988011988,0.38342907092907086,0.043217716984204735
2122,E0,2021-11-07,West Ham,Liverpool,H,4.59,4.11,1.72,4.45,4.21,1.73,AvgH/AvgD/AvgA,AvgCH/AvgCD/AvgCA,0.2089692540993056,0.23337442246126827,0.5576563234394261,0.042569275017576125
2122,E0,2021-11-20,Aston Villa,Brighton,H,2.43,3.31,3.04,2.48,3.29,3.0,AvgH/AvgD/AvgA,AvgCH/AvgCD/AvgCA,0.39471382227992885,0.2897748000423647,0.3155113776777063,0.04258480579128632
2122,E0,2021-11-20,Burnley,Crystal Palace,D,2.77,3.23,2.7,2.85,3.18,2.68,AvgH/AvgD/AvgA,AvgCH/AvgCD/AvgCA,0.3467994321412807,0.29741003932859056,0.35579052853012866,0.040978723915094495
2122,E0,2021-11-20,Leicester,Chelsea,A,4.74,3.72,1.78,4.91,3.71,1.76,AvgH/AvgD/AvgA,AvgCH/AvgCD/AvgCA,0.20254744337995081,0.2580846455970341,0.5393679110230152,0.04158542124508502
2122,E0,2021-11-20,Liverpool,Arsenal,H,1.48,4.77,6.38,1.52,4.7,5.93,AvgH/AvgD/AvgA,AvgCH/AvgCD/AvgCA,0.6484043754500943,0.2011820703702599,0.15041355417964572,0.04205909345792236
2122,E0,2021-11-20,Newcastle,Brentford,D,2.64,3.37,2.72,2.48,3.39,2.92,AvgH/AvgD/AvgA,AvgCH/AvgCD/AvgCA,0.363112026620187,0.28445571224845506,0.35243226113135795,0.04317084265591853
2122,E0,2021-11-20,Norwich,Southampton,H,3.63,3.46,2.1,3.54,3.45,2.14,AvgH/AvgD/AvgA,AvgCH/AvgCD/AvgCA,0.26471102561860627,0.2777170586692314,0.45757191571216216,0.040689910894850634
2122,E0,2021-11-20,Watford,Man United,H,6.22,4.65,1.5,6.42,4.62,1.5,AvgH/AvgD/AvgA,AvgCH/AvgCD/AvgCA,0.15421862563014066,0.20628814009020963,0.6394932342796499,0.04249213428759102
2122,E0,2021-11-20,Wolves,West Ham,H,3.02,3.27,2.47,3.14,3.27,2.41,AvgH/AvgD/AvgA,AvgCH/AvgCD/AvgCA,0.3178417815415734,0.2935419511484867,0.38861626730993987,0.04179452496322811
2122,E0,2021-11-21,Man City,Everton,H,1.18,7.56,15.95,1.21,7.11,14.63,AvgH/AvgD/AvgA,AvgCH/AvgCD/AvgCA,0.8129646085119179,0.1268913013285798,0.06014409015950239,0.04242868415866674
2122,E0,2021-11-21,Tottenham,Leeds,H,1.73,4.07,4.56,1.61,4.06,5.73,AvgH/AvgD/AvgA,AvgCH/AvgCD/AvgCA,0.5541862874786125,0.23556321310515957,0.21025049941622798,0.043033173395205626
2122,E0,2021-11-27,Arsenal,Newcastle,H,1.47,4.77,6.61,1.51,4.54,6.3,AvgH/AvgD/AvgA,AvgCH/AvgCD/AvgCA,0.6533528947352062,0.20134774743412018,0.1452993578306737,0.041201645122030284
2122,E0,2021-11-27,Brighton,Leeds,D,2.11,3.41,3.67,2.19,3.31,3.54,AvgH/AvgD/AvgA,AvgCH/AvgCD/AvgCA,0.4558508022656492,0.2820660389385688,0.262083158795782,0.039668345286606455
2122,E0,2021-11-27,Crystal Palace,Aston Villa,A,2.24,3.37,3.36,2.32,3.23,3.32,AvgH/AvgD/AvgA,AvgCH/AvgCD/AvgCA,0.4289350869749681,0.285108188375053,0.2859567246499788,0.040783524092129486
2122,E0,2021-11-27,Liverpool,Southampton,H,1.29,5.99,9.78,1.25,6.5,11.34,AvgH/AvgD/AvgA,AvgCH/AvgCD/AvgCA,0.742246802364255,0.15984947830549065,0.0979037193302545,0.044388195382468965
2122,E0,2021-11-27,Norwich,Wolves,D,3.54,3.35,2.17,3.57,3.29,2.19,AvgH/AvgD/AvgA,AvgCH/AvgCD/AvgCA,0.2711457909833161,0.28652420897938474,0.4423300000372991,0.041822831480339495
2122,E0,2021-11-28,Brentford,Everton,H,2.25,3.27,3.4,2.25,3.21,3.52,AvgH/AvgD/AvgA,AvgCH/AvgCD/AvgCA,0.425561233277832,0.2928173623471321,0.2816214043750359,0.0443724890567847
2122,E0,2021-11-28,Chelsea,Man United,D,1.61,4.12,5.67,1.56,4.21,6.21,AvgH/AvgD/AvgA,AvgCH/AvgCD/AvgCA,0.5971121329778668,0.23333750827533148,0.1695503587468017,0.04020330205781164
2122,E0,2021-11-28,Leicester,Watford,H,1.63,4.15,5.26,1.7,3.9,5.1,AvgH/AvgD/AvgA,AvgCH/AvgCD/AvgCA,0.5873173461618143,0.23068127090211016,0.18200138293607554,0.04457485637808878
2122,E0,2021-11-28,Man City,West Ham,H,1.3,5.82,10.01,1.27,6.21,10.75,AvgH/AvgD/AvgA,AvgCH/AvgCD/AvgCA,0.738968405777983,0.16506167139370756,0.09596992282830949,0.040952174972793465
2122,E0,2021-11-30,Leeds,Crystal Palace,H,2.42,3.33,3.06,2.25,3.34,3.35,AvgH/AvgD/AvgA,AvgCH/AvgCD/AvgCA,0.3972074094863879,0.28866124052764525,0.31413134998596687,0.04032082641708312
2122,E0,2021-11-30,Newcastle,Norwich,D,1.99,3.63,3.82,2.11,3.51,3.56,AvgH/AvgD/AvgA,AvgCH/AvgCD/AvgCA,0.48328982542232873,0.26494400897808107,0.25176616559959014,0.0397747611900241
2122,E0,2021-12-01,Aston Villa,Man City,A,8.6,5.2,1.36,7.35,4.63,1.45,AvgH/AvgD/AvgA,AvgCH/AvgCD/AvgCA,0.11139112903225806,0.18422379032258063,0.7043850806451613,0.04388087972219301
2122,E0,2021-12-01,Everton,Liverpool,A,7.52,5.05,1.41,8.49,5.18,1.37,AvgH/AvgD/AvgA,AvgCH/AvgCD/AvgCA,0.12783731330689393,0.19036368238967177,0.6817990043034343,0.040218383540481684
2122,E0,2021-12-01,Southampton,Leicester,D,2.43,3.47,2.91,2.36,3.46,3.07,AvgH/AvgD/AvgA,AvgCH/AvgCD/AvgCA,0.39442445832405637,0.27621078781771097,0.32936475385823266,0.04334968346905055
2122,E0,2021-12-01,Watford,Chelsea,A,10.3,5.43,1.31,9.78,5.33,1.33,AvgH/AvgD/AvgA,AvgCH/AvgCD/AvgCA,0.0929414270277898,0.17629773450943553,0.7307608384627747,0.044608219881832056
2122,E0,2021-12-01,West Ham,Brighton,D,2.01,3.53,3.79,1.98,3.45,4.14,AvgH/AvgD/AvgA,AvgCH/AvgCD/AvgCA,0.4762476016218199,0.27117781282148945,0.2525745855566907,0.04465079953517859
2122,E0,2021-12-01,Wolves,Burnley,D,1.95,3.41,4.23,1.94,3.37,4.4,AvgH/AvgD/AvgA,AvgCH/AvgCD/AvgCA,0.49192252995160685,0.2813046725529716,0.22677279749542154,0.04248226417066503
2122,E0,2021-12-02,Man United,Arsenal,H,2.02,3.66,3.66,2.07,3.66,3.52,AvgH/AvgD/AvgA,AvgCH/AvgCD/AvgCA,0.47532467532467537,0.2623376623376623,0.2623376623376623,0.041497592382188975
2122,E0,2021-12-02,Tottenham,Brentford,H,1.64,4.07,5.25,1.66,3.93,5.46,AvgH/AvgD/AvgA,AvgCH/AvgCD/AvgCA,0.5829784215451691,0.2349102239150067,0.18211135453982424,0.045932533737411685
2122,E0,2021-12-04,Newcastle,Burnley,H,2.33,3.35,3.19,2.36,3.44,3.07,AvgH/AvgD/AvgA,AvgCH/AvgCD/AvgCA,0.41221306321770357,0.28670341411858186,0.3010835226637145,0.04117163586724182
2122,E0,2021-12-04,Southampton,Brighton,D,2.45,3.21,3.1,2.57,3.16,2.99,AvgH/AvgD/AvgA,AvgCH/AvgCD/AvgCA,0.39160976761574934,0.29889219023631963,0.309498042147931,0.04227039021819157
2122,E0,2021-12-04,Watford,Man City,A,14.65,7.19,1.2,13.55,7.1,1.21,AvgH/AvgD/AvgA,AvgCH/AvgCD/AvgCA,0.06559146733160258,0.13364603566174932,0.8007624970066481,0.040674777413326924
2122,E0,2021-12-04,West Ham,Chelsea,H,4.7,3.6,1.82,4.84,3.64,1.8,AvgH/AvgD/AvgA,AvgCH/AvgCD/AvgCA,0.20458377568225822,0.26709548491850377,0.5283207393992382,0.03999428467513555
2122,E0,2021-12-04,Wolves,Liverpool,A,7.73,4.75,1.43,8.46,5.02,1.39,AvgH/AvgD/AvgA,AvgCH/AvgCD/AvgCA,0.12448706928940197,0.2025863253909636,0.6729266053196344,0.039193121170379985
2122,E0,2021-12-05,Aston Villa,Leicester,H,2.36,3.45,3.03,2.26,3.43,3.27,AvgH/AvgD/AvgA,AvgCH/AvgCD/AvgCA,0.4060195057153843,0.27774087927197305,0.3162396150126425,0.04361688932342034
2122,E0,2021-12-05,Leeds,Brentford,D,1.94,3.62,3.99,1.84,3.52,4.75,AvgH/AvgD/AvgA,AvgCH/AvgCD/AvgCA,0.4945287463365198,0.26502369278807963,0.24044756087540053,0.042333577864465344
2122,E0,2021-12-05,Man United,Crystal Palace,H,1.57,4.19,6.09,1.52,4.46,6.42,AvgH/AvgD/AvgA,AvgCH/AvgCD/AvgCA,0.612556923616129,0.2295261026437524,0.15791697374011865,0.039809772125583676
2122,E0,2021-12-05,Tottenham,Norwich,H,1.41,4.75,8.11,1.46,4.49,7.52,AvgH/AvgD/AvgA,AvgCH/AvgCD/AvgCA,0.6799476128362671,0.20183708086297614,0.11821530630075669,0.043050736214305996
2122,E0,2021-12-06,Everton,Arsenal,H,3.38,3.52,2.16,3.47,3.44,2.18,AvgH/AvgD/AvgA,AvgCH/AvgCD/AvgCA,0.2836845561459017,0.2724016476628261,0.4439137961912721,0.04291186021955262
2122,E0,2021-12-10,Brentford,Watford,H,2.29,3.32,3.34,2.52,3.32,2.94,AvgH/AvgD/AvgA,AvgCH/AvgCD/AvgCA,0.42098389533868374,0.29037744588120057,0.2886386587801155,0.037287239589322674
2122,E0,2021-12-11,Arsenal,Southampton,H,1.67,3.99,5.32,1.75,3.92,4.76,AvgH/AvgD/AvgA,AvgCH/AvgCD/AvgCA,0.5772151898734177,0.2415913200723327,0.18119349005424953,0.0373988864376511
2122,E0,2021-12-11,Chelsea,Leeds,H,1.28,5.95,11.46,1.24,6.6,12.72,AvgH/AvgD/AvgA,AvgCH/AvgCD/AvgCA,0.7536823629020314,0.1621367100024538,0.08418092709551485,0.036577261794770166
2122,E0,2021-12-11,Liverpool,Aston Villa,H,1.23,6.85,11.92,1.24,6.71,11.84,AvgH/AvgD/AvgA,AvgCH/AvgCD/AvgCA,0.7795751538823611,0.13998210792340207,0.08044273819423693,0.04288614899081922
2122,E0,2021-12-11,Man City,Wolves,H,1.16,8.11,20.35,1.17,7.8,18.64,AvgH/AvgD/AvgA,AvgCH/AvgCD/AvgCA,0.8333085082157675,0.11919085937488168,0.04750063240935087,0.03451357692609447
2122,E0,2021-12-11,Norwich,Man United,A,7.25,4.73,1.45,7.35,4.91,1.43,AvgH/AvgD/AvgA,AvgCH/AvgCD/AvgCA,0.13275329778276732,0.203480213303396,0.6637664889138367,0.0390026973828097
2122,E0,2021-12-12,Burnley,West Ham,D,3.61,3.64,2.05,3.44,3.47,2.17,AvgH/AvgD/AvgA,AvgCH/AvgCD/AvgCA,0.26647240107274606,0.2642761999650036,0.46925139896225043,0.03953846302336261
2122,E0,2021-12-12,Crystal Palace,Everton,H,2.29,3.21,3.42,2.25,3.19,3.56,AvgH/AvgD/AvgA,AvgCH/AvgCD/AvgCA,0.41964152609428573,0.29937043450340006,0.2809880394023141,0.040605363276915885
2122,E0,2021-12-12,Leicester,Newcastle,H,1.75,4.01,4.56,1.74,4.01,4.64,AvgH/AvgD/AvgA,AvgCH/AvgCD/AvgCA,0.5493959396810993,0.23976132030970673,0.21084274000919387,0.04010337564609778
2122,E0,2021-12-14,Man City,Leeds,H,1.15,8.7,18.17,1.15,9.07,17.53,AvgH/AvgD/AvgA,AvgCH/AvgCD/AvgCA,0.8364875555285097,0.11057019412158461,0.05294225034990567,0.03954351937955081
2122,E0,2021-12-14,Norwich,Aston Villa,A,3.37,3.26,2.29,3.71,3.36,2.12,AvgH/AvgD/AvgA,AvgCH/AvgCD/AvgCA,0.2852775622972306,0.29490349231339485,0.41981894538937437,0.040165594009602845
2122,E0,2021-12-15,Arsenal,West Ham,H,2.2,3.58,3.26,2.09,3.59,3.58,AvgH/AvgD/AvgA,AvgCH/AvgCD/AvgCA,0.4368010539395482,0.26842522867793467,0.29477371738251723,0.040623529741670605
2122,E0,2021-12-15,Brighton,Wolves,A,2.32,3.05,3.51,2.07,3.18,4.19,AvgH/AvgD/AvgA,AvgCH/AvgCD/AvgCA,0.41294595501587295,0.3141097100448607,0.27294433493926645,0.04380362011792194
2122,E0,2021-12-15,Crystal Palace,Southampton,D,2.14,3.38,3.59,2.09,3.41,3.77,AvgH/AvgD/AvgA,AvgCH/AvgCD/AvgCA,0.4485841035120148,0.2840147874306839,0.2674011090573013,0.0416992398252749
2122,E0,2021-12-16,Chelsea,Everton,D,1.24,6.17,13.27,1.21,6.99,16.25,AvgH/AvgD/AvgA,AvgCH/AvgCD/AvgCA,0.7725489826054547,0.15526105971325183,0.07218995768129344,0.04388411746195442
2122,E0,2021-12-16,Liverpool,Newcastle,H,1.12,9.52,21.43,1.11,10.85,24.82,AvgH/AvgD/AvgA,AvgCH/AvgCD/AvgCA,0.8547664296942821,0.10056075643462144,0.04467281387109641,0.04456271542681467
2122,E0,2021-12-18,Leeds,Arsenal,A,3.89,3.78,1.91,5.8,4.35,1.57,AvgH/AvgD/AvgA,AvgCH/AvgCD/AvgCA,0.24595709599065202,0.25311457762000966,0.5009283263893385,0.045179882714708075
2122,E0,2021-12-19,Newcastle,Man City,A,16.25,7.72,1.18,20.93,9.45,1.13,AvgH/AvgD/AvgA,AvgCH/AvgCD/AvgCA,0.0592553660659344,0.12472794022946038,0.8160166937046052,0.038529767413582494
2122,E0,2021-12-19,Tottenham,Liverpool,D,5.18,4.5,1.59,4.82,4.17,1.69,AvgH/AvgD/AvgA,AvgCH/AvgCD/AvgCA,0.1848779882794332,0.2128151065083253,0.6023069052122414,0.04420323288247818
2122,E0,2021-12-19,Wolves,Chelsea,D,6.42,3.93,1.58,5.4,3.42,1.79,AvgH/AvgD/AvgA,AvgCH/AvgCD/AvgCA,0.1493232909127637,0.24393270423917124,0.6067440048480651,0.04312755848910399
2122,E0,2021-12-26,Aston Villa,Chelsea,A,5.35,3.77,1.7,5.19,3.77,1.72,AvgH/AvgD/AvgA,AvgCH/AvgCD/AvgCA,0.1796571684864115,0.2549511542181171,0.5653916772954715,0.04040317135803484
2122,E0,2021-12-26,Brighton,Brentford,H,1.95,3.45,4.15,1.95,3.41,4.3,AvgH/AvgD/AvgA,AvgCH/AvgCD/AvgCA,0.49137709137709146,0.27773487773487776,0.23088803088803087,0.0436394407059677
2122,E0,2021-12-26,Man City,Leicester,H,1.18,7.85,14.75,1.13,10.01,18.83,AvgH/AvgD/AvgA,AvgCH/AvgCD/AvgCA,0.8127976806792298,0.12217850486643198,0.06502381445433837,0.0426427723199827
2122,E0,2021-12-26,Norwich,Arsenal,A,7.73,4.77,1.42,6.42,4.48,1.52,AvgH/AvgD/AvgA,AvgCH/AvgCD/AvgCA,0.12400475265506086,0.20095529099027684,0.6750399563546624,0.043235064062904005
2122,E0,2021-12-26,Tottenham,Crystal Palace,H,1.72,3.87,4.97,1.72,3.81,5.07,AvgH/AvgD/AvgA,AvgCH/AvgCD/AvgCA,0.5584966912223749,0.24822075165438878,0.19328255712323636,0.041000525114511355
2122,E0,2021-12-26,West Ham,Southampton,A,1.85,3.8,4.18,1.96,3.64,3.94,AvgH/AvgD/AvgA,AvgCH/AvgCD/AvgCA,0.51828890266584,0.2523248605083695,0.2293862368257905,0.04293288503814807
2122,E0,2021-12-27,Newcastle,Man United,D,6.66,4.58,1.48,6.38,4.7,1.5,AvgH/AvgD/AvgA,AvgCH/AvgCD/AvgCA,0.14379905808477236,0.20910518053375196,0.6470957613814756,0.04416643717953761
2122,E0,2021-12-28,Crystal Palace,Norwich,H,1.68,3.74,5.68,1.74,3.59,5.35,AvgH/AvgD/AvgA,AvgCH/AvgCD/AvgCA,0.5730749309392265,0.2574240331491712,0.1695010359116022,0.03867411241064933
2122,E0,2021-12-28,Leicester,Liverpool,H,7.72,5.72,1.36,8.66,6.13,1.31,AvgH/AvgD/AvgA,AvgCH/AvgCD/AvgCA,0.12459318863234504,0.16815724060169646,0.7072495707659585,0.039652971228710365
2122,E0,2021-12-28,Southampton,Tottenham,D,3.74,3.51,2.05,3.7,3.41,2.11,AvgH/AvgD/AvgA,AvgCH/AvgCD/AvgCA,0.2570748734364896,0.27392023551352457,0.469004891049986,0.04008484209345031
2122,E0,2021-12-28,Watford,West Ham,A,3.28,3.58,2.2,3.52,3.7,2.06,AvgH/AvgD/AvgA,AvgCH/AvgCD/AvgCA,0.2935038607160958,0.2689085651253615,0.43758757415854277,0.03875311226448974
2122,E0,2021-12-29,Brentford,Man City,A,17.6,7.93,1.17,15.88,8.3,1.17,AvgH/AvgD/AvgA,AvgCH/AvgCD/AvgCA,0.054758050285030335,0.12153110782049609,0.8237108418944735,0.03762244131096604
2122,E0,2021-12-29,Chelsea,Brighton,D,1.43,4.5,8.18,1.35,5.04,10.37,AvgH/AvgD/AvgA,AvgCH/AvgCD/AvgCA,0.6699743731617112,0.21290296747138818,0.1171226593669006,0.043772310275977944
2122,E0,2021-12-30,Man United,Burnley,H,1.38,4.99,8.54,1.37,5.01,8.98,AvgH/AvgD/AvgA,AvgCH/AvgCD/AvgCA,0.6953398818653527,0.1922984042032438,0.1123617139314036,0.042134501497989696
2122,E0,2022-01-01,Arsenal,Man City,A,5.91,4.62,1.53,5.21,4.18,1.65,AvgH/AvgD/AvgA,AvgCH/AvgCD/AvgCA,0.1628143203631916,0.20827546176330355,0.6289102178735049,0.039249725424703064
2122,E0,2022-01-01,Crystal Palace,West Ham,A,3.09,3.46,2.33,3.45,3.32,2.23,AvgH/AvgD/AvgA,AvgCH/AvgCD/AvgCA,0.31063195249856473,0.277414084745828,0.41195396275560725,0.0418264858659414
2122,E0,2022-01-01,Watford,Tottenham,A,5.32,4.17,1.62,5.67,4.1,1.62,AvgH/AvgD/AvgA,AvgCH/AvgCD/AvgCA,0.17986484975318306,0.22946786587216642,0.5906672843746505,0.045062028906532214
2122,E0,2022-01-02,Brentford,Aston Villa,H,3.0,3.31,2.45,2.87,3.23,2.62,AvgH/AvgD/AvgA,AvgCH/AvgCD/AvgCA,0.3194036905019792,0.289489749699679,0.39110655979834186,0.04361140226483329
2122,E0,2022-01-02,Chelsea,Liverpool,D,3.06,3.54,2.31,2.61,3.48,2.72,AvgH/AvgD/AvgA,AvgCH/AvgCD/AvgCA,0.31356985091109885,0.27105190502484816,0.415378244064053,0.04218369422756263
2122,E0,2022-01-02,Everton,Brighton,A,2.78,3.16,2.72,2.88,3.11,2.71,AvgH/AvgD/AvgA,AvgCH/AvgCD/AvgCA,0.34461301600538863,0.3031722102832216,0.3522147737113898,0.043814985241888316
2122,E0,2022-01-02,Leeds,Burnley,H,2.03,3.57,3.65,2.05,3.59,3.67,AvgH/AvgD/AvgA,AvgCH/AvgCD/AvgCA,0.4706343387353678,0.2676156043789346,0.2617500568856977,0.046695484996076786
2122,E0,2022-01-03,Man United,Wolves,A,1.56,4.17,6.08,1.69,3.75,5.58,AvgH/AvgD/AvgA,AvgCH/AvgCD/AvgCA,0.6132412271790555,0.22941398426842366,0.15734478855252082,0.045307478713385585
2122,E0,2022-01-11,Southampton,Brentford,H,2.11,3.37,3.73,2.18,3.31,3.57,AvgH/AvgD/AvgA,AvgCH/AvgCD/AvgCA,0.45624675602789,0.2856619154952071,0.2580913284769029,0.03876606907891822
2122,E0,2022-01-12,West Ham,Norwich,H,1.31,5.52,10.28,1.4,4.96,7.99,AvgH/AvgD/AvgA,AvgCH/AvgCD/AvgCA,0.7327345319690717,0.1738917095796167,0.09337375845131167,0.04179446350724891
2122,E0,2022-01-14,Brighton,Crystal Palace,D,2.1,3.28,3.91,2.04,3.37,3.96,AvgH/AvgD/AvgA,AvgCH/AvgCD/AvgCA,0.45927846496537006,0.2940502367156333,0.24667129831899676,0.036823000674288675
2122,E0,2022-01-15,Aston Villa,Man United,D,2.92,3.49,2.42,2.56,3.49,2.77,AvgH/AvgD/AvgA,AvgCH/AvgCD/AvgCA,0.32859199315255033,0.2749251060187527,0.3964829008286971,0.04222184520992345
2122,E0,2022-01-15,Man City,Chelsea,H,1.72,3.87,5.0,1.63,4.2,5.3,AvgH/AvgD/AvgA,AvgCH/AvgCD/AvgCA,0.5591451292246521,0.24850894632206758,0.19234592445328033,0.03979328165374674
2122,E0,2022-01-15,Newcastle,Watford,D,2.06,3.62,3.55,1.84,3.75,4.35,AvgH/AvgD/AvgA,AvgCH/AvgCD/AvgCA,0.46525856950458344,0.26476040143078505,0.2699810290646315,0.04337012797160589
2122,E0,2022-01-15,Norwich,Everton,H,3.74,3.48,2.05,3.42,3.33,2.24,AvgH/AvgD/AvgA,AvgCH/AvgCD/AvgCA,0.25646925173100565,0.27563074754998884,0.46790000071900556,0.042540879032245904
2122,E0,2022-01-15,Wolves,Southampton,H,2.32,3.16,3.4,2.42,3.1,3.3,AvgH/AvgD/AvgA,AvgCH/AvgCD/AvgCA,0.4138164787083256,0.303814629937758,0.2823688913539163,0.041607826019975924
2122,E0,2022-01-16,Liverpool,Brentford,H,1.3,5.68,10.64,1.28,6.13,11.02,AvgH/AvgD/AvgA,AvgCH/AvgCD/AvgCA,0.7401630349584575,0.1694035115221822,0.09043345351936041,0.03927206966495311
2122,E0,2022-01-16,West Ham,Leeds,A,1.65,4.21,4.98,1.68,4.2,4.88,AvgH/AvgD/AvgA,AvgCH/AvgCD/AvgCA,0.5802990924263686,0.22743313598658152,0.1922677715870498,0.04439351012341319
2122,E0,2022-01-18,Brighton,Chelsea,D,4.81,3.72,1.77,5.62,3.77,1.67,AvgH/AvgD/AvgA,AvgCH/AvgCD/AvgCA,0.19957988924352782,0.2580589428121959,0.5423611679442761,0.041689163613712665
2122,E0,2022-01-19,Brentford,Man United,A,4.51,3.64,1.83,4.59,3.71,1.81,AvgH/AvgD/AvgA,AvgCH/AvgCD/AvgCA,0.21260800040854236,0.2634236488578368,0.5239683507336207,0.04290285217914169
2122,E0,2022-01-19,Leicester,Tottenham,A,3.04,3.42,2.36,3.23,3.44,2.28,AvgH/AvgD/AvgA,AvgCH/AvgCD/AvgCA,0.3147599288678127,0.27978660343805567,0.4054534676941316,0.045073842799088215
2122,E0,2022-01-21,Watford,Norwich,A,2.07,3.52,3.63,2.04,3.52,3.78,AvgH/AvgD/AvgA,AvgCH/AvgCD/AvgCA,0.46332415938733995,0.2724661960033505,0.2642096446093095,0.04266479019443459
2122,E0,2022-01-22,Brentford,Wolves,A,3.09,3.05,2.54,2.48,3.04,3.25,AvgH/AvgD/AvgA,AvgCH/AvgCD/AvgCA,0.30963105663046914,0.3136917917993933,0.37667715157013754,0.0451942353298469
2122,E0,2022-01-22,Everton,Aston Villa,A,2.75,3.29,2.66,2.75,3.41,2.62,AvgH/AvgD/AvgA,AvgCH/AvgCD/AvgCA,0.34846837806951525,0.29127296039245193,0.36025866153803265,0.043527581041578944
2122,E0,2022-01-22,Leeds,Newcastle,A,2.01,3.72,3.63,1.9,3.88,3.96,AvgH/AvgD/AvgA,AvgCH/AvgCD/AvgCA,0.4775454342913524,0.2580285814316178,0.2644259842770298,0.041811735775932446
2122,E0,2022-01-22,Man United,West Ham,H,1.91,3.8,3.88,2.1,3.62,3.52,AvgH/AvgD/AvgA,AvgCH/AvgCD/AvgCA,0.5012783550019039,0.2519583310667464,0.24676331393134965,0.04445006292381248
2122,E0,2022-01-22,Southampton,Man City,D,10.18,6.08,1.28,10.89,5.92,1.29,AvgH/AvgD/AvgA,AvgCH/AvgCD/AvgCA,0.09409579818927495,0.15754855683664787,0.7483556449740772,0.04395551132251052
2122,E0,2022-01-23,Arsenal,Burnley,D,1.36,4.97,9.11,1.3,5.46,11.04,AvgH/AvgD/AvgA,AvgCH/AvgCD/AvgCA,0.7027760746909221,0.1923089459918821,0.10491497931719584,0.04627084519124813
2122,E0,2022-01-23,Chelsea,Tottenham,H,1.69,3.99,4.96,1.74,3.78,5.02,AvgH/AvgD/AvgA,AvgCH/AvgCD/AvgCA,0.566801944099966,0.24007400639823118,0.19312404950180292,0.04395544597320744
2122,E0,2022-01-23,Crystal Palace,Liverpool,A,5.73,4.21,1.58,5.98,4.18,1.58,AvgH/AvgD/AvgA,AvgCH/AvgCD/AvgCA,0.16701105991940446,0.2273095898665529,0.6056793502140427,0.04496115342449247
2122,E0,2022-01-23,Leicester,Brighton,D,2.55,3.37,2.8,2.6,3.43,2.76,AvgH/AvgD/AvgA,AvgCH/AvgCD/AvgCA,0.3748981902699696,0.2836766721627366,0.34142513756729376,0.0460356249324656
2122,E0,2022-02-05,Burnley,Watford,D,2.21,3.27,3.51,2.19,3.27,3.6,AvgH/AvgD/AvgA,AvgCH/AvgCD/AvgCA,0.4337509211495947,0.29314664701547527,0.27310243183493,0.04319937023660714
2122,E0,2022-02-08,Burnley,Man United,D,5.82,4.07,1.61,6.21,4.22,1.56,AvgH/AvgD/AvgA,AvgCH/AvgCD/AvgCA,0.16542919392178299,0.23655968270879038,0.5980111233694266,0.03863956396453028
2122,E0,2022-02-08,Newcastle,Everton,H,2.52,3.38,2.88,2.53,3.34,2.92,AvgH/AvgD/AvgA,AvgCH/AvgCD/AvgCA,0.3815975162291843,0.28450465707027944,0.33389782670053625,0.0399056072132995
2122,E0,2022-02-08,West Ham,Watford,H,1.55,4.3,6.28,1.54,4.27,6.5,AvgH/AvgD/AvgA,AvgCH/AvgCD/AvgCA,0.6221689744948505,0.2242702117365159,0.15356081376863348,0.03695509864727331
2122,E0,2022-02-09,Aston Villa,Leeds,D,1.8,3.96,4.26,1.94,3.79,3.9,AvgH/AvgD/AvgA,AvgCH/AvgCD/AvgCA,0.5327421555252387,0.24215552523874487,0.22510231923601634,0.04282259211836692
2122,E0,2022-02-09,Man City,Brentford,H,1.11,9.98,23.47,1.09,11.02,30.43,AvgH/AvgD/AvgA,AvgCH/AvgCD/AvgCA,0.8631725887483089,0.09600416568242714,0.04082324556926387,0.04370888585248278
2122,E0,2022-02-09,Norwich,Crystal Palace,D,3.5,3.36,2.18,3.55,3.27,2.22,AvgH/AvgD/AvgA,AvgCH/AvgCD/AvgCA,0.2741850959018971,0.28560947489780947,0.4402054292002935,0.0420489296636084
2122,E0,2022-02-09,Tottenham,Southampton,A,1.61,4.13,5.57,1.59,4.19,5.84,AvgH/AvgD/AvgA,AvgCH/AvgCD/AvgCA,0.5956355463723197,0.2321969079078535,0.17216754571982673,0.042781976672211286
2122,E0,2022-02-10,Liverpool,Leicester,H,1.26,6.56,10.5,1.21,7.35,12.97,AvgH/AvgD/AvgA,AvgCH/AvgCD/AvgCA,0.762152616414165,0.14638906961613535,0.09145831396969979,0.041327913279132655
2122,E0,2022-02-10,Wolves,Arsenal,A,3.57,3.25,2.2,3.69,3.18,2.22,AvgH/AvgD/AvgA,AvgCH/AvgCD/AvgCA,0.2687313250521489,0.2951910247495913,0.43607765019825984,0.04234980705568936
2122,E0,2022-02-12,Brentford,Crystal Palace,D,2.66,3.09,2.92,2.93,3.08,2.69,AvgH/AvgD/AvgA,AvgCH/AvgCD/AvgCA,0.3607763480931169,0.31057122521931757,0.32865242668756545,0.042030198517973405
2122,E0,2022-02-12,Everton,Leeds,H,2.32,3.64,2.99,2.52,3.55,2.79,AvgH/AvgD/AvgA,AvgCH/AvgCD/AvgCA,0.41437339140764207,0.26410611760047514,0.3215204909918828,0.04020791801901247
2122,E0,2022-02-12,Man United,Southampton,D,1.61,4.22,5.43,1.56,4.51,5.76,AvgH/AvgD/AvgA,AvgCH/AvgCD/AvgCA,0.5959413384792632,0.2273615059127047,0.176697155608032,0.04224689968201134
2122,E0,2022-02-12,Norwich,Man City,A,18.09,7.86,1.17,16.51,7.29,1.19,AvgH/AvgD/AvgA,AvgCH/AvgCD/AvgCA,0.05329619603486316,0.12266261911840644,0.8240411848467305,0.037206477561952056
2122,E0,2022-02-12,Watford,Brighton,A,3.7,3.27,2.14,3.82,3.3,2.11,AvgH/AvgD/AvgA,AvgCH/AvgCD/AvgCA,0.2590357877903963,0.29309859780564723,0.44786561440395634,0.04337038744995536
2122,E0,2022-02-13,Burnley,Liverpool,A,10.72,5.75,1.29,12.85,6.77,1.23,AvgH/AvgD/AvgA,AvgCH/AvgCD/AvgCA,0.0894900604804413,0.16684059971310097,0.7436693398064579,0.04239042401742532
2122,E0,2022-02-13,Leicester,West Ham,D,2.88,3.58,2.4,2.88,3.5,2.47,AvgH/AvgD/AvgA,AvgCH/AvgCD/AvgCA,0.33283748605429525,0.26775753068055036,0.39940498326515433,0.043218497827436364
2122,E0,2022-02-13,Newcastle,Aston Villa,H,2.72,3.44,2.6,2.78,3.39,2.6,AvgH/AvgD/AvgA,AvgCH/AvgCD/AvgCA,0.35250346828099377,0.27872367259427416,0.36877285912473196,0.04296011785751874
2122,E0,2022-02-13,Tottenham,Wolves,A,1.68,3.76,5.57,1.7,3.72,5.57,AvgH/AvgD/AvgA,AvgCH/AvgCD/AvgCA,0.5719435462728305,0.2555492440793498,0.1725072096478196,0.040728755691130214
2122,E0,2022-02-15,Man United,Brighton,H,1.78,3.78,4.74,1.84,3.61,4.61,AvgH/AvgD/AvgA,AvgCH/AvgCD/AvgCA,0.5415865646196815,0.2550328267256701,0.20338060865464827,0.037318481494274636
2122,E0,2022-02-19,Arsenal,Brentford,H,1.46,4.46,7.68,1.54,3.96,7.27,AvgH/AvgD/AvgA,AvgCH/AvgCD/AvgCA,0.6589966369869866,0.2157253565024665,0.12527800651054694,0.03935508681941968
2122,E0,2022-02-19,Aston Villa,Watford,A,1.67,3.93,5.41,1.65,3.95,5.57,AvgH/AvgD/AvgA,AvgCH/AvgCD/AvgCA,0.5768263468180177,0.24511450360969197,0.17805914957229013,0.03809820496721583
2122,E0,2022-02-19,Brighton,Burnley,A,1.67,3.74,5.75,1.63,3.8,6.21,AvgH/AvgD/AvgA,AvgCH/AvgCD/AvgCA,0.5757188789210057,0.2570723336358501,0.16720878744314427,0.040095117832226634
2122,E0,2022-02-19,Crystal Palace,Chelsea,A,5.59,3.9,1.65,5.62,3.73,1.69,AvgH/AvgD/AvgA,AvgCH/AvgCD/AvgCA,0.17178552837064026,0.24622592399791773,0.5819885476314419,0.04136173903615781
2122,E0,2022-02-19,Liverpool,Norwich,H,1.12,9.63,24.83,1.13,9.38,22.62,AvgH/AvgD/AvgA,AvgCH/AvgCD/AvgCA,0.8610224188635478,0.10013967903708966,0.03883790209936261,0.036973165037460065
2122,E0,2022-02-19,Man City,Tottenham,A,1.29,5.87,10.84,1.28,6.12,11.03,AvgH/AvgD/AvgA,AvgCH/AvgCD/AvgCA,0.7469569780259124,0.164152385290192,0.08889063668389549,0.03780247223652067
2122,E0,2022-02-19,Southampton,Everton,H,2.08,3.56,3.58,2.08,3.55,3.64,AvgH/AvgD/AvgA,AvgCH/AvgCD/AvgCA,0.461835048557762,0.2698362081461082,0.2683287432961299,0.04099771611227254
2122,E0,2022-02-19,West Ham,Newcastle,D,1.7,3.91,5.11,1.65,4.03,5.39,AvgH/AvgD/AvgA,AvgCH/AvgCD/AvgCA,0.5657825061377749,0.24599239397294564,0.18822509988927932,0.039684486063633395
2122,E0,2022-02-20,Leeds,Man United,A,3.91,3.86,1.9,4.77,4.17,1.7,AvgH/AvgD/AvgA,AvgCH/AvgCD/AvgCA,0.24564905746325652,0.2488310400728842,0.5055199024638595,0.04113762268996224
2122,E0,2022-02-20,Wolves,Leicester,H,2.29,3.28,3.33,2.22,3.23,3.63,AvgH/AvgD/AvgA,AvgCH/AvgCD/AvgCA,0.41913635439171437,0.2926287352308006,0.2882349103774852,0.041859571788211536
2122,E0,2022-02-23,Burnley,Tottenham,H,4.72,3.73,1.79,4.65,3.61,1.84,AvgH/AvgD/AvgA,AvgCH/AvgCD/AvgCA,0.20398642269890105,0.25812759119003026,0.5378859861110685,0.038620139402064435
2122,E0,2022-02-23,Liverpool,Leeds,H,1.16,8.73,16.66,1.18,8.24,15.04,AvgH/AvgD/AvgA,AvgCH/AvgCD/AvgCA,0.8315987608508458,0.11049880442004366,0.05790243472911051,0.03664051234903254
2122,E0,2022-02-23,Watford,Crystal Palace,A,3.2,3.24,2.4,2.97,3.12,2.64,AvgH/AvgD/AvgA,AvgCH/AvgCD/AvgCA,0.3011152416356877,0.2973977695167286,0.4014869888475836,0.037808641975308754
2122,E0,2022-02-24,Arsenal,Wolves,H,1.65,3.8,5.83,1.67,3.72,5.88,AvgH/AvgD/AvgA,AvgCH/AvgCD/AvgCA,0.5823333815237819,0.25285528408269475,0.16481133439352316,0.04074508741837457
2122,E0,2022-02-25,Southampton,Norwich,H,1.54,4.37,6.22,1.51,4.48,6.63,AvgH/AvgD/AvgA,AvgCH/AvgCD/AvgCA,0.6250034490687515,0.22025293170843874,0.15474361922280985,0.03895530547579362
2122,E0,2022-02-26,Brentford,Newcastle,A,2.52,3.17,3.04,2.38,3.11,3.38,AvgH/AvgD/AvgA,AvgCH/AvgCD/AvgCA,0.381112077829629,0.30296606818002053,0.31592185399035044,0.041230178495660796
2122,E0,2022-02-26,Brighton,Aston Villa,A,2.27,3.28,3.41,2.23,3.26,3.53,AvgH/AvgD/AvgA,AvgCH/AvgCD/AvgCA,0.4241309615450247,0.2935296593619531,0.28233937909302226,0.03866181510653055
2122,E0,2022-02-26,Crystal Palace,Burnley,D,1.97,3.42,4.19,1.91,3.33,4.68,AvgH/AvgD/AvgA,AvgCH/AvgCD/AvgCA,0.4887130603823133,0.2815101546646659,0.22977678495302084,0.03867535850355641
2122,E0,2022-02-26,Everton,Man City,A,10.95,6.04,1.28,12.54,6.34,1.25,AvgH/AvgD/AvgA,AvgCH/AvgCD/AvgCA,0.08796930541206029,0.15948077719570533,0.7525499173922344,0.03813711482052673
2122,E0,2022-02-26,Leeds,Tottenham,A,4.03,3.96,1.86,3.73,3.81,1.97,AvgH/AvgD/AvgA,AvgCH/AvgCD/AvgCA,0.23898611949305976,0.24321062160531084,0.5178032589016295,0.03829861894378017
2122,E0,2022-02-26,Man United,Watford,D,1.34,5.44,9.04,1.38,5.0,8.66,AvgH/AvgD/AvgA,AvgCH/AvgCD/AvgCA,0.7170753330378181,0.17663252688799197,0.10629214007418987,0.0407116551547313
2122,E0,2022-02-27,West Ham,Wolves,H,2.11,3.24,3.89,1.94,3.35,4.51,AvgH/AvgD/AvgA,AvgCH/AvgCD/AvgCA,0.45586102380289284,0.2968724568592913,0.2472665193378159,0.03964503333810132
2122,E0,2022-03-01,Burnley,Leicester,A,2.94,3.34,2.52,2.91,3.29,2.56,AvgH/AvgD/AvgA,AvgCH/AvgCD/AvgCA,0.32820176875204715,0.2888961677038978,0.382902063544055,0.03636264885195595
2122,E0,2022-03-05,Aston Villa,Southampton,H,2.36,3.48,3.04,2.25,3.54,3.23,AvgH/AvgD/AvgA,AvgCH/AvgCD/AvgCA,0.4074188181650133,0.2762955203647791,0.3162856614702077,0.04003250381945511
2122,E0,2022-03-05,Burnley,Chelsea,A,7.44,4.15,1.5,7.39,4.08,1.52,AvgH/AvgD/AvgA,AvgCH/AvgCD/AvgCA,0.12898613787530303,0.23124261826319384,0.639771243861503,0.04203912423889111
2122,E0,2022-03-05,Leicester,Leeds,H,1.8,4.12,4.14,2.04,3.79,3.54,AvgH/AvgD/AvgA,AvgCH/AvgCD/AvgCA,0.5342805593143888,0.23342354533152906,0.2322958953540821,0.03981989587730417
2122,E0,2022-03-05,Liverpool,West Ham,H,1.3,5.86,9.95,1.26,6.67,11.24,AvgH/AvgD/AvgA,AvgCH/AvgCD/AvgCA,0.7393735734212528,0.16402485417195029,0.09660157240679686,0.040381745957405846
2122,E0,2022-03-05,Newcastle,Brighton,H,2.77,3.19,2.74,2.66,3.11,2.92,AvgH/AvgD/AvgA,AvgCH/AvgCD/AvgCA,0.34730814926072945,0.3015810575085331,0.3511107932307374,0.0394539577989963
2122,E0,2022-03-05,Norwich,Brentford,A,2.95,3.15,2.6,3.12,3.18,2.47,AvgH/AvgD/AvgA,AvgCH/AvgCD/AvgCA,0.325613756087864,0.3049398668124441,0.36944637709969186,0.041058752923159636
2122,E0,2022-03-05,Wolves,Crystal Palace,A,2.37,3.1,3.4,2.38,3.03,3.47,AvgH/AvgD/AvgA,AvgCH/AvgCD/AvgCA,0.4062439776450183,0.31058007323183656,0.28317594912314514,0.038639220490156
2122,E0,2022-03-06,Man City,Man United,H,1.41,4.91,7.86,1.42,5.03,7.75,AvgH/AvgD/AvgA,AvgCH/AvgCD/AvgCA,0.6818685366874977,0.19581153497543213,0.1223199283370702,0.040112309040394756
2122,E0,2022-03-06,Watford,Arsenal,A,6.14,4.02,1.59,6.65,4.26,1.54,AvgH/AvgD/AvgA,AvgCH/AvgCD/AvgCA,0.15651905615468253,0.23906144397754994,0.6044194998677677,0.04055348602693609
2122,E0,2022-03-07,Tottenham,Everton,H,1.61,4.13,5.61,1.73,3.92,4.96,AvgH/AvgD/AvgA,AvgCH/AvgCD/AvgCA,0.5963676330156213,0.2324822976162592,0.17115006936811952,0.04150188245727704
2122,E0,2022-03-10,Leeds,Aston Villa,A,2.72,3.59,2.54,2.85,3.58,2.46,AvgH/AvgD/AvgA,AvgCH/AvgCD/AvgCA,0.3535409930133916,0.26786392785415747,0.3785950791324509,0.039899378258530405
2122,E0,2022-03-10,Norwich,Chelsea,A,11.9,5.59,1.29,9.67,4.94,1.36,AvgH/AvgD/AvgA,AvgCH/AvgCD/AvgCA,0.08094801370854852,0.17232224742964716,0.7467297388618043,0.038118288460285754
2122,E0,2022-03-10,Southampton,Newcastle,A,2.0,3.7,3.71,1.96,3.55,4.07,AvgH/AvgD/AvgA,AvgCH/AvgCD/AvgCA,0.48085613199285393,0.2599222335096507,0.25922163449749536,0.03981204924601145
2122,E0,2022-03-10,Wolves,Watford,H,1.82,3.5,4.84,1.93,3.43,4.38,AvgH/AvgD/AvgA,AvgCH/AvgCD/AvgCA,0.5274169645192224,0.27425682154999564,0.198326213930782,0.04177640541276895
2122,E0,2022-03-12,Brentford,Burnley,H,2.2,3.23,3.65,2.11,3.3,3.82,AvgH/AvgD/AvgA,AvgCH/AvgCD/AvgCA,0.4378563072180646,0.29823030212995116,0.26391339065198416,0.03811558050499486
2122,E0,2022-03-12,Brighton,Liverpool,A,6.2,4.47,1.53,6.8,4.64,1.48,AvgH/AvgD/AvgA,AvgCH/AvgCD/AvgCA,0.15529608915713536,0.2153994972649305,0.6293044135779341,0.03859874035491373
2122,E0,2022-03-12,Man United,Tottenham,H,2.18,3.56,3.33,2.33,3.51,3.09,AvgH/AvgD/AvgA,AvgCH/AvgCD/AvgCA,0.4411088372093024,0.27011720930232563,0.28877395348837215,0.03991477303506974
2122,E0,2022-03-13,Arsenal,Leicester,H,1.53,4.55,6.0,1.43,4.9,7.49,AvgH/AvgD/AvgA,AvgCH/AvgCD/AvgCA,0.6284313386968682,0.2113186699354304,0.16024999136770138,0.04004165768871659
2122,E0,2022-03-13,Chelsea,Newcastle,H,1.33,5.3,10.16,1.41,4.83,8.35,AvgH/AvgD/AvgA,AvgCH/AvgCD/AvgCA,0.7236681189843274,0.1815997355187086,0.0947321454969641,0.03898414138153283
2122,E0,2022-03-13,Everton,Wolves,A,2.31,3.24,3.35,2.29,3.12,3.57,AvgH/AvgD/AvgA,AvgCH/AvgCD/AvgCA,0.41623045684111226,0.296756899784867,0.28701264337402066,0.04004987089564205
2122,E0,2022-03-13,Leeds,Norwich,H,1.6,4.31,5.51,1.63,4.21,5.43,AvgH/AvgD/AvgA,AvgCH/AvgCD/AvgCA,0.6018256415974617,0.2234155514050902,0.17475880699744803,0.03850676475170656
2122,E0,2022-03-13,Southampton,Watford,A,1.61,4.17,5.59,1.66,4.08,5.29,AvgH/AvgD/AvgA,AvgCH/AvgCD/AvgCA,0.5973339415076402,0.23062533473076757,0.17204072376159227,0.03981704246487361
2122,E0,2022-03-13,West Ham,Aston Villa,H,2.33,3.31,3.24,2.53,3.28,2.96,AvgH/AvgD/AvgA,AvgCH/AvgCD/AvgCA,0.41270073385951617,0.29051139271681947,0.29678787342366436,0.03994132829024277
2122,E0,2022-03-14,Crystal Palace,Man City,D,9.82,5.5,1.32,9.89,5.42,1.33,AvgH/AvgD/AvgA,AvgCH/AvgCD/AvgCA,0.09780096022760949,0.1746191689882046,0.7275798707841858,0.04122693328395988
2122,E0,2022-03-16,Arsenal,Liverpool,A,3.78,3.98,1.92,3.6,3.64,2.07,AvgH/AvgD/AvgA,AvgCH/AvgCD/AvgCA,0.25519977557808676,0.24237566625255472,0.5024245581693583,0.03663987929063328
2122,E0,2022-03-16,Brighton,Tottenham,A,3.28,3.34,2.3,3.67,3.4,2.13,AvgH/AvgD/AvgA,AvgCH/AvgCD/AvgCA,0.29341665011534995,0.28814569232884674,0.4184376575558035,0.0390618550809303
2122,E0,2022-03-17,Everton,Newcastle,H,2.37,3.38,3.11,2.43,3.21,3.19,AvgH/AvgD/AvgA,AvgCH/AvgCD/AvgCA,0.40596915780651993,0.2846588473377078,0.30937199485577244,0.03934232479585109
2122,E0,2022-03-18,Wolves,Leeds,A,2.14,3.49,3.56,2.23,3.36,3.44,AvgH/AvgD/AvgA,AvgCH/AvgCD/AvgCA,0.45160915111553757,0.27691793220265054,0.27147291668181195,0.03472154732006083
2122,E0,2022-03-19,Aston Villa,Arsenal,A,2.99,3.47,2.41,2.98,3.39,2.46,AvgH/AvgD/AvgA,AvgCH/AvgCD/AvgCA,0.3223378135130031,0.2777492975227318,0.39991288896426525,0.03757035791156227
2122,E0,2022-03-20,Leicester,Brentford,H,2.19,3.45,3.41,2.14,3.4,3.59,AvgH/AvgD/AvgA,AvgCH/AvgCD/AvgCA,0.4391721635514543,0.27877885164570576,0.2820489848028401,0.03973120899478744
2122,E0,2022-03-20,Tottenham,West Ham,H,1.75,3.94,4.7,1.73,3.82,5.12,AvgH/AvgD/AvgA,AvgCH/AvgCD/AvgCA,0.5505083536476604,0.24451513169629585,0.20497651465604377,0.03800163547436464
2122,E0,2022-04-02,Brighton,Norwich,D,1.5,4.12,7.51,1.49,4.26,7.44,AvgH/AvgD/AvgA,AvgCH/AvgCD/AvgCA,0.6394633180534945,0.2328143148253014,0.12772236712120397,0.04254090554557255
2122,E0,2022-04-02,Burnley,Man City,A,13.75,6.54,1.23,16.6,6.99,1.2,AvgH/AvgD/AvgA,AvgCH/AvgCD/AvgCA,0.07002159612888736,0.1472166585278595,0.782761745343253,0.038640601585332
2122,E0,2022-04-02,Chelsea,Brentford,A,1.35,4.99,10.04,1.4,4.7,9.11,AvgH/AvgD/AvgA,AvgCH/AvgCD/AvgCA,0.7117421341921663,0.19255548720629748,0.09570237860153631,0.04074313596944501
2122,E0,2022-04-02,Leeds,Southampton,D,2.42,3.61,2.86,2.45,3.59,2.83,AvgH/AvgD/AvgA,AvgCH/AvgCD/AvgCA,0.3973751058425064,0.2663844199830652,0.33624047417442854,0.0398818003955248
2122,E0,2022-04-02,Liverpool,Watford,H,1.13,9.36,21.82,1.16,8.32,17.96,AvgH/AvgD/AvgA,AvgCH/AvgCD/AvgCA,0.8528683927663167,0.10296381237456602,0.044167794859117225,0.03762287325714575
2122,E0,2022-04-02,Man United,Leicester,D,1.52,4.6,6.1,1.57,4.43,5.65,AvgH/AvgD/AvgA,AvgCH/AvgCD/AvgCA,0.6330656077971302,0.20918689648948652,0.15774749571338328,0.03922046741943963
2122,E0,2022-04-02,Wolves,Aston Villa,H,3.01,3.1,2.59,3.07,3.07,2.59,AvgH/AvgD/AvgA,AvgCH/AvgCD/AvgCA,0.31916965801263325,0.3099034421348471,0.3709268998525197,0.04090694488293889
2122,E0,2022-04-03,Tottenham,Newcastle,H,1.52,4.36,6.58,1.56,4.23,6.22,AvgH/AvgD/AvgA,AvgCH/AvgCD/AvgCA,0.6330608858368493,0.22070012533761715,0.14623898882553357,0.039228218897820355
2122,E0,2022-04-03,West Ham,Everton,H,1.79,3.75,4.6,1.79,3.77,4.68,AvgH/AvgD/AvgA,AvgCH/AvgCD/AvgCA,0.5357725218579659,0.255742083766869,0.208485394375165,0.04271718889158782
2122,E0,2022-04-04,Crystal Palace,Arsenal,H,4.05,3.41,1.99,4.05,3.38,2.02,AvgH/AvgD/AvgA,AvgCH/AvgCD/AvgCA,0.2368063819318186,0.28125098147327426,0.48194263659490716,0.04268127502579322
2122,E0,2022-04-06,Burnley,Everton,H,2.57,3.16,2.98,2.55,3.1,3.08,AvgH/AvgD/AvgA,AvgCH/AvgCD/AvgCA,0.37373296397132943,0.3039537080399736,0.3223133279886969,0.04113122436694816
2122,E0,2022-04-08,Newcastle,Wolves,H,2.31,3.11,3.51,2.01,3.28,4.23,AvgH/AvgD/AvgA,AvgCH/AvgCD/AvgCA,0.4165130893648195,0.3093714586600428,0.27411545197513765,0.03934412616084648
2122,E0,2022-04-09,Arsenal,Brighton,A,1.65,3.9,5.64,1.65,3.76,6.05,AvgH/AvgD/AvgA,AvgCH/AvgCD/AvgCA,0.5828762222752206,0.24660147865490106,0.17052229906987837,0.03977582700986959
2122,E0,2022-04-09,Aston Villa,Tottenham,A,3.15,3.55,2.27,3.35,3.52,2.2,AvgH/AvgD/AvgA,AvgCH/AvgCD/AvgCA,0.3053445238050129,0.2709395070382509,0.423715969156736,0.03967909266662151
2122,E0,2022-04-09,Everton,Man United,H,4.48,3.84,1.8,4.02,3.8,1.9,AvgH/AvgD/AvgA,AvgCH/AvgCD/AvgCA,0.21479713603818615,0.2505966587112172,0.5346062052505967,0.03918650793650791
2122,E0,2022-04-09,Southampton,Chelsea,A,3.98,3.69,1.93,3.85,3.58,2.0,AvgH/AvgD/AvgA,AvgCH/AvgCD/AvgCA,0.24150115465609553,0.26048092019817354,0.4980179251457308,0.04039370646004237
2122,E0,2022-04-09,Watford,Leeds,A,2.69,3.54,2.58,2.8,3.43,2.57,AvgH/AvgD/AvgA,AvgCH/AvgCD/AvgCA,0.3568213783403657,0.27114392873886545,0.37203469292076885,0.04182998682693162
2122,E0,2022-04-10,Brentford,West Ham,H,2.69,3.31,2.73,2.7,3.28,2.75,AvgH/AvgD/AvgA,AvgCH/AvgCD/AvgCA,0.35739344009428925,0.29044965373221693,0.35215690617349377,0.04016238182165477
2122,E0,2022-04-10,Leicester,Crystal Palace,H,2.41,3.44,2.98,2.52,3.28,2.97,AvgH/AvgD/AvgA,AvgCH/AvgCD/AvgCA,0.3985165258091854,0.27919326372097003,0.32229021046984463,0.041205903553361845
2122,E0,2022-04-10,Man City,Liverpool,D,2.06,3.71,3.5,1.99,3.74,3.74,AvgH/AvgD/AvgA,AvgCH/AvgCD/AvgCA,0.4664554415610542,0.25900221283443975,0.27454234560450613,0.040692957893910364
2122,E0,2022-04-10,Norwich,Burnley,H,2.97,3.19,2.56,3.13,3.37,2.36,AvgH/AvgD/AvgA,AvgCH/AvgCD/AvgCA,0.3234999346376748,0.3011895943178352,0.37531047104448995,0.040804960524788214
2122,E0,2022-04-16,Man United,Norwich,H,1.24,6.45,12.84,1.28,6.27,10.17,AvgH/AvgD/AvgA,AvgCH/AvgCD/AvgCA,0.7759027746548547,0.149165804739848,0.07493142060529748,0.03937199253084289
2122,E0,2022-04-16,Southampton,Arsenal,H,3.9,3.68,1.95,4.0,3.7,1.93,AvgH/AvgD/AvgA,AvgCH/AvgCD/AvgCA,0.24631860776439093,0.2610441767068273,0.49263721552878187,0.04096989966555187
2122,E0,2022-04-16,Tottenham,Brighton,A,1.54,4.25,6.35,1.52,4.46,6.48,AvgH/AvgD/AvgA,AvgCH/AvgCD/AvgCA,0.623102409290835,0.22578299066067903,0.15111460004848598,0.042125081958338084
2122,E0,2022-04-16,Watford,Brentford,A,2.86,3.28,2.59,2.98,3.32,2.49,AvgH/AvgD/AvgA,AvgCH/AvgCD/AvgCA,0.3359991140432063,0.2929748372449908,0.37102604871180306,0.04062878453122343
2122,E0,2022-04-17,Newcastle,Leicester,H,2.25,3.38,3.32,2.05,3.52,3.76,AvgH/AvgD/AvgA,AvgCH/AvgCD/AvgCA,0.4267319729546786,0.28406714175977127,0.28920088528555027,0.041507251887233254
2122,E0,2022-04-17,West Ham,Burnley,D,1.72,3.84,5.02,1.81,3.72,4.64,AvgH/AvgD/AvgA,AvgCH/AvgCD/AvgCA,0.5584888167806235,0.25015644918298763,0.19135473403638892,0.04101520275487203
2122,E0,2022-04-19,Liverpool,Man United,H,1.41,5.21,7.44,1.35,5.61,8.56,AvgH/AvgD/AvgA,AvgCH/AvgCD/AvgCA,0.6848613665636611,0.18534635832145147,0.1297922751148874,0.035567039961076574
2122,E0,2022-04-20,Chelsea,Arsenal,A,1.87,3.64,4.34,1.92,3.5,4.35,AvgH/AvgD/AvgA,AvgCH/AvgCD/AvgCA,0.5142414437406005,0.2641844779656382,0.22157407829376113,0.03989937955782352
2122,E0,2022-04-20,Everton,Leicester,D,2.32,3.45,3.15,2.59,3.3,2.87,AvgH/AvgD/AvgA,AvgCH/AvgCD/AvgCA,0.41511487996333013,0.2791497163811379,0.305735403655532,0.03834987268270629
2122,E0,2022-04-20,Man City,Brighton,H,1.2,6.85,17.12,1.23,6.48,14.46,AvgH/AvgD/AvgA,AvgCH/AvgCD/AvgCA,0.8030348681147114,0.14067764112958447,0.056287490755704064,0.03772994974645849
2122,E0,2022-04-20,Newcastle,Crystal Palace,H,2.34,3.26,3.25,2.3,3.2,3.44,AvgH/AvgD/AvgA,AvgCH/AvgCD/AvgCA,0.4102073686329777,0.2944433259512784,0.2953493054157439,0.04179120130040381
2122,E0,2022-04-21,Burnley,Southampton,H,2.76,3.41,2.61,2.65,3.34,2.75,AvgH/AvgD/AvgA,AvgCH/AvgCD/AvgCA,0.3488142408672444,0.28232472281337073,0.3688610363193848,0.03871573499662695
2122,E0,2022-04-23,Arsenal,Man United,H,2.11,3.58,3.5,2.05,3.65,3.65,AvgH/AvgD/AvgA,AvgCH/AvgCD/AvgCA,0.45615389095992537,0.2688504776328052,0.2749956314072693,0.03897754394193287
2122,E0,2022-04-23,Brentford,Tottenham,D,4.28,3.67,1.87,4.76,3.97,1.73,AvgH/AvgD/AvgA,AvgCH/AvgCD/AvgCA,0.22446776847069905,0.2617771250829951,0.5137551064463057,0.040883782134551794
2122,E0,2022-04-23,Leicester,Aston Villa,D,2.85,3.39,2.54,2.98,3.35,2.47,AvgH/AvgD/AvgA,AvgCH/AvgCD/AvgCA,0.33752366616884416,0.28375883438973626,0.37871749944141964,0.03956323112149396
2122,E0,2022-04-23,Man City,Watford,H,1.11,9.78,25.83,1.11,10.03,24.75,AvgH/AvgD/AvgA,AvgCH/AvgCD/AvgCA,0.8647001740577008,0.0981408173010274,0.0371590086412717,0.04186506251447142
2122,E0,2022-04-23,Norwich,Newcastle,A,3.55,3.33,2.18,3.47,3.3,2.23,AvgH/AvgD/AvgA,AvgCH/AvgCD/AvgCA,0.27067215015715945,0.2885543943116865,0.44077345553115416,0.04070603747564583
2122,E0,2022-04-24,Brighton,Southampton,D,2.17,3.32,3.59,2.08,3.37,3.83,AvgH/AvgD/AvgA,AvgCH/AvgCD/AvgCA,0.44285581585449685,0.2894569639771862,0.26768722016831703,0.04058584439809221
2122,E0,2022-04-24,Burnley,Wolves,H,2.71,3.11,2.86,2.57,3.11,3.06,AvgH/AvgD/AvgA,AvgCH/AvgCD/AvgCA,0.35474389091184644,0.3091176670003549,0.3361384420877986,0.04019744804737879
2122,E0,2022-04-24,Chelsea,West Ham,H,1.53,4.37,6.4,1.43,4.79,7.9,AvgH/AvgD/AvgA,AvgCH/AvgCD/AvgCA,0.6292565601931328,0.22031179338569637,0.1504316464211708,0.03867772318691021
2122,E0,2022-04-24,Liverpool,Everton,H,1.19,7.35,15.64,1.2,7.29,15.26,AvgH/AvgD/AvgA,AvgCH/AvgCD/AvgCA,0.8077598461409816,0.13078016556568275,0.06145998829333556,0.04032917514832035
2122,E0,2022-04-25,Crystal Palace,Leeds,D,2.08,3.59,3.53,2.42,3.44,3.0,AvgH/AvgD/AvgA,AvgCH/AvgCD/AvgCA,0.4611222495933746,0.2671683228841837,0.2717094275224417,0.0426068817828269
2122,E0,2022-04-28,Man United,Chelsea,D,3.17,3.57,2.25,3.54,3.61,2.09,AvgH/AvgD/AvgA,AvgCH/AvgCD/AvgCA,0.30332038109048065,0.2693349042175977,0.42734471469192165,0.04001390251158288
2122,E0,2022-04-30,Aston Villa,Norwich,H,1.4,4.94,8.3,1.42,4.86,7.86,AvgH/AvgD/AvgA,AvgCH/AvgCD/AvgCA,0.6886694212099835,0.19516947159797104,0.1161611071920454,0.03719679179412849
2122,E0,2022-04-30,Leeds,Man City,A,9.69,5.85,1.31,9.49,5.74,1.32,AvgH/AvgD/AvgA,AvgCH/AvgCD/AvgCA,0.0994692636276201,0.1647619084703656,0.7357688279020143,0.03749812397272989
2122,E0,2022-04-30,Newcastle,Liverpool,A,7.81,4.87,1.41,6.44,4.34,1.54,AvgH/AvgD/AvgA,AvgCH/AvgCD/AvgCA,0.12280933942607777,0.1969488585046545,0.6802418020692677,0.042599640302331654
2122,E0,2022-04-30,Southampton,Crystal Palace,A,2.41,3.37,3.05,2.46,3.17,3.15,AvgH/AvgD/AvgA,AvgCH/AvgCD/AvgCA,0.39915419774996413,0.2854485509131791,0.315397251336857,0.039542516839626174
2122,E0,2022-04-30,Watford,Burnley,A,2.68,3.31,2.75,2.63,3.22,2.88,AvgH/AvgD/AvgA,AvgCH/AvgCD/AvgCA,0.3591679063105436,0.2908066431759085,0.35002545051354805,0.03888549561995003
2122,E0,2022-04-30,Wolves,Brighton,A,2.75,3.09,2.83,2.76,2.99,2.93,AvgH/AvgD/AvgA,AvgCH/AvgCD/AvgCA,0.3494427505624443,0.3109927391736964,0.33956451026385925,0.04061784956498338
2122,E0,2022-05-01,Everton,Chelsea,H,4.83,3.71,1.77,5.11,3.86,1.72,AvgH/AvgD/AvgA,AvgCH/AvgCD/AvgCA,0.19877948000762824,0.2587883796325726,0.5424321403597991,0.04155286786229073
2122,E0,2022-05-01,Tottenham,Leicester,H,1.46,4.8,6.88,1.36,5.27,8.81,AvgH/AvgD/AvgA,AvgCH/AvgCD/AvgCA,0.6594670585979934,0.20058789699022303,0.13994504441178351,0.03861367739195076
2122,E0,2022-05-01,West Ham,Arsenal,A,4.54,3.84,1.79,4.4,3.89,1.81,AvgH/AvgD/AvgA,AvgCH/AvgCD/AvgCA,0.21192706374214557,0.2505596014034742,0.5375133348543804,0.03934020172437824
2122,E0,2022-05-02,Man United,Brentford,H,1.76,3.95,4.51,1.76,3.98,4.56,AvgH/AvgD/AvgA,AvgCH/AvgCD/AvgCA,0.5447176347919681,0.24270962967945914,0.2125727355285729,0.04307586516601636
2122,E0,2022-05-07,Brentford,Southampton,H,2.21,3.44,3.35,2.11,3.54,3.54,AvgH/AvgD/AvgA,AvgCH/AvgCD/AvgCA,0.4343778152198086,0.27906249175458636,0.286559693025605,0.04169382488797724
2122,E0,2022-05-07,Brighton,Man United,H,2.8,3.44,2.56,3.02,3.34,2.46,AvgH/AvgD/AvgA,AvgCH/AvgCD/AvgCA,0.3439140214946263,0.27993001749562607,0.3761559610097475,0.03846553156146193
2122,E0,2022-05-07,Burnley,Aston Villa,A,3.0,3.33,2.46,3.09,3.17,2.49,AvgH/AvgD/AvgA,AvgCH/AvgCD/AvgCA,0.32047038940919653,0.28871206253080767,0.39081754805999575,0.04013769867428407
2122,E0,2022-05-07,Chelsea,Wolves,D,1.36,4.95,9.62,1.37,4.9,9.29,AvgH/AvgD/AvgA,AvgCH/AvgCD/AvgCA,0.7061550370583473,0.19401431321199036,0.09983064972966241,0.04126442361736471
2122,E0,2022-05-07,Crystal Palace,Watford,H,1.69,3.89,5.2,1.69,3.84,5.33,AvgH/AvgD/AvgA,AvgCH/AvgCD/AvgCA,0.5683603024436571,0.24692259926215435,0.18471709829418853,0.041093077379413145
2122,E0,2022-05-07,Liverpool,Tottenham,D,1.46,4.89,6.68,1.43,5.12,7.05,AvgH/AvgD/AvgA,AvgCH/AvgCD/AvgCA,0.659138695734643,0.1967980563952104,0.14406324787014654,0.03913108315682279
2122,E0,2022-05-08,Arsenal,Leeds,H,1.46,4.81,6.77,1.53,4.51,6.21,AvgH/AvgD/AvgA,AvgCH/AvgCD/AvgCA,0.658244812565064,0.1997998807370049,0.1419553066979311,0.040542202194131516
2122,E0,2022-05-08,Leicester,Everton,A,2.61,3.34,2.8,2.68,3.26,2.78,AvgH/AvgD/AvgA,AvgCH/AvgCD/AvgCA,0.36851686934043676,0.28797276316722753,0.34351036749233566,0.03968581719975495
2122,E0,2022-05-08,Man City,Newcastle,H,1.18,7.63,17.16,1.18,7.9,16.78,AvgH/AvgD/AvgA,AvgCH/AvgCD/AvgCA,0.817382618629942,0.12641041808431605,0.05620696328574193,0.036794284345209594
2122,E0,2022-05-08,Norwich,West Ham,A,4.51,3.81,1.8,4.88,4.03,1.7,AvgH/AvgD/AvgA,AvgCH/AvgCD/AvgCA,0.21325223653647024,0.2524324374749293,0.5343153259886004,0.039752237178778405
2122,E0,2022-05-10,Aston Villa,Liverpool,A,7.35,4.85,1.44,6.37,4.55,1.52,AvgH/AvgD/AvgA,AvgCH/AvgCD/AvgCA,0.13123995828283114,0.1988894213152183,0.6698706204019504,0.036684433223461266
2122,E0,2022-05-11,Leeds,Chelsea,A,4.98,4.17,1.67,4.86,4.12,1.69,AvgH/AvgD/AvgA,AvgCH/AvgCD/AvgCA,0.19318891117454662,0.23071481478399097,0.5760962740414625,0.03941376153820464
2122,E0,2022-05-11,Leicester,Norwich,H,1.44,4.9,7.02,1.34,5.57,9.13,AvgH/AvgD/AvgA,AvgCH/AvgCD/AvgCA,0.6671088459121691,0.19604831390071908,0.13684284018711163,0.040976219547648185
2122,E0,2022-05-11,Watford,Everton,D,4.26,3.68,1.87,5.69,3.77,1.67,AvgH/AvgD/AvgA,AvgCH/AvgCD/AvgCA,0.22544439566775654,0.26097639281104423,0.5135792115211993,0.041240272761111196
2122,E0,2022-05-11,Wolves,Man City,A,12.83,5.88,1.26,12.0,6.22,1.26,AvgH/AvgD/AvgA,AvgCH/AvgCD/AvgCA,0.07482502651113467,0.1632661717921527,0.7619088016967125,0.041661143542893964
2122,E0,2022-05-12,Tottenham,Arsenal,H,2.12,3.6,3.42,2.28,3.47,3.22,AvgH/AvgD/AvgA,AvgCH/AvgCD/AvgCA,0.4527402700555997,0.26661371458829763,0.28064601535610273,0.04187355180403829
2122,E0,2022-05-15,Aston Villa,Crystal Palace,D,2.06,3.55,3.63,1.88,3.55,4.46,AvgH/AvgD/AvgA,AvgCH/AvgCD/AvgCA,0.4655981616703942,0.27017808818056677,0.2642237501490391,0.042609127712865735
2122,E0,2022-05-15,Everton,Brentford,A,2.1,3.55,3.53,1.91,3.61,4.21,AvgH/AvgD/AvgA,AvgCH/AvgCD/AvgCA,0.4573623606270188,0.27055238234274354,0.27208525703023784,0.04116673601571641
2122,E0,2022-05-15,Leeds,Brighton,D,2.67,3.52,2.61,2.67,3.45,2.68,AvgH/AvgD/AvgA,AvgCH/AvgCD/AvgCA,0.3595167936511663,0.27270165882062897,0.3677815475282046,0.04176450674900911
2122,E0,2022-05-15,Tottenham,Burnley,H,1.34,5.36,9.11,1.32,5.56,10.15,AvgH/AvgD/AvgA,AvgCH/AvgCD/AvgCA,0.715772932626203,0.17894323315655075,0.10528383421724612,0.04260530497894721
2122,E0,2022-05-15,Watford,Leicester,A,3.65,3.68,2.02,5.12,3.95,1.7,AvgH/AvgD/AvgA,AvgCH/AvgCD/AvgCA,0.2632425120225507,0.26109651328323646,0.4756609746942129,0.04076123812500354
2122,E0,2022-05-15,West Ham,Man City,D,8.01,5.2,1.38,7.97,5.2,1.39,AvgH/AvgD/AvgA,AvgCH/AvgCD/AvgCA,0.11983607707183148,0.18459364948949425,0.6955702734386742,0.04178931853577694
2122,E0,2022-05-15,Wolves,Norwich,D,1.46,4.58,7.25,1.54,4.44,6.04,AvgH/AvgD/AvgA,AvgCH/AvgCD/AvgCA,0.6578269620895144,0.20970029795866618,0.13247273995181946,0.04120315268578545
2122,E0,2022-05-16,Newcastle,Arsenal,H,4.14,3.68,1.88,4.29,3.82,1.84,AvgH/AvgD/AvgA,AvgCH/AvgCD/AvgCA,0.23110018438844498,0.2599877074370006,0.5089121081745543,0.0451999177716107
2122,E0,2022-05-17,Southampton,Liverpool,A,8.02,5.49,1.37,6.64,4.91,1.47,AvgH/AvgD/AvgA,AvgCH/AvgCD/AvgCA,0.12026671570312689,0.175690174852291,0.7040431094445821,0.03676464907824695
2122,E0,2022-05-19,Aston Villa,Burnley,D,2.05,3.56,3.7,2.04,3.45,3.88,AvgH/AvgD/AvgA,AvgCH/AvgCD/AvgCA,0.4695063268579577,0.27036178934236327,0.26013188379967916,0.03897402472354505
2122,E0,2022-05-19,Chelsea,Leicester,D,1.38,4.91,8.66,1.42,4.94,7.48,AvgH/AvgD/AvgA,AvgCH/AvgCD/AvgCA,0.6942456144933973,0.19512402199610754,0.11063036351049516,0.04377711004800622
2122,E0,2022-05-19,Everton,Crystal Palace,H,1.95,3.47,4.16,1.86,3.51,4.62,AvgH/AvgD/AvgA,AvgCH/AvgCD/AvgCA,0.4924386890771209,0.2767306754179786,0.23083063550490038,0.041389566245474185
2122,E0,2022-05-22,Arsenal,Everton,H,1.37,5.15,8.69,1.34,5.54,8.95,AvgH/AvgD/AvgA,AvgCH/AvgCD/AvgCA,0.702409035334297,0.18685444240931784,0.11073652225638515,0.03917656319992591
2122,E0,2022-05-22,Brentford,Leeds,A,2.41,3.76,2.79,2.33,3.8,2.88,AvgH/AvgD/AvgA,AvgCH/AvgCD/AvgCA,0.3992403685506491,0.25589608728911284,0.3448635441602381,0.03931814521271049
2122,E0,2022-05-22,Brighton,West Ham,H,2.4,3.57,2.91,2.66,3.47,2.68,AvgH/AvgD/AvgA,AvgCH/AvgCD/AvgCA,0.4004787843042016,0.269229434826354,0.3302917808694446,0.04042132316844249
2122,E0,2022-05-22,Burnley,Newcastle,A,2.24,3.48,3.25,2.48,3.28,3.03,AvgH/AvgD/AvgA,AvgCH/AvgCD/AvgCA,0.4286493943574428,0.27591225383927354,0.2954383518032837,0.04147720095995955
2122,E0,2022-05-22,Chelsea,Watford,H,1.17,7.89,17.63,1.19,7.51,16.11,AvgH/AvgD/AvgA,AvgCH/AvgCD/AvgCA,0.8232803086664169,0.12208339177943064,0.05463629955415245,0.03816506444243051
2122,E0,2022-05-22,Crystal Palace,Man United,H,3.1,3.66,2.25,2.81,3.49,2.53,AvgH/AvgD/AvgA,AvgCH/AvgCD/AvgCA,0.31009941256213286,0.2626525079078174,0.4272480795300497,0.040249133321581754
2122,E0,2022-05-22,Leicester,Southampton,H,1.88,4.03,3.86,1.71,4.29,4.52,AvgH/AvgD/AvgA,AvgCH/AvgCD/AvgCA,0.5118891704235085,0.238796933100793,0.24931389647569843,0.03912120894635196
2122,E0,2022-05-22,Liverpool,Wolves,H,1.16,8.12,18.95,1.14,9.22,19.12,AvgH/AvgD/AvgA,AvgCH/AvgCD/AvgCA,0.8305159028299524,0.11864512897570748,0.050838968194340084,0.03799212342566016
2122,E0,2022-05-22,Man City,Aston Villa,H,1.16,8.18,18.24,1.17,8.27,15.87,AvgH/AvgD/AvgA,AvgCH/AvgCD/AvgCA,0.8295961532473655,0.11764444226979755,0.05275940448283684,0.039142915673806566
2122,E0,2022-05-22,Norwich,Tottenham,A,11.19,6.45,1.26,9.99,5.59,1.31,AvgH/AvgD/AvgA,AvgCH/AvgCD/AvgCA,0.08608936896397214,0.14935504476075165,0.7645555862752763,0.038055058255818786
2223,E0,2022-08-05,Crystal Palace,Arsenal,A,4.39,3.59,1.88,4.56,3.57,1.85,AvgH/AvgD/AvgA,AvgCH/AvgCD/AvgCA,0.21939699309223895,0.2682876879317351,0.512315318976026,0.03825685845226978
2223,E0,2022-08-06,Bournemouth,Aston Villa,H,3.8,3.5,2.04,3.99,3.49,2.0,AvgH/AvgD/AvgA,AvgCH/AvgCD/AvgCA,0.25326333711691257,0.27497162315550505,0.47176503972758227,0.03906825888250043
2223,E0,2022-08-06,Everton,Chelsea,A,5.74,3.96,1.63,6.44,4.04,1.57,AvgH/AvgD/AvgA,AvgCH/AvgCD/AvgCA,0.16747705065202612,0.24275713907642174,0.5897658102715522,0.04023821291515439
2223,E0,2022-08-06,Fulham,Liverpool,D,10.99,6.05,1.28,10.33,6.2,1.28,AvgH/AvgD/AvgA,AvgCH/AvgCD/AvgCA,0.08770032400649146,0.15931017534402334,0.7529895006494852,0.037531066935380775
2223,E0,2022-08-06,Leeds,Wolves,H,2.34,3.34,3.18,2.43,3.36,3.02,AvgH/AvgD/AvgA,AvgCH/AvgCD/AvgCA,0.41043357291908183,0.2875492696498957,0.3020171574310224,0.04121703376024932
2223,E0,2022-08-06,Newcastle,Nott'm Forest,H,1.67,3.8,5.57,1.59,4.07,6.15,AvgH/AvgD/AvgA,AvgCH/AvgCD/AvgCA,0.5749458764216777,0.2526735825326847,0.17238054104563766,0.04149350359094717
2223,E0,2022-08-06,Tottenham,Southampton,H,1.36,5.27,8.64,1.37,5.24,8.59,AvgH/AvgD/AvgA,AvgCH/AvgCD/AvgCA,0.7064781599493564,0.18231694450305974,0.11120489554758387,0.04078817907091148
2223,E0,2022-08-07,Leicester,Brentford,D,2.03,3.66,3.64,1.92,3.66,4.08,AvgH/AvgD/AvgA,AvgCH/AvgCD/AvgCA,0.47340928312024283,0.2625740012934679,0.2640167155862892,0.04056015587954542
2223,E0,2022-08-07,Man United,Brighton,A,1.62,4.01,5.68,1.78,3.77,4.73,AvgH/AvgD/AvgA,AvgCH/AvgCD/AvgCA,0.5919957582405014,0.2391603811345667,0.16884386062493179,0.04271684724894431
2223,E0,2022-08-07,West Ham,Man City,A,8.32,5.25,1.37,7.9,5.27,1.39,AvgH/AvgD/AvgA,AvgCH/AvgCD/AvgCA,0.11550338922353778,0.18304537111234942,0.7014512396641127,0.040595505467768245
2223,E0,2022-08-13,Arsenal,Leicester,H,1.55,4.37,6.04,1.57,4.4,5.89,AvgH/AvgD/AvgA,AvgCH/AvgCD/AvgCA,0.6206116580414434,0.22012541646778883,0.1592629254907678,0.039557156174945485
2223,E0,2022-08-13,Aston Villa,Everton,H,1.82,3.56,4.87,1.78,3.62,4.95,AvgH/AvgD/AvgA,AvgCH/AvgCD/AvgCA,0.5305173226274335,0.2712195301072834,0.19826314726528313,0.03568823488995143
2223,E0,2022-08-13,Brentford,Man United,H,3.77,3.56,2.02,4.35,3.86,1.83,AvgH/AvgD/AvgA,AvgCH/AvgCD/AvgCA,0.254755949808345,0.269783688420635,0.4754603617710201,0.04120037074490979
2223,E0,2022-08-13,Brighton,Newcastle,D,2.44,3.25,3.1,2.44,3.28,3.1,AvgH/AvgD/AvgA,AvgCH/AvgCD/AvgCA,0.39403183542571085,0.2958269779811491,0.3101411865931401,0.04010901842736847
2223,E0,2022-08-13,Man City,Bournemouth,H,1.07,12.72,37.57,1.08,12.66,32.0,AvgH/AvgD/AvgA,AvgCH/AvgCD/AvgCA,0.8987958827212377,0.07560625743016701,0.02559785984859527,0.03981277308787701
2223,E0,2022-08-13,Southampton,Leeds,D,2.32,3.51,3.1,2.44,3.57,2.87,AvgH/AvgD/AvgA,AvgCH/AvgCD/AvgCA,0.4150487103394085,0.27433419030980843,0.3106170993507831,0.03851541282019588
2223,E0,2022-08-13,Wolves,Fulham,D,2.4,3.28,3.15,2.22,3.41,3.41,AvgH/AvgD/AvgA,AvgCH/AvgCD/AvgCA,0.40102468560782495,0.29343269678621337,0.3055426176059618,0.039005032907471815
2223,E0,2022-08-14,Chelsea,Tottenham,D,2.29,3.44,3.21,2.16,3.49,3.48,AvgH/AvgD/AvgA,AvgCH/AvgCD/AvgCA,0.42032819583645786,0.2798115024608978,0.2998603017026443,0.03890537687680706
2223,E0,2022-08-14,Nott'm Forest,West Ham,H,4.21,3.64,1.9,4.01,3.62,1.95,AvgH/AvgD/AvgA,AvgCH/AvgCD/AvgCA,0.22870824156563951,0.2645224442283907,0.5067693142059696,0.03857075541036048
2223,E0,2022-08-15,Liverpool,Crystal Palace,D,1.2,6.85,16.33,1.27,6.1,11.72,AvgH/AvgD/AvgA,AvgCH/AvgCD/AvgCA,0.8008541164762863,0.14029561164548082,0.05885027187823292,0.04055572193342005
2223,E0,2022-08-20,Bournemouth,Arsenal,A,7.65,4.7,1.43,7.54,4.72,1.44,AvgH/AvgD/AvgA,AvgCH/AvgCD/AvgCA,0.1253555408417342,0.20403614626367372,0.670608312894592,0.04278561099587397
2223,E0,2022-08-20,Crystal Palace,Aston Villa,H,2.52,3.2,3.0,2.5,3.22,3.06,AvgH/AvgD/AvgA,AvgCH/AvgCD/AvgCA,0.3805899143672693,0.2997145575642246,0.3196955280685062,0.04265873015873001
2223,E0,2022-08-20,Everton,Nott'm Forest,D,1.97,3.48,4.05,1.91,3.52,4.33,AvgH/AvgD/AvgA,AvgCH/AvgCD/AvgCA,0.487207939684943,0.2758044945917637,0.2369875657232933,0.04188411528396352
2223,E0,2022-08-20,Fulham,Brentford,H,2.46,3.42,2.92,2.67,3.38,2.73,AvgH/AvgD/AvgA,AvgCH/AvgCD/AvgCA,0.3903560204512407,0.28078240067545385,0.3288615788733055,0.04136747928402129
2223,E0,2022-08-20,Leicester,Southampton,A,1.85,3.97,4.01,1.77,4.1,4.38,AvgH/AvgD/AvgA,AvgCH/AvgCD/AvgCA,0.5188493841806621,0.24178119917738664,0.23936941664195135,0.04180626790977482
2223,E0,2022-08-20,Tottenham,Wolves,H,1.41,4.88,7.96,1.45,4.8,7.17,AvgH/AvgD/AvgA,AvgCH/AvgCD/AvgCA,0.6820956220631721,0.1970809071944821,0.1208234707423458,0.03976603164643122
2223,E0,2022-08-21,Leeds,Chelsea,H,5.93,4.43,1.55,6.03,4.58,1.53,AvgH/AvgD/AvgA,AvgCH/AvgCD/AvgCA,0.1622216079701568,0.2171499176665982,0.6206284743632451,0.039528988715037405
2223,E0,2022-08-21,Newcastle,Man City,D,8.67,5.11,1.37,6.94,4.92,1.45,AvgH/AvgD/AvgA,AvgCH/AvgCD/AvgCA,0.11080160108131551,0.18799410594422805,0.7012042929744565,0.04096197729048967
2223,E0,2022-08-21,West Ham,Brighton,A,2.32,3.41,3.14,2.52,3.37,2.91,AvgH/AvgD/AvgA,AvgCH/AvgCD/AvgCA,0.4133588640873399,0.2812294911092752,0.3054116448033849,0.04276095230304788
2223,E0,2022-08-22,Man United,Liverpool,H,5.22,4.38,1.6,4.59,4.37,1.7,AvgH/AvgD/AvgA,AvgCH/AvgCD/AvgCA,0.18334222836153577,0.2185037516089536,0.5981540200295105,0.04488138350915882
2223,E0,2022-08-27,Arsenal,Fulham,H,1.32,5.77,9.44,1.39,5.32,7.66,AvgH/AvgD/AvgA,AvgCH/AvgCD/AvgCA,0.7306736779974781,0.16715585007914577,0.10217047192337618,0.036818186268881004
2223,E0,2022-08-27,Brentford,Everton,D,2.06,3.47,3.77,2.1,3.44,3.72,AvgH/AvgD/AvgA,AvgCH/AvgCD/AvgCA,0.46727246100377556,0.2774009422673711,0.2553265967288535,0.03887332063414961
2223,E0,2022-08-27,Brighton,Leeds,H,1.91,3.73,4.04,1.75,3.9,4.8,AvgH/AvgD/AvgA,AvgCH/AvgCD/AvgCA,0.5038198054824656,0.2579881577671607,0.2381920367503736,0.03918147664463967
2223,E0,2022-08-27,Chelsea,Leicester,H,1.42,4.93,7.52,1.41,5.06,7.7,AvgH/AvgD/AvgA,AvgCH/AvgCD/AvgCA,0.6771112239418767,0.19503000770739654,0.1278587683507267,0.040043832109223576
2223,E0,2022-08-27,Liverpool,Bournemouth,H,1.11,10.17,25.51,1.15,8.99,18.65,AvgH/AvgD/AvgA,AvgCH/AvgCD/AvgCA,0.8675608569379166,0.09468953305812071,0.037749610003962666,0.03842963141589739
2223,E0,2022-08-27,Man City,Crystal Palace,H,1.19,7.56,15.25,1.2,7.51,15.24,AvgH/AvgD/AvgA,AvgCH/AvgCD/AvgCA,0.8094280926099756,0.12740997754045913,0.06316192984956531,0.03818503722071709
2223,E0,2022-08-27,Southampton,Man United,A,4.27,4.06,1.8,3.68,3.93,1.96,AvgH/AvgD/AvgA,AvgCH/AvgCD/AvgCA,0.2260425237084831,0.23773437838305983,0.5362230979084571,0.03605301174549336
2223,E0,2022-08-28,Aston Villa,West Ham,A,2.3,3.43,3.18,2.12,3.45,3.66,AvgH/AvgD/AvgA,AvgCH/AvgCD/AvgCA,0.4177415895581838,0.2801182670506771,0.30214014339113915,0.04079320700505673
2223,E0,2022-08-28,Nott'm Forest,Tottenham,A,6.98,4.59,1.47,6.89,4.77,1.46,AvgH/AvgD/AvgA,AvgCH/AvgCD/AvgCA,0.13757057136041398,0.20920317823435508,0.6532262504052311,0.04140350823551309
2223,E0,2022-08-28,Wolves,Newcastle,D,2.75,3.26,2.7,2.56,3.3,2.92,AvgH/AvgD/AvgA,AvgCH/AvgCD/AvgCA,0.3493966338520165,0.2947364242616704,0.35586694188631307,0.04075520026440271
2223,E0,2022-08-30,Crystal Palace,Brentford,D,2.1,3.42,3.72,2.09,3.47,3.69,AvgH/AvgD/AvgA,AvgCH/AvgCD/AvgCA,0.4590206520327315,0.2818547863358878,0.2591245616313807,0.03740534131026485
2223,E0,2022-08-30,Fulham,Brighton,H,3.21,3.35,2.33,3.34,3.26,2.32,AvgH/AvgD/AvgA,AvgCH/AvgCD/AvgCA,0.29976995425968667,0.2872422546786848,0.4129877910616285,0.03921849179356918
2223,E0,2022-08-30,Leeds,Everton,D,2.14,3.57,3.46,2.12,3.6,3.47,AvgH/AvgD/AvgA,AvgCH/AvgCD/AvgCA,0.4508694573009593,0.2702690864493145,0.2788614562497263,0.036419105484557734
2223,E0,2022-08-30,Southampton,Chelsea,H,5.22,4.16,1.65,5.18,4.1,1.67,AvgH/AvgD/AvgA,AvgCH/AvgCD/AvgCA,0.18455482601190573,0.23158081533224706,0.5838643586558472,0.03801610267127509
2223,E0,2022-08-31,Arsenal,Aston Villa,H,1.47,4.63,7.0,1.54,4.46,6.08,AvgH/AvgD/AvgA,AvgCH/AvgCD/AvgCA,0.6546667986369357,0.20785317364930786,0.13748002771375648,0.03911197308296965
2223,E0,2022-08-31,Bournemouth,Wolves,D,3.53,3.38,2.16,3.3,3.26,2.34,AvgH/AvgD/AvgA,AvgCH/AvgCD/AvgCA,0.2718397438284246,0.28390363778530736,0.4442566183862679,0.04210707010881354
2223,E0,2022-08-31,Liverpool,Newcastle,H,1.31,5.81,9.58,1.29,6.22,10.29,AvgH/AvgD/AvgA,AvgCH/AvgCD/AvgCA,0.7340976804487428,0.16551944257966494,0.10038287697159219,0.039859951824564366
2223,E0,2022-08-31,Man City,Nott'm Forest,H,1.08,12.84,30.99,1.09,11.93,27.15,AvgH/AvgD/AvgA,AvgCH/AvgCD/AvgCA,0.8936853169469599,0.07516979301423028,0.03114489003880984,0.03607601956481443
2223,E0,2022-08-31,West Ham,Tottenham,D,3.63,3.74,2.01,3.31,3.56,2.2,AvgH/AvgD/AvgA,AvgCH/AvgCD/AvgCA,0.26479135185400443,0.2570033709171219,0.4782052772288737,0.04037421061924218
2223,E0,2022-09-01,Leicester,Man United,A,3.41,3.81,2.07,3.24,3.75,2.16,AvgH/AvgD/AvgA,AvgCH/AvgCD/AvgCA,0.2822979865771812,0.25266040268456375,0.4650416107382551,0.03881411100547272
2223,E0,2022-09-03,Aston Villa,Man City,D,8.75,5.63,1.34,9.02,5.8,1.33,AvgH/AvgD/AvgA,AvgCH/AvgCD/AvgCA,0.11008336288170292,0.17108870785344593,0.7188279292648511,0.038174264430196114
2223,E0,2022-09-03,Brentford,Leeds,H,2.17,3.59,3.33,2.15,3.57,3.42,AvgH/AvgD/AvgA,AvgCH/AvgCD/AvgCA,0.4432410988057588,0.2679201070775757,0.28883879411666563,0.039681325421284
2223,E0,2022-09-03,Chelsea,West Ham,H,1.55,4.38,6.03,1.67,4.02,5.33,AvgH/AvgD/AvgA,AvgCH/AvgCD/AvgCA,0.6207596793185873,0.2196752289826051,0.15956509169880767,0.03930927187600064
2223,E0,2022-09-03,Everton,Liverpool,D,7.77,5.06,1.4,7.63,5.19,1.4,AvgH/AvgD/AvgA,AvgCH/AvgCD/AvgCA,0.1236770708576736,0.18991518588223794,0.6864077432600885,0.04061430148386669
2223,E0,2022-09-03,Newcastle,Crystal Palace,D,2.05,3.48,3.8,2.09,3.42,3.75,AvgH/AvgD/AvgA,AvgCH/AvgCD/AvgCA,0.46980247264459296,0.2767514565866136,0.25344607076879355,0.038319094624702954
2223,E0,2022-09-03,Nott'm Forest,Bournemouth,A,2.02,3.47,3.89,2.2,3.35,3.53,AvgH/AvgD/AvgA,AvgCH/AvgCD/AvgCA,0.47587033544270324,0.2770196189032451,0.24711004565405156,0.04030335173120081
2223,E0,2022-09-03,Tottenham,Fulham,H,1.49,4.62,6.54,1.52,4.57,6.2,AvgH/AvgD/AvgA,AvgCH/AvgCD/AvgCA,0.6450199815554873,0.20802592478737575,0.146954093657137,0.04049635482429026
2223,E0,2022-09-03,Wolves,Southampton,H,2.24,3.4,3.33,2.16,3.46,3.49,AvgH/AvgD/AvgA,AvgCH/AvgCD/AvgCA,0.4289091267255618,0.2825754246662525,0.28851544860818573,0.040846518787695185
2223,E0,2022-09-04,Brighton,Leicester,H,1.87,3.6,4.43,1.91,3.58,4.26,AvgH/AvgD/AvgA,AvgCH/AvgCD/AvgCA,0.5150480717992771,0.2675388595179579,0.21741306868276492,0.03827077037806026
2223,E0,2022-09-04,Man United,Arsenal,H,2.61,3.55,2.67,2.66,3.49,2.67,AvgH/AvgD/AvgA,AvgCH/AvgCD/AvgCA,0.36863106558237757,0.2710217130056354,0.3603472214119871,0.03936373850317021
2223,E0,2022-09-16,Aston Villa,Southampton,H,2.1,3.55,3.53,2.08,3.55,3.63,AvgH/AvgD/AvgA,AvgCH/AvgCD/AvgCA,0.4573623606270188,0.27055238234274354,0.27208525703023784,0.04116673601571641
2223,E0,2022-09-16,Nott'm Forest,Fulham,A,2.81,3.4,2.57,2.8,3.39,2.58,AvgH/AvgD/AvgA,AvgCH/AvgCD/AvgCA,0.34248266617542733,0.2830518505743973,0.3744654832501754,0.039094591545578705
2223,E0,2022-09-17,Newcastle,Bournemouth,D,1.47,4.47,7.39,1.42,4.82,7.89,AvgH/AvgD/AvgA,AvgCH/AvgCD/AvgCA,0.6545459949472432,0.21525338088869073,0.13020062416406597,0.039303752669616054
2223,E0,2022-09-17,Tottenham,Leicester,H,1.49,4.59,6.7,1.52,4.57,6.26,AvgH/AvgD/AvgA,AvgCH/AvgCD/AvgCA,0.6464095713934389,0.20983665825190065,0.14375377035466028,0.038259594687875875
2223,E0,2022-09-17,Wolves,Man City,A,9.25,5.47,1.34,9.09,5.53,1.34,AvgH/AvgD/AvgA,AvgCH/AvgCD/AvgCA,0.10423151688724631,0.17625987773437446,0.7195086053783794,0.03719212131447103
2223,E0,2022-09-18,Brentford,Arsenal,A,4.3,3.91,1.81,4.48,3.89,1.8,AvgH/AvgD/AvgA,AvgCH/AvgCD/AvgCA,0.2234419744199336,0.24572902557690912,0.5308290000031572,0.04079880308351247
2223,E0,2022-09-18,Everton,West Ham,H,2.95,3.31,2.5,2.92,3.3,2.54,AvgH/AvgD/AvgA,AvgCH/AvgCD/AvgCA,0.32560152668752085,0.2901886718212044,0.38420980149127465,0.041097854472835316
2223,E0,2022-10-01,Arsenal,Tottenham,H,2.08,3.7,3.48,1.99,3.71,3.75,AvgH/AvgD/AvgA,AvgCH/AvgCD/AvgCA,0.46299226188763914,0.26027673100710524,0.27673100710525556,0.038395822878581454
2223,E0,2022-10-01,Bournemouth,Brentford,D,3.36,3.44,2.21,3.18,3.49,2.27,AvgH/AvgD/AvgA,AvgCH/AvgCD/AvgCA,0.2859507116420425,0.2793006950922276,0.43474859326572984,0.04080540982045777
2223,E0,2022-10-01,Crystal Palace,Chelsea,A,4.29,3.57,1.9,4.82,3.74,1.77,AvgH/AvgD/AvgA,AvgCH/AvgCD/AvgCA,0.22423659390465236,0.2694607809106327,0.506302625184715,0.039528067391844335
2223,E0,2022-10-01,Fulham,Newcastle,A,3.04,3.46,2.37,2.91,3.42,2.48,AvgH/AvgD/AvgA,AvgCH/AvgCD/AvgCA,0.3163242475909796,0.2779265065539243,0.40574924585509614,0.0399056377315572
2223,E0,2022-10-01,Liverpool,Brighton,D,1.37,5.33,8.25,1.47,4.77,6.72,AvgH/AvgD/AvgA,AvgCH/AvgCD/AvgCA,0.7026931577206359,0.18061719063363438,0.11668965164572985,0.03875638929938363
2223,E0,2022-10-01,Southampton,Everton,A,2.19,3.41,3.44,2.33,3.3,3.24,AvgH/AvgD/AvgA,AvgCH/AvgCD/AvgCA,0.4388165450267284,0.2818205963661393,0.27936285860713234,0.04057381094962409
2223,E0,2022-10-01,West Ham,Wolves,H,1.96,3.48,4.12,2.05,3.37,3.95,AvgH/AvgD/AvgA,AvgCH/AvgCD/AvgCA,0.49044934595807566,0.27623009140167476,0.23332056264024958,0.040278850073675265
2223,E0,2022-10-02,Leeds,Aston Villa,D,2.36,3.46,3.03,2.41,3.42,3.02,AvgH/AvgD/AvgA,AvgCH/AvgCD/AvgCA,0.4063456872427345,0.2771606421655646,0.3164936705917008,0.04277915790011466
2223,E0,2022-10-02,Man City,Man United,H,1.35,5.7,8.0,1.44,5.31,6.61,AvgH/AvgD/AvgA,AvgCH/AvgCD/AvgCA,0.7114439503861456,0.1684998829861924,0.12005616662766208,0.04117933723196865
2223,E0,2022-10-03,Leicester,Nott'm Forest,H,1.76,4.05,4.41,1.72,4.07,4.74,AvgH/AvgD/AvgA,AvgCH/AvgCD/AvgCA,0.5453571134133941,0.23699469619940092,0.2176481903872049,0.04185276804324434
2223,E0,2022-10-08,Bournemouth,Leicester,H,3.53,3.63,2.09,3.29,3.53,2.21,AvgH/AvgD/AvgA,AvgCH/AvgCD/AvgCA,0.2731160654179701,0.2655922068665109,0.46129172771551896,0.037237112165612984
2223,E0,2022-10-08,Brighton,Tottenham,A,2.76,3.47,2.58,2.58,3.32,2.86,AvgH/AvgD/AvgA,AvgCH/AvgCD/AvgCA,0.349021075530397,0.2776075413440621,0.37337138312554086,0.03810017784486219
2223,E0,2022-10-08,Chelsea,Wolves,H,1.4,4.82,8.5,1.51,4.32,6.88,AvgH/AvgD/AvgA,AvgCH/AvgCD/AvgCA,0.6872085611728002,0.1996041463987386,0.11318729242846119,0.03940165277729357
2223,E0,2022-10-08,Man City,Southampton,H,1.12,10.3,21.15,1.12,10.26,20.84,AvgH/AvgD/AvgA,AvgCH/AvgCD/AvgCA,0.8608126637399286,0.09360293042608933,0.045584405833982045,0.037225845374988076
2223,E0,2022-10-08,Newcastle,Brentford,H,1.8,3.92,4.38,1.68,4.0,5.11,AvgH/AvgD/AvgA,AvgCH/AvgCD/AvgCA,0.5347185888332461,0.24553404589281708,0.21974736527393676,0.03896809865498718
2223,E0,2022-10-09,Arsenal,Liverpool,H,2.58,3.72,2.62,2.53,3.75,2.67,AvgH/AvgD/AvgA,AvgCH/AvgCD/AvgCA,0.37337378752355993,0.25895278812117867,0.36767342435526135,0.038093492838858545
2223,E0,2022-10-09,Crystal Palace,Leeds,H,2.07,3.62,3.57,2.07,3.58,3.61,AvgH/AvgD/AvgA,AvgCH/AvgCD/AvgCA,0.4647584934566129,0.26575969100972063,0.2694818155336663,0.039446926180192854
2223,E0,2022-10-09,Everton,Man United,A,3.56,3.58,2.09,3.59,3.59,2.08,AvgH/AvgD/AvgA,AvgCH/AvgCD/AvgCA,0.2704337957307156,0.26892299240261097,0.4606432118666734,0.03869738486457308
2223,E0,2022-10-09,West Ham,Fulham,H,1.78,3.9,4.56,1.64,4.03,5.54,AvgH/AvgD/AvgA,AvgCH/AvgCD/AvgCA,0.5414885454346158,0.2471409258650298,0.21137052870035442,0.037506254833280295
2223,E0,2022-10-10,Nott'm Forest,Aston Villa,D,3.35,3.49,2.19,3.77,3.6,2.02,AvgH/AvgD/AvgA,AvgCH/AvgCD/AvgCA,0.28656860796892514,0.27507301911057286,0.438358372920502,0.04166141854217553
2223,E0,2022-10-14,Brentford,Brighton,H,3.21,3.44,2.3,3.23,3.46,2.27,AvgH/AvgD/AvgA,AvgCH/AvgCD/AvgCA,0.300409303879654,0.28032379809700275,0.41926689802334327,0.03700676286503568
2223,E0,2022-10-15,Fulham,Bournemouth,D,1.89,3.72,4.13,1.96,3.6,3.94,AvgH/AvgD/AvgA,AvgCH/AvgCD/AvgCA,0.5087267922953899,0.2584660315694319,0.23280717613517835,0.040048484006931284
2223,E0,2022-10-15,Leicester,Crystal Palace,D,2.31,3.49,3.12,2.4,3.47,2.99,AvgH/AvgD/AvgA,AvgCH/AvgCD/AvgCA,0.41627194843622767,0.2755267051254114,0.30820134643836083,0.039946204702651755
2223,E0,2022-10-15,Tottenham,Everton,H,1.49,4.56,6.81,1.47,4.68,6.9,AvgH/AvgD/AvgA,AvgCH/AvgCD/AvgCA,0.6470187457417351,0.21141621297262836,0.1415650412856366,0.03728206333176165
2223,E0,2022-10-15,Wolves,Nott'm Forest,H,1.72,3.81,5.13,1.73,3.81,5.02,AvgH/AvgD/AvgA,AvgCH/AvgCD/AvgCA,0.5596828369427956,0.25266521772745626,0.18765194532974824,0.038794314317401435
2223,E0,2022-10-16,Aston Villa,Chelsea,A,4.54,3.69,1.82,3.98,3.48,2.0,AvgH/AvgD/AvgA,AvgCH/AvgCD/AvgCA,0.21164658128277533,0.260399858814038,0.5279535599031867,0.04071757665826636
2223,E0,2022-10-16,Leeds,Arsenal,A,5.83,4.41,1.56,5.11,4.27,1.64,AvgH/AvgD/AvgA,AvgCH/AvgCD/AvgCA,0.16503897113329355,0.2181807713621545,0.6167802575045521,0.03930959726107952
2223,E0,2022-10-16,Liverpool,Man City,H,3.74,4.06,1.91,3.8,4.11,1.88,AvgH/AvgD/AvgA,AvgCH/AvgCD/AvgCA,0.2577786346834029,0.23746110682658303,0.504760258490014,0.03724530728768061
2223,E0,2022-10-16,Man United,Newcastle,D,2.0,3.78,3.65,2.08,3.68,3.52,AvgH/AvgD/AvgA,AvgCH/AvgCD/AvgCA,0.4814530481208779,0.2547370624978191,0.26380988938130295,0.03852286728999066
2223,E0,2022-10-16,Southampton,West Ham,D,2.96,3.42,2.44,2.97,3.36,2.47,AvgH/AvgD/AvgA,AvgCH/AvgCD/AvgCA,0.3248217232896335,0.28113225173605705,0.39404602497430946,0.040071564230321766
2223,E0,2022-10-18,Brighton,Nott'm Forest,D,1.4,4.91,8.19,1.39,4.99,8.28,AvgH/AvgD/AvgA,AvgCH/AvgCD/AvgCA,0.6867789639795808,0.19582292251963607,0.11739811350078305,0.04005182416587716
2223,E0,2022-10-18,Crystal Palace,Wolves,H,2.29,3.19,3.46,2.11,3.3,3.81,AvgH/AvgD/AvgA,AvgCH/AvgCD/AvgCA,0.4202178489981307,0.301661089092702,0.2781210619091674,0.039178187572337375
2223,E0,2022-10-19,Bournemouth,Southampton,A,2.72,3.33,2.69,2.68,3.24,2.79,AvgH/AvgD/AvgA,AvgCH/AvgCD/AvgCA,0.3536106363072939,0.28883511434109294,0.3575542493516132,0.0396945710197405
2223,E0,2022-10-19,Brentford,Chelsea,D,4.79,3.92,1.74,4.39,3.71,1.84,AvgH/AvgD/AvgA,AvgCH/AvgCD/AvgCA,0.20101260749376698,0.2456250994630469,0.5533622930431861,0.03858295171786952
2223,E0,2022-10-19,Liverpool,West Ham,H,1.44,5.01,6.96,1.43,5.02,7.22,AvgH/AvgD/AvgA,AvgCH/AvgCD/AvgCA,0.6691999447284788,0.19234489429321547,0.13845516097830596,0.03772340376717809
2223,E0,2022-10-19,Man United,Tottenham,H,2.45,3.57,2.86,2.37,3.5,3.02,AvgH/AvgD/AvgA,AvgCH/AvgCD/AvgCA,0.39324903615432316,0.2698767895176728,0.3368741743280042,0.0379256597743991
2223,E0,2022-10-19,Newcastle,Everton,H,1.64,4.05,5.46,1.67,3.93,5.37,AvgH/AvgD/AvgA,AvgCH/AvgCD/AvgCA,0.5864055116230967,0.23745803433626633,0.1761364540406371,0.03981986095807222
2223,E0,2022-10-20,Fulham,Aston Villa,H,2.88,3.42,2.51,2.97,3.42,2.44,AvgH/AvgD/AvgA,AvgCH/AvgCD/AvgCA,0.33450234972294307,0.28168618924037314,0.38381146103668373,0.038026257542927766
2223,E0,2022-10-20,Leicester,Leeds,H,2.32,3.58,3.03,2.3,3.56,3.08,AvgH/AvgD/AvgA,AvgCH/AvgCD/AvgCA,0.41429804526670383,0.268483649446579,0.3172183052867171,0.04039709499749833
2223,E0,2022-10-22,Chelsea,Man United,D,2.14,3.51,3.5,2.14,3.57,3.45,AvgH/AvgD/AvgA,AvgCH/AvgCD/AvgCA,0.45022428755717137,0.27449571947930107,0.2752799929635276,0.037904290240738714
2223,E0,2022-10-22,Everton,Crystal Palace,H,2.58,3.18,2.96,2.52,3.15,3.05,AvgH/AvgD/AvgA,AvgCH/AvgCD/AvgCA,0.3727251128534093,0.30239961986220004,0.3248752672843906,0.03990014586767554
2223,E0,2022-10-22,Man City,Brighton,H,1.21,6.94,14.36,1.23,6.72,13.0,AvgH/AvgD/AvgA,AvgCH/AvgCD/AvgCA,0.7945251348545899,0.13852671659568497,0.06694814854972518,0.04017638302026505
2223,E0,2022-10-22,Nott'm Forest,Liverpool,H,11.31,6.19,1.26,8.89,5.44,1.35,AvgH/AvgD/AvgA,AvgCH/AvgCD/AvgCA,0.08472184655693257,0.15479872125345842,0.7604794321896091,0.04361901197732054
2223,E0,2022-10-23,Aston Villa,Brentford,H,2.14,3.5,3.49,2.07,3.5,3.68,AvgH/AvgD/AvgA,AvgCH/AvgCD/AvgCA,0.44951717843789557,0.2748476462448847,0.27563517531721965,0.03953695662985224
2223,E0,2022-10-23,Leeds,Fulham,A,2.06,3.62,3.59,2.09,3.74,3.43,AvgH/AvgD/AvgA,AvgCH/AvgCD/AvgCA,0.4666623576219819,0.2655592421826748,0.2677784001953434,0.04023151915996159
2223,E0,2022-10-23,Southampton,Arsenal,D,5.78,4.27,1.58,6.83,4.65,1.48,AvgH/AvgD/AvgA,AvgCH/AvgCD/AvgCA,0.16633793232674876,0.22516001143995504,0.6085020562332961,0.04011381049862672
2223,E0,2022-10-23,Tottenham,Newcastle,A,2.09,3.58,3.53,2.23,3.46,3.32,AvgH/AvgD/AvgA,AvgCH/AvgCD/AvgCA,0.459586941263324,0.2683063428045662,0.27210671593210967,0.04108462744024877
2223,E0,2022-10-23,Wolves,Leicester,A,2.3,3.38,3.24,2.36,3.35,3.15,AvgH/AvgD/AvgA,AvgCH/AvgCD/AvgCA,0.41834879207860276,0.28467521354461134,0.29697599437678585,0.03928257216997477
2223,E0,2022-10-24,West Ham,Bournemouth,H,1.55,4.16,6.2,1.61,4.02,5.89,AvgH/AvgD/AvgA,AvgCH/AvgCD/AvgCA,0.6162962962962963,0.2296296296296296,0.15407407407407409,0.046836228287841175
2223,E0,2022-10-29,Bournemouth,Tottenham,A,5.1,3.91,1.69,5.03,3.75,1.75,AvgH/AvgD/AvgA,AvgCH/AvgCD/AvgCA,0.18789577995842802,0.24508145211968868,0.5670227679218833,0.04354888340723484
2223,E0,2022-10-29,Brentford,Wolves,D,2.2,3.46,3.33,2.17,3.46,3.41,AvgH/AvgD/AvgA,AvgCH/AvgCD/AvgCA,0.43544546821971447,0.27687284106455834,0.2876816907157273,0.043863095886217174
2223,E0,2022-10-29,Brighton,Chelsea,H,3.03,3.34,2.41,3.09,3.37,2.39,AvgH/AvgD/AvgA,AvgCH/AvgCD/AvgCA,0.31601097680188756,0.28668061667955674,0.3973084065185557,0.04437196024122003
2223,E0,2022-10-29,Crystal Palace,Southampton,H,1.95,3.57,4.03,2.09,3.42,3.76,AvgH/AvgD/AvgA,AvgCH/AvgCD/AvgCA,0.4925891307250635,0.26906128989184136,0.2383495793830952,0.04107151545481713
2223,E0,2022-10-29,Fulham,Everton,D,2.36,3.43,3.07,2.29,3.44,3.22,AvgH/AvgD/AvgA,AvgCH/AvgCD/AvgCA,0.407037467964948,0.28006076513040146,0.3129017669046506,0.04100690208649649
2223,E0,2022-10-29,Leicester,Man City,A,9.66,6.09,1.29,7.54,5.09,1.41,AvgH/AvgD/AvgA,AvgCH/AvgCD/AvgCA,0.09925973095598185,0.15744646979224708,0.7432937992517711,0.042917079666146885
2223,E0,2022-10-29,Liverpool,Leeds,A,1.3,6.07,9.16,1.23,7.06,11.72,AvgH/AvgD/AvgA,AvgCH/AvgCD/AvgCA,0.7374144896167384,0.15793061556865898,0.10465489481460262,0.04314572070663658
2223,E0,2022-10-29,Newcastle,Aston Villa,H,1.83,3.73,4.41,1.77,3.83,4.67,AvgH/AvgD/AvgA,AvgCH/AvgCD/AvgCA,0.5247738909891372,0.2574627937024454,0.2177633153084175,0.041301971791514624
2223,E0,2022-10-30,Arsenal,Nott'm Forest,H,1.2,6.96,14.82,1.22,6.73,13.37,AvgH/AvgD/AvgA,AvgCH/AvgCD/AvgCA,0.7978391623969704,0.1375584762753397,0.06460236132768991,0.04448787751873051
2223,E0,2022-10-30,Man United,West Ham,H,1.7,4.02,4.85,1.72,3.91,5.0,AvgH/AvgD/AvgA,AvgCH/AvgCD/AvgCA,0.563888246182323,0.2384602036094401,0.19765155020823694,0.043177080033429016
2223,E0,2022-11-05,Everton,Leicester,A,2.43,3.33,3.03,2.52,3.34,2.91,AvgH/AvgD/AvgA,AvgCH/AvgCD/AvgCA,0.3949899587781418,0.28823591586513053,0.3167741253567276,0.041855937345486316
2223,E0,2022-11-05,Leeds,Bournemouth,H,1.74,3.93,4.73,1.64,4.13,5.32,AvgH/AvgD/AvgA,AvgCH/AvgCD/AvgCA,0.5522992040359743,0.2445294185808131,0.20317137738321253,0.04058206037307022
2223,E0,2022-11-05,Man City,Fulham,H,1.13,9.74,19.8,1.18,8.14,15.13,AvgH/AvgD/AvgA,AvgCH/AvgCD/AvgCA,0.8524515961918773,0.09889838846989951,0.048650015338223294,0.03813020723489369
2223,E0,2022-11-05,Nott'm Forest,Brentford,D,2.78,3.39,2.59,2.64,3.21,2.87,AvgH/AvgD/AvgA,AvgCH/AvgCD/AvgCA,0.34561199787439234,0.28342222834537184,0.37096577378023576,0.040797867053676606
2223,E0,2022-11-05,Wolves,Brighton,A,3.39,3.33,2.24,3.6,3.3,2.18,AvgH/AvgD/AvgA,AvgCH/AvgCD/AvgCA,0.28317294003758325,0.2882751551733956,0.4285519047890211,0.04171412246633488
2223,E0,2022-11-06,Aston Villa,Man United,H,3.39,3.54,2.15,3.18,3.5,2.28,AvgH/AvgD/AvgA,AvgCH/AvgCD/AvgCA,0.2829357511682113,0.2709469481526091,0.44611730067917965,0.0425874055134452
2223,E0,2022-11-06,Chelsea,Arsenal,A,2.64,3.42,2.7,2.74,3.39,2.64,AvgH/AvgD/AvgA,AvgCH/AvgCD/AvgCA,0.3636750319013186,0.2807316035729477,0.35559336452573376,0.04155590997696246
2223,E0,2022-11-06,Southampton,Newcastle,A,4.02,3.66,1.92,4.38,3.73,1.84,AvgH/AvgD/AvgA,AvgCH/AvgCD/AvgCA,0.2385433215202249,0.26200659904680434,0.4994500794329708,0.04281359595465295
2223,E0,2022-11-06,Tottenham,Liverpool,A,3.28,3.67,2.16,3.52,3.77,2.04,AvgH/AvgD/AvgA,AvgCH/AvgCD/AvgCA,0.2930616349225127,0.2619188453803383,0.4450195196971488,0.04032057577614845
2223,E0,2022-11-06,West Ham,Crystal Palace,A,1.94,3.49,4.18,1.88,3.54,4.41,AvgH/AvgD/AvgA,AvgCH/AvgCD/AvgCA,0.49505226007872954,0.27518664313831953,0.22976109678295104,0.04123131857593698
2223,E0,2022-11-12,Bournemouth,Everton,H,2.86,3.25,2.6,2.82,3.21,2.66,AvgH/AvgD/AvgA,AvgCH/AvgCD/AvgCA,0.33557046979865773,0.29530201342281875,0.3691275167785234,0.04195804195804209
2223,E0,2022-11-12,Liverpool,Southampton,H,1.25,6.52,11.38,1.27,6.48,10.39,AvgH/AvgD/AvgA,AvgCH/AvgCD/AvgCA,0.7683090234704253,0.1472985091009251,0.08439246742864952,0.04124769534324568
2223,E0,2022-11-12,Man City,Brentford,A,1.14,8.92,19.14,1.15,8.6,18.54,AvgH/AvgD/AvgA,AvgCH/AvgCD/AvgCA,0.8422018457239938,0.10763566189746109,0.05016249237854508,0.04154720974526804
2223,E0,2022-11-12,Newcastle,Chelsea,H,2.33,3.44,3.11,2.18,3.38,3.52,AvgH/AvgD/AvgA,AvgCH/AvgCD/AvgCA,0.41211252739802534,0.27913435722017416,0.30875311538180034,0.04142563213495665
2223,E0,2022-11-12,Nott'm Forest,Crystal Palace,H,3.12,3.24,2.43,3.34,3.18,2.34,AvgH/AvgD/AvgA,AvgCH/AvgCD/AvgCA,0.30798479087452474,0.2965779467680608,0.39543726235741444,0.04067742956631837
2223,E0,2022-11-12,Tottenham,Leeds,H,1.64,4.26,5.04,1.63,4.29,5.21,AvgH/AvgD/AvgA,AvgCH/AvgCD/AvgCA,0.5846676687798184,0.22508332788706623,0.19024900333311548,0.0429105800112326
2223,E0,2022-11-12,West Ham,Leicester,A,2.09,3.51,3.6,2.08,3.51,3.65,AvgH/AvgD/AvgA,AvgCH/AvgCD/AvgCA,0.45955942522339704,0.2736407973552421,0.266799777421361,0.041146962199593684
2223,E0,2022-11-12,Wolves,Arsenal,A,6.15,4.26,1.55,6.34,4.15,1.55,AvgH/AvgD/AvgA,AvgCH/AvgCD/AvgCA,0.15597207950961983,0.2251709598554371,0.6188569606349431,0.04250470037639942
2223,E0,2022-11-13,Brighton,Aston Villa,A,1.86,3.71,4.21,1.75,3.75,4.94,AvgH/AvgD/AvgA,AvgCH/AvgCD/AvgCA,0.5146275325120344,0.25800733435913314,0.22736513312883233,0.04470587878929333
2223,E0,2022-11-13,Fulham,Man United,A,3.91,3.88,1.89,4.13,3.78,1.88,AvgH/AvgD/AvgA,AvgCH/AvgCD/AvgCA,0.24530757110982507,0.2472042791338701,0.5074881497563049,0.04258696356674063
2223,E0,2022-12-26,Arsenal,West Ham,H,1.51,4.39,6.52,1.55,4.29,6.27,AvgH/AvgD/AvgA,AvgCH/AvgCD/AvgCA,0.6346955112213922,0.21831212344972714,0.1469923653288807,0.0434163215597958
2223,E0,2022-12-26,Aston Villa,Liverpool,A,4.51,4.04,1.75,4.79,4.05,1.72,AvgH/AvgD/AvgA,AvgCH/AvgCD/AvgCA,0.2130615467605303,0.2378484098737603,0.5490900433657094,0.04068281392599182
2223,E0,2022-12-26,Brentford,Tottenham,D,3.85,3.74,1.95,3.46,3.66,2.1,AvgH/AvgD/AvgA,AvgCH/AvgCD/AvgCA,0.2497645507628555,0.257110566961763,0.4931248822753815,0.03994045170515759
2223,E0,2022-12-26,Crystal Palace,Fulham,A,2.07,3.55,3.58,2.22,3.51,3.31,AvgH/AvgD/AvgA,AvgCH/AvgCD/AvgCA,0.46268216585784966,0.2697893192466898,0.26752851489546053,0.04411153722323147
2223,E0,2022-12-26,Everton,Wolves,A,2.35,3.25,3.24,2.52,3.21,3.01,AvgH/AvgD/AvgA,AvgCH/AvgCD/AvgCA,0.4084324030797277,0.29532804530380313,0.29623955161646914,0.04186619789456669
2223,E0,2022-12-26,Leicester,Newcastle,A,3.24,3.54,2.21,3.44,3.49,2.16,AvgH/AvgD/AvgA,AvgCH/AvgCD/AvgCA,0.295742702261335,0.27067976139173033,0.4335775363469346,0.04361653879766214
2223,E0,2022-12-26,Southampton,Brighton,A,3.4,3.51,2.15,3.6,3.48,2.11,AvgH/AvgD/AvgA,AvgCH/AvgCD/AvgCA,0.2816856721599075,0.272857916052332,0.4454564117877606,0.044134211028875825
2223,E0,2022-12-27,Chelsea,Bournemouth,H,1.32,5.46,9.72,1.35,5.32,8.99,AvgH/AvgD/AvgA,AvgCH/AvgCD/AvgCA,0.7259208193815244,0.17549734094937952,0.09858183966909591,0.04360659916215481
2223,E0,2022-12-27,Man United,Nott'm Forest,H,1.31,5.51,10.4,1.34,5.49,8.91,AvgH/AvgD/AvgA,AvgCH/AvgCD/AvgCA,0.7332931521854577,0.17434011422195092,0.0923667335925913,0.04100082804658811
2223,E0,2022-12-28,Leeds,Man City,A,9.46,5.99,1.3,10.09,6.29,1.28,AvgH/AvgD/AvgA,AvgCH/AvgCD/AvgCA,0.1014587546123538,0.16023369259313305,0.7383075527945131,0.04188392265419871
2223,E0,2022-12-30,Liverpool,Leicester,H,1.3,6.03,9.64,1.25,6.45,11.81,AvgH/AvgD/AvgA,AvgCH/AvgCD/AvgCA,0.7404974764395504,0.15964290536839398,0.09985961819205556,0.03880268833510914
2223,E0,2022-12-30,West Ham,Brentford,A,2.06,3.59,3.64,2.06,3.6,3.58,AvgH/AvgD/AvgA,AvgCH/AvgCD/AvgCA,0.46734426745441937,0.26816969107412364,0.26448604147145705,0.038713699962584336
2223,E0,2022-12-31,Bournemouth,Crystal Palace,A,2.91,3.27,2.55,2.93,3.16,2.61,AvgH/AvgD/AvgA,AvgCH/AvgCD/AvgCA,0.3299148951322864,0.2935939892461631,0.3764911156215504,0.0416098719824638
2223,E0,2022-12-31,Brighton,Arsenal,A,3.46,3.56,2.12,4.29,3.67,1.88,AvgH/AvgD/AvgA,AvgCH/AvgCD/AvgCA,0.2774705882352942,0.26967647058823535,0.45285294117647057,0.04161433065250386
2223,E0,2022-12-31,Fulham,Southampton,H,2.02,3.57,3.77,1.83,3.8,4.36,AvgH/AvgD/AvgA,AvgCH/AvgCD/AvgCA,0.4758199372827966,0.2692314491067925,0.25494861361041093,0.04041353915834267
2223,E0,2022-12-31,Man City,Everton,D,1.14,8.61,21.51,1.15,8.52,18.7,AvgH/AvgD/AvgA,AvgCH/AvgCD/AvgCA,0.843595115012032,0.11169552045455475,0.04470936453341312,0.03982700568818398
2223,E0,2022-12-31,Newcastle,Leeds,D,1.47,4.73,6.73,1.46,4.74,6.98,AvgH/AvgD/AvgA,AvgCH/AvgCD/AvgCA,0.653933618329016,0.2032309553792079,0.14283542629177615,0.04027700943380719
2223,E0,2022-12-31,Wolves,Man United,A,4.09,3.64,1.92,4.07,3.63,1.93,AvgH/AvgD/AvgA,AvgCH/AvgCD/AvgCA,0.2350820069157596,0.264144342935565,0.5007736501486754,0.040057385564720605
2223,E0,2023-01-01,Nott'm Forest,Chelsea,D,5.21,3.88,1.69,5.77,4.08,1.61,AvgH/AvgD/AvgA,AvgCH/AvgCD/AvgCA,0.184310606039312,0.24748924161464322,0.5682001523460447,0.04138651474875821
2223,E0,2023-01-01,Tottenham,Aston Villa,A,1.68,4.06,4.94,1.66,4.16,5.09,AvgH/AvgD/AvgA,AvgCH/AvgCD/AvgCA,0.5701663615378493,0.23593090822255836,0.19390273023959245,0.04397266375487785
2223,E0,2023-01-02,Brentford,Liverpool,H,5.65,4.52,1.56,6.1,4.55,1.53,AvgH/AvgD/AvgA,AvgCH/AvgCD/AvgCA,0.1703056768558952,0.21288209606986902,0.6168122270742358,0.03925572952121614
2223,E0,2023-01-03,Arsenal,Newcastle,D,1.82,3.83,4.39,1.77,3.88,4.73,AvgH/AvgD/AvgA,AvgCH/AvgCD/AvgCA,0.529163689923554,0.2514563748461797,0.21937993523026617,0.03833758799649711
2223,E0,2023-01-03,Everton,Brighton,A,3.56,3.46,2.13,3.19,3.34,2.36,AvgH/AvgD/AvgA,AvgCH/AvgCD/AvgCA,0.27025104326334237,0.27806176705708063,0.45168718967957694,0.03939978552007428
2223,E0,2023-01-03,Leicester,Fulham,A,2.23,3.63,3.16,2.37,3.59,2.97,AvgH/AvgD/AvgA,AvgCH/AvgCD/AvgCA,0.4310305307656177,0.26479286049788636,0.304176608736496,0.04036828313998608
2223,E0,2023-01-03,Man United,Bournemouth,H,1.29,5.94,10.56,1.27,6.14,11.57,AvgH/AvgD/AvgA,AvgCH/AvgCD/AvgCA,0.7466415272213056,0.16214942257836434,0.09120905020032996,0.03824093649675042
2223,E0,2023-01-04,Aston Villa,Wolves,D,1.99,3.57,3.86,1.96,3.49,4.17,AvgH/AvgD/AvgA,AvgCH/AvgCD/AvgCA,0.4824003444666543,0.2689010323497597,0.24869862318358607,0.04169196514495077
2223,E0,2023-01-04,Crystal Palace,Tottenham,A,3.34,3.48,2.19,3.33,3.42,2.24,AvgH/AvgD/AvgA,AvgCH/AvgCD/AvgCA,0.2869535750593019,0.2754094657178357,0.4376369592228623,0.04337852401008102
2223,E0,2023-01-04,Leeds,West Ham,D,2.62,3.52,2.65,2.87,3.39,2.53,AvgH/AvgD/AvgA,AvgCH/AvgCD/AvgCA,0.3658986247420901,0.27234499909780574,0.3617563761601042,0.04312878896992389
2223,E0,2023-01-04,Southampton,Nott'm Forest,A,2.03,3.46,3.82,2.36,3.29,3.17,AvgH/AvgD/AvgA,AvgCH/AvgCD/AvgCA,0.47211704696452306,0.27699352755433,0.25088942548114707,0.04340828319092793
2223,E0,2023-01-05,Chelsea,Man City,A,5.17,4.03,1.66,5.23,4.12,1.66,AvgH/AvgD/AvgA,AvgCH/AvgCD/AvgCA,0.18527657995241936,0.23768732465359999,0.5770360953939808,0.043972194049510804
2223,E0,2023-01-12,Fulham,Chelsea,H,3.36,3.54,2.18,4.0,3.41,2.02,AvgH/AvgD/AvgA,AvgCH/AvgCD/AvgCA,0.2864970820154141,0.2719294337773422,0.4415734842072437,0.038820519655537566
2223,E0,2023-01-13,Aston Villa,Leeds,H,1.94,3.63,4.02,2.03,3.6,3.75,AvgH/AvgD/AvgA,AvgCH/AvgCD/AvgCA,0.4957803326810176,0.26496249184605347,0.2392571754729289,0.03970223009515772
2223,E0,2023-01-14,Brentford,Bournemouth,H,1.66,4.09,5.2,1.63,4.01,5.74,AvgH/AvgD/AvgA,AvgCH/AvgCD/AvgCA,0.579676963918734,0.23527231298413165,0.18505072309713427,0.03921610836802181
2223,E0,2023-01-14,Brighton,Liverpool,H,3.31,3.76,2.12,2.92,3.73,2.34,AvgH/AvgD/AvgA,AvgCH/AvgCD/AvgCA,0.29055916016621713,0.25578479259313264,0.45365604724065034,0.03977036364143527
2223,E0,2023-01-14,Everton,Southampton,A,2.25,3.39,3.32,2.38,3.23,3.24,AvgH/AvgD/AvgA,AvgCH/AvgCD/AvgCA,0.4270898555344316,0.2834667182750652,0.28944342619050334,0.04063451445901589
2223,E0,2023-01-14,Man United,Man City,H,4.21,3.9,1.84,3.98,3.92,1.89,AvgH/AvgD/AvgA,AvgCH/AvgCD/AvgCA,0.22896233097436616,0.24716190087232862,0.5238757681533052,0.037418208491223126
2223,E0,2023-01-14,Nott'm Forest,Leicester,H,2.72,3.4,2.65,2.72,3.15,2.8,AvgH/AvgD/AvgA,AvgCH/AvgCD/AvgCA,0.3538050734312416,0.28304405874499333,0.36315086782376504,0.039123196448390685
2223,E0,2023-01-14,Wolves,West Ham,H,2.7,3.27,2.75,2.51,3.18,3.05,AvgH/AvgD/AvgA,AvgCH/AvgCD/AvgCA,0.35618798645356775,0.294100172301111,0.3497118412453211,0.03981713156025091
2223,E0,2023-01-15,Chelsea,Crystal Palace,H,1.66,3.93,5.47,1.88,3.44,4.63,AvgH/AvgD/AvgA,AvgCH/AvgCD/AvgCA,0.5794194781286809,0.24474206964214001,0.1758384522291792,0.03967792125281333
2223,E0,2023-01-15,Newcastle,Fulham,H,1.52,4.42,6.32,1.49,4.6,6.78,AvgH/AvgD/AvgA,AvgCH/AvgCD/AvgCA,0.6311546525920034,0.21704865880991972,0.15179668859807677,0.04236692883477389
2223,E0,2023-01-15,Tottenham,Arsenal,A,3.24,3.63,2.18,3.38,3.49,2.2,AvgH/AvgD/AvgA,AvgCH/AvgCD/AvgCA,0.29596301864775715,0.2641653389583287,0.43987164239391424,0.0428396653028289
2223,E0,2023-01-18,Crystal Palace,Man United,D,4.56,3.78,1.8,5.28,3.95,1.68,AvgH/AvgD/AvgA,AvgCH/AvgCD/AvgCA,0.21098459477561954,0.25452109845947757,0.5344943067649028,0.03940406571985533
2223,E0,2023-01-19,Man City,Tottenham,H,1.37,5.41,8.06,1.5,4.74,6.35,AvgH/AvgD/AvgA,AvgCH/AvgCD/AvgCA,0.7026370279655486,0.17793211244229237,0.119430859592159,0.03883936975644198
2223,E0,2023-01-21,Bournemouth,Nott'm Forest,D,2.76,3.18,2.76,2.86,3.18,2.66,AvgH/AvgD/AvgA,AvgCH/AvgCD/AvgCA,0.3486842105263158,0.3026315789473684,0.3486842105263158,0.039103089964451776
2223,E0,2023-01-21,Crystal Palace,Newcastle,D,4.4,3.58,1.88,4.55,3.61,1.84,AvgH/AvgD/AvgA,AvgCH/AvgCD/AvgCA,0.21884348255859323,0.2689696433681034,0.5121868740733033,0.038517229828296085
2223,E0,2023-01-21,Leicester,Brighton,D,3.51,3.65,2.08,4.14,3.88,1.85,AvgH/AvgD/AvgA,AvgCH/AvgCD/AvgCA,0.2740368823612219,0.2635258786542161,0.4624372389845619,0.0396421184092417
2223,E0,2023-01-21,Liverpool,Chelsea,D,1.89,3.82,4.08,2.05,3.59,3.71,AvgH/AvgD/AvgA,AvgCH/AvgCD/AvgCA,0.510725310159061,0.25268870057607984,0.23658598926485908,0.03597867302825741
2223,E0,2023-01-21,Southampton,Aston Villa,A,2.88,3.38,2.53,2.69,3.21,2.82,AvgH/AvgD/AvgA,AvgCH/AvgCD/AvgCA,0.33440220239165963,0.28493442097277505,0.38066337663556515,0.03833712738395034
2223,E0,2023-01-21,West Ham,Everton,H,1.8,3.68,4.76,1.84,3.57,4.62,AvgH/AvgD/AvgA,AvgCH/AvgCD/AvgCA,0.5355378369123905,0.26194785501149537,0.20251430807611406,0.03737871960378358
2223,E0,2023-01-22,Arsenal,Man United,H,1.86,3.86,4.08,1.87,3.79,4.19,AvgH/AvgD/AvgA,AvgCH/AvgCD/AvgCA,0.5160630726278951,0.24867287955644687,0.23526404781565805,0.041799805330790196
2223,E0,2023-01-22,Leeds,Brentford,D,2.38,3.67,2.89,2.38,3.55,2.96,AvgH/AvgD/AvgA,AvgCH/AvgCD/AvgCA,0.4045257083576477,0.2623354729948778,0.3331388186474745,0.038668392505263105
2223,E0,2023-01-22,Man City,Wolves,H,1.2,7.38,14.81,1.25,6.36,11.77,AvgH/AvgD/AvgA,AvgCH/AvgCD/AvgCA,0.8040990010726441,0.13074780505246245,0.0651531938748935,0.036356632978888914
2223,E0,2023-01-23,Fulham,Tottenham,A,3.25,3.75,2.13,3.28,3.79,2.12,AvgH/AvgD/AvgA,AvgCH/AvgCD/AvgCA,0.29476889011901475,0.25546637143647943,0.44976473844450604,0.04384254243409158
2223,E0,2023-02-03,Chelsea,Fulham,D,1.64,4.05,5.55,1.6,4.12,5.86,AvgH/AvgD/AvgA,AvgCH/AvgCD/AvgCA,0.5880852399827322,0.23813822063498294,0.17377653938228485,0.03684985798806939
2223,E0,2023-02-04,Aston Villa,Leicester,A,1.99,3.64,3.83,2.11,3.5,3.59,AvgH/AvgD/AvgA,AvgCH/AvgCD/AvgCA,0.483960217312065,0.2645826462777498,0.2514571364101852,0.03833444328347024
2223,E0,2023-02-04,Brentford,Southampton,H,1.89,3.64,4.21,1.76,3.72,5.03,AvgH/AvgD/AvgA,AvgCH/AvgCD/AvgCA,0.5080882864901247,0.26381507183141084,0.22809664167846452,0.04135549503720526
2223,E0,2023-02-04,Brighton,Bournemouth,H,1.35,5.22,9.18,1.38,5.17,8.17,AvgH/AvgD/AvgA,AvgCH/AvgCD/AvgCA,0.7113997113997114,0.183982683982684,0.10461760461760464,0.041244083840432655
2223,E0,2023-02-04,Everton,Arsenal,H,8.22,4.75,1.41,7.82,4.31,1.47,AvgH/AvgD/AvgA,AvgCH/AvgCD/AvgCA,0.11681815089817851,0.20215688429116369,0.6810249648106579,0.04140067516204704
2223,E0,2023-02-04,Man United,Crystal Palace,H,1.4,4.83,8.33,1.37,5.03,8.92,AvgH/AvgD/AvgA,AvgCH/AvgCD/AvgCA,0.6859076100576392,0.198813800016707,0.11527858992565365,0.04137307096751752
2223,E0,2023-02-04,Newcastle,West Ham,D,1.62,3.92,6.03,1.67,3.87,5.52,AvgH/AvgD/AvgA,AvgCH/AvgCD/AvgCA,0.5945578847285734,0.24571014623986961,0.15973196903155704,0.03822347070392551
2223,E0,2023-02-04,Wolves,Liverpool,H,4.02,3.85,1.88,3.97,3.76,1.92,AvgH/AvgD/AvgA,AvgCH/AvgCD/AvgCA,0.23909409829350636,0.24965150003633646,0.5112544016701571,0.04041137226275371
2223,E0,2023-02-05,Nott'm Forest,Leeds,H,2.64,3.43,2.71,2.79,3.4,2.59,AvgH/AvgD/AvgA,AvgCH/AvgCD/AvgCA,0.3644515367635238,0.28051080380632737,0.3550376594301487,0.0393367583291524
2223,E0,2023-02-05,Tottenham,Man City,H,4.43,4.16,1.75,3.98,3.84,1.9,AvgH/AvgD/AvgA,AvgCH/AvgCD/AvgCA,0.21756476885237577,0.23168555913846742,0.5507496720091568,0.0375468211246992
2223,E0,2023-02-08,Man United,Leeds,D,1.47,4.83,6.54,1.52,4.53,6.31,AvgH/AvgD/AvgA,AvgCH/AvgCD/AvgCA,0.6539715664536324,0.19903482457284463,0.14699360897352287,0.040216645094415915
2223,E0,2023-02-11,Arsenal,Brentford,D,1.45,4.72,7.52,1.54,4.27,6.59,AvgH/AvgD/AvgA,AvgCH/AvgCD/AvgCA,0.6666566495875468,0.20479918260634383,0.12854416780610942,0.034498302597709474
2223,E0,2023-02-11,Bournemouth,Newcastle,D,6.39,4.06,1.57,5.81,4.0,1.62,AvgH/AvgD/AvgA,AvgCH/AvgCD/AvgCA,0.15051275209622691,0.23689076007263302,0.6125964878311401,0.03974261657015332
2223,E0,2023-02-11,Crystal Palace,Brighton,D,3.81,3.51,2.04,4.78,3.7,1.79,AvgH/AvgD/AvgA,AvgCH/AvgCD/AvgCA,0.25296492957298655,0.27458586372452387,0.4724492067024896,0.037563554932707355
2223,E0,2023-02-11,Fulham,Nott'm Forest,H,1.93,3.56,4.22,1.94,3.51,4.24,AvgH/AvgD/AvgA,AvgCH/AvgCD/AvgCA,0.5001298329482733,0.2711378026938672,0.22873236435785954,0.03600041607495097
2223,E0,2023-02-11,Leicester,Tottenham,H,3.39,3.64,2.13,3.51,3.71,2.07,AvgH/AvgD/AvgA,AvgCH/AvgCD/AvgCA,0.2838596298533692,0.2643637761546488,0.451776593991982,0.03919409353785519
2223,E0,2023-02-11,Southampton,Wolves,A,3.03,3.18,2.54,3.13,3.16,2.47,AvgH/AvgD/AvgA,AvgCH/AvgCD/AvgCA,0.31788986492868615,0.30289505997921984,0.37921507509209407,0.03819919950693618
2223,E0,2023-02-11,West Ham,Chelsea,D,3.4,3.29,2.27,3.46,3.32,2.23,AvgH/AvgD/AvgA,AvgCH/AvgCD/AvgCA,0.2831872836271391,0.2926555514687759,0.4241571649040849,0.038597649201212114
2223,E0,2023-02-12,Leeds,Man United,A,3.86,3.85,1.92,3.73,3.79,1.97,AvgH/AvgD/AvgA,AvgCH/AvgCD/AvgCA,0.24918925843272363,0.24983650325982157,0.5009742383074548,0.039640950586546486
2223,E0,2023-02-12,Man City,Aston Villa,H,1.25,6.59,11.89,1.32,5.56,9.78,AvgH/AvgD/AvgA,AvgCH/AvgCD/AvgCA,0.7723130724823098,0.14649337490180384,0.08119355261588622,0.03584935760403618
2223,E0,2023-02-13,Liverpool,Everton,H,1.53,4.38,6.23,1.6,4.2,5.75,AvgH/AvgD/AvgA,AvgCH/AvgCD/AvgCA,0.6269981870696014,0.21901991466129914,0.15398189826909955,0.04241891718464608
2223,E0,2023-02-15,Arsenal,Man City,A,2.93,3.51,2.42,3.23,3.43,2.29,AvgH/AvgD/AvgA,AvgCH/AvgCD/AvgCA,0.3283531317285874,0.27409534927770973,0.39755151899370295,0.039420353723797597
2223,E0,2023-02-18,Aston Villa,Arsenal,A,4.43,3.71,1.84,4.36,3.66,1.87,AvgH/AvgD/AvgA,AvgCH/AvgCD/AvgCA,0.2173119960271099,0.25948575266848967,0.5232022513044005,0.03875367415681885
2223,E0,2023-02-18,Brentford,Crystal Palace,D,1.86,3.54,4.59,1.81,3.55,4.76,AvgH/AvgD/AvgA,AvgCH/AvgCD/AvgCA,0.5179596052329584,0.2721482671563002,0.20989212761074133,0.037985208055641984
2223,E0,2023-02-18,Brighton,Fulham,A,1.67,4.06,5.15,1.54,4.36,6.2,AvgH/AvgD/AvgA,AvgCH/AvgCD/AvgCA,0.5761689956103246,0.236995621347104,0.18683538304257127,0.03928257121034617
2223,E0,2023-02-18,Chelsea,Southampton,A,1.38,4.76,9.42,1.43,4.64,7.91,AvgH/AvgD/AvgA,AvgCH/AvgCD/AvgCA,0.6961787118290388,0.20183332401766246,0.10198796415329867,0.040878827299405174
2223,E0,2023-02-18,Everton,Leeds,H,2.48,3.31,2.99,2.74,3.2,2.77,AvgH/AvgD/AvgA,AvgCH/AvgCD/AvgCA,0.3877958849413618,0.29055401651195684,0.32165009854668136,0.039788770612107616
2223,E0,2023-02-18,Newcastle,Liverpool,A,2.57,3.51,2.75,2.53,3.48,2.82,AvgH/AvgD/AvgA,AvgCH/AvgCD/AvgCA,0.3749898021421329,0.2745651827650375,0.35044501509282966,0.03764170690240731
2223,E0,2023-02-18,Nott'm Forest,Man City,D,10.01,5.62,1.31,10.83,5.46,1.31,AvgH/AvgD/AvgA,AvgCH/AvgCD/AvgCA,0.095947557391684,0.1708959162794941,0.7331565263288219,0.0411948215865523
2223,E0,2023-02-18,Wolves,Bournemouth,A,1.68,3.81,5.53,1.82,3.6,4.71,AvgH/AvgD/AvgA,AvgCH/AvgCD/AvgCA,0.5731505284204513,0.25272779205941165,0.17412167952013713,0.038537113240591614
2223,E0,2023-02-19,Man United,Leicester,H,1.62,4.32,5.22,1.56,4.49,5.7,AvgH/AvgD/AvgA,AvgCH/AvgCD/AvgCA,0.5933503836317134,0.22250639386189255,0.18414322250639387,0.04033631332481913
2223,E0,2023-02-19,Tottenham,West Ham,H,1.83,3.76,4.39,1.87,3.51,4.5,AvgH/AvgD/AvgA,AvgCH/AvgCD/AvgCA,0.525331865096162,0.25568013646967463,0.21898799843416328,0.04019596704202688
2223,E0,2023-02-24,Fulham,Wolves,D,2.54,3.22,3.0,2.62,3.18,2.92,AvgH/AvgD/AvgA,AvgCH/AvgCD/AvgCA,0.3794365798859334,0.2993071158106431,0.3212563043034236,0.037593126946088073
2223,E0,2023-02-25,Bournemouth,Man City,A,10.21,5.81,1.3,10.02,5.21,1.34,AvgH/AvgD/AvgA,AvgCH/AvgCD/AvgCA,0.09424039348140459,0.16561005463771789,0.7401495518808775,0.03929100176577838
2223,E0,2023-02-25,Crystal Palace,Liverpool,D,4.7,3.93,1.74,4.94,4.04,1.7,AvgH/AvgD/AvgA,AvgCH/AvgCD/AvgCA,0.20420339711889918,0.2442127141116606,0.5515838887694403,0.04193152733362071
2223,E0,2023-02-25,Everton,Aston Villa,A,2.54,3.21,2.98,2.61,3.14,2.98,AvgH/AvgD/AvgA,AvgCH/AvgCD/AvgCA,0.3782682969266541,0.2993151009949226,0.3224166020784233,0.0407977369510113
2223,E0,2023-02-25,Leeds,Southampton,H,1.99,3.57,3.89,1.95,3.66,3.95,AvgH/AvgD/AvgA,AvgCH/AvgCD/AvgCA,0.48332735872368415,0.2694177713893926,0.24725486988692327,0.039694016372357366
2223,E0,2023-02-25,Leicester,Arsenal,A,4.73,4.09,1.71,5.84,4.29,1.58,AvgH/AvgD/AvgA,AvgCH/AvgCD/AvgCA,0.20314628542548338,0.23493445722800407,0.5619192573465126,0.040710589629797234
2223,E0,2023-02-25,West Ham,Nott'm Forest,H,1.78,3.61,4.97,1.7,3.76,5.42,AvgH/AvgD/AvgA,AvgCH/AvgCD/AvgCA,0.5401832354331444,0.2663507365847637,0.19346602798209195,0.040013306519060876
2223,E0,2023-02-26,Tottenham,Chelsea,H,2.54,3.33,2.91,2.93,3.29,2.53,AvgH/AvgD/AvgA,AvgCH/AvgCD/AvgCA,0.3794180869932928,0.28940598827716635,0.3311759247295408,0.03764369938572387
2223,E0,2023-03-01,Arsenal,Everton,H,1.36,5.04,9.33,1.32,5.2,11.22,AvgH/AvgD/AvgA,AvgCH/AvgCD/AvgCA,0.7064104413037208,0.19061869051052785,0.10297086818575138,0.04088795217980001
2223,E0,2023-03-01,Liverpool,Wolves,H,1.49,4.59,6.6,1.52,4.41,6.47,AvgH/AvgD/AvgA,AvgCH/AvgCD/AvgCA,0.6450046947757047,0.20938060897947713,0.14561469624481818,0.04052101485974369
2223,E0,2023-03-04,Arsenal,Bournemouth,H,1.22,6.82,13.83,1.22,6.78,13.69,AvgH/AvgD/AvgA,AvgCH/AvgCD/AvgCA,0.7892039065010175,0.14117723840634033,0.06961885509264217,0.03860627702871655
2223,E0,2023-03-04,Aston Villa,Crystal Palace,H,2.07,3.32,3.88,2.15,3.31,3.67,AvgH/AvgD/AvgA,AvgCH/AvgCD/AvgCA,0.4636070482552113,0.28905620177358055,0.2473367499712081,0.04202856547960865
2223,E0,2023-03-04,Brighton,West Ham,H,1.79,3.8,4.61,1.68,3.94,5.22,AvgH/AvgD/AvgA,AvgCH/AvgCD/AvgCA,0.5378255490161765,0.2533441401944621,0.20883031078936137,0.03873685231024937
2223,E0,2023-03-04,Chelsea,Leeds,H,1.64,4.02,5.52,1.58,4.14,6.03,AvgH/AvgD/AvgA,AvgCH/AvgCD/AvgCA,0.586489058039962,0.2392641928322233,0.17424674912781482,0.03967173675630331
2223,E0,2023-03-04,Man City,Newcastle,H,1.48,4.59,6.76,1.5,4.44,6.67,AvgH/AvgD/AvgA,AvgCH/AvgCD/AvgCA,0.6487713898599936,0.20918990348426808,0.14203870665573826,0.04146959350579271
2223,E0,2023-03-04,Southampton,Leicester,H,2.77,3.31,2.64,2.79,3.32,2.62,AvgH/AvgD/AvgA,AvgCH/AvgCD/AvgCA,0.3464882890098692,0.2899614986578059,0.3635502123323249,0.041913512738166236
2223,E0,2023-03-04,Wolves,Tottenham,H,3.31,3.36,2.27,3.26,3.25,2.35,AvgH/AvgD/AvgA,AvgCH/AvgCD/AvgCA,0.29042170395049977,0.28609995240361735,0.42347834364588294,0.04026248560565859
2223,E0,2023-03-05,Liverpool,Man United,H,2.4,3.68,2.85,2.46,3.58,2.85,AvgH/AvgD/AvgA,AvgCH/AvgCD/AvgCA,0.4009174311926606,0.26146788990825687,0.3376146788990826,0.039282990083905345
2223,E0,2023-03-05,Nott'm Forest,Everton,D,2.68,3.08,2.92,3.04,3.03,2.62,AvgH/AvgD/AvgA,AvgCH/AvgCD/AvgCA,0.3586880224618722,0.31210516240188885,0.3292068151362389,0.040275406458191165
2223,E0,2023-03-06,Brentford,Fulham,H,2.0,3.65,3.71,2.04,3.54,3.74,AvgH/AvgD/AvgA,AvgCH/AvgCD/AvgCA,0.47915008049820423,0.2625479893140845,0.2583019301877112,0.04351438171546729
2223,E0,2023-03-11,Bournemouth,Liverpool,H,7.07,4.95,1.43,7.17,5.05,1.41,AvgH/AvgD/AvgA,AvgCH/AvgCD/AvgCA,0.1356421660588942,0.19373537657300646,0.6706224573680993,0.04276361702104281
2223,E0,2023-03-11,Crystal Palace,Man City,A,9.05,5.12,1.36,9.92,5.05,1.34,AvgH/AvgD/AvgA,AvgCH/AvgCD/AvgCA,0.10613469253374629,0.18760136082625078,0.7062639466400029,0.04110385521611959
2223,E0,2023-03-11,Everton,Brentford,H,2.71,3.2,2.76,2.68,3.07,2.91,AvgH/AvgD/AvgA,AvgCH/AvgCD/AvgCA,0.3535119038088986,0.299380393538161,0.34710770265294033,0.04382253061661068
2223,E0,2023-03-11,Leeds,Brighton,D,3.84,3.67,1.97,4.29,3.75,1.84,AvgH/AvgD/AvgA,AvgCH/AvgCD/AvgCA,0.25027780181739506,0.2618710514928602,0.48785114668974466,0.040510443897333825
2223,E0,2023-03-11,Leicester,Chelsea,A,3.83,3.56,2.0,4.02,3.63,1.93,AvgH/AvgD/AvgA,AvgCH/AvgCD/AvgCA,0.250573644720357,0.26957782564015936,0.47984852963948366,0.0419954821486197
2223,E0,2023-03-11,Tottenham,Nott'm Forest,H,1.44,4.62,7.52,1.44,4.55,7.62,AvgH/AvgD/AvgA,AvgCH/AvgCD/AvgCA,0.6652573529411764,0.20735294117647057,0.12738970588235293,0.043873384298916296
2223,E0,2023-03-12,Fulham,Arsenal,A,5.74,4.17,1.59,7.64,4.69,1.43,AvgH/AvgD/AvgA,AvgCH/AvgCD/AvgCA,0.16704079087590412,0.22993144835196397,0.6030277607721318,0.042954998961845625
2223,E0,2023-03-12,Man United,Southampton,D,1.34,5.26,9.22,1.27,6.12,10.83,AvgH/AvgD/AvgA,AvgCH/AvgCD/AvgCA,0.7142402695713131,0.18195474548014445,0.10380498494854226,0.04484259500563881
2223,E0,2023-03-12,Newcastle,Wolves,H,1.67,3.81,5.47,1.64,3.83,5.88,AvgH/AvgD/AvgA,AvgCH/AvgCD/AvgCA,0.5735188492582207,0.2513849024307686,0.1750962483110107,0.044084943300575885
2223,E0,2023-03-12,West Ham,Aston Villa,D,2.23,3.37,3.36,2.32,3.25,3.26,AvgH/AvgD/AvgA,AvgCH/AvgCD/AvgCA,0.43003140772698445,0.2845608425018324,0.2854077497711831,0.04278544593710065
2223,E0,2023-03-15,Brighton,Crystal Palace,H,1.46,4.44,7.58,1.37,4.98,9.06,AvgH/AvgD/AvgA,AvgCH/AvgCD/AvgCA,0.6572716407183756,0.21612986383982621,0.12659849544179796,0.04208285344657203
2223,E0,2023-03-15,Southampton,Brentford,A,2.97,3.31,2.46,3.24,3.22,2.38,AvgH/AvgD/AvgA,AvgCH/AvgCD/AvgCA,0.3221028896932297,0.2890167922625052,0.38888031804426515,0.04531920536636469
2223,E0,2023-03-17,Nott'm Forest,Newcastle,A,5.58,3.83,1.67,5.45,3.75,1.69,AvgH/AvgD/AvgA,AvgCH/AvgCD/AvgCA,0.1724662339798469,0.25126934350066465,0.5762644225194885,0.03911047048775629
2223,E0,2023-03-18,Aston Villa,Bournemouth,H,1.72,3.85,4.99,1.72,3.85,5.0,AvgH/AvgD/AvgA,AvgCH/AvgCD/AvgCA,0.5582093368549206,0.24938183360791252,0.19240882953716695,0.04153641018067544
2223,E0,2023-03-18,Brentford,Leicester,D,1.95,3.7,3.85,1.87,3.85,4.06,AvgH/AvgD/AvgA,AvgCH/AvgCD/AvgCA,0.4917580046603954,0.259169759212911,0.24907223612669369,0.042831042831042776
2223,E0,2023-03-18,Chelsea,Everton,D,1.49,4.18,7.62,1.49,4.14,7.95,AvgH/AvgD/AvgA,AvgCH/AvgCD/AvgCA,0.64433098135681,0.22967779000517868,0.1259912286380114,0.04160898515860589
2223,E0,2023-03-18,Southampton,Tottenham,D,4.56,3.68,1.82,4.54,3.64,1.83,AvgH/AvgD/AvgA,AvgCH/AvgCD/AvgCA,0.21076481546749914,0.26116509742711846,0.5280700871053824,0.04048792549936708
2223,E0,2023-03-18,Wolves,Leeds,A,2.28,3.23,3.41,2.34,3.23,3.25,AvgH/AvgD/AvgA,AvgCH/AvgCD/AvgCA,0.4211405739193607,0.2972756992371958,0.28158372684344346,0.041449146412693816
2223,E0,2023-03-19,Arsenal,Crystal Palace,H,1.26,5.93,12.83,1.26,5.86,12.05,AvgH/AvgD/AvgA,AvgCH/AvgCD/AvgCA,0.7629591002762749,0.16211272619698255,0.07492817352674251,0.04022718041295392
2223,E0,2023-04-01,Arsenal,Leeds,H,1.29,5.84,10.48,1.27,6.3,10.67,AvgH/AvgD/AvgA,AvgCH/AvgCD/AvgCA,0.7440575763470142,0.16435518381637815,0.09158723983660766,0.04184652249018539
2223,E0,2023-04-01,Bournemouth,Fulham,H,2.56,3.34,2.84,2.56,3.28,2.9,AvgH/AvgD/AvgA,AvgCH/AvgCD/AvgCA,0.3748300825087724,0.28729491353965797,0.33787500395156955,0.04213887366112856
2223,E0,2023-04-01,Brighton,Brentford,D,1.67,4.08,5.05,1.62,4.14,5.56,AvgH/AvgD/AvgA,AvgCH/AvgCD/AvgCA,0.574710399401971,0.23523685465717925,0.1900527459408498,0.04192023640546516
2223,E0,2023-04-01,Chelsea,Aston Villa,A,1.68,3.83,5.4,1.62,3.95,5.93,AvgH/AvgD/AvgA,AvgCH/AvgCD/AvgCA,0.5715091023642935,0.25068806578903735,0.1778028318466691,0.04151988616740576
2223,E0,2023-04-01,Crystal Palace,Leicester,H,2.54,3.24,2.94,2.38,3.31,3.16,AvgH/AvgD/AvgA,AvgCH/AvgCD/AvgCA,0.3776583091488653,0.29606546457966604,0.3262762262714687,0.042478817131985425
2223,E0,2023-04-01,Man City,Liverpool,H,1.64,4.2,5.19,1.68,4.15,4.97,AvgH/AvgD/AvgA,AvgCH/AvgCD/AvgCA,0.5860055487450804,0.2288212142718885,0.18517323698303115,0.040529563016521886
2223,E0,2023-04-01,Nott'm Forest,Wolves,D,2.96,3.13,2.61,3.32,3.12,2.39,AvgH/AvgD/AvgA,AvgCH/AvgCD/AvgCA,0.32469783026029714,0.3070624848467986,0.3682396848929041,0.04046841818131908
2223,E0,2023-04-02,Newcastle,Man United,H,2.41,3.45,2.96,2.33,3.49,3.08,AvgH/AvgD/AvgA,AvgCH/AvgCD/AvgCA,0.3979719486673862,0.27800359312707273,0.3240244582055408,0.042630669637705676
2223,E0,2023-04-02,West Ham,Southampton,H,1.76,3.74,4.87,1.76,3.71,4.96,AvgH/AvgD/AvgA,AvgCH/AvgCD/AvgCA,0.5458561350299994,0.25687347530823496,0.19727038966176566,0.04090030636111086
2223,E0,2023-04-03,Everton,Tottenham,D,3.41,3.36,2.21,3.81,3.34,2.08,AvgH/AvgD/AvgA,AvgCH/AvgCD/AvgCA,0.28106725007854105,0.28524979844280507,0.4336829514786539,0.043362867366662394
2223,E0,2023-04-04,Bournemouth,Brighton,A,5.94,4.29,1.57,5.83,4.34,1.57,AvgH/AvgD/AvgA,AvgCH/AvgCD/AvgCA,0.16212566526332514,0.22448169036460405,0.6133926443720709,0.03839307660963698
2223,E0,2023-04-04,Chelsea,Liverpool,D,2.25,3.46,3.28,2.16,3.53,3.43,AvgH/AvgD/AvgA,AvgCH/AvgCD/AvgCA,0.4280337032036147,0.2783456162451252,0.2936206805512601,0.03833983426539467
2223,E0,2023-04-04,Leeds,Nott'm Forest,H,1.73,3.83,5.05,1.7,3.88,5.17,AvgH/AvgD/AvgA,AvgCH/AvgCD/AvgCA,0.5573292915205496,0.25174404029518294,0.19092666818426746,0.03715108980524828
2223,E0,2023-04-04,Leicester,Aston Villa,A,2.58,3.41,2.79,2.71,3.4,2.67,AvgH/AvgD/AvgA,AvgCH/AvgCD/AvgCA,0.3729493255559606,0.28217280349981766,0.3448778709442216,0.03927497025771598
2223,E0,2023-04-05,Man United,Brentford,H,1.65,4.17,5.07,1.62,4.24,5.32,AvgH/AvgD/AvgA,AvgCH/AvgCD/AvgCA,0.5810145680294824,0.22989785065914772,0.18908758131137,0.04310741831494447
2223,E0,2023-04-05,West Ham,Newcastle,A,3.53,3.41,2.15,3.46,3.24,2.26,AvgH/AvgD/AvgA,AvgCH/AvgCD/AvgCA,0.27195705960687433,0.28152739601532734,0.4465155443777983,0.04165753001474681
2223,E0,2023-04-08,Aston Villa,Nott'm Forest,H,1.62,4.09,5.55,1.58,4.16,5.98,AvgH/AvgD/AvgA,AvgCH/AvgCD/AvgCA,0.5924241119314756,0.23465209323447203,0.17292379483405237,0.04196290830357663
2223,E0,2023-04-08,Brentford,Newcastle,A,3.57,3.46,2.1,4.1,3.5,1.96,AvgH/AvgD/AvgA,AvgCH/AvgCD/AvgCA,0.2679677819083024,0.27648698884758366,0.455545229244114,0.04531986204886573
2223,E0,2023-04-08,Fulham,West Ham,A,2.79,3.24,2.66,2.95,3.24,2.55,AvgH/AvgD/AvgA,AvgCH/AvgCD/AvgCA,0.34364458479867943,0.29591617024330724,0.3604392449580133,0.04300476400080244
2223,E0,2023-04-08,Leicester,Bournemouth,A,1.88,3.72,4.11,2.09,3.48,3.64,AvgH/AvgD/AvgA,AvgCH/AvgCD/AvgCA,0.5094769673704415,0.257477607165707,0.23304542546385157,0.04404110035118647
2223,E0,2023-04-08,Man United,Everton,H,1.5,4.37,6.75,1.57,4.22,5.98,AvgH/AvgD/AvgA,AvgCH/AvgCD/AvgCA,0.6387851226246548,0.2192626279031996,0.14195224947214552,0.0436477667598949
2223,E0,2023-04-08,Southampton,Man City,A,12.48,6.19,1.25,12.15,6.27,1.25,AvgH/AvgD/AvgA,AvgCH/AvgCD/AvgCA,0.07692215924850404,0.1550870028144314,0.7679908379370645,0.04167909365809219
2223,E0,2023-04-08,Tottenham,Brighton,H,2.56,3.56,2.69,2.76,3.44,2.59,AvgH/AvgD/AvgA,AvgCH/AvgCD/AvgCA,0.3744232964764392,0.2692482131965406,0.35632849032702024,0.04327108830040527
2223,E0,2023-04-08,Wolves,Chelsea,H,4.14,3.47,1.95,5.01,3.62,1.78,AvgH/AvgD/AvgA,AvgCH/AvgCD/AvgCA,0.23168739920493883,0.27642243017534485,0.4918901706197163,0.04255084458066549
2223,E0,2023-04-09,Leeds,Crystal Palace,A,2.11,3.41,3.59,2.07,3.45,3.73,AvgH/AvgD/AvgA,AvgCH/AvgCD/AvgCA,0.4532039582554356,0.2804282556947123,0.2663677860498521,0.04574031328733508
2223,E0,2023-04-09,Liverpool,Arsenal,D,2.79,3.69,2.41,2.72,3.6,2.55,AvgH/AvgD/AvgA,AvgCH/AvgCD/AvgCA,0.34319752700496686,0.25949081310131644,0.3973116598937168,0.044363408431300044
2223,E0,2023-04-15,Aston Villa,Newcastle,H,3.61,3.42,2.13,3.64,3.45,2.11,AvgH/AvgD/AvgA,AvgCH/AvgCD/AvgCA,0.26663884832046736,0.2814521176716044,0.45190903400792826,0.03888953914313831
2223,E0,2023-04-15,Chelsea,Brighton,A,2.67,3.42,2.68,2.94,3.37,2.48,AvgH/AvgD/AvgA,AvgCH/AvgCD/AvgCA,0.3601046651422645,0.2811343438391363,0.3587609910185993,0.04006382438291478
2223,E0,2023-04-15,Everton,Fulham,A,2.07,3.39,3.78,2.22,3.29,3.49,AvgH/AvgD/AvgA,AvgCH/AvgCD/AvgCA,0.46334081811969147,0.28292492433857264,0.25373425754173584,0.04262730272734139
2223,E0,2023-04-15,Man City,Leicester,H,1.16,8.49,17.32,1.14,9.4,19.22,AvgH/AvgD/AvgA,AvgCH/AvgCD/AvgCA,0.8308367196575556,0.11351832683189216,0.055644953510552216,0.037591316224635296
2223,E0,2023-04-15,Southampton,Crystal Palace,A,2.82,3.2,2.68,2.93,3.12,2.65,AvgH/AvgD/AvgA,AvgCH/AvgCD/AvgCA,0.34089102299106433,0.3004102140108754,0.3586987629980602,0.040244257436223174
2223,E0,2023-04-15,Tottenham,Bournemouth,A,1.47,4.6,6.83,1.51,4.47,6.49,AvgH/AvgD/AvgA,AvgCH/AvgCD/AvgCA,0.6515540200041061,0.20821400204479046,0.14023197795110337,0.04407629752518494
2223,E0,2023-04-15,Wolves,Brentford,H,2.52,3.23,3.0,2.81,3.17,2.71,AvgH/AvgD/AvgA,AvgCH/AvgCD/AvgCA,0.38165233008791005,0.29775971263824563,0.3205879572738444,0.03975625337854427
2223,E0,2023-04-16,Nott'm Forest,Man United,A,5.0,3.96,1.69,4.96,4.01,1.7,AvgH/AvgD/AvgA,AvgCH/AvgCD/AvgCA,0.19152662667704562,0.24182654883465357,0.5666468244883007,0.044241228856613635
2223,E0,2023-04-16,West Ham,Arsenal,D,5.92,4.22,1.57,5.58,4.2,1.61,AvgH/AvgD/AvgA,AvgCH/AvgCD/AvgCA,0.16198150710719716,0.22723472087076,0.6107837720220428,0.042828418722704376
2223,E0,2023-04-17,Leeds,Liverpool,A,4.35,4.22,1.73,4.57,4.32,1.7,AvgH/AvgD/AvgA,AvgCH/AvgCD/AvgCA,0.22000958319144384,0.22678712959307598,0.5532032872154802,0.04488656419673909
2223,E0,2023-04-21,Arsenal,Southampton,D,1.2,7.18,14.72,1.21,7.08,13.9,AvgH/AvgD/AvgA,AvgCH/AvgCD/AvgCA,0.8008632291073097,0.13384900765024674,0.06528776324244372,0.040543881958742034
2223,E0,2023-04-22,Brentford,Aston Villa,D,2.53,3.38,2.84,2.64,3.28,2.82,AvgH/AvgD/AvgA,AvgCH/AvgCD/AvgCA,0.3788788986335541,0.2835987022316248,0.33752239913482107,0.043227581218066025
2223,E0,2023-04-22,Crystal Palace,Everton,D,2.11,3.25,3.83,1.97,3.36,4.27,AvgH/AvgD/AvgA,AvgCH/AvgCD/AvgCA,0.4545155789573619,0.2950854989538565,0.2503989220887816,0.04272256272553254
2223,E0,2023-04-22,Fulham,Leeds,H,2.38,3.44,3.01,2.38,3.44,3.03,AvgH/AvgD/AvgA,AvgCH/AvgCD/AvgCA,0.40281030444964866,0.2786885245901639,0.3185011709601873,0.043091655266757956
2223,E0,2023-04-22,Leicester,Wolves,H,2.45,3.27,3.05,2.43,3.3,3.09,AvgH/AvgD/AvgA,AvgCH/AvgCD/AvgCA,0.3917705980555828,0.2935284297358342,0.31470097220858295,0.04184251531865568
2223,E0,2023-04-22,Liverpool,Nott'm Forest,H,1.18,7.64,16.06,1.17,8.07,16.57,AvgH/AvgD/AvgA,AvgCH/AvgCD/AvgCA,0.8143821632714828,0.1257815383063285,0.059836298422188655,0.04061418009733009
2223,E0,2023-04-23,Bournemouth,West Ham,A,2.83,3.25,2.61,2.97,3.3,2.51,AvgH/AvgD/AvgA,AvgCH/AvgCD/AvgCA,0.3384025564203731,0.2946705337445095,0.3669269098351172,0.04419096060377914
2223,E0,2023-04-23,Newcastle,Tottenham,H,1.85,3.81,4.22,1.92,3.72,4.03,AvgH/AvgD/AvgA,AvgCH/AvgCD/AvgCA,0.5197632355650956,0.2523784739620544,0.22785829047285003,0.039974556786140036
2223,E0,2023-04-25,Aston Villa,Fulham,H,1.8,3.87,4.43,1.75,3.83,4.88,AvgH/AvgD/AvgA,AvgCH/AvgCD/AvgCA,0.5343487895873656,0.24853432073830958,0.2171168896743247,0.039687122683605525
2223,E0,2023-04-25,Leeds,Leicester,D,2.37,3.54,2.98,2.37,3.57,2.96,AvgH/AvgD/AvgA,AvgCH/AvgCD/AvgCA,0.40571349455418126,0.27162174635407055,0.32266475909174824,0.03999727377491458
2223,E0,2023-04-25,Wolves,Crystal Palace,H,2.52,3.14,3.09,2.32,3.03,3.56,AvgH/AvgD/AvgA,AvgCH/AvgCD/AvgCA,0.38195904291754257,0.3065403783924227,0.3115005786900348,0.03892132987427033
2223,E0,2023-04-26,Chelsea,Brentford,A,1.71,3.89,5.02,1.79,3.67,4.84,AvgH/AvgD/AvgA,AvgCH/AvgCD/AvgCA,0.5617263885812581,0.2469285667028153,0.19134504471592662,0.0410679176287827
2223,E0,2023-04-26,Man City,Arsenal,H,1.56,4.49,5.7,1.66,4.16,5.16,AvgH/AvgD/AvgA,AvgCH/AvgCD/AvgCA,0.6168563536710581,0.21431980216633642,0.16882384416260537,0.03918138673735916
2223,E0,2023-04-26,Nott'm Forest,Brighton,H,6.08,4.36,1.54,5.51,4.26,1.6,AvgH/AvgD/AvgA,AvgCH/AvgCD/AvgCA,0.1576653579546522,0.21986361843217553,0.6224710236131723,0.043182131726313244
2223,E0,2023-04-26,West Ham,Liverpool,A,3.96,3.86,1.88,3.6,3.8,1.99,AvgH/AvgD/AvgA,AvgCH/AvgCD/AvgCA,0.24199658520968947,0.24826592679543272,0.5097374879948777,0.043507503655227264
2223,E0,2023-04-27,Everton,Newcastle,A,4.84,3.7,1.77,4.51,3.66,1.82,AvgH/AvgD/AvgA,AvgCH/AvgCD/AvgCA,0.1983115207819815,0.25941290826615954,0.542275570951859,0.04185359193063354
2223,E0,2023-04-27,Southampton,Bournemouth,A,2.3,3.43,3.15,2.53,3.29,2.95,AvgH/AvgD/AvgA,AvgCH/AvgCD/AvgCA,0.41654297665632173,0.27931453245176086,0.3041424908919174,0.0437881156603428
2223,E0,2023-04-27,Tottenham,Man United,D,2.79,3.65,2.44,2.86,3.75,2.36,AvgH/AvgD/AvgA,AvgCH/AvgCD/AvgCA,0.34389950998374336,0.26287113228894354,0.3932293577273131,0.042231607381596925
2223,E0,2023-04-29,Brentford,Nott'm Forest,H,1.66,3.88,5.5,1.74,3.77,5.04,AvgH/AvgD/AvgA,AvgCH/AvgCD/AvgCA,0.5781505683973254,0.2473530782318454,0.1744963533708291,0.04195977913528548
2223,E0,2023-04-29,Brighton,Wolves,H,1.51,4.37,6.69,1.57,4.28,5.97,AvgH/AvgD/AvgA,AvgCH/AvgCD/AvgCA,0.6364368609301222,0.2199129656760834,0.14365017339379438,0.040561438665400074
2223,E0,2023-04-29,Crystal Palace,West Ham,H,2.7,3.18,2.81,2.57,3.17,2.97,AvgH/AvgD/AvgA,AvgCH/AvgCD/AvgCA,0.35588319632957366,0.30216497801567577,0.3419518256547506,0.04070766529639824
2223,E0,2023-04-30,Bournemouth,Leeds,H,2.61,3.5,2.68,2.47,3.4,2.94,AvgH/AvgD/AvgA,AvgCH/AvgCD/AvgCA,0.36770182439689847,0.27420050333597284,0.3580976722671287,0.04199037652460191
2223,E0,2023-04-30,Fulham,Man City,A,11.95,6.23,1.25,11.21,6.12,1.27,AvgH/AvgD/AvgA,AvgCH/AvgCD/AvgCA,0.08014016166959101,0.15371989276911915,0.76613994556129,0.04419565202791187
2223,E0,2023-04-30,Liverpool,Tottenham,H,1.54,4.69,5.68,1.55,4.84,5.38,AvgH/AvgD/AvgA,AvgCH/AvgCD/AvgCA,0.6252012485625102,0.2052899622145556,0.16950878922293414,0.03862660358350922
2223,E0,2023-04-30,Man United,Aston Villa,H,1.78,3.94,4.35,1.75,4.11,4.47,AvgH/AvgD/AvgA,AvgCH/AvgCD/AvgCA,0.5373535829842735,0.24276380144974788,0.2198826155659786,0.04548991687923798
2223,E0,2023-04-30,Newcastle,Southampton,H,1.32,5.46,9.9,1.26,6.22,12.09,AvgH/AvgD/AvgA,AvgCH/AvgCD/AvgCA,0.727224294086308,0.17581246670218434,0.09696323921150772,0.04173604173604173
2223,E0,2023-05-01,Leicester,Everton,D,2.04,3.45,3.79,2.02,3.44,3.92,AvgH/AvgD/AvgA,AvgCH/AvgCD/AvgCA,0.46957992609112553,0.27766465194953516,0.25275542195933937,0.043903393639203925
2223,E0,2023-05-02,Arsenal,Chelsea,H,1.59,4.22,5.75,1.61,4.23,5.54,AvgH/AvgD/AvgA,AvgCH/AvgCD/AvgCA,0.6048512736400505,0.22789420025774418,0.1672545261022053,0.039810685732873496
2223,E0,2023-05-03,Liverpool,Fulham,H,1.26,6.39,10.73,1.29,6.13,9.73,AvgH/AvgD/AvgA,AvgCH/AvgCD/AvgCA,0.7606813711295942,0.14999350980020168,0.08932511907020398,0.04334196126328238
2223,E0,2023-05-03,Man City,West Ham,H,1.2,7.21,13.79,1.18,7.87,15.92,AvgH/AvgD/AvgA,AvgCH/AvgCD/AvgCA,0.7977948403983443,0.13278138813842066,0.06942377146323518,0.044545904705581396
2223,E0,2023-05-04,Brighton,Man United,H,2.03,3.82,3.5,2.17,3.83,3.16,AvgH/AvgD/AvgA,AvgCH/AvgCD/AvgCA,0.4736163459631027,0.25168617337829796,0.2746974806585995,0.040105227864751125
2223,E0,2023-05-06,Bournemouth,Chelsea,A,3.42,3.47,2.17,3.55,3.62,2.08,AvgH/AvgD/AvgA,AvgCH/AvgCD/AvgCA,0.2807705071461331,0.27672482260512254,0.44250467024874435,0.04141159194661692
2223,E0,2023-05-06,Liverpool,Brentford,H,1.48,4.91,6.16,1.43,5.16,6.91,AvgH/AvgD/AvgA,AvgCH/AvgCD/AvgCA,0.6486407658720287,0.1955169721976787,0.1558422619302926,0.04167932579337874
2223,E0,2023-05-06,Man City,Leeds,H,1.17,8.41,15.94,1.16,8.48,16.93,AvgH/AvgD/AvgA,AvgCH/AvgCD/AvgCA,0.8247284288833424,0.1147362974784198,0.0605352736382378,0.036342176124684045
2223,E0,2023-05-06,Tottenham,Crystal Palace,H,1.82,3.92,4.21,1.84,3.83,4.31,AvgH/AvgD/AvgA,AvgCH/AvgCD/AvgCA,0.5272621550297446,0.24480028626381004,0.22793755870644544,0.042082281478277306
2223,E0,2023-05-06,Wolves,Aston Villa,H,2.98,3.26,2.51,3.12,3.33,2.39,AvgH/AvgD/AvgA,AvgCH/AvgCD/AvgCA,0.3224390397679807,0.2947448891130621,0.3828160711189572,0.04072531055831852
2223,E0,2023-05-07,Newcastle,Arsenal,A,2.49,3.73,2.71,2.31,3.74,2.97,AvgH/AvgD/AvgA,AvgCH/AvgCD/AvgCA,0.38664086077440624,0.2581060974070433,0.35525304181855044,0.03870663048501988
2223,E0,2023-05-07,West Ham,Man United,H,3.43,3.74,2.08,3.57,3.68,2.05,AvgH/AvgD/AvgA,AvgCH/AvgCD/AvgCA,0.2804143927214528,0.2571714885119206,0.4624141187666265,0.03969409941798885
2223,E0,2023-05-08,Brighton,Everton,A,1.35,5.3,8.47,1.35,5.54,8.45,AvgH/AvgD/AvgA,AvgCH/AvgCD/AvgCA,0.7071620418868787,0.18012618048062007,0.11271177763250131,0.047483740451150336
2223,E0,2023-05-08,Fulham,Leicester,H,2.67,3.53,2.6,2.68,3.35,2.71,AvgH/AvgD/AvgA,AvgCH/AvgCD/AvgCA,0.35928612532344756,0.27175466136362747,0.3689592133129249,0.042433338801547205
2223,E0,2023-05-08,Nott'm Forest,Southampton,H,2.13,3.52,3.46,2.01,3.49,3.9,AvgH/AvgD/AvgA,AvgCH/AvgCD/AvgCA,0.4503042896334475,0.27248526617023955,0.2772104441963131,0.04259181820648883
2223,E0,2023-05-13,Aston Villa,Tottenham,H,2.3,3.6,3.03,2.29,3.64,3.04,AvgH/AvgD/AvgA,AvgCH/AvgCD/AvgCA,0.41702030049317584,0.26642963642619566,0.3165500630806285,0.04259338977376004
2223,E0,2023-05-13,Chelsea,Nott'm Forest,D,1.51,4.4,6.68,1.56,4.3,6.06,AvgH/AvgD/AvgA,AvgCH/AvgCD/AvgCA,0.6372553270833514,0.21869444179451375,0.14405023112213483,0.039224981704261586
2223,E0,2023-05-13,Crystal Palace,Bournemouth,H,1.88,3.7,4.18,1.77,3.78,4.81,AvgH/AvgD/AvgA,AvgCH/AvgCD/AvgCA,0.5107594351461672,0.2595210102904849,0.22971955456334792,0.04141961364805713
2223,E0,2023-05-13,Leeds,Newcastle,D,4.62,4.2,1.71,5.04,4.39,1.63,AvgH/AvgD/AvgA,AvgCH/AvgCD/AvgCA,0.2082572159298502,0.2290829375228352,0.5626598465473145,0.039340776182881454
2223,E0,2023-05-13,Man United,Wolves,H,1.38,5.1,8.37,1.38,5.24,8.06,AvgH/AvgD/AvgA,AvgCH/AvgCD/AvgCA,0.6966394453909877,0.1885024381646202,0.11485811644439223,0.04019042555466945
2223,E0,2023-05-13,Southampton,Fulham,A,2.82,3.44,2.51,2.73,3.44,2.6,AvgH/AvgD/AvgA,AvgCH/AvgCD/AvgCA,0.339757765588233,0.2785223543484933,0.38171988006327373,0.043713977998610876
2223,E0,2023-05-14,Arsenal,Brighton,A,1.77,4.19,4.21,1.73,4.28,4.36,AvgH/AvgD/AvgA,AvgCH/AvgCD/AvgCA,0.5426342519818259,0.22922735704244196,0.22813839097573205,0.04116492711070441
2223,E0,2023-05-14,Brentford,West Ham,H,2.05,3.56,3.66,1.83,3.64,4.6,AvgH/AvgD/AvgA,AvgCH/AvgCD/AvgCA,0.46817531781564187,0.26959533750619824,0.26222934467816,0.04192779816912173
2223,E0,2023-05-14,Everton,Man City,A,8.86,5.21,1.36,8.25,5.15,1.37,AvgH/AvgD/AvgA,AvgCH/AvgCD/AvgCA,0.10851540221576275,0.18453866864331245,0.7069459291409248,0.040099514457325514
2223,E0,2023-05-15,Leicester,Liverpool,A,5.11,4.59,1.59,4.68,4.29,1.69,AvgH/AvgD/AvgA,AvgCH/AvgCD/AvgCA,0.18771847244835757,0.20898505320503424,0.6032964743466083,0.04249045760000092
2223,E0,2023-05-18,Newcastle,Brighton,H,2.02,3.86,3.49,1.8,4.06,4.13,AvgH/AvgD/AvgA,AvgCH/AvgCD/AvgCA,0.4757119046273801,0.24894768065992434,0.27534041471269566,0.0406498137528466
2223,E0,2023-05-20,Bournemouth,Man United,A,6.06,4.77,1.51,7.26,5.24,1.41,AvgH/AvgD/AvgA,AvgCH/AvgCD/AvgCA,0.15914227952142646,0.20218075763099463,0.638676962847579,0.03691176314932498
2223,E0,2023-05-20,Fulham,Crystal Palace,D,2.45,3.4,2.97,2.36,3.26,3.23,AvgH/AvgD/AvgA,AvgCH/AvgCD/AvgCA,0.39284950106012567,0.2830827287050906,0.3240677702347838,0.03898124906528255
2223,E0,2023-05-20,Liverpool,Aston Villa,D,1.49,4.86,6.16,1.49,4.85,6.18,AvgH/AvgD/AvgA,AvgCH/AvgCD/AvgCA,0.6457998075819611,0.1979921220775971,0.15620807034044187,0.03923991880740574
2223,E0,2023-05-20,Nott'm Forest,Arsenal,H,5.37,4.45,1.59,5.26,4.18,1.64,AvgH/AvgD/AvgA,AvgCH/AvgCD/AvgCA,0.17907988549821185,0.21610314272480846,0.6048169717769797,0.03986965802602338
2223,E0,2023-05-20,Tottenham,Brentford,A,1.85,3.88,4.13,1.95,3.77,3.85,AvgH/AvgD/AvgA,AvgCH/AvgCD/AvgCA,0.5195490696400142,0.24772313887474914,0.23272779148523645,0.0404032499087541
2223,E0,2023-05-20,Wolves,Everton,D,2.77,3.35,2.63,3.13,3.45,2.33,AvgH/AvgD/AvgA,AvgCH/AvgCD/AvgCA,0.3472104543430371,0.28709640553140675,0.3656931401255562,0.039746429893606106
2223,E0,2023-05-21,Brighton,Southampton,H,1.23,6.91,12.43,1.21,7.38,13.35,AvgH/AvgD/AvgA,AvgCH/AvgCD/AvgCA,0.7831117027338746,0.1393961496906897,0.07749214757543571,0.03817645329913533
2223,E0,2023-05-21,Man City,Chelsea,H,1.26,6.41,11.48,1.62,4.19,5.85,AvgH/AvgD/AvgA,AvgCH/AvgCD/AvgCA,0.765506895999301,0.1504740544398002,0.08401904956089888,0.03676504783768575
2223,E0,2023-05-21,West Ham,Leeds,H,2.45,3.56,2.84,2.6,3.51,2.72,AvgH/AvgD/AvgA,AvgCH/AvgCD/AvgCA,0.39202183758297654,0.2697903095725541,0.3381878528444693,0.04117481776695486
2223,E0,2023-05-22,Newcastle,Leicester,D,1.38,5.39,7.66,1.31,5.96,9.36,AvgH/AvgD/AvgA,AvgCH/AvgCD/AvgCA,0.6962884761975432,0.17827051895224666,0.1254410048502101,0.04071474098881156
2223,E0,2023-05-24,Brighton,Man City,D,3.97,4.22,1.81,3.86,4.13,1.85,AvgH/AvgD/AvgA,AvgCH/AvgCD/AvgCA,0.24188895187365608,0.22755903766313143,0.5305520104632125,0.041342181255596744
2223,E0,2023-05-25,Man United,Chelsea,H,1.63,4.35,5.12,1.56,4.39,5.84,AvgH/AvgD/AvgA,AvgCH/AvgCD/AvgCA,0.5906423288365098,0.2213211485065543,0.18803652265693574,0.038694489986601965
2223,E0,2023-05-28,Arsenal,Wolves,H,1.37,5.33,7.87,1.29,6.18,9.86,AvgH/AvgD/AvgA,AvgCH/AvgCD/AvgCA,0.6987561447316474,0.1796052379516617,0.12163861731669084,0.04460907113681789
2223,E0,2023-05-28,Aston Villa,Brighton,H,2.04,3.88,3.37,1.88,4.04,3.83,AvgH/AvgD/AvgA,AvgCH/AvgCD/AvgCA,0.469238056959118,0.2467127928341755,0.28404915020670646,0.04466394223876957
2223,E0,2023-05-28,Brentford,Man City,H,3.88,4.01,1.87,3.37,3.57,2.15,AvgH/AvgD/AvgA,AvgCH/AvgCD/AvgCA,0.24737489732162007,0.23935526224635556,0.5132698404320244,0.041867875655147824
2223,E0,2023-05-28,Chelsea,Newcastle,D,2.87,3.64,2.38,2.79,3.76,2.38,AvgH/AvgD/AvgA,AvgCH/AvgCD/AvgCA,0.3339629769550434,0.2633169625991688,0.4027200604457877,0.0433253977012944
2223,E0,2023-05-28,Crystal Palace,Nott'm Forest,D,1.69,4.15,4.77,1.6,4.09,5.61,AvgH/AvgD/AvgA,AvgCH/AvgCD/AvgCA,0.5676894090386374,0.2311795424759752,0.20113104848538726,0.04232343762306878
2223,E0,2023-05-28,Everton,Bournemouth,H,1.49,4.61,6.58,1.62,4.22,5.41,AvgH/AvgD/AvgA,AvgCH/AvgCD/AvgCA,0.6453052636953298,0.2085693802399222,0.14612535606474794,0.04003636318420534
2223,E0,2023-05-28,Leeds,Tottenham,A,2.77,3.84,2.37,2.78,3.84,2.38,AvgH/AvgD/AvgA,AvgCH/AvgCD/AvgCA,0.3460051325919589,0.24959224408326205,0.40440262332477894,0.04336842526161866
2223,E0,2023-05-28,Leicester,West Ham,H,1.94,3.92,3.65,2.08,3.94,3.26,AvgH/AvgD/AvgA,AvgCH/AvgCD/AvgCA,0.4934848139947161,0.24422462733411968,0.26229055867116413,0.044538561081825856
2223,E0,2023-05-28,Man United,Fulham,H,1.53,4.59,5.76,1.48,4.97,6.04,AvgH/AvgD/AvgA,AvgCH/AvgCD/AvgCA,0.6254071661237786,0.20846905537459284,0.16612377850162866,0.04507080610021785
2223,E0,2023-05-28,Southampton,Liverpool,D,6.74,5.2,1.42,5.95,4.97,1.49,AvgH/AvgD/AvgA,AvgCH/AvgCD/AvgCA,0.14199235425784762,0.18404393609574865,0.6739637096464036,0.04490099694262373
2324,E0,2023-08-11,Burnley,Man City,A,9.02,5.35,1.35,9.27,5.45,1.33,AvgH/AvgD/AvgA,AvgCH/AvgCD/AvgCA,0.10675249236954322,0.17998270676136072,0.713264800869096,0.03852137360229446
2324,E0,2023-08-12,Arsenal,Nott'm Forest,H,1.18,7.64,15.67,1.19,7.43,15.98,AvgH/AvgD/AvgA,AvgCH/AvgCD/AvgCA,0.8131711684052801,0.12559449983222912,0.06123433176249077,0.04216388879183164
2324,E0,2023-08-12,Bournemouth,West Ham,D,2.69,3.44,2.64,2.7,3.53,2.59,AvgH/AvgD/AvgA,AvgCH/AvgCD/AvgCA,0.35702604101144797,0.279186061139766,0.363787897848786,0.041232765102394264
2324,E0,2023-08-12,Brighton,Luton,H,1.33,5.52,9.61,1.28,5.99,10.91,AvgH/AvgD/AvgA,AvgCH/AvgCD/AvgCA,0.7249846590342229,0.17467927473107187,0.10033606623470517,0.03709739217064967
2324,E0,2023-08-12,Everton,Fulham,A,2.24,3.43,3.3,2.32,3.28,3.27,AvgH/AvgD/AvgA,AvgCH/AvgCD/AvgCA,0.42884421577467774,0.2800615286691773,0.29109425555614493,0.04100406396324763
2324,E0,2023-08-12,Newcastle,Aston Villa,H,1.76,3.88,4.61,1.65,4.14,5.17,AvgH/AvgD/AvgA,AvgCH/AvgCD/AvgCA,0.5448442240444482,0.2471458335871724,0.20800994236837933,0.0428335166410172
2324,E0,2023-08-12,Sheffield United,Crystal Palace,A,3.12,3.24,2.41,3.81,3.16,2.16,AvgH/AvgD/AvgA,AvgCH/AvgCD/AvgCA,0.30697740246261257,0.2956078690380714,0.39741472849931586,0.04409255515756216
2324,E0,2023-08-13,Brentford,Tottenham,D,2.73,3.63,2.5,2.6,3.52,2.7,AvgH/AvgD/AvgA,AvgCH/AvgCD/AvgCA,0.3516092662118024,0.26443341508490925,0.38395731870328825,0.04178245996427821
2324,E0,2023-08-13,Chelsea,Liverpool,D,2.87,3.64,2.39,3.04,3.75,2.26,AvgH/AvgD/AvgA,AvgCH/AvgCD/AvgCA,0.33452666146267934,0.2637614061532664,0.4017119323840543,0.04156737231540775
2324,E0,2023-08-14,Man United,Wolves,H,1.31,5.65,9.85,1.27,6.12,10.96,AvgH/AvgD/AvgA,AvgCH/AvgCD/AvgCA,0.7326794589079418,0.16987789224237237,0.09744264884968568,0.04187277170802606
2324,E0,2023-08-18,Nott'm Forest,Sheffield United,H,1.95,3.43,4.25,1.93,3.44,4.33,AvgH/AvgD/AvgA,AvgCH/AvgCD/AvgCA,0.49325798974740725,0.2804236384861353,0.22631837176645742,0.0396598199719449
2324,E0,2023-08-19,Fulham,Brentford,A,2.72,3.4,2.63,2.82,3.19,2.69,AvgH/AvgD/AvgA,AvgCH/AvgCD/AvgCA,0.3528306949288972,0.2822645559431178,0.364904749127985,0.04199284276448223
2324,E0,2023-08-19,Liverpool,Bournemouth,H,1.23,6.86,11.82,1.2,7.69,12.7,AvgH/AvgD/AvgA,AvgCH/AvgCD/AvgCA,0.7792038561774949,0.13971147858576072,0.08108466523674439,0.043383093699815634
2324,E0,2023-08-19,Man City,Newcastle,H,1.7,4.07,4.83,1.84,3.78,4.32,AvgH/AvgD/AvgA,AvgCH/AvgCD/AvgCA,0.5650811628114213,0.23602898692368945,0.19888985026488945,0.04097487729201266
2324,E0,2023-08-19,Tottenham,Man United,H,2.84,3.75,2.37,3.01,3.78,2.25,AvgH/AvgD/AvgA,AvgCH/AvgCD/AvgCA,0.3383355603522116,0.25623279770674157,0.40543164194104675,0.04072027099304698
2324,E0,2023-08-19,Wolves,Brighton,A,4.0,3.81,1.89,4.17,4.06,1.81,AvgH/AvgD/AvgA,AvgCH/AvgCD/AvgCA,0.24002279931602052,0.2519924402267932,0.5079847604571863,0.04156772070157899
2324,E0,2023-08-20,Aston Villa,Everton,H,1.7,3.91,5.0,1.84,3.82,4.24,AvgH/AvgD/AvgA,AvgCH/AvgCD/AvgCA,0.5634492895639392,0.2449779519843214,0.19157275845173935,0.04398976982097191
2324,E0,2023-08-20,West Ham,Chelsea,H,3.66,3.57,2.04,3.27,3.59,2.18,AvgH/AvgD/AvgA,AvgCH/AvgCD/AvgCA,0.2618261826182618,0.2684268426842684,0.46974697469746973,0.043532166965146724
2324,E0,2023-08-21,Crystal Palace,Arsenal,A,5.79,4.06,1.6,4.42,3.55,1.89,AvgH/AvgD/AvgA,AvgCH/AvgCD/AvgCA,0.1654298476598909,0.23592089112087894,0.5986492612192302,0.04401699039451401
2324,E0,2023-08-25,Chelsea,Luton,H,1.29,5.86,10.78,1.26,6.12,12.06,AvgH/AvgD/AvgA,AvgCH/AvgCD/AvgCA,0.7463786266901711,0.16430519256490114,0.08931618074492773,0.0386066410920991
2324,E0,2023-08-26,Arsenal,Fulham,D,1.23,6.49,13.35,1.27,5.98,10.95,AvgH/AvgD/AvgA,AvgCH/AvgCD/AvgCA,0.7802398493579612,0.14787288362254117,0.07188726701949756,0.04199770205316189
2324,E0,2023-08-26,Bournemouth,Tottenham,A,3.67,3.94,1.95,3.47,3.86,2.03,AvgH/AvgD/AvgA,AvgCH/AvgCD/AvgCA,0.2622246947879301,0.2442549822009399,0.49352032301112997,0.039107183452195216
2324,E0,2023-08-26,Brentford,Crystal Palace,D,2.14,3.41,3.57,2.15,3.33,3.67,AvgH/AvgD/AvgA,AvgCH/AvgCD/AvgCA,0.449033414604458,0.2817980959687801,0.26916848942676197,0.040656896408904686
2324,E0,2023-08-26,Brighton,West Ham,A,1.53,4.67,5.73,1.51,4.78,5.91,AvgH/AvgD/AvgA,AvgCH/AvgCD/AvgCA,0.6271012465111048,0.20545287091263176,0.16744588257626358,0.04224760336249167
2324,E0,2023-08-26,Everton,Wolves,A,2.32,3.31,3.24,2.43,3.36,3.02,AvgH/AvgD/AvgA,AvgCH/AvgCD/AvgCA,0.4137436150676687,0.28999552476042034,0.2962608601719109,0.04179126169264036
2324,E0,2023-08-26,Man United,Nott'm Forest,H,1.31,5.79,9.23,1.36,5.26,8.13,AvgH/AvgD/AvgA,AvgCH/AvgCD/AvgCA,0.7308976324538861,0.16536716727367717,0.10373520027243671,0.04441271216474507
2324,E0,2023-08-27,Burnley,Aston Villa,A,3.36,3.55,2.16,3.21,3.54,2.24,AvgH/AvgD/AvgA,AvgCH/AvgCD/AvgCA,0.28554830637233,0.27026543927071234,0.4441862543569577,0.04227215142708096
2324,E0,2023-08-27,Newcastle,Liverpool,A,2.2,3.9,3.03,2.22,3.84,3.02,AvgH/AvgD/AvgA,AvgCH/AvgCD/AvgCA,0.4366478217492517,0.2463141558585523,0.317038022392196,0.040988714256041
2324,E0,2023-08-27,Sheffield United,Man City,A,16.67,7.51,1.18,14.68,6.99,1.2,AvgH/AvgD/AvgA,AvgCH/AvgCD/AvgCA,0.05764743459223374,0.12796041739714203,0.8143921480106242,0.04060142179512827
2324,E0,2023-09-01,Luton,West Ham,A,4.7,3.94,1.74,4.67,4.02,1.73,AvgH/AvgD/AvgA,AvgCH/AvgCD/AvgCA,0.20433004685320522,0.24374396452032093,0.5519259886264739,0.041285707723954124
2324,E0,2023-09-02,Brentford,Bournemouth,D,1.72,4.06,4.67,1.73,3.98,4.75,AvgH/AvgD/AvgA,AvgCH/AvgCD/AvgCA,0.5580501415713537,0.23641533091200206,0.2055345275166442,0.041833529869055086
2324,E0,2023-09-02,Brighton,Newcastle,H,2.55,3.87,2.55,2.55,3.81,2.58,AvgH/AvgD/AvgA,AvgCH/AvgCD/AvgCA,0.3760932944606414,0.24781341107871713,0.3760932944606414,0.042711658306733735
2324,E0,2023-09-02,Burnley,Tottenham,A,3.83,3.99,1.88,3.64,3.79,1.99,AvgH/AvgD/AvgA,AvgCH/AvgCD/AvgCA,0.25017926645832844,0.24014701517177894,0.5096737183698926,0.04363806577718665
2324,E0,2023-09-02,Chelsea,Nott'm Forest,A,1.38,5.03,8.27,1.4,4.84,8.03,AvgH/AvgD/AvgA,AvgCH/AvgCD/AvgCA,0.6938555947164486,0.19036197230789242,0.11578243297565888,0.04436382249760662
2324,E0,2023-09-02,Man City,Fulham,H,1.15,8.46,17.91,1.18,7.68,15.7,AvgH/AvgD/AvgA,AvgCH/AvgCD/AvgCA,0.833233522561359,0.11326460413068117,0.05350187330795995,0.04360325628553907
2324,E0,2023-09-02,Sheffield United,Everton,D,3.01,3.23,2.5,3.12,3.36,2.35,AvgH/AvgD/AvgA,AvgCH/AvgCD/AvgCA,0.318888884501013,0.2971688985597675,0.38394221693921965,0.04182343684107659
2324,E0,2023-09-03,Arsenal,Man United,H,1.77,4.04,4.38,1.77,4.14,4.29,AvgH/AvgD/AvgA,AvgCH/AvgCD/AvgCA,0.5428208573374317,0.23782002908100347,0.21935911358156487,0.04080700617078192
2324,E0,2023-09-03,Crystal Palace,Wolves,H,1.95,3.45,4.15,1.9,3.54,4.32,AvgH/AvgD/AvgA,AvgCH/AvgCD/AvgCA,0.49137709137709146,0.27773487773487776,0.23088803088803087,0.0436394407059677
2324,E0,2023-09-03,Liverpool,Aston Villa,H,1.66,4.49,4.57,1.61,4.62,4.94,AvgH/AvgD/AvgA,AvgCH/AvgCD/AvgCA,0.5770510336371486,0.2133418075362286,0.20960715882662287,0.04394516851868935
2324,E0,2023-09-16,Aston Villa,Crystal Palace,H,1.9,3.7,4.07,1.94,3.64,4.01,AvgH/AvgD/AvgA,AvgCH/AvgCD/AvgCA,0.5049627791563275,0.2593052109181141,0.2357320099255583,0.0422863054442002
2324,E0,2023-09-16,Fulham,Luton,H,1.68,3.96,5.18,1.66,3.79,5.67,AvgH/AvgD/AvgA,AvgCH/AvgCD/AvgCA,0.5718969555035128,0.24262295081967214,0.18548009367681498,0.04081354081354083
2324,E0,2023-09-16,Man United,Brighton,A,2.21,3.98,2.96,2.0,3.99,3.44,AvgH/AvgD/AvgA,AvgCH/AvgCD/AvgCA,0.4344241136948617,0.2412254500667448,0.3243504362383934,0.04158280702767847
2324,E0,2023-09-16,Newcastle,Brentford,H,1.53,4.37,6.12,1.64,4.08,5.4,AvgH/AvgD/AvgA,AvgCH/AvgCD/AvgCA,0.6249553092599213,0.21880586342509828,0.15623882731498032,0.04582641599736781
2324,E0,2023-09-16,Tottenham,Sheffield United,H,1.28,6.1,10.52,1.29,6.17,9.68,AvgH/AvgD/AvgA,AvgCH/AvgCD/AvgCA,0.751027554373777,0.15759266714728437,0.09137977847893865,0.04024146045004051
2324,E0,2023-09-16,West Ham,Man City,A,6.57,4.67,1.48,5.6,4.22,1.61,AvgH/AvgD/AvgA,AvgCH/AvgCD/AvgCA,0.14606981408412603,0.20549864636674692,0.648431539549127,0.04201543951037956
2324,E0,2023-09-16,Wolves,Liverpool,A,6.64,4.95,1.45,4.77,4.35,1.67,AvgH/AvgD/AvgA,AvgCH/AvgCD/AvgCA,0.14449354283471066,0.19382568170151085,0.6616807754637785,0.04227778407254945
2324,E0,2023-09-17,Bournemouth,Chelsea,D,4.34,3.96,1.79,4.06,3.88,1.87,AvgH/AvgD/AvgA,AvgCH/AvgCD/AvgCA,0.22121248057322257,0.24243994083024897,0.5363475785965284,0.04159921694612634
2324,E0,2023-09-17,Everton,Arsenal,A,6.07,4.55,1.52,5.74,4.37,1.57,AvgH/AvgD/AvgA,AvgCH/AvgCD/AvgCA,0.15804062530706633,0.21083661442063578,0.631122760272298,0.04241960242133658
2324,E0,2023-09-18,Nott'm Forest,Burnley,D,2.24,3.51,3.22,2.11,3.45,3.59,AvgH/AvgD/AvgA,AvgCH/AvgCD/AvgCA,0.4284804415901492,0.2734462077384428,0.2980733506714081,0.04188786254003629
2324,E0,2023-09-23,Brentford,Everton,A,1.8,3.78,4.49,1.93,3.56,4.16,AvgH/AvgD/AvgA,AvgCH/AvgCD/AvgCA,0.5327419628227583,0.25368664896321824,0.21357138821402336,0.042822969326310245
2324,E0,2023-09-23,Burnley,Man United,A,4.31,4.16,1.75,4.15,3.91,1.84,AvgH/AvgD/AvgA,AvgCH/AvgCD/AvgCA,0.22227582353497943,0.2302905767874426,0.5474335996775779,0.043831748298105655
2324,E0,2023-09-23,Crystal Palace,Fulham,D,1.95,3.51,4.09,2.08,3.34,3.87,AvgH/AvgD/AvgA,AvgCH/AvgCD/AvgCA,0.49204651784520786,0.273359176580671,0.2345943055741211,0.04221957522691033
2324,E0,2023-09-23,Luton,Wolves,D,3.3,3.43,2.23,3.18,3.32,2.37,AvgH/AvgD/AvgA,AvgCH/AvgCD/AvgCA,0.2905355358967444,0.27952398497354414,0.42994047912971145,0.043005985808218794
2324,E0,2023-09-23,Man City,Nott'm Forest,H,1.15,8.55,18.11,1.16,8.11,18.46,AvgH/AvgD/AvgA,AvgCH/AvgCD/AvgCA,0.8347219264741954,0.11227253981816662,0.053005533707638025,0.04174239325937501
2324,E0,2023-09-24,Arsenal,Tottenham,D,1.7,4.36,4.5,1.64,4.37,5.0,AvgH/AvgD/AvgA,AvgCH/AvgCD/AvgCA,0.56571131999308,0.2205755146762009,0.2137131653307191,0.03981531450500686
2324,E0,2023-09-24,Brighton,Bournemouth,H,1.38,5.31,7.58,1.5,4.91,5.97,AvgH/AvgD/AvgA,AvgCH/AvgCD/AvgCA,0.6935077018505117,0.18023364002894654,0.12625865812054168,0.04488771966892857
2324,E0,2023-09-24,Chelsea,Aston Villa,A,1.91,3.85,3.87,1.86,3.9,4.09,AvgH/AvgD/AvgA,AvgCH/AvgCD/AvgCA,0.5026024888091295,0.24934305288972397,0.24805445830114659,0.04169840198088082
2324,E0,2023-09-24,Liverpool,West Ham,H,1.39,5.38,7.19,1.37,5.58,7.78,AvgH/AvgD/AvgA,AvgCH/AvgCD/AvgCA,0.6888530749984418,0.17797505097543384,0.13317187402612432,0.044380124794074716
2324,E0,2023-09-24,Sheffield United,Newcastle,A,7.01,4.78,1.45,6.26,4.37,1.53,AvgH/AvgD/AvgA,AvgCH/AvgCD/AvgCA,0.1369673519315934,0.2008663466611861,0.6621663014072205,0.041513545688075526
2324,E0,2023-09-30,Aston Villa,Brighton,H,2.56,3.92,2.55,2.5,3.7,2.7,AvgH/AvgD/AvgA,AvgCH/AvgCD/AvgCA,0.3763667580348805,0.24579053585951383,0.3778427061056056,0.03788390356142468
2324,E0,2023-09-30,Bournemouth,Arsenal,A,5.77,4.68,1.53,6.03,4.55,1.53,AvgH/AvgD/AvgA,AvgCH/AvgCD/AvgCA,0.16655152923444078,0.20534237685528275,0.6281060939102766,0.04058021022033653
2324,E0,2023-09-30,Everton,Luton,A,1.61,3.94,6.06,1.65,3.87,5.72,AvgH/AvgD/AvgA,AvgCH/AvgCD/AvgCA,0.5972623848070362,0.2440589948069361,0.15867862038602776,0.03994162067150997
2324,E0,2023-09-30,Man United,Crystal Palace,A,1.57,4.3,5.89,1.57,4.26,6.05,AvgH/AvgD/AvgA,AvgCH/AvgCD/AvgCA,0.6128691140778167,0.2237684904888773,0.16336239543330602,0.03928010162111417
2324,E0,2023-09-30,Newcastle,Burnley,H,1.33,5.62,9.22,1.38,5.13,8.43,AvgH/AvgD/AvgA,AvgCH/AvgCD/AvgCA,0.7241620267883098,0.17137642270968897,0.1044615505020013,0.038275512156774605
2324,E0,2023-09-30,Tottenham,Liverpool,H,2.96,4.03,2.21,2.96,3.94,2.25,AvgH/AvgD/AvgA,AvgCH/AvgCD/AvgCA,0.32532408946293745,0.23894771831520964,0.43572819222185294,0.03846548343702039
2324,E0,2023-09-30,West Ham,Sheffield United,H,1.45,4.79,7.1,1.44,4.79,7.35,AvgH/AvgD/AvgA,AvgCH/AvgCD/AvgCA,0.6635967180167612,0.2008800085854496,0.13552327339778925,0.039268510059710326
2324,E0,2023-09-30,Wolves,Man City,H,9.2,5.65,1.33,8.34,5.12,1.39,AvgH/AvgD/AvgA,AvgCH/AvgCD/AvgCA,0.10476017872453142,0.17058294588773254,0.7246568753877359,0.03756650186451127
2324,E0,2023-10-01,Nott'm Forest,Brentford,D,2.81,3.27,2.65,2.65,3.21,2.85,AvgH/AvgD/AvgA,AvgCH/AvgCD/AvgCA,0.3425004051271308,0.2943199200022133,0.3631796748706557,0.03904077424055119
2324,E0,2023-10-02,Fulham,Chelsea,A,3.73,3.49,2.06,3.46,3.43,2.19,AvgH/AvgD/AvgA,AvgCH/AvgCD/AvgCA,0.2577686628972174,0.27549487467238415,0.4667364624303984,0.040066359238590143
2324,E0,2023-10-03,Luton,Burnley,A,2.92,3.18,2.63,2.94,3.16,2.62,AvgH/AvgD/AvgA,AvgCH/AvgCD/AvgCA,0.33019590502435975,0.3031987555569593,0.36660533941868084,0.03715929911181837
2324,E0,2023-10-07,Burnley,Chelsea,A,4.63,3.92,1.76,5.16,3.99,1.68,AvgH/AvgD/AvgA,AvgCH/AvgCD/AvgCA,0.2078222522110032,0.2454635274839145,0.5467142203050823,0.03926658038043418
2324,E0,2023-10-07,Crystal Palace,Nott'm Forest,D,2.24,3.25,3.49,2.31,3.17,3.46,AvgH/AvgD/AvgA,AvgCH/AvgCD/AvgCA,0.42898854391624847,0.2956721041145836,0.2753393519691681,0.04065383041027726
2324,E0,2023-10-07,Everton,Bournemouth,H,1.97,3.7,3.81,1.92,3.72,4.03,AvgH/AvgD/AvgA,AvgCH/AvgCD/AvgCA,0.48792559800911683,0.25978741299404323,0.25228698899683993,0.040351675069289605
2324,E0,2023-10-07,Fulham,Sheffield United,H,1.64,3.96,5.69,1.52,4.41,6.6,AvgH/AvgD/AvgA,AvgCH/AvgCD/AvgCA,0.5874176190873446,0.24327396346041547,0.1693084174522399,0.03802827451505064
2324,E0,2023-10-07,Luton,Tottenham,A,6.46,4.79,1.48,6.8,5.05,1.44,AvgH/AvgD/AvgA,AvgCH/AvgCD/AvgCA,0.1489534263154135,0.20088499665920068,0.6501615770253859,0.03924270450896472
2324,E0,2023-10-07,Man United,Brentford,H,1.69,4.2,4.78,1.66,4.19,5.12,AvgH/AvgD/AvgA,AvgCH/AvgCD/AvgCA,0.569496371857643,0.22915449248557537,0.2013491356567817,0.03901623534710108
2324,E0,2023-10-08,Arsenal,Man City,H,2.92,3.49,2.44,3.0,3.3,2.5,AvgH/AvgD/AvgA,AvgCH/AvgCD/AvgCA,0.329663352844622,0.2758214871937812,0.39451515996159686,0.038834770287826226
2324,E0,2023-10-08,Brighton,Liverpool,D,3.05,4.01,2.17,3.25,4.19,2.04,AvgH/AvgD/AvgA,AvgCH/AvgCD/AvgCA,0.31584315462039075,0.24022983082099544,0.4439270145586137,0.038074904150065425
2324,E0,2023-10-08,West Ham,Newcastle,D,3.32,3.72,2.13,3.39,3.67,2.13,AvgH/AvgD/AvgA,AvgCH/AvgCD/AvgCA,0.2897577672459189,0.25860101807969105,0.45164121467439,0.03950559165330114
2324,E0,2023-10-08,Wolves,Aston Villa,D,3.4,3.59,2.14,3.63,3.61,2.06,AvgH/AvgD/AvgA,AvgCH/AvgCD/AvgCA,0.2828166069075193,0.26784859707118824,0.44933479602129234,0.03995889871841807
2324,E0,2023-10-21,Bournemouth,Wolves,A,2.41,3.48,2.95,2.35,3.42,3.11,AvgH/AvgD/AvgA,AvgCH/AvgCD/AvgCA,0.3984892653218074,0.27596526707630914,0.32554546760188335,0.04127713202263772
2324,E0,2023-10-21,Brentford,Burnley,H,1.83,3.74,4.4,1.75,3.81,4.9,AvgH/AvgD/AvgA,AvgCH/AvgCD/AvgCA,0.524875447337029,0.25682408252052485,0.21830047014244616,0.04110049384880621
2324,E0,2023-10-21,Chelsea,Arsenal,D,3.24,3.47,2.26,3.3,3.33,2.32,AvgH/AvgD/AvgA,AvgCH/AvgCD/AvgCA,0.29696978877132924,0.2772859122821633,0.42574429894650745,0.039304289455182495
2324,E0,2023-10-21,Liverpool,Everton,H,1.36,5.66,8.01,1.39,5.43,7.38,AvgH/AvgD/AvgA,AvgCH/AvgCD/AvgCA,0.7091844236779616,0.17040473784488125,0.12041083847715704,0.03681650794540503
2324,E0,2023-10-21,Man City,Brighton,H,1.41,5.36,6.83,1.36,5.74,7.8,AvgH/AvgD/AvgA,AvgCH/AvgCD/AvgCA,0.6805027074151389,0.17901283907748985,0.14048445350737127,0.042199906668954235
2324,E0,2023-10-21,Newcastle,Crystal Palace,H,1.46,4.53,7.44,1.46,4.45,7.75,AvgH/AvgD/AvgA,AvgCH/AvgCD/AvgCA,0.6585305806633137,0.21224164409899296,0.1292277752376933,0.040090660876232365
2324,E0,2023-10-21,Nott'm Forest,Luton,D,1.69,3.82,5.33,1.73,3.67,5.27,AvgH/AvgD/AvgA,AvgCH/AvgCD/AvgCA,0.5683492397575933,0.2514424647095112,0.18020829553289544,0.04111334183139537
2324,E0,2023-10-21,Sheffield United,Man United,A,7.27,5.07,1.42,7.91,5.54,1.37,AvgH/AvgD/AvgA,AvgCH/AvgCD/AvgCA,0.13238644617582754,0.18983224136060473,0.6777813124635678,0.0390155927329876
2324,E0,2023-10-22,Aston Villa,West Ham,H,1.9,3.86,3.88,1.81,3.94,4.31,AvgH/AvgD/AvgA,AvgCH/AvgCD/AvgCA,0.5045615642729122,0.24835931920169257,0.2470791165253952,0.04311510574952426
2324,E0,2023-10-23,Tottenham,Fulham,H,1.51,4.7,5.99,1.5,4.74,6.22,AvgH/AvgD/AvgA,AvgCH/AvgCD/AvgCA,0.6355810714100268,0.2041973229423703,0.16022160564760274,0.04196252125624822
2324,E0,2023-10-27,Crystal Palace,Tottenham,A,4.64,3.83,1.79,4.54,3.84,1.79,AvgH/AvgD/AvgA,AvgCH/AvgCD/AvgCA,0.20817429590829728,0.2522007135808092,0.5396249905108935,0.03527306500053062
2324,E0,2023-10-28,Arsenal,Sheffield United,H,1.13,9.61,21.6,1.13,9.57,21.8,AvgH/AvgD/AvgA,AvgCH/AvgCD/AvgCA,0.854773427967747,0.10050925843949575,0.04471731359275713,0.035310321141360124
2324,E0,2023-10-28,Bournemouth,Burnley,H,2.13,3.66,3.38,2.17,3.58,3.35,AvgH/AvgD/AvgA,AvgCH/AvgCD/AvgCA,0.45204998903749183,0.26307827230870423,0.284871738653804,0.03856559995664477
2324,E0,2023-10-28,Chelsea,Brentford,A,1.65,4.1,5.31,1.65,4.07,5.39,AvgH/AvgD/AvgA,AvgCH/AvgCD/AvgCA,0.5837120450432334,0.23490850593203297,0.18137944902473357,0.03828696222247285
2324,E0,2023-10-28,Wolves,Newcastle,D,4.26,3.94,1.82,4.22,3.84,1.85,AvgH/AvgD/AvgA,AvgCH/AvgCD/AvgCA,0.22614827616656785,0.24451564885014695,0.5293360749832852,0.037999440087092884
2324,E0,2023-10-29,Aston Villa,Luton,H,1.28,6.19,10.79,1.34,5.71,8.49,AvgH/AvgD/AvgA,AvgCH/AvgCD/AvgCA,0.7544815277126671,0.15601556631215086,0.08950290597518201,0.03547929446130493
2324,E0,2023-10-29,Brighton,Fulham,D,1.56,4.6,5.42,1.61,4.3,5.3,AvgH/AvgD/AvgA,AvgCH/AvgCD/AvgCA,0.6146457873146103,0.20844509308930265,0.1769091195960871,0.04291879039191726
2324,E0,2023-10-29,Liverpool,Nott'm Forest,H,1.27,6.38,10.39,1.23,6.96,12.16,AvgH/AvgD/AvgA,AvgCH/AvgCD/AvgCA,0.7568347032234567,0.15065518387050003,0.09251011290604332,0.04038777747572175
2324,E0,2023-10-29,Man United,Man City,A,4.99,4.04,1.69,5.48,4.25,1.62,AvgH/AvgD/AvgA,AvgCH/AvgCD/AvgCA,0.19275951925873017,0.23808663393590684,0.5691538468053631,0.039641530409814774
2324,E0,2023-10-29,West Ham,Everton,A,2.15,3.64,3.32,2.07,3.69,3.5,AvgH/AvgD/AvgA,AvgCH/AvgCD/AvgCA,0.44677767590429146,0.26389340747094137,0.2893289166247671,0.041046373072150644
2324,E0,2023-11-04,Brentford,West Ham,H,2.08,3.67,3.46,2.15,3.66,3.33,AvgH/AvgD/AvgA,AvgCH/AvgCD/AvgCA,0.461273003349244,0.2614299310535225,0.27729706559723344,0.042266135842390806
2324,E0,2023-11-04,Burnley,Crystal Palace,A,2.85,3.23,2.63,3.35,3.17,2.35,AvgH/AvgD/AvgA,AvgCH/AvgCD/AvgCA,0.33715406077973004,0.29748887715858535,0.3653570620616847,0.04070285308439958
2324,E0,2023-11-04,Everton,Brighton,D,3.09,3.81,2.2,2.83,3.6,2.46,AvgH/AvgD/AvgA,AvgCH/AvgCD/AvgCA,0.3109869438910099,0.2522177576438899,0.4367952984651002,0.0406372416157601
2324,E0,2023-11-04,Fulham,Man United,A,3.24,3.61,2.2,3.0,3.56,2.36,AvgH/AvgD/AvgA,AvgCH/AvgCD/AvgCA,0.2967152848347181,0.26630402295415145,0.43698069221113034,0.0401957401034041
2324,E0,2023-11-04,Man City,Bournemouth,H,1.1,11.39,26.19,1.1,11.54,26.43,AvgH/AvgD/AvgA,AvgCH/AvgCD/AvgCA,0.8782895288893809,0.08482164019124837,0.036888830919370716,0.03506973405509828
2324,E0,2023-11-04,Newcastle,Arsenal,H,2.82,3.39,2.56,2.8,3.23,2.68,AvgH/AvgD/AvgA,AvgCH/AvgCD/AvgCA,0.34089891347898843,0.2835796271418134,0.3755214593791982,0.04022017981547732
2324,E0,2023-11-04,Sheffield United,Wolves,H,3.83,3.64,1.98,4.12,3.68,1.91,AvgH/AvgD/AvgA,AvgCH/AvgCD/AvgCA,0.25084401255751465,0.26393751870749477,0.4852184687349905,0.04087238551990513
2324,E0,2023-11-05,Luton,Liverpool,D,11.46,6.8,1.24,13.28,7.63,1.2,AvgH/AvgD/AvgA,AvgCH/AvgCD/AvgCA,0.08384176656352166,0.14129803600264093,0.7748601974338374,0.04077047133665168
2324,E0,2023-11-05,Nott'm Forest,Aston Villa,H,4.09,3.77,1.89,3.91,3.75,1.94,AvgH/AvgD/AvgA,AvgCH/AvgCD/AvgCA,0.23535493332716756,0.2553320098960518,0.5093130567767806,0.03885129599656212
2324,E0,2023-11-06,Tottenham,Chelsea,A,2.13,3.73,3.29,2.32,3.63,3.04,AvgH/AvgD/AvgA,AvgCH/AvgCD/AvgCA,0.45076273770124486,0.25740606737363314,0.29183119492512205,0.0415314506015807
2324,E0,2023-11-11,Arsenal,Burnley,H,1.19,7.34,15.07,1.2,7.07,16.18,AvgH/AvgD/AvgA,AvgCH/AvgCD/AvgCA,0.8057432272473316,0.13063139515317776,0.06362537759949068,0.04293291713370029
2324,E0,2023-11-11,Bournemouth,Newcastle,H,4.67,4.03,1.73,3.97,3.71,1.93,AvgH/AvgD/AvgA,AvgCH/AvgCD/AvgCA,0.20583624387752394,0.23852487814095202,0.5556388779815242,0.040306402209935754
2324,E0,2023-11-11,Crystal Palace,Everton,A,2.44,3.21,3.11,2.61,3.12,2.95,AvgH/AvgD/AvgA,AvgCH/AvgCD/AvgCA,0.39297509437527306,0.29871004058431966,0.3083148650404071,0.04290595368467809
2324,E0,2023-11-11,Man United,Luton,H,1.33,5.6,9.17,1.29,5.95,9.95,AvgH/AvgD/AvgA,AvgCH/AvgCD/AvgCA,0.7233073366001794,0.17178549244254263,0.10490717095727795,0.03950238190897082
2324,E0,2023-11-11,Wolves,Tottenham,H,3.13,3.73,2.21,3.14,3.53,2.3,AvgH/AvgD/AvgA,AvgCH/AvgCD/AvgCA,0.30717892344096437,0.2577667641743213,0.43505431238471426,0.0400740204194876
2324,E0,2023-11-12,Aston Villa,Fulham,H,1.59,4.28,5.66,1.65,4.13,5.21,AvgH/AvgD/AvgA,AvgCH/AvgCD/AvgCA,0.6051751962307704,0.2248197574782535,0.17000504629097615,0.039254122652828904
2324,E0,2023-11-12,Brighton,Sheffield United,D,1.24,6.73,11.71,1.27,6.18,10.88,AvgH/AvgD/AvgA,AvgCH/AvgCD/AvgCA,0.7751084594964883,0.14281344573189383,0.08207809477161788,0.04043711950595674
2324,E0,2023-11-12,Chelsea,Man City,D,4.93,3.83,1.74,4.65,3.92,1.77,AvgH/AvgD/AvgA,AvgCH/AvgCD/AvgCA,0.1952919180759752,0.25138098070876175,0.553327101215263,0.038649006014578324
2324,E0,2023-11-12,Liverpool,Brentford,H,1.42,5.16,7.05,1.38,5.42,7.57,AvgH/AvgD/AvgA,AvgCH/AvgCD/AvgCA,0.6772258648229026,0.1863683581489383,0.1364057770281591,0.039867773356284886
2324,E0,2023-11-12,West Ham,Nott'm Forest,H,1.89,3.77,4.09,1.8,3.77,4.58,AvgH/AvgD/AvgA,AvgCH/AvgCD/AvgCA,0.5093130567767806,0.2553320098960518,0.23535493332716756,0.03885129599656212
2324,E0,2023-11-25,Brentford,Arsenal,A,4.64,3.84,1.77,5.73,4.06,1.61,AvgH/AvgD/AvgA,AvgCH/AvgCD/AvgCA,0.20704781400789588,0.25018277525954086,0.5427694107325632,0.04090565945840652
2324,E0,2023-11-25,Burnley,West Ham,A,3.47,3.62,2.1,3.43,3.43,2.18,AvgH/AvgD/AvgA,AvgCH/AvgCD/AvgCA,0.27693585521522457,0.26546061259580916,0.45760353218896627,0.04061800815347394
2324,E0,2023-11-25,Luton,Crystal Palace,H,3.63,3.38,2.13,3.98,3.34,2.03,AvgH/AvgD/AvgA,AvgCH/AvgCD/AvgCA,0.26467701198866206,0.2842537140588294,0.45106927395250856,0.04082364990470966
2324,E0,2023-11-25,Man City,Liverpool,D,1.75,4.31,4.29,1.71,4.31,4.54,AvgH/AvgD/AvgA,AvgCH/AvgCD/AvgCA,0.5512807134189427,0.22383787667822502,0.22488140990283212,0.03654736601372344
2324,E0,2023-11-25,Newcastle,Chelsea,H,2.62,3.5,2.68,2.68,3.54,2.59,AvgH/AvgD/AvgA,AvgCH/AvgCD/AvgCA,0.366813183375307,0.274585868698087,0.35860094792660613,0.04052800338547158
2324,E0,2023-11-25,Nott'm Forest,Brighton,A,3.22,3.64,2.2,3.62,3.6,2.07,AvgH/AvgD/AvgA,AvgCH/AvgCD/AvgCA,0.29866332497911446,0.26420217209690894,0.43713450292397665,0.03982973548190927
2324,E0,2023-11-25,Sheffield United,Bournemouth,A,3.29,3.53,2.21,3.41,3.49,2.19,AvgH/AvgD/AvgA,AvgCH/AvgCD/AvgCA,0.2923379012886955,0.2724622366118437,0.43519986209946077,0.03972617454413041
2324,E0,2023-11-26,Everton,Man United,A,2.74,3.52,2.56,2.69,3.41,2.66,AvgH/AvgD/AvgA,AvgCH/AvgCD/AvgCA,0.3510346546995761,0.27324856644228374,0.3757167788581401,0.039679412740544207
2324,E0,2023-11-26,Tottenham,Aston Villa,A,2.35,3.89,2.8,2.63,3.76,2.56,AvgH/AvgD/AvgA,AvgCH/AvgCD/AvgCA,0.4092659740357337,0.24724294061284682,0.34349108535141937,0.03974418077683417
2324,E0,2023-11-27,Fulham,Wolves,H,2.43,3.34,3.02,2.4,3.29,3.11,AvgH/AvgD/AvgA,AvgCH/AvgCD/AvgCA,0.39491652833025326,0.28731951013248974,0.31776396153725683,0.0420496591642161
2324,E0,2023-12-02,Arsenal,Wolves,H,1.27,5.95,11.58,1.24,6.36,13.17,AvgH/AvgD/AvgA,AvgCH/AvgCD/AvgCA,0.7557909308598452,0.16132008104067283,0.08288898809948216,0.04182458753155682
2324,E0,2023-12-02,Brentford,Luton,H,1.48,4.63,6.88,1.53,4.39,6.34,AvgH/AvgD/AvgA,AvgCH/AvgCD/AvgCA,0.6515631264164683,0.2082750382497566,0.14016183533377516,0.037007234267267375
2324,E0,2023-12-02,Burnley,Sheffield United,H,1.83,3.68,4.55,1.75,3.73,5.07,AvgH/AvgD/AvgA,AvgCH/AvgCD/AvgCA,0.5264597593452581,0.2617992825004952,0.21174095815424668,0.0379674376466963
2324,E0,2023-12-02,Newcastle,Man United,H,1.94,3.84,3.84,2.0,3.76,3.68,AvgH/AvgD/AvgA,AvgCH/AvgCD/AvgCA,0.49740932642487046,0.25129533678756477,0.25129533678756477,0.03629725085910662
2324,E0,2023-12-02,Nott'm Forest,Everton,A,2.8,3.35,2.62,2.84,3.16,2.71,AvgH/AvgD/AvgA,AvgCH/AvgCD/AvgCA,0.3442905895736085,0.28776526889734433,0.36794414152904714,0.03732970914240141
2324,E0,2023-12-03,Bournemouth,Aston Villa,D,3.45,4.0,2.01,3.18,3.93,2.13,AvgH/AvgD/AvgA,AvgCH/AvgCD/AvgCA,0.27941406453630824,0.24099463066256582,0.4795913048011261,0.0373675102747133
2324,E0,2023-12-03,Chelsea,Brighton,H,1.75,4.24,4.37,1.64,4.33,5.16,AvgH/AvgD/AvgA,AvgCH/AvgCD/AvgCA,0.5515131130511396,0.22762923298101279,0.22085765396784765,0.03611057997742506
2324,E0,2023-12-03,Liverpool,Fulham,H,1.26,6.62,10.56,1.24,6.82,11.43,AvgH/AvgD/AvgA,AvgCH/AvgCD/AvgCA,0.7635624877121698,0.14533062454944623,0.09110688773838391,0.039405165160452116
2324,E0,2023-12-03,Man City,Tottenham,D,1.3,6.18,9.27,1.25,6.97,10.56,AvgH/AvgD/AvgA,AvgCH/AvgCD/AvgCA,0.7404153354632588,0.15575079872204475,0.10383386581469649,0.0389179321218156
2324,E0,2023-12-03,West Ham,Crystal Palace,D,2.02,3.53,3.84,1.95,3.55,4.13,AvgH/AvgD/AvgA,AvgCH/AvgCD/AvgCA,0.4765809032929479,0.2727176840373243,0.25070141266972784,0.03875229059733165
2324,E0,2023-12-05,Luton,Arsenal,A,14.98,6.73,1.21,16.38,7.06,1.2,AvgH/AvgD/AvgA,AvgCH/AvgCD/AvgCA,0.06407783797394646,0.14262793653041875,0.7932942254956349,0.04179036532805713
2324,E0,2023-12-05,Wolves,Burnley,H,1.89,3.62,4.31,1.93,3.61,4.12,AvgH/AvgD/AvgA,AvgCH/AvgCD/AvgCA,0.5100441649041023,0.2662937767040755,0.2236620583918221,0.03736218450810003
2324,E0,2023-12-06,Aston Villa,Man City,H,4.45,4.26,1.73,5.19,4.25,1.65,AvgH/AvgD/AvgA,AvgCH/AvgCD/AvgCA,0.2165976493961846,0.22625810793732898,0.5571442426664864,0.03749556724207914
2324,E0,2023-12-06,Brighton,Brentford,H,1.93,3.91,3.77,1.77,4.05,4.45,AvgH/AvgD/AvgA,AvgCH/AvgCD/AvgCA,0.4986182098629712,0.2461210089604947,0.2552607811765343,0.03914118011915191
2324,E0,2023-12-06,Crystal Palace,Bournemouth,A,2.27,3.45,3.25,2.29,3.41,3.22,AvgH/AvgD/AvgA,AvgCH/AvgCD/AvgCA,0.4243703044868762,0.27922335976382867,0.2964063357492951,0.03807601451730935
2324,E0,2023-12-06,Fulham,Nott'm Forest,H,2.05,3.49,3.78,2.01,3.43,3.94,AvgH/AvgD/AvgA,AvgCH/AvgCD/AvgCA,0.4695451617151379,0.27580732994728724,0.25464750833757477,0.0388880938884435
2324,E0,2023-12-06,Man United,Chelsea,H,2.82,3.65,2.43,2.79,3.6,2.5,AvgH/AvgD/AvgA,AvgCH/AvgCD/AvgCA,0.3409366098919474,0.26340855887542236,0.39565483123263023,0.040105165562596135
2324,E0,2023-12-06,Sheffield United,Liverpool,A,13.54,7.67,1.2,14.76,7.96,1.19,AvgH/AvgD/AvgA,AvgCH/AvgCD/AvgCA,0.07118120271794023,0.1256575599479675,0.8031612373340923,0.037566673535428974
2324,E0,2023-12-07,Everton,Newcastle,H,3.13,3.44,2.33,3.17,3.45,2.31,AvgH/AvgD/AvgA,AvgCH/AvgCD/AvgCA,0.30738668394994495,0.27968613975678136,0.4129271762932737,0.039371041666201645
2324,E0,2023-12-07,Tottenham,West Ham,A,1.79,4.22,4.08,1.68,4.29,4.79,AvgH/AvgD/AvgA,AvgCH/AvgCD/AvgCA,0.5367985882910465,0.22769418792440127,0.23550722378455227,0.040724081737330886
2324,E0,2023-12-09,Aston Villa,Arsenal,H,3.41,3.66,2.11,3.62,3.72,2.03,AvgH/AvgD/AvgA,AvgCH/AvgCD/AvgCA,0.2818642032534865,0.26261118390557076,0.45552461284094264,0.040412824969755956
2324,E0,2023-12-09,Brighton,Burnley,D,1.5,4.69,6.18,1.53,4.5,6.2,AvgH/AvgD/AvgA,AvgCH/AvgCD/AvgCA,0.6399803926763996,0.2046845605574839,0.15533504676611645,0.0416985806059853
2324,E0,2023-12-09,Crystal Palace,Liverpool,A,6.12,4.54,1.52,6.59,4.62,1.49,AvgH/AvgD/AvgA,AvgCH/AvgCD/AvgCA,0.15687914885877965,0.21147585705192323,0.6316449940892971,0.04155774683317959
2324,E0,2023-12-09,Man United,Bournemouth,A,1.55,4.65,5.54,1.66,4.41,4.74,AvgH/AvgD/AvgA,AvgCH/AvgCD/AvgCA,0.6199179410667661,0.20663931368892202,0.17344274524431183,0.04072046892589576
2324,E0,2023-12-09,Sheffield United,Brentford,H,4.48,3.82,1.8,4.61,3.86,1.78,AvgH/AvgD/AvgA,AvgCH/AvgCD/AvgCA,0.21451568622557213,0.25157860583522595,0.5339057079392018,0.04054994598188322
2324,E0,2023-12-09,Wolves,Nott'm Forest,D,1.87,3.64,4.34,1.92,3.37,4.53,AvgH/AvgD/AvgA,AvgCH/AvgCD/AvgCA,0.5142414437406005,0.2641844779656382,0.22157407829376113,0.03989937955782352
2324,E0,2023-12-10,Everton,Chelsea,H,3.02,3.59,2.31,2.54,3.47,2.78,AvgH/AvgD/AvgA,AvgCH/AvgCD/AvgCA,0.317602993385904,0.2671757771658579,0.415221229448238,0.04257779274842877
2324,E0,2023-12-10,Fulham,West Ham,H,2.39,3.49,2.95,2.22,3.54,3.26,AvgH/AvgD/AvgA,AvgCH/AvgCD/AvgCA,0.4008042947627409,0.2744762935481234,0.3247194116891358,0.04392604397785993
2324,E0,2023-12-10,Luton,Man City,A,18.02,8.94,1.15,15.25,7.38,1.19,AvgH/AvgD/AvgA,AvgCH/AvgCD/AvgCA,0.053518220452799234,0.10787453384333806,0.8386072457038628,0.0369159363289997
2324,E0,2023-12-10,Tottenham,Newcastle,H,2.2,3.84,3.05,2.08,3.88,3.34,AvgH/AvgD/AvgA,AvgCH/AvgCD/AvgCA,0.43587644212876814,0.2497208783029401,0.3144026795682918,0.04283097367113764
2324,E0,2023-12-15,Nott'm Forest,Tottenham,A,4.52,4.13,1.74,5.06,4.17,1.66,AvgH/AvgD/AvgA,AvgCH/AvgCD/AvgCA,0.21312272751537728,0.23324811824927488,0.5536291542353479,0.03808233233658509
2324,E0,2023-12-16,Burnley,Everton,A,3.55,3.45,2.14,3.3,3.48,2.22,AvgH/AvgD/AvgA,AvgCH/AvgCD/AvgCA,0.27115967312459827,0.2790193737948765,0.44982095308052517,0.03883493293500684
2324,E0,2023-12-16,Chelsea,Sheffield United,H,1.24,6.49,12.28,1.2,7.63,14.35,AvgH/AvgD/AvgA,AvgCH/AvgCD/AvgCA,0.7739696228100843,0.1478770928019267,0.07815328438798898,0.04196804258958875
2324,E0,2023-12-16,Man City,Crystal Palace,D,1.18,7.77,16.06,1.18,7.38,18.26,AvgH/AvgD/AvgA,AvgCH/AvgCD/AvgCA,0.8160996065546324,0.12393790678693258,0.05996248665843501,0.038424256441437876
2324,E0,2023-12-16,Newcastle,Fulham,H,1.87,3.91,4.03,1.89,3.78,4.08,AvgH/AvgD/AvgA,AvgCH/AvgCD/AvgCA,0.5148586346719991,0.24623673832139095,0.23890462700661005,0.03865279180847181
2324,E0,2023-12-17,Arsenal,Brighton,H,1.48,4.73,6.5,1.48,4.76,6.66,AvgH/AvgD/AvgA,AvgCH/AvgCD/AvgCA,0.6491025094267124,0.20310184227305164,0.14779564830023606,0.04093832000808728
2324,E0,2023-12-17,Brentford,Aston Villa,A,3.26,3.71,2.16,3.18,3.46,2.29,AvgH/AvgD/AvgA,AvgCH/AvgCD/AvgCA,0.2951623953030961,0.25936102660056426,0.44547657809633945,0.03925320819637301
2324,E0,2023-12-17,Liverpool,Man United,D,1.32,6.09,8.5,1.35,5.88,7.97,AvgH/AvgD/AvgA,AvgCH/AvgCD/AvgCA,0.728840191597746,0.1579752139423686,0.11318459445988527,0.03942642887876158
2324,E0,2023-12-17,West Ham,Wolves,H,2.16,3.55,3.4,1.96,3.6,4.0,AvgH/AvgD/AvgA,AvgCH/AvgCD/AvgCA,0.4456834798020825,0.27117642714718265,0.28314009305073484,0.038770750866856885
2324,E0,2023-12-21,Crystal Palace,Brighton,D,3.35,3.5,2.18,3.24,3.33,2.3,AvgH/AvgD/AvgA,AvgCH/AvgCD/AvgCA,0.28621802085677844,0.2739515342486308,0.4398304448945907,0.04293734473112809
2324,E0,2023-12-22,Aston Villa,Sheffield United,D,1.24,6.67,11.7,1.22,7.15,12.8,AvgH/AvgD/AvgA,AvgCH/AvgCD/AvgCA,0.7740597394507717,0.1439031599578646,0.08203710059136382,0.04184673585457066
2324,E0,2023-12-23,Fulham,Burnley,A,1.7,3.94,5.01,1.71,3.86,5.06,AvgH/AvgD/AvgA,AvgCH/AvgCD/AvgCA,0.5647186048108394,0.2436603117204129,0.19162108346874787,0.04164319911982539
2324,E0,2023-12-23,Liverpool,Arsenal,D,2.43,3.63,2.83,2.47,3.63,2.79,AvgH/AvgD/AvgA,AvgCH/AvgCD/AvgCA,0.3955573011124074,0.2647945569430165,0.339648141944576,0.04036161786813186
2324,E0,2023-12-23,Luton,Newcastle,H,5.0,4.23,1.65,5.3,4.15,1.63,AvgH/AvgD/AvgA,AvgCH/AvgCD/AvgCA,0.19185255432317652,0.22677606893992494,0.5813713767368985,0.04246722544594883
2324,E0,2023-12-23,Nott'm Forest,Bournemouth,A,2.76,3.49,2.54,2.86,3.45,2.49,AvgH/AvgD/AvgA,AvgCH/AvgCD/AvgCA,0.3475305205548195,0.2748378901808887,0.3776315892642919,0.04255257927068312
2324,E0,2023-12-23,Tottenham,Everton,H,1.8,4.16,4.08,1.71,4.25,4.57,AvgH/AvgD/AvgA,AvgCH/AvgCD/AvgCA,0.533655297313613,0.23090854210685177,0.23543616057953515,0.04103821015585729
2324,E0,2023-12-23,West Ham,Man United,H,2.61,3.65,2.6,2.19,3.77,3.16,AvgH/AvgD/AvgA,AvgCH/AvgCD/AvgCA,0.36779381842844694,0.26299777153376613,0.36920841003778704,0.041729749807217775
2324,E0,2023-12-24,Wolves,Chelsea,H,3.73,3.73,1.98,3.26,3.65,2.17,AvgH/AvgD/AvgA,AvgCH/AvgCD/AvgCA,0.2574772431729519,0.2574772431729519,0.48504551365409626,0.04124353454112173
2324,E0,2023-12-26,Bournemouth,Fulham,H,2.22,3.62,3.2,1.95,3.85,3.74,AvgH/AvgD/AvgA,AvgCH/AvgCD/AvgCA,0.43346155573184053,0.26582448997919506,0.30071395428896436,0.03919354437310241
2324,E0,2023-12-26,Burnley,Liverpool,A,7.67,5.3,1.39,7.69,5.28,1.38,AvgH/AvgD/AvgA,AvgCH/AvgCD/AvgCA,0.12554682826823085,0.18168757977685487,0.6927655919549143,0.038481802194465065
2324,E0,2023-12-26,Man United,Aston Villa,H,2.63,3.63,2.61,2.34,3.75,2.91,AvgH/AvgD/AvgA,AvgCH/AvgCD/AvgCA,0.36600799675494006,0.2651793475111549,0.3688126557339051,0.038851992998148344
2324,E0,2023-12-26,Newcastle,Nott'm Forest,A,1.51,4.41,6.57,1.41,4.95,7.64,AvgH/AvgD/AvgA,AvgCH/AvgCD/AvgCA,0.6360367479996049,0.21778129013138395,0.14618196186901117,0.04121602676572156
2324,E0,2023-12-26,Sheffield United,Luton,A,2.41,3.32,3.07,2.46,3.25,3.07,AvgH/AvgD/AvgA,AvgCH/AvgCD/AvgCA,0.3982604142652281,0.28909867421060237,0.31264091152416934,0.04187547763600952
2324,E0,2023-12-27,Brentford,Wolves,A,1.96,3.59,3.97,2.22,3.41,3.39,AvgH/AvgD/AvgA,AvgCH/AvgCD/AvgCA,0.4902768843374074,0.26767205941540906,0.2420510562471835,0.040644782431822346
2324,E0,2023-12-27,Chelsea,Crystal Palace,H,1.7,3.91,5.02,1.78,3.75,4.7,AvgH/AvgD/AvgA,AvgCH/AvgCD/AvgCA,0.5638796639968743,0.24516507130298884,0.19095526470013674,0.04319295707196802
2324,E0,2023-12-27,Everton,Man City,A,5.84,4.17,1.59,5.65,4.02,1.62,AvgH/AvgD/AvgA,AvgCH/AvgCD/AvgCA,0.16465145385870417,0.23059100492442022,0.6047575412168756,0.03997184779960983
2324,E0,2023-12-28,Arsenal,West Ham,A,1.35,5.39,8.64,1.3,5.97,10.13,AvgH/AvgD/AvgA,AvgCH/AvgCD/AvgCA,0.7108766434488727,0.17804888101224087,0.11107447553888636,0.04201023843880991
2324,E0,2023-12-28,Brighton,Tottenham,H,2.52,3.9,2.57,2.5,3.82,2.65,AvgH/AvgD/AvgA,AvgCH/AvgCD/AvgCA,0.38070603249846163,0.24599466715285218,0.37329930034868614,0.04234071160141206
2324,E0,2023-12-30,Aston Villa,Burnley,H,1.37,5.27,8.15,1.4,5.17,7.55,AvgH/AvgD/AvgA,AvgCH/AvgCD/AvgCA,0.7002505873395516,0.18203857773343182,0.11771083492701666,0.042379714485449416
2324,E0,2023-12-30,Crystal Palace,Brentford,H,2.23,3.33,3.43,2.12,3.29,3.78,AvgH/AvgD/AvgA,AvgCH/AvgCD/AvgCA,0.4310687746021203,0.2886736838927112,0.2802575415051686,0.040275983078216004
2324,E0,2023-12-30,Luton,Chelsea,A,6.04,4.53,1.53,5.5,4.46,1.58,AvgH/AvgD/AvgA,AvgCH/AvgCD/AvgCA,0.15920915712799172,0.21227887617065558,0.6285119667013529,0.0399082370254944
2324,E0,2023-12-30,Man City,Sheffield United,H,1.08,12.85,29.4,1.08,12.46,30.83,AvgH/AvgD/AvgA,AvgCH/AvgCD/AvgCA,0.8922346606206604,0.07498937225449909,0.03277596712484059,0.037760543041254424
2324,E0,2023-12-30,Nott'm Forest,Man United,H,3.27,3.68,2.16,3.25,3.64,2.18,AvgH/AvgD/AvgA,AvgCH/AvgCD/AvgCA,0.2939036294258585,0.2611589315822167,0.44493743899192467,0.040512490951262414
2324,E0,2023-12-30,Wolves,Everton,H,2.64,3.38,2.74,2.88,3.26,2.6,AvgH/AvgD/AvgA,AvgCH/AvgCD/AvgCA,0.3643559682115036,0.2845857266504052,0.3510583051380911,0.03960937060319436
2324,E0,2023-12-31,Fulham,Arsenal,H,5.74,4.29,1.57,5.92,4.22,1.58,AvgH/AvgD/AvgA,AvgCH/AvgCD/AvgCA,0.1668322116730284,0.22322072144596342,0.6099470668810083,0.04425893613403309
2324,E0,2023-12-31,Tottenham,Bournemouth,H,1.78,4.33,4.04,1.76,4.49,3.98,AvgH/AvgD/AvgA,AvgCH/AvgCD/AvgCA,0.540050259633611,0.22200680419118415,0.23794293617520482,0.04026938750132647
2324,E0,2024-01-01,Liverpool,Newcastle,H,1.46,4.88,6.56,1.38,5.47,7.49,AvgH/AvgD/AvgA,AvgCH/AvgCD/AvgCA,0.657141918744047,0.19660393470621082,0.1462541465497422,0.0422885640264441
2324,E0,2024-01-02,West Ham,Brighton,D,2.47,3.7,2.73,3.03,3.63,2.3,AvgH/AvgD/AvgA,AvgCH/AvgCD/AvgCA,0.3887526892480112,0.2595186871466453,0.35172862360534346,0.04142893616577825
2324,E0,2024-01-12,Burnley,Luton,D,2.03,3.58,3.74,2.15,3.46,3.5,AvgH/AvgD/AvgA,AvgCH/AvgCD/AvgCA,0.47397411571464987,0.26876185891082094,0.25726402537452914,0.03932012552135622
2324,E0,2024-01-13,Chelsea,Fulham,H,1.64,4.24,5.19,1.64,4.16,5.26,AvgH/AvgD/AvgA,AvgCH/AvgCD/AvgCA,0.587273290135252,0.22715287637306916,0.18557383349167886,0.03828338152505739
2324,E0,2024-01-13,Newcastle,Man City,A,5.5,4.47,1.57,4.89,4.13,1.68,AvgH/AvgD/AvgA,AvgCH/AvgCD/AvgCA,0.1744101953630781,0.21459867438410057,0.6109911302528214,0.04247450350985593
2324,E0,2024-01-14,Everton,Aston Villa,D,2.79,3.62,2.45,2.55,3.54,2.75,AvgH/AvgD/AvgA,AvgCH/AvgCD/AvgCA,0.3437024061881159,0.2648977108466419,0.3913998829652422,0.04282929829687476
2324,E0,2024-01-14,Man United,Tottenham,D,2.2,3.93,3.0,2.04,3.97,3.34,AvgH/AvgD/AvgA,AvgCH/AvgCD/AvgCA,0.4360852197070572,0.2441189525077674,0.3197958277851753,0.0423317140874393
2324,E0,2024-01-20,Arsenal,Crystal Palace,H,1.29,5.74,11.19,1.26,5.91,12.35,AvgH/AvgD/AvgA,AvgCH/AvgCD/AvgCA,0.7462574198068324,0.16771290445136128,0.08602967574180641,0.038775331239279565
2324,E0,2024-01-20,Brentford,Nott'm Forest,H,1.9,3.72,4.06,1.78,3.8,4.66,AvgH/AvgD/AvgA,AvgCH/AvgCD/AvgCA,0.505373897447566,0.25812107665332673,0.2365050258991073,0.04143841249397129
2324,E0,2024-01-21,Bournemouth,Liverpool,A,4.38,4.37,1.71,4.38,4.4,1.7,AvgH/AvgD/AvgA,AvgCH/AvgCD/AvgCA,0.21912084238676252,0.21962226307872304,0.5612568945345144,0.04193877586561201
2324,E0,2024-01-21,Sheffield United,West Ham,D,3.43,3.43,2.18,2.83,3.34,2.56,AvgH/AvgD/AvgA,AvgCH/AvgCD/AvgCA,0.2798459563543004,0.2798459563543004,0.44030808729139925,0.04180597533902142
2324,E0,2024-01-22,Brighton,Wolves,D,1.65,4.29,4.95,1.66,4.16,5.0,AvgH/AvgD/AvgA,AvgCH/AvgCD/AvgCA,0.582089552238806,0.22388059701492538,0.19402985074626866,0.041181041181041156
2324,E0,2024-01-30,Aston Villa,Newcastle,A,1.86,4.07,3.92,1.88,4.02,3.89,AvgH/AvgD/AvgA,AvgCH/AvgCD/AvgCA,0.5177344089720208,0.23660589697492843,0.24565969405305071,0.03843669511872272
2324,E0,2024-01-30,Crystal Palace,Sheffield United,H,1.64,3.87,5.92,1.61,3.95,6.02,AvgH/AvgD/AvgA,AvgCH/AvgCD/AvgCA,0.5879587332546323,0.24916080685726016,0.1628804598881076,0.0370729492964319
2324,E0,2024-01-30,Fulham,Everton,D,2.45,3.33,3.01,2.25,3.27,3.46,AvgH/AvgD/AvgA,AvgCH/AvgCD/AvgCA,0.3922046618641979,0.2885589854556411,0.3192363526801611,0.040689479227685066
2324,E0,2024-01-30,Luton,Brighton,H,4.34,4.09,1.78,4.22,4.03,1.8,AvgH/AvgD/AvgA,AvgCH/AvgCD/AvgCA,0.2222554646476981,0.2358407619978019,0.5419037733544999,0.036711276858880204
2324,E0,2024-01-30,Nott'm Forest,Arsenal,A,8.12,5.09,1.39,8.78,5.04,1.38,AvgH/AvgD/AvgA,AvgCH/AvgCD/AvgCA,0.11852538082546106,0.1890817470142915,0.6923928721602474,0.03904082401522935
2324,E0,2024-01-31,Liverpool,Chelsea,H,1.58,4.61,5.15,1.65,4.4,4.84,AvgH/AvgD/AvgA,AvgCH/AvgCD/AvgCA,0.6062335460378987,0.20777635634270714,0.18599009761939417,0.04400588938292893
2324,E0,2024-01-31,Man City,Burnley,H,1.1,11.19,24.13,1.11,10.59,22.43,AvgH/AvgD/AvgA,AvgCH/AvgCD/AvgCA,0.8742111078986502,0.0859367487657297,0.0398521433356202,0.0398986021535459
2324,E0,2024-01-31,Tottenham,Brentford,H,1.67,4.34,4.75,1.63,4.46,4.97,AvgH/AvgD/AvgA,AvgCH/AvgCD/AvgCA,0.575913597595215,0.22160730598709882,0.20247909641768608,0.03974345754283348
2324,E0,2024-02-01,West Ham,Bournemouth,D,2.43,3.73,2.75,2.42,3.58,2.85,AvgH/AvgD/AvgA,AvgCH/AvgCD/AvgCA,0.39446006175996673,0.2569806836666808,0.34855925457335246,0.043255512126527895
2324,E0,2024-02-01,Wolves,Man United,A,2.7,3.58,2.54,2.92,3.5,2.43,AvgH/AvgD/AvgA,AvgCH/AvgCD/AvgCA,0.354964633137111,0.2677107568352513,0.3773246100276377,0.04340076671049253
2324,E0,2024-02-03,Brighton,Crystal Palace,H,1.7,4.07,4.82,1.72,3.81,5.17,AvgH/AvgD/AvgA,AvgCH/AvgCD/AvgCA,0.5648480869785549,0.23593163338170595,0.19922027963973926,0.04140441948594242
2324,E0,2024-02-03,Burnley,Fulham,D,2.94,3.45,2.43,2.91,3.31,2.54,AvgH/AvgD/AvgA,AvgCH/AvgCD/AvgCA,0.32657855064334046,0.2783017214178032,0.3951197279388563,0.041513760630392804
2324,E0,2024-02-03,Everton,Tottenham,D,2.94,3.69,2.34,3.1,3.73,2.22,AvgH/AvgD/AvgA,AvgCH/AvgCD/AvgCA,0.32752970094223677,0.2609586235149529,0.4115116755428103,0.03848919179929644
2324,E0,2024-02-03,Newcastle,Luton,D,1.43,4.97,7.02,1.53,4.61,5.91,AvgH/AvgD/AvgA,AvgCH/AvgCD/AvgCA,0.6704974142453843,0.19291977914907435,0.13658280660554123,0.04295808521160649
2324,E0,2024-02-03,Sheffield United,Aston Villa,A,5.1,4.29,1.63,5.17,4.27,1.64,AvgH/AvgD/AvgA,AvgCH/AvgCD/AvgCA,0.18805315089270588,0.2235596898724475,0.5883871592348465,0.042675596988119624
2324,E0,2024-02-04,Arsenal,Liverpool,H,2.25,3.67,3.07,2.21,3.65,3.2,AvgH/AvgD/AvgA,AvgCH/AvgCD/AvgCA,0.42626144923369114,0.2613319511650695,0.31240659960123945,0.04265690749994322
2324,E0,2024-02-04,Bournemouth,Nott'm Forest,D,1.7,4.15,4.65,1.66,4.34,4.93,AvgH/AvgD/AvgA,AvgCH/AvgCD/AvgCA,0.5633073049697147,0.23075238998759393,0.20594030504269134,0.04425291298019407
2324,E0,2024-02-04,Chelsea,Wolves,A,1.63,4.22,5.24,1.54,4.48,5.92,AvgH/AvgD/AvgA,AvgCH/AvgCD/AvgCA,0.5891624880770318,0.22756750131885348,0.1832700106041148,0.041303451816375736
2324,E0,2024-02-04,Man United,West Ham,H,1.66,4.23,4.93,1.55,4.49,5.82,AvgH/AvgD/AvgA,AvgCH/AvgCD/AvgCA,0.5783191669324311,0.2269526754392046,0.19472815762836423,0.04165601453185186
2324,E0,2024-02-05,Brentford,Man City,A,7.17,4.99,1.42,7.9,5.41,1.37,AvgH/AvgD/AvgA,AvgCH/AvgCD/AvgCA,0.1335796627423627,0.19193711059373553,0.6744832266639017,0.044096167662883934
2324,E0,2024-02-10,Fulham,Bournemouth,H,2.4,3.58,2.88,2.56,3.53,2.75,AvgH/AvgD/AvgA,AvgCH/AvgCD/AvgCA,0.39940498326515433,0.26775753068055036,0.33283748605429525,0.043218497827436364
2324,E0,2024-02-10,Liverpool,Burnley,H,1.16,8.4,15.8,1.16,8.52,16.31,AvgH/AvgD/AvgA,AvgCH/AvgCD/AvgCA,0.8254141997114284,0.1139857704363401,0.06060002985223144,0.04440772380536684
2324,E0,2024-02-10,Luton,Sheffield United,A,1.77,3.88,4.59,1.71,3.98,4.87,AvgH/AvgD/AvgA,AvgCH/AvgCD/AvgCA,0.5429452061058927,0.24768376670294592,0.20937102719116127,0.0405686339225928
2324,E0,2024-02-10,Man City,Everton,H,1.2,7.36,13.47,1.24,6.82,12.04,AvgH/AvgD/AvgA,AvgCH/AvgCD/AvgCA,0.798638903389208,0.13021286468302304,0.07114823192776908,0.04344194829088788
2324,E0,2024-02-10,Nott'm Forest,Newcastle,A,3.3,3.71,2.13,3.24,3.77,2.15,AvgH/AvgD/AvgA,AvgCH/AvgCD/AvgCA,0.2908004990008942,0.25866351663152315,0.4505359843675826,0.042055650081161744
2324,E0,2024-02-10,Tottenham,Brighton,H,1.82,4.31,3.84,1.74,4.51,4.09,AvgH/AvgD/AvgA,AvgCH/AvgCD/AvgCA,0.5273615988070126,0.2226909767584137,0.2499474244345737,0.041885777602134855
2324,E0,2024-02-10,Wolves,Brentford,A,2.12,3.66,3.38,2.2,3.58,3.27,AvgH/AvgD/AvgA,AvgCH/AvgCD/AvgCA,0.45321590292940983,0.26251850115036857,0.2842655959202216,0.04078014508907457
2324,E0,2024-02-11,Aston Villa,Man United,A,2.17,3.83,3.11,2.16,3.89,3.13,AvgH/AvgD/AvgA,AvgCH/AvgCD/AvgCA,0.44163196903352103,0.250219679582961,0.30814835138351787,0.04346950719181164
2324,E0,2024-02-11,West Ham,Arsenal,A,5.81,4.38,1.55,6.31,4.34,1.53,AvgH/AvgD/AvgA,AvgCH/AvgCD/AvgCA,0.16461254585704485,0.2183559112852581,0.617031542857697,0.04558883219260479
2324,E0,2024-02-12,Crystal Palace,Chelsea,A,4.2,3.8,1.84,4.91,3.97,1.71,AvgH/AvgD/AvgA,AvgCH/AvgCD/AvgCA,0.22790091264667536,0.25189048239895695,0.5202086049543677,0.04473139370164536
2324,E0,2024-02-17,Brentford,Liverpool,A,5.24,4.52,1.59,4.82,4.4,1.65,AvgH/AvgD/AvgA,AvgCH/AvgCD/AvgCA,0.18332176965145702,0.21252346747204312,0.6041547628764998,0.041009450319648755
2324,E0,2024-02-17,Burnley,Arsenal,A,9.94,5.73,1.31,10.38,5.94,1.29,AvgH/AvgD/AvgA,AvgCH/AvgCD/AvgCA,0.09687560899748206,0.1680529761666617,0.7350714148358561,0.03848247016436446
2324,E0,2024-02-17,Fulham,Aston Villa,A,2.94,3.77,2.29,2.95,3.72,2.3,AvgH/AvgD/AvgA,AvgCH/AvgCD/AvgCA,0.3264044582736288,0.2545435297942888,0.4190520119320824,0.04206926651911269
2324,E0,2024-02-17,Man City,Chelsea,D,1.35,5.64,8.22,1.33,6.01,8.28,AvgH/AvgD/AvgA,AvgCH/AvgCD/AvgCA,0.7124560869685486,0.17053470166800366,0.11700921136344776,0.0397002064962928
2324,E0,2024-02-17,Newcastle,Bournemouth,D,1.85,4.16,3.83,1.99,3.93,3.5,AvgH/AvgD/AvgA,AvgCH/AvgCD/AvgCA,0.5187420843060073,0.2306905903764696,0.2505673253175231,0.042021761669281066
2324,E0,2024-02-17,Nott'm Forest,West Ham,H,2.43,3.51,2.9,2.27,3.52,3.17,AvgH/AvgD/AvgA,AvgCH/AvgCD/AvgCA,0.3952196246986057,0.273613586329804,0.33116678897159035,0.041250504852037295
2324,E0,2024-02-17,Tottenham,Wolves,A,1.55,4.75,5.37,1.52,4.89,5.57,AvgH/AvgD/AvgA,AvgCH/AvgCD/AvgCA,0.6192117688470269,0.20205857720271403,0.17872965395025917,0.041907345404419205
2324,E0,2024-02-18,Luton,Man United,A,4.07,4.09,1.81,4.14,4.12,1.8,AvgH/AvgD/AvgA,AvgCH/AvgCD/AvgCA,0.2356418246811328,0.23448954191985588,0.5298686333990114,0.04268521105166201
2324,E0,2024-02-18,Sheffield United,Brighton,A,4.92,4.3,1.65,4.81,4.25,1.68,AvgH/AvgD/AvgA,AvgCH/AvgCD/AvgCA,0.1950837251505403,0.22321207621875774,0.581704198630702,0.041870778115814966
2324,E0,2024-02-19,Everton,Crystal Palace,D,1.73,3.68,5.12,1.81,3.49,4.98,AvgH/AvgD/AvgA,AvgCH/AvgCD/AvgCA,0.5530975529566484,0.2600159691888591,0.1868864778544925,0.045086312515707494
2324,E0,2024-02-20,Man City,Brentford,H,1.18,8.12,15.16,1.19,7.81,14.24,AvgH/AvgD/AvgA,AvgCH/AvgCD/AvgCA,0.8175567976537097,0.11880751492997259,0.06363568741631777,0.036573397164265886
2324,E0,2024-02-21,Liverpool,Luton,H,1.2,7.72,13.14,1.27,6.68,10.07,AvgH/AvgD/AvgA,AvgCH/AvgCD/AvgCA,0.8020760195077519,0.12467502893902879,0.07324895155321934,0.038970512850845074
2324,E0,2024-02-24,Arsenal,Newcastle,H,1.38,5.34,7.53,1.35,5.63,8.17,AvgH/AvgD/AvgA,AvgCH/AvgCD/AvgCA,0.6936285164255108,0.17925231323355897,0.12711917034093026,0.04470572359641389
2324,E0,2024-02-24,Aston Villa,Nott'm Forest,H,1.55,4.54,5.63,1.58,4.51,5.39,AvgH/AvgD/AvgA,AvgCH/AvgCD/AvgCA,0.6185360942993972,0.21117421721675453,0.17028968848384826,0.04304550093126136
2324,E0,2024-02-24,Bournemouth,Man City,A,6.96,5.16,1.42,6.53,4.89,1.46,AvgH/AvgD/AvgA,AvgCH/AvgCD/AvgCA,0.13792636096679467,0.1860402078156765,0.6760334312175289,0.04170196264461934
2324,E0,2024-02-24,Brighton,Everton,D,1.84,3.93,4.1,1.87,3.93,4.0,AvgH/AvgD/AvgA,AvgCH/AvgCD/AvgCA,0.5216555189360338,0.24423566280974612,0.23410881825422009,0.04183362610260688
2324,E0,2024-02-24,Crystal Palace,Burnley,H,2.01,3.46,3.92,2.0,3.44,4.0,AvgH/AvgD/AvgA,AvgCH/AvgCD/AvgCA,0.47762791844208896,0.27746592949959503,0.244906152058316,0.04163181966773433
2324,E0,2024-02-24,Man United,Fulham,A,1.58,4.47,5.33,1.65,4.27,5.0,AvgH/AvgD/AvgA,AvgCH/AvgCD/AvgCA,0.6060962983126044,0.21423538061161412,0.17966832107578143,0.044242299725494316
2324,E0,2024-02-25,Wolves,Sheffield United,H,1.46,4.69,6.86,1.48,4.53,6.85,AvgH/AvgD/AvgA,AvgCH/AvgCD/AvgCA,0.6561126020670359,0.20424827271169987,0.1396391252212642,0.04392371780619242
2324,E0,2024-02-26,West Ham,Brentford,H,2.5,3.6,2.73,2.36,3.53,3.01,AvgH/AvgD/AvgA,AvgCH/AvgCD/AvgCA,0.38311308618874984,0.26605075429774294,0.35083615951350716,0.044078144078144144
2324,E0,2024-03-02,Brentford,Chelsea,D,3.07,3.86,2.19,3.23,3.72,2.18,AvgH/AvgD/AvgA,AvgCH/AvgCD/AvgCA,0.31277727005316924,0.2487632691873652,0.4384594607594655,0.04142126110196487
2324,E0,2024-03-02,Everton,West Ham,A,2.09,3.57,3.52,2.13,3.53,3.45,AvgH/AvgD/AvgA,AvgCH/AvgCD/AvgCA,0.4588873267724443,0.26864832295641694,0.2724643502711388,0.04267185343036739
2324,E0,2024-03-02,Fulham,Brighton,H,2.59,3.64,2.62,2.56,3.49,2.76,AvgH/AvgD/AvgA,AvgCH/AvgCD/AvgCA,0.3703582884793128,0.2635241668025879,0.36611754471809926,0.04250505013863792
2324,E0,2024-03-02,Luton,Aston Villa,A,4.29,4.3,1.74,4.5,4.41,1.7,AvgH/AvgD/AvgA,AvgCH/AvgCD/AvgCA,0.22405490872502515,0.22353385079775764,0.5524112404772171,0.040371016313277774
2324,E0,2024-03-02,Newcastle,Wolves,H,1.9,3.95,3.8,1.74,4.19,4.47,AvgH/AvgD/AvgA,AvgCH/AvgCD/AvgCA,0.5047923322683707,0.2428115015974441,0.25239616613418536,0.04263824117255144
2324,E0,2024-03-02,Nott'm Forest,Liverpool,A,5.63,4.67,1.54,5.23,4.44,1.6,AvgH/AvgD/AvgA,AvgCH/AvgCD/AvgCA,0.17060736678045552,0.20567868843125578,0.6237139447882887,0.041103305091347186
2324,E0,2024-03-02,Tottenham,Crystal Palace,H,1.49,4.66,6.26,1.53,4.58,5.93,AvgH/AvgD/AvgA,AvgCH/AvgCD/AvgCA,0.6419467281657658,0.20525764484270195,0.15279562699153212,0.04547762322111404
2324,E0,2024-03-03,Burnley,Bournemouth,A,3.72,3.78,1.96,3.66,3.74,2.01,AvgH/AvgD/AvgA,AvgCH/AvgCD/AvgCA,0.2575934579439252,0.25350467289719625,0.4889018691588784,0.04357155048399308
2324,E0,2024-03-03,Man City,Man United,H,1.27,6.33,10.06,1.26,6.76,10.21,AvgH/AvgD/AvgA,AvgCH/AvgCD/AvgCA,0.75365080341937,0.15120640131794627,0.09514279526268388,0.044783036428343026
2324,E0,2024-03-04,Sheffield United,Arsenal,A,16.28,7.82,1.17,16.8,7.57,1.18,AvgH/AvgD/AvgA,AvgCH/AvgCD/AvgCA,0.05883608798597614,0.12248740567924447,0.8186765063347793,0.0440031539775787
2324,E0,2024-03-09,Arsenal,Brentford,H,1.23,6.84,12.02,1.21,7.14,13.36,AvgH/AvgD/AvgA,AvgCH/AvgCD/AvgCA,0.7799375039131203,0.14025191956332425,0.07981057652355558,0.042401636031422774
2324,E0,2024-03-09,Bournemouth,Sheffield United,D,1.34,5.51,8.58,1.35,5.64,8.41,AvgH/AvgD/AvgA,AvgCH/AvgCD/AvgCA,0.714606598908042,0.17378817468907015,0.1116052264028877,0.04430697653332216
2324,E0,2024-03-09,Crystal Palace,Luton,D,1.78,3.89,4.49,1.89,3.76,4.11,AvgH/AvgD/AvgA,AvgCH/AvgCD/AvgCA,0.5393684860650043,0.24680614529452635,0.2138253686404694,0.041584310769838595
2324,E0,2024-03-09,Man United,Everton,H,1.85,3.89,4.09,1.91,3.77,3.99,AvgH/AvgD/AvgA,AvgCH/AvgCD/AvgCA,0.5186987947093707,0.24668194607000923,0.23461925922062005,0.04210872678701283
2324,E0,2024-03-09,Wolves,Fulham,H,2.54,3.45,2.79,2.49,3.44,2.88,AvgH/AvgD/AvgA,AvgCH/AvgCD/AvgCA,0.37783953743066756,0.27817751451417266,0.3439829480551598,0.04197879893344325
2324,E0,2024-03-10,Aston Villa,Tottenham,A,2.42,4.08,2.62,2.48,3.9,2.62,AvgH/AvgD/AvgA,AvgCH/AvgCD/AvgCA,0.3973297253899107,0.2356710626087215,0.3669992120013678,0.040000569024531085
2324,E0,2024-03-10,Brighton,Nott'm Forest,H,1.78,4.04,4.25,1.64,4.3,5.08,AvgH/AvgD/AvgA,AvgCH/AvgCD/AvgCA,0.5378028077253165,0.23695272221560973,0.22524447005907372,0.0446166229312952
2324,E0,2024-03-10,Liverpool,Man City,D,2.95,3.83,2.25,3.4,3.88,2.05,AvgH/AvgD/AvgA,AvgCH/AvgCD/AvgCA,0.32453348899391793,0.24996704765850075,0.4254994633475813,0.04452410103602733
2324,E0,2024-03-10,West Ham,Burnley,D,1.67,4.08,4.97,1.65,4.08,5.31,AvgH/AvgD/AvgA,AvgCH/AvgCD/AvgCA,0.5729576079861887,0.23451941307277815,0.1925229789410332,0.04510767788603176
2324,E0,2024-03-11,Chelsea,Newcastle,H,1.94,4.08,3.54,1.85,4.17,3.84,AvgH/AvgD/AvgA,AvgCH/AvgCD/AvgCA,0.49419010470129343,0.2349825497844385,0.2708273455142681,0.043047832447674184
2324,E0,2024-03-13,Bournemouth,Luton,H,1.5,4.77,6.0,1.52,4.87,5.65,AvgH/AvgD/AvgA,AvgCH/AvgCD/AvgCA,0.6391959798994974,0.20100502512562815,0.15979899497487435,0.042976939203354325
2324,E0,2024-03-16,Burnley,Brentford,H,3.27,3.66,2.16,3.12,3.64,2.26,AvgH/AvgD/AvgA,AvgCH/AvgCD/AvgCA,0.2934847978616773,0.26221182759772804,0.44430337454059476,0.04199740423232656
2324,E0,2024-03-16,Fulham,Tottenham,H,3.4,3.93,2.01,3.34,3.94,2.05,AvgH/AvgD/AvgA,AvgCH/AvgCD/AvgCA,0.281160905916648,0.24324353183628578,0.4755955622470663,0.04608301107842028
2324,E0,2024-03-16,Luton,Nott'm Forest,D,2.81,3.63,2.42,2.63,3.58,2.64,AvgH/AvgD/AvgA,AvgCH/AvgCD/AvgCA,0.340685124354763,0.2637259502580948,0.3955889253871422,0.044577120280776095
2324,E0,2024-03-17,West Ham,Aston Villa,D,2.65,3.73,2.51,2.45,3.63,2.77,AvgH/AvgD/AvgA,AvgCH/AvgCD/AvgCA,0.3615024924415888,0.2568315294826301,0.381665978075781,0.043861379813338264
2324,E0,2024-03-30,Aston Villa,Wolves,H,1.64,4.38,4.86,1.54,4.41,6.24,AvgH/AvgD/AvgA,AvgCH/AvgCD/AvgCA,0.5841538512200745,0.21872427305957126,0.19712187572035433,0.04382791671650854
2324,E0,2024-03-30,Bournemouth,Everton,H,2.2,3.61,3.23,2.2,3.69,3.19,AvgH/AvgD/AvgA,AvgCH/AvgCD/AvgCA,0.4365796400369922,0.2660596144269759,0.29736074553603187,0.04115128801457635
2324,E0,2024-03-30,Brentford,Man United,D,3.06,3.83,2.2,3.31,3.98,2.06,AvgH/AvgD/AvgA,AvgCH/AvgCD/AvgCA,0.3134929198074247,0.2504669280967936,0.4360401520957817,0.042439445910494866
2324,E0,2024-03-30,Chelsea,Burnley,D,1.3,5.96,9.44,1.27,6.53,10.45,AvgH/AvgD/AvgA,AvgCH/AvgCD/AvgCA,0.7375541409289692,0.16087590322276174,0.10156995584826907,0.04294820751992856
2324,E0,2024-03-30,Newcastle,West Ham,H,1.84,4.16,3.87,1.86,4.13,3.86,AvgH/AvgD/AvgA,AvgCH/AvgCD/AvgCA,0.5214417122276059,0.23063768040836416,0.2479206073640297,0.042260809070718164
2324,E0,2024-03-30,Nott'm Forest,Crystal Palace,D,2.26,3.36,3.31,2.26,3.35,3.34,AvgH/AvgD/AvgA,AvgCH/AvgCD/AvgCA,0.424556608311256,0.28556486154269006,0.2898785301460539,0.042211727350619954
2324,E0,2024-03-30,Sheffield United,Fulham,D,4.64,4.03,1.73,4.8,4.06,1.71,AvgH/AvgD/AvgA,AvgCH/AvgCD/AvgCA,0.20689174231341048,0.23820786211767359,0.554900395568916,0.04169088127661236
2324,E0,2024-03-30,Tottenham,Luton,H,1.22,7.47,11.31,1.21,7.95,11.35,AvgH/AvgD/AvgA,AvgCH/AvgCD/AvgCA,0.7866650278917627,0.12847809023131868,0.08485688187691869,0.04195826951178483
2324,E0,2024-03-31,Liverpool,Brighton,H,1.37,5.63,7.37,1.3,6.29,8.95,AvgH/AvgD/AvgA,AvgCH/AvgCD/AvgCA,0.6996784316502846,0.17025922759518472,0.13006234075453052,0.04323211103941005
2324,E0,2024-03-31,Man City,Arsenal,D,1.92,3.8,3.86,2.06,3.62,3.61,AvgH/AvgD/AvgA,AvgCH/AvgCD/AvgCA,0.49933277050028596,0.25229445246330234,0.24837277703641167,0.04305858558312892
2324,E0,2024-04-02,Bournemouth,Crystal Palace,H,1.99,3.76,3.69,1.89,3.78,4.04,AvgH/AvgD/AvgA,AvgCH/AvgCD/AvgCA,0.48343025585455,0.25585803434855175,0.2607117097968983,0.03947271964968113
2324,E0,2024-04-02,Burnley,Wolves,D,2.53,3.49,2.8,2.35,3.52,3.03,AvgH/AvgD/AvgA,AvgCH/AvgCD/AvgCA,0.38044515041443294,0.2757954815325258,0.34375936805304114,0.03893272542830295
2324,E0,2024-04-02,Newcastle,Everton,D,2.01,3.82,3.55,2.02,3.75,3.61,AvgH/AvgD/AvgA,AvgCH/AvgCD/AvgCA,0.47792575780536883,0.2514740243949715,0.27060021779965954,0.04098268336805777
2324,E0,2024-04-02,Nott'm Forest,Fulham,H,2.71,3.49,2.62,2.71,3.44,2.63,AvgH/AvgD/AvgA,AvgCH/AvgCD/AvgCA,0.3557635816807318,0.27625195024492355,0.3679844680743447,0.0372160306392757
2324,E0,2024-04-02,West Ham,Tottenham,D,3.3,4.16,2.01,3.39,4.16,1.99,AvgH/AvgD/AvgA,AvgCH/AvgCD/AvgCA,0.29111570679534576,0.23093313279438485,0.47795116041026925,0.04092735622586385
2324,E0,2024-04-03,Arsenal,Luton,H,1.1,11.25,22.73,1.13,9.75,19.39,AvgH/AvgD/AvgA,AvgCH/AvgCD/AvgCA,0.8724694249728325,0.08530812155289919,0.04222245347426819,0.04197451861332202
2324,E0,2024-04-03,Brentford,Brighton,D,2.39,3.79,2.78,2.49,3.74,2.7,AvgH/AvgD/AvgA,AvgCH/AvgCD/AvgCA,0.4015549669378966,0.25322331688168154,0.34522171618042197,0.04197451480089476
2324,E0,2024-04-03,Man City,Aston Villa,H,1.3,6.08,9.06,1.23,6.93,12.59,AvgH/AvgD/AvgA,AvgCH/AvgCD/AvgCA,0.736754816308843,0.15752981269761449,0.1057153709935426,0.04407972937948523
2324,E0,2024-04-04,Chelsea,Man United,H,2.02,4.05,3.31,1.82,4.27,3.92,AvgH/AvgD/AvgA,AvgCH/AvgCD/AvgCA,0.4741499750642847,0.23648961719255682,0.2893604077431586,0.04407788882278618
2324,E0,2024-04-04,Liverpool,Sheffield United,H,1.08,12.59,25.43,1.07,14.54,27.64,AvgH/AvgD/AvgA,AvgCH/AvgCD/AvgCA,0.8863268990294977,0.0760312192972087,0.03764188167329365,0.044677676983275516
2324,E0,2024-04-06,Aston Villa,Brentford,D,1.7,4.2,4.68,1.65,4.18,5.22,AvgH/AvgD/AvgA,AvgCH/AvgCD/AvgCA,0.56560773480663,0.2289364640883978,0.2054558011049724,0.04000574588809869
2324,E0,2024-04-06,Brighton,Arsenal,A,5.15,4.25,1.64,6.32,4.56,1.51,AvgH/AvgD/AvgA,AvgCH/AvgCD/AvgCA,0.1868457383355449,0.22641307115954265,0.5867411905049124,0.039224972489587895
2324,E0,2024-04-06,Crystal Palace,Man City,A,10.3,5.59,1.31,8.9,5.22,1.36,AvgH/AvgD/AvgA,AvgCH/AvgCD/AvgCA,0.0934127963119109,0.17212017925092707,0.734467024437162,0.039337033832026025
2324,E0,2024-04-06,Everton,Burnley,H,1.67,4.07,5.04,1.76,3.89,4.68,AvgH/AvgD/AvgA,AvgCH/AvgCD/AvgCA,0.5741620365834885,0.23558982827872865,0.19024813513778285,0.042915339322525003
2324,E0,2024-04-06,Fulham,Newcastle,A,2.37,3.82,2.81,2.44,3.66,2.78,AvgH/AvgD/AvgA,AvgCH/AvgCD/AvgCA,0.40587129877151923,0.25181020368808915,0.34231849754039173,0.03959291910308038
2324,E0,2024-04-06,Luton,Bournemouth,H,3.68,4.04,1.91,3.75,3.93,1.93,AvgH/AvgD/AvgA,AvgCH/AvgCD/AvgCA,0.2605800272858667,0.23736002485445287,0.5020599478596804,0.042824092334113883
2324,E0,2024-04-06,Wolves,West Ham,A,2.51,3.58,2.75,2.82,3.45,2.5,AvgH/AvgD/AvgA,AvgCH/AvgCD/AvgCA,0.38257821577489093,0.2682322127360268,0.34918957148908225,0.04137234707690318
2324,E0,2024-04-07,Man United,Liverpool,D,4.69,4.65,1.63,4.9,4.8,1.6,AvgH/AvgD/AvgA,AvgCH/AvgCD/AvgCA,0.20467046691167537,0.20643107307865752,0.5888984600096672,0.041770312160888334
2324,E0,2024-04-07,Sheffield United,Chelsea,D,6.88,5.28,1.41,6.6,5.2,1.44,AvgH/AvgD/AvgA,AvgCH/AvgCD/AvgCA,0.13922800718132855,0.18141831238779174,0.6793536804308797,0.04396263475927009
2324,E0,2024-04-07,Tottenham,Nott'm Forest,H,1.4,5.3,7.23,1.43,5.25,6.55,AvgH/AvgD/AvgA,AvgCH/AvgCD/AvgCA,0.6859705340040457,0.1811997636991819,0.13282970229677232,0.04127754601409972
2324,E0,2024-04-13,Bournemouth,Man United,D,2.42,3.91,2.68,2.39,3.97,2.71,AvgH/AvgD/AvgA,AvgCH/AvgCD/AvgCA,0.39652471373540304,0.24541938804083768,0.3580558982237594,0.042111944557401415
2324,E0,2024-04-13,Brentford,Sheffield United,H,1.43,5.09,6.86,1.49,4.84,6.15,AvgH/AvgD/AvgA,AvgCH/AvgCD/AvgCA,0.6714122820679961,0.18862859790908337,0.13995912002292044,0.04153694827685461
2324,E0,2024-04-13,Burnley,Brighton,D,3.5,3.8,2.02,3.84,3.96,1.89,AvgH/AvgD/AvgA,AvgCH/AvgCD/AvgCA,0.2736932182842473,0.25208585894601726,0.47422092276973543,0.04392168540162289
2324,E0,2024-04-13,Man City,Luton,H,1.1,11.66,23.86,1.09,12.33,24.13,AvgH/AvgD/AvgA,AvgCH/AvgCD/AvgCA,0.8768530973942226,0.08272199032020967,0.04042491228556768,0.03676535076683751
2324,E0,2024-04-13,Newcastle,Tottenham,H,2.75,4.02,2.34,2.64,3.97,2.45,AvgH/AvgD/AvgA,AvgCH/AvgCD/AvgCA,0.34973677166056927,0.23924779155884715,0.41101543678058355,0.03974300989226376
2324,E0,2024-04-13,Nott'm Forest,Wolves,D,2.16,3.55,3.37,2.07,3.51,3.69,AvgH/AvgD/AvgA,AvgCH/AvgCD/AvgCA,0.4445629433645353,0.27049463596264683,0.2849424206728179,0.04138900885254371
2324,E0,2024-04-14,Arsenal,Aston Villa,A,1.28,6.1,9.89,1.27,6.47,10.91,AvgH/AvgD/AvgA,AvgCH/AvgCD/AvgCA,0.746681155796931,0.15668063597050358,0.09663820823256539,0.046296660809892476
2324,E0,2024-04-14,Liverpool,Crystal Palace,A,1.21,7.37,13.35,1.19,7.77,13.5,AvgH/AvgD/AvgA,AvgCH/AvgCD/AvgCA,0.7969297112360453,0.13083920632233578,0.07223108244161908,0.037037858345009944
2324,E0,2024-04-14,West Ham,Fulham,A,2.38,3.65,2.88,2.43,3.59,2.85,AvgH/AvgD/AvgA,AvgCH/AvgCD/AvgCA,0.4034790084979311,0.26309042197947285,0.33343056952259587,0.04136289218883915
2324,E0,2024-04-15,Chelsea,Everton,H,1.71,4.2,4.53,1.69,4.14,4.89,AvgH/AvgD/AvgA,AvgCH/AvgCD/AvgCA,0.5603414000583137,0.22813899859517056,0.21151960134651573,0.043641111609044714
2324,E0,2024-04-20,Luton,Brentford,A,3.18,3.75,2.17,2.87,3.59,2.41,AvgH/AvgD/AvgA,AvgCH/AvgCD/AvgCA,0.3018013507348932,0.25592754542318946,0.44227110384191726,0.04196156855925581
2324,E0,2024-04-20,Sheffield United,Burnley,A,2.76,3.63,2.47,2.64,3.52,2.65,AvgH/AvgD/AvgA,AvgCH/AvgCD/AvgCA,0.34749497133954216,0.2642110525887428,0.38829397607171506,0.04265923383876369
2324,E0,2024-04-20,Wolves,Arsenal,A,8.05,5.05,1.39,11.3,6.11,1.27,AvgH/AvgD/AvgA,AvgCH/AvgCD/AvgCA,0.11925452120656116,0.19009879123026088,0.690646687563178,0.04166786489632468
2324,E0,2024-04-21,Aston Villa,Bournemouth,H,1.87,4.11,3.76,1.86,4.06,3.92,AvgH/AvgD/AvgA,AvgCH/AvgCD/AvgCA,0.5122089458245638,0.23304883909779422,0.2547422150776421,0.04402580753037055
2324,E0,2024-04-21,Crystal Palace,West Ham,H,2.15,3.59,3.34,2.23,3.5,3.25,AvgH/AvgD/AvgA,AvgCH/AvgCD/AvgCA,0.44591132052316645,0.2670499551879688,0.2870387242888647,0.043069008707984135
2324,E0,2024-04-21,Everton,Nott'm Forest,H,2.07,3.52,3.63,2.27,3.29,3.38,AvgH/AvgD/AvgA,AvgCH/AvgCD/AvgCA,0.46332415938733995,0.2724661960033505,0.2642096446093095,0.04266479019443459
2324,E0,2024-04-21,Fulham,Liverpool,A,5.19,4.67,1.57,4.59,4.4,1.68,AvgH/AvgD/AvgA,AvgCH/AvgCD/AvgCA,0.18460124630200792,0.20515641719644995,0.6102423365015421,0.043753664832177686
2324,E0,2024-04-23,Arsenal,Chelsea,H,1.45,4.93,6.78,1.39,5.21,7.66,AvgH/AvgD/AvgA,AvgCH/AvgCD/AvgCA,0.6631379092112075,0.19504056153270813,0.1418215292560842,0.039987554374816936
2324,E0,2024-04-24,Crystal Palace,Newcastle,H,2.76,3.68,2.43,3.08,3.64,2.26,AvgH/AvgD/AvgA,AvgCH/AvgCD/AvgCA,0.346524064171123,0.25989304812834224,0.3935828877005347,0.045580604759348775
2324,E0,2024-04-24,Everton,Liverpool,H,7.11,4.98,1.42,7.43,5.14,1.39,AvgH/AvgD/AvgA,AvgCH/AvgCD/AvgCA,0.1345034578777988,0.19203204528336335,0.6734644968388378,0.04567554105409588
2324,E0,2024-04-24,Man United,Sheffield United,H,1.31,6.11,8.44,1.31,6.15,8.4,AvgH/AvgD/AvgA,AvgCH/AvgCD/AvgCA,0.7301317166202503,0.15654215200859706,0.11332613137115262,0.04550831206115857
2324,E0,2024-04-24,Wolves,Bournemouth,A,2.72,3.6,2.52,2.77,3.61,2.48,AvgH/AvgD/AvgA,AvgCH/AvgCD/AvgCA,0.3527435610302352,0.2665173572228444,0.3807390817469205,0.042250233426703865
2324,E0,2024-04-25,Brighton,Man City,A,6.65,4.95,1.44,7.99,5.65,1.36,AvgH/AvgD/AvgA,AvgCH/AvgCD/AvgCA,0.14364741090051691,0.1929808651491793,0.6633717239503039,0.04684058631427046
2324,E0,2024-04-27,Aston Villa,Chelsea,D,2.17,3.9,3.06,2.06,3.98,3.28,AvgH/AvgD/AvgA,AvgCH/AvgCD/AvgCA,0.44139186010385695,0.2455949580577871,0.3130131818383561,0.044037135118728976
2324,E0,2024-04-27,Everton,Brentford,H,2.36,3.5,2.97,2.84,3.42,2.49,AvgH/AvgD/AvgA,AvgCH/AvgCD/AvgCA,0.40503892581884493,0.27311196140927824,0.3218491127718767,0.04614343597394455
2324,E0,2024-04-27,Fulham,Crystal Palace,D,2.11,3.6,3.42,2.1,3.48,3.56,AvgH/AvgD/AvgA,AvgCH/AvgCD/AvgCA,0.4539120047780211,0.2660428694671179,0.28004512575486096,0.04410908788559076
2324,E0,2024-04-27,Man United,Burnley,D,1.52,4.9,5.44,1.5,5.09,5.59,AvgH/AvgD/AvgA,AvgCH/AvgCD/AvgCA,0.6290828078389911,0.19514405467658494,0.17577313748442394,0.04579989890693126
2324,E0,2024-04-27,Newcastle,Sheffield United,H,1.23,7.04,11.1,1.22,7.35,11.45,AvgH/AvgD/AvgA,AvgCH/AvgCD/AvgCA,0.7778912600715535,0.13590997867727428,0.08619876125117217,0.04514367471684544
2324,E0,2024-04-27,West Ham,Liverpool,D,5.63,4.89,1.51,5.26,4.81,1.55,AvgH/AvgD/AvgA,AvgCH/AvgCD/AvgCA,0.17007363661699976,0.1958107513606766,0.6341156120223236,0.04437052656231555
2324,E0,2024-04-27,Wolves,Luton,H,1.98,3.83,3.58,1.9,3.84,3.87,AvgH/AvgD/AvgA,AvgCH/AvgCD/AvgCA,0.48308154119338204,0.24973928239240112,0.26717917641421685,0.045476719733177795
2324,E0,2024-04-28,Bournemouth,Brighton,H,2.26,3.8,2.94,1.96,4.07,3.49,AvgH/AvgD/AvgA,AvgCH/AvgCD/AvgCA,0.4231112996318796,0.25163987820211786,0.32524882216600265,0.04577182526480539
2324,E0,2024-04-28,Nott'm Forest,Man City,A,9.5,5.72,1.31,10.37,5.96,1.28,AvgH/AvgD/AvgA,AvgCH/AvgCD/AvgCA,0.10088020442067794,0.16754579405532177,0.7315740015240002,0.043447111345865874
2324,E0,2024-04-28,Tottenham,Arsenal,A,4.12,4.07,1.8,4.42,4.17,1.74,AvgH/AvgD/AvgA,AvgCH/AvgCD/AvgCA,0.2324946684269321,0.23535086828475676,0.5321544632883112,0.043974247857742954
2324,E0,2024-05-02,Chelsea,Tottenham,H,2.2,4.05,2.91,2.46,4.0,2.6,AvgH/AvgD/AvgA,AvgCH/AvgCD/AvgCA,0.4349294215333518,0.23625795737614175,0.3288126210905065,0.04510164647621684
2324,E0,2024-05-03,Luton,Everton,D,2.66,3.58,2.62,2.77,3.62,2.48,AvgH/AvgD/AvgA,AvgCH/AvgCD/AvgCA,0.3625442570231451,0.26937645912892905,0.36807928384792593,0.03694884787558461
2324,E0,2024-05-04,Arsenal,Bournemouth,H,1.2,7.59,12.74,1.22,7.12,12.18,AvgH/AvgD/AvgA,AvgCH/AvgCD/AvgCA,0.7985343447906809,0.12625048929496932,0.07521516591434985,0.04357857463447523
2324,E0,2024-05-04,Brentford,Fulham,D,2.12,3.8,3.25,2.07,3.82,3.36,AvgH/AvgD/AvgA,AvgCH/AvgCD/AvgCA,0.45244724501758504,0.25241793669402113,0.29513481828839394,0.04254831563669681
2324,E0,2024-05-04,Burnley,Newcastle,A,3.38,3.98,2.02,3.35,4.08,2.01,AvgH/AvgD/AvgA,AvgCH/AvgCD/AvgCA,0.28388819051116543,0.24109097586124098,0.4750208336275936,0.04216377452321063
2324,E0,2024-05-04,Man City,Wolves,H,1.09,11.51,25.33,1.1,12.16,23.44,AvgH/AvgD/AvgA,AvgCH/AvgCD/AvgCA,0.8789414293892835,0.08323598245302512,0.037822588157691246,0.04379104452729088
2324,E0,2024-05-04,Sheffield United,Nott'm Forest,A,4.68,4.25,1.69,4.83,4.2,1.68,AvgH/AvgD/AvgA,AvgCH/AvgCD/AvgCA,0.20532163960013378,0.22609535843026493,0.5685830019696012,0.04068530765363354
2324,E0,2024-05-05,Brighton,Aston Villa,H,2.72,3.77,2.43,2.45,3.81,2.7,AvgH/AvgD/AvgA,AvgCH/AvgCD/AvgCA,0.3520101747927962,0.2539702056860493,0.3940196195211546,0.04442168195830565
2324,E0,2024-05-05,Chelsea,West Ham,H,1.65,4.55,4.58,1.5,5.05,5.71,AvgH/AvgD/AvgA,AvgCH/AvgCD/AvgCA,0.5804169509936357,0.2104808723383514,0.20910217666801287,0.04418143719453771
2324,E0,2024-05-05,Liverpool,Tottenham,H,1.48,5.26,5.61,1.43,5.69,6.13,AvgH/AvgD/AvgA,AvgCH/AvgCD/AvgCA,0.6471723520819717,0.18209412187857762,0.17073352603945066,0.04404286354633036
2324,E0,2024-05-06,Crystal Palace,Man United,H,2.38,3.76,2.79,2.03,3.93,3.43,AvgH/AvgD/AvgA,AvgCH/AvgCD/AvgCA,0.402248517987377,0.2546147534069035,0.3431367286057194,0.04454845310350186
2324,E0,2024-05-11,Bournemouth,Brentford,A,1.98,3.99,3.5,2.11,3.9,3.22,AvgH/AvgD/AvgA,AvgCH/AvgCD/AvgCA,0.48497666277712953,0.2406651108518086,0.27435822637106183,0.04139135718083087
2324,E0,2024-05-11,Everton,Sheffield United,H,1.4,5.13,7.46,1.43,5.05,7.08,AvgH/AvgD/AvgA,AvgCH/AvgCD/AvgCA,0.68466324840149,0.1868476701290616,0.1284890814694485,0.043265745537510725
2324,E0,2024-05-11,Fulham,Man City,A,12.3,7.05,1.22,11.13,7.21,1.23,AvgH/AvgD/AvgA,AvgCH/AvgCD/AvgCA,0.07796269103170718,0.1360200141404253,0.7860172948278675,0.04281691578687674
2324,E0,2024-05-11,Newcastle,Brighton,D,1.59,4.81,4.84,1.59,4.75,4.99,AvgH/AvgD/AvgA,AvgCH/AvgCD/AvgCA,0.6027459681699673,0.1992445092287418,0.1980095226012909,0.04344259575820475
2324,E0,2024-05-11,Nott'm Forest,Chelsea,A,3.39,3.94,2.03,4.11,3.99,1.84,AvgH/AvgD/AvgA,AvgCH/AvgCD/AvgCA,0.28325748587820726,0.24371646627591942,0.47302604784587327,0.04140319477487164
2324,E0,2024-05-11,Tottenham,Burnley,H,1.35,6.01,7.33,1.32,6.25,8.08,AvgH/AvgD/AvgA,AvgCH/AvgCD/AvgCA,0.7098238383044133,0.15944462258085826,0.13073153911472823,0.04355573984409977
2324,E0,2024-05-11,West Ham,Luton,H,1.82,4.33,3.83,1.86,4.23,3.76,AvgH/AvgD/AvgA,AvgCH/AvgCD/AvgCA,0.5275599568635061,0.22174575554078085,0.25069428759571305,0.04149403741176472
2324,E0,2024-05-11,Wolves,Crystal Palace,A,2.86,3.51,2.47,3.2,3.55,2.24,AvgH/AvgD/AvgA,AvgCH/AvgCD/AvgCA,0.3363934426229508,0.27409836065573767,0.38950819672131143,0.0394089341457764
2324,E0,2024-05-12,Man United,Arsenal,A,7.08,5.5,1.39,9.06,6.14,1.3,AvgH/AvgD/AvgA,AvgCH/AvgCD/AvgCA,0.1354867065299453,0.1744083422240023,0.6901049512460523,0.04248558010294401
2324,E0,2024-05-13,Aston Villa,Liverpool,D,4.15,4.55,1.71,3.83,4.53,1.79,AvgH/AvgD/AvgA,AvgCH/AvgCD/AvgCA,0.2304684607295724,0.21020749714895068,0.5593240421214769,0.04553939683933339
2324,E0,2024-05-14,Tottenham,Man City,A,6.94,5.91,1.38,6.73,6.02,1.38,AvgH/AvgD/AvgA,AvgCH/AvgCD/AvgCA,0.13882590845027268,0.16302060992299364,0.6981534816267337,0.037934637912249825
2324,E0,2024-05-15,Brighton,Chelsea,A,3.37,3.99,2.02,3.25,4.08,2.06,AvgH/AvgD/AvgA,AvgCH/AvgCD/AvgCA,0.2846627933671217,0.24042947710456142,0.4749077295283169,0.04241197641104555
2324,E0,2024-05-15,Man United,Newcastle,H,2.73,4.04,2.34,2.7,3.95,2.4,AvgH/AvgD/AvgA,AvgCH/AvgCD/AvgCA,0.35181422351233665,0.23773584905660375,0.4104499274310595,0.04117554612604124
2324,E0,2024-05-19,Arsenal,Everton,H,1.17,8.04,15.37,1.22,7.25,12.71,AvgH/AvgD/AvgA,AvgCH/AvgCD/AvgCA,0.8185686038770704,0.11912005802688712,0.06231133809604245,0.04414077287187346
2324,E0,2024-05-19,Brentford,Newcastle,A,2.94,3.96,2.22,2.94,4.01,2.2,AvgH/AvgD/AvgA,AvgCH/AvgCD/AvgCA,0.32607824809720926,0.24208839631459478,0.431833355588196,0.04311175739747153
2324,E0,2024-05-19,Brighton,Man United,A,2.17,4.11,2.95,2.62,4.02,2.44,AvgH/AvgD/AvgA,AvgCH/AvgCD/AvgCA,0.44177928707546454,0.23325086446563453,0.324969848458901,0.04312154636810517
2324,E0,2024-05-19,Burnley,Nott'm Forest,A,2.9,3.74,2.32,2.9,3.79,2.32,AvgH/AvgD/AvgA,AvgCH/AvgCD/AvgCA,0.3305346884666372,0.2562969509500662,0.41316836058329653,0.043241748109902334
2324,E0,2024-05-19,Chelsea,Bournemouth,H,1.45,5.32,5.99,1.4,5.56,6.88,AvgH/AvgD/AvgA,AvgCH/AvgCD/AvgCA,0.6602287724561443,0.1799495714401145,0.1598216561037411,0.04457000540612377
2324,E0,2024-05-19,Crystal Palace,Aston Villa,H,1.87,4.28,3.67,1.66,4.49,4.68,AvgH/AvgD/AvgA,AvgCH/AvgCD/AvgCA,0.5137551064463057,0.22446776847069905,0.2617771250829951,0.040883782134551794
2324,E0,2024-05-19,Liverpool,Wolves,H,1.16,8.71,14.55,1.13,10.0,17.17,AvgH/AvgD/AvgA,AvgCH/AvgCD/AvgCA,0.8244666490146189,0.10980267656222246,0.06573067442315861,0.045608050425767876
2324,E0,2024-05-19,Luton,Fulham,A,2.92,3.95,2.23,3.05,3.93,2.18,AvgH/AvgD/AvgA,AvgCH/AvgCD/AvgCA,0.3280132270305093,0.24248066403268026,0.4295061089368104,0.04406080366022547
2324,E0,2024-05-19,Man City,West Ham,H,1.1,11.72,21.81,1.07,14.3,28.36,AvgH/AvgD/AvgA,AvgCH/AvgCD/AvgCA,0.8739026353162879,0.08202157839999288,0.04407578628371925,0.04026566845388402
2324,E0,2024-05-19,Sheffield United,Tottenham,A,7.32,6.04,1.35,7.72,5.98,1.35,AvgH/AvgD/AvgA,AvgCH/AvgCD/AvgCA,0.13099047692485638,0.15875004819370014,0.7102594748814436,0.04291567650594885
2425,E0,2024-08-16,Man United,Fulham,H,1.62,4.36,5.15,1.66,4.2,5.02,AvgH/AvgD/AvgA,AvgCH/AvgCD/AvgCA,0.5930766345661143,0.22036333669658376,0.18656002873730199,0.04081650606397491
2425,E0,2024-08-17,Arsenal,Wolves,H,1.18,7.86,15.87,1.15,8.62,18.11,AvgH/AvgD/AvgA,AvgCH/AvgCD/AvgCA,0.816672297164586,0.12260474690257142,0.06072295593284257,0.037696062497702076
2425,E0,2024-08-17,Everton,Brighton,A,2.67,3.41,2.68,3.06,3.4,2.38,AvgH/AvgD/AvgA,AvgCH/AvgCD/AvgCA,0.3598080246937884,0.28172651786874336,0.3584654574374682,0.040921295529010804
2425,E0,2024-08-17,Ipswich,Liverpool,A,8.28,5.76,1.34,7.87,5.81,1.35,AvgH/AvgD/AvgA,AvgCH/AvgCD/AvgCA,0.11605499621089098,0.16682905705315576,0.7171159467359531,0.04065271468743248
2425,E0,2024-08-17,Newcastle,Southampton,H,1.35,5.62,8.1,1.39,5.27,7.33,AvgH/AvgD/AvgA,AvgCH/AvgCD/AvgCA,0.7107925801011804,0.17074198988195619,0.11846543001686342,0.042133473924695686
2425,E0,2024-08-17,Nott'm Forest,Bournemouth,D,2.45,3.49,2.89,2.25,3.44,3.23,AvgH/AvgD/AvgA,AvgCH/AvgCD/AvgCA,0.3921942987350829,0.2753226452438261,0.3324830560210911,0.04071697784119532
2425,E0,2024-08-17,West Ham,Aston Villa,A,2.44,3.69,2.79,2.47,3.51,2.83,AvgH/AvgD/AvgA,AvgCH/AvgCD/AvgCA,0.3943530871858517,0.26076464301720276,0.3448822697969456,0.039261714668971104
2425,E0,2024-08-18,Brentford,Crystal Palace,H,2.46,3.44,2.9,2.85,3.28,2.62,AvgH/AvgD/AvgA,AvgCH/AvgCD/AvgCA,0.39010808527944185,0.278972642380066,0.33091927234049207,0.042029325666151696
2425,E0,2024-08-18,Chelsea,Man City,A,4.05,4.0,1.83,3.64,3.83,1.98,AvgH/AvgD/AvgA,AvgCH/AvgCD/AvgCA,0.23665195674312597,0.23961010620241502,0.523737937054459,0.043361667678607496
2425,E0,2024-08-19,Leicester,Tottenham,D,5.01,4.37,1.63,4.57,4.23,1.71,AvgH/AvgD/AvgA,AvgCH/AvgCD/AvgCA,0.191568212440598,0.2196239689536375,0.5888078186057644,0.041930682863611235
2425,E0,2024-08-24,Aston Villa,Arsenal,A,4.41,3.92,1.78,4.66,4.02,1.74,AvgH/AvgD/AvgA,AvgCH/AvgCD/AvgCA,0.2172718950259383,0.2444308819041806,0.5382972230698809,0.043657163239827934
2425,E0,2024-08-24,Brighton,Man United,H,2.5,3.72,2.69,2.41,3.72,2.81,AvgH/AvgD/AvgA,AvgCH/AvgCD/AvgCA,0.38440676403475754,0.25833787905561656,0.35725535690962595,0.04056441619698603
2425,E0,2024-08-24,Crystal Palace,West Ham,A,2.17,3.63,3.25,1.98,3.78,3.72,AvgH/AvgD/AvgA,AvgCH/AvgCD/AvgCA,0.44140591384774247,0.26387075290622625,0.29472333324603117,0.04400389444377728
2425,E0,2024-08-24,Fulham,Leicester,H,1.83,3.73,4.38,1.88,3.71,4.21,AvgH/AvgD/AvgA,AvgCH/AvgCD/AvgCA,0.5239923409250545,0.2570793522500938,0.2189283068248516,0.04285510446010732
2425,E0,2024-08-24,Man City,Ipswich,H,1.09,12.17,26.97,1.09,11.44,27.5,AvgH/AvgD/AvgA,AvgCH/AvgCD/AvgCA,0.884971588419669,0.07926204037612485,0.035766371204206136,0.03667869643006938
2425,E0,2024-08-24,Southampton,Nott'm Forest,A,2.57,3.32,2.84,2.36,3.48,3.04,AvgH/AvgD/AvgA,AvgCH/AvgCD/AvgCA,0.37326999208234357,0.2889469517022961,0.33778305621536026,0.042422553699205334
2425,E0,2024-08-24,Tottenham,Everton,H,1.44,4.95,6.75,1.37,5.39,7.91,AvgH/AvgD/AvgA,AvgCH/AvgCD/AvgCA,0.6647864625302176,0.19339242546333602,0.14182111200644643,0.04461279461279455
2425,E0,2024-08-25,Bournemouth,Newcastle,D,2.99,3.8,2.25,2.57,3.65,2.64,AvgH/AvgD/AvgA,AvgCH/AvgCD/AvgCA,0.3209519698192534,0.2525385236209388,0.4265095065598078,0.04205049971640351
2425,E0,2024-08-25,Liverpool,Brentford,H,1.25,6.78,10.37,1.22,7.19,11.82,AvgH/AvgD/AvgA,AvgCH/AvgCD/AvgCA,0.7663388416510348,0.14128665959642972,0.09237449875253553,0.043924640797853964
2425,E0,2024-08-25,Wolves,Chelsea,A,4.37,4.0,1.77,3.89,3.89,1.91,AvgH/AvgD/AvgA,AvgCH/AvgCD/AvgCA,0.21922966164936256,0.23950840535192863,0.5412619329987087,0.04380470335750952
2425,E0,2024-08-31,Arsenal,Brighton,D,1.35,5.66,8.11,1.37,5.37,8.0,AvgH/AvgD/AvgA,AvgCH/AvgCD/AvgCA,0.7117553932962332,0.16976497896641604,0.1184796277373508,0.04072374823922664
2425,E0,2024-08-31,Brentford,Southampton,H,1.77,3.97,4.46,1.8,3.86,4.42,AvgH/AvgD/AvgA,AvgCH/AvgCD/AvgCA,0.5426805160095993,0.24195075902694982,0.21536872496345086,0.04107616681494375
2425,E0,2024-08-31,Everton,Bournemouth,A,2.78,3.4,2.59,2.96,3.45,2.43,AvgH/AvgD/AvgA,AvgCH/AvgCD/AvgCA,0.34590033859424474,0.2828243944976471,0.3712752669081082,0.03993026337503691
2425,E0,2024-08-31,Ipswich,Fulham,D,3.1,3.5,2.31,3.03,3.41,2.4,AvgH/AvgD/AvgA,AvgCH/AvgCD/AvgCA,0.3098175965665236,0.2744098712446352,0.4157725321888412,0.041195363776008964
2425,E0,2024-08-31,Leicester,Aston Villa,A,4.62,4.02,1.74,4.0,3.76,1.91,AvgH/AvgD/AvgA,AvgCH/AvgCD/AvgCA,0.20814140332083558,0.23920728441349765,0.5526513122656669,0.03991907903384995
2425,E0,2024-08-31,Nott'm Forest,Wolves,D,2.03,3.66,3.65,2.0,3.61,3.73,AvgH/AvgD/AvgA,AvgCH/AvgCD/AvgCA,0.4737519637708657,0.26276406733739266,0.2634839688917417,0.039807483893996576
2425,E0,2024-08-31,West Ham,Man City,A,7.57,5.49,1.38,7.32,5.14,1.4,AvgH/AvgD/AvgA,AvgCH/AvgCD/AvgCA,0.12715563902581475,0.17533118168040396,0.6975131792937812,0.03888743993784072
2425,E0,2024-09-01,Chelsea,Crystal Palace,D,1.63,4.4,5.01,1.65,4.3,4.97,AvgH/AvgD/AvgA,AvgCH/AvgCD/AvgCA,0.5896908429925393,0.21845365319950885,0.1918555038079519,0.040370458191258285
2425,E0,2024-09-01,Man United,Liverpool,A,3.82,4.2,1.85,3.56,4.04,1.95,AvgH/AvgD/AvgA,AvgCH/AvgCD/AvgCA,0.25161102295910104,0.2288462161199443,0.5195427609209545,0.040415883347820536
2425,E0,2024-09-01,Newcastle,Tottenham,H,2.51,3.97,2.56,2.46,3.89,2.64,AvgH/AvgD/AvgA,AvgCH/AvgCD/AvgCA,0.38274427100005654,0.24198693204285687,0.37526879695708665,0.04092054326773509
2425,E0,2024-09-14,Aston Villa,Everton,H,1.51,4.48,6.34,1.68,3.94,5.24,AvgH/AvgD/AvgA,AvgCH/AvgCD/AvgCA,0.6348303808106139,0.21397184710357742,0.15119777208580865,0.04319464796803052
2425,E0,2024-09-14,Bournemouth,Chelsea,A,3.33,3.96,2.05,3.11,3.8,2.19,AvgH/AvgD/AvgA,AvgCH/AvgCD/AvgCA,0.28857535911955723,0.24266564289599132,0.46875899798445153,0.04063043087433327
2425,E0,2024-09-14,Brighton,Ipswich,D,1.38,5.16,7.89,1.48,4.7,6.48,AvgH/AvgD/AvgA,AvgCH/AvgCD/AvgCA,0.6933145326916593,0.18542132851056,0.1212641387977807,0.045178843065866614
2425,E0,2024-09-14,Crystal Palace,Leicester,D,1.63,4.14,5.38,1.67,3.98,5.27,AvgH/AvgD/AvgA,AvgCH/AvgCD/AvgCA,0.5893815425976693,0.23205118706140124,0.17856727034092956,0.04091643218309948
2425,E0,2024-09-14,Fulham,West Ham,D,2.42,3.48,2.92,2.33,3.39,3.15,AvgH/AvgD/AvgA,AvgCH/AvgCD/AvgCA,0.39616992077849167,0.27549747364481314,0.32833260557669514,0.04304521575960574
2425,E0,2024-09-14,Liverpool,Nott'm Forest,A,1.22,7.03,12.4,1.23,6.75,11.99,AvgH/AvgD/AvgA,AvgCH/AvgCD/AvgCA,0.7862073692735889,0.13643997020110646,0.07735266052530472,0.04256480310642674
2425,E0,2024-09-14,Man City,Brentford,H,1.17,8.2,14.79,1.19,7.64,13.85,AvgH/AvgD/AvgA,AvgCH/AvgCD/AvgCA,0.8184709700539154,0.11678183353208306,0.06474719641400142,0.04426532641048064
2425,E0,2024-09-14,Southampton,Man United,A,4.56,4.04,1.74,4.19,4.05,1.8,AvgH/AvgD/AvgA,AvgCH/AvgCD/AvgCA,0.21055279994249157,0.23765365538063404,0.5517935446768744,0.04153564176744351
2425,E0,2024-09-15,Tottenham,Arsenal,A,2.99,3.59,2.33,2.77,3.51,2.53,AvgH/AvgD/AvgA,AvgCH/AvgCD/AvgCA,0.3209107824519,0.26727666839308667,0.4118125491550133,0.04218424192476644
2425,E0,2024-09-15,Wolves,Newcastle,A,3.36,3.69,2.11,3.59,3.69,2.04,AvgH/AvgD/AvgA,AvgCH/AvgCD/AvgCA,0.2854707247588354,0.25994082254463063,0.4545884526965341,0.0425554069352474
2425,E0,2024-09-21,Aston Villa,Wolves,H,1.59,4.39,5.35,1.62,4.27,5.28,AvgH/AvgD/AvgA,AvgCH/AvgCD/AvgCA,0.6026336113883678,0.21826593214293963,0.17910045646869252,0.043637138262352604
2425,E0,2024-09-21,Crystal Palace,Man United,D,2.85,3.72,2.36,2.85,3.58,2.44,AvgH/AvgD/AvgA,AvgCH/AvgCD/AvgCA,0.33627505056076484,0.2576300790586505,0.4060948703805847,0.04342321084285339
2425,E0,2024-09-21,Fulham,Newcastle,H,2.86,3.51,2.45,2.89,3.51,2.45,AvgH/AvgD/AvgA,AvgCH/AvgCD/AvgCA,0.3353272165052973,0.2732295838191311,0.39144319967557145,0.04271389985675711
2425,E0,2024-09-21,Leicester,Everton,D,2.52,3.44,2.82,2.11,3.5,3.57,AvgH/AvgD/AvgA,AvgCH/AvgCD/AvgCA,0.38078191238813,0.2789448893075836,0.3402731983042864,0.04213300032201572
2425,E0,2024-09-21,Liverpool,Bournemouth,H,1.29,6.31,9.35,1.26,6.7,10.38,AvgH/AvgD/AvgA,AvgCH/AvgCD/AvgCA,0.7449314961256264,0.1522918589543674,0.10277664492000621,0.04062427549563896
2425,E0,2024-09-21,Southampton,Ipswich,D,2.25,3.52,3.17,2.44,3.44,2.95,AvgH/AvgD/AvgA,AvgCH/AvgCD/AvgCA,0.4257160189081641,0.27211961435891174,0.302164366732924,0.043992766784564985
2425,E0,2024-09-21,Tottenham,Brentford,H,1.55,4.72,5.41,1.47,4.99,6.19,AvgH/AvgD/AvgA,AvgCH/AvgCD/AvgCA,0.6192348078289486,0.20335041358789627,0.17741477858315532,0.041868580651224896
2425,E0,2024-09-21,West Ham,Chelsea,A,3.49,3.89,2.01,3.53,3.91,2.0,AvgH/AvgD/AvgA,AvgCH/AvgCD/AvgCA,0.27521744180725727,0.24691744779108687,0.47786511040165575,0.0411147978407036
2425,E0,2024-09-22,Brighton,Nott'm Forest,D,1.86,3.83,4.21,1.84,3.75,4.33,AvgH/AvgD/AvgA,AvgCH/AvgCD/AvgCA,0.5188215723308891,0.2519603458317111,0.22921808183739995,0.03626070555767713
2425,E0,2024-09-22,Man City,Arsenal,D,1.83,3.62,4.52,1.78,3.58,4.98,AvgH/AvgD/AvgA,AvgCH/AvgCD/AvgCA,0.5234527458043546,0.26461837702264346,0.21192887717300204,0.04393011940744307
2425,E0,2024-09-28,Arsenal,Leicester,H,1.18,7.82,15.12,1.2,7.13,15.65,AvgH/AvgD/AvgA,AvgCH/AvgCD/AvgCA,0.8137110515898687,0.12278504359028708,0.06350390481984425,0.04147243110787269
2425,E0,2024-09-28,Brentford,West Ham,D,2.23,3.62,3.16,2.23,3.57,3.2,AvgH/AvgD/AvgA,AvgCH/AvgCD/AvgCA,0.43071547446025016,0.26533025084153533,0.30395427469821445,0.041129283398726235
2425,E0,2024-09-28,Chelsea,Brighton,H,1.74,4.23,4.35,1.77,4.18,4.26,AvgH/AvgD/AvgA,AvgCH/AvgCD/AvgCA,0.5520751761942051,0.22709475332811274,0.22083007047768208,0.0410043205347681
2425,E0,2024-09-28,Everton,Crystal Palace,H,2.73,3.39,2.63,2.75,3.34,2.65,AvgH/AvgD/AvgA,AvgCH/AvgCD/AvgCA,0.3516999798818949,0.28322741742701274,0.3650726026910925,0.041513753919958596
2425,E0,2024-09-28,Newcastle,Man City,D,5.09,4.47,1.61,4.95,4.2,1.67,AvgH/AvgD/AvgA,AvgCH/AvgCD/AvgCA,0.18867236963184156,0.21484169159419989,0.5964859387739586,0.04129531317876722
2425,E0,2024-09-28,Nott'm Forest,Fulham,A,2.4,3.34,3.07,2.54,3.17,3.03,AvgH/AvgD/AvgA,AvgCH/AvgCD/AvgCA,0.39994851352300126,0.28738815342970153,0.31266333304729743,0.0418007632942583
2425,E0,2024-09-28,Wolves,Liverpool,A,8.05,5.55,1.35,8.71,5.91,1.32,AvgH/AvgD/AvgA,AvgCH/AvgCD/AvgCA,0.1188578227245687,0.1723973825104105,0.7087447947650208,0.04514452340539288
2425,E0,2024-09-29,Ipswich,Aston Villa,D,4.15,3.77,1.87,3.65,3.58,2.06,AvgH/AvgD/AvgA,AvgCH/AvgCD/AvgCA,0.23147895810007255,0.2548110546724937,0.5137099872274337,0.04097520310037717
2425,E0,2024-09-29,Man United,Tottenham,A,2.36,3.89,2.77,2.11,3.86,3.24,AvgH/AvgD/AvgA,AvgCH/AvgCD/AvgCA,0.40672406569307246,0.24675290360813648,0.346523030698791,0.04180905262459178
2425,E0,2024-09-30,Bournemouth,Southampton,H,1.65,4.29,4.91,1.52,4.52,6.1,AvgH/AvgD/AvgA,AvgCH/AvgCD/AvgCA,0.581170900482564,0.22352726941637077,0.19530183010106528,0.0428268269408798
2425,E0,2024-10-05,Arsenal,Southampton,H,1.14,9.2,18.63,1.18,7.99,15.31,AvgH/AvgD/AvgA,AvgCH/AvgCD/AvgCA,0.8438073238671105,0.10455873360962022,0.05163394252326924,0.03956549990112168
2425,E0,2024-10-05,Brentford,Wolves,H,2.09,3.64,3.47,2.05,3.6,3.57,AvgH/AvgD/AvgA,AvgCH/AvgCD/AvgCA,0.45945719825250003,0.2638092154801442,0.2767335862673559,0.04137861228715156
2425,E0,2024-10-05,Crystal Palace,Liverpool,A,6.36,4.65,1.49,5.03,4.1,1.67,AvgH/AvgD/AvgA,AvgCH/AvgCD/AvgCA,0.15068868546224465,0.20610323430965072,0.6432080802281047,0.04342740744069129
2425,E0,2024-10-05,Everton,Newcastle,D,3.15,3.62,2.23,3.67,3.74,1.98,AvgH/AvgD/AvgA,AvgCH/AvgCD/AvgCA,0.3046252655650356,0.265074471417089,0.43030026301787544,0.0421339046565119
2425,E0,2024-10-05,Leicester,Bournemouth,H,3.24,3.66,2.17,3.5,3.79,2.04,AvgH/AvgD/AvgA,AvgCH/AvgCD/AvgCA,0.2960039356872918,0.26203627093629106,0.4419597933764172,0.042695512112046474
2425,E0,2024-10-05,Man City,Fulham,H,1.24,6.85,11.11,1.26,6.4,10.93,AvgH/AvgD/AvgA,AvgCH/AvgCD/AvgCA,0.7736147494406546,0.14004121011772433,0.08634404044162121,0.04244601526316982
2425,E0,2024-10-05,West Ham,Ipswich,H,1.8,3.96,4.25,1.91,3.79,3.98,AvgH/AvgD/AvgA,AvgCH/AvgCD/AvgCA,0.5324601366742596,0.2420273348519362,0.22551252847380407,0.04337492572786705
2425,E0,2024-10-06,Aston Villa,Man United,D,2.21,3.82,3.06,2.2,3.86,3.06,AvgH/AvgD/AvgA,AvgCH/AvgCD/AvgCA,0.43463969658659923,0.2514538558786346,0.3139064475347661,0.04106617811576241
2425,E0,2024-10-06,Brighton,Tottenham,H,2.9,4.01,2.23,2.89,3.93,2.27,AvgH/AvgD/AvgA,AvgCH/AvgCD/AvgCA,0.33072715370419,0.23917923833968852,0.4300936079561215,0.04263463808393042
2425,E0,2024-10-06,Chelsea,Nott'm Forest,D,1.48,4.73,6.32,1.5,4.6,6.34,AvgH/AvgD/AvgA,AvgCH/AvgCD/AvgCA,0.6463816500748147,0.20225049516082996,0.15136785476435535,0.045320014263199315
2425,E0,2024-10-19,Bournemouth,Arsenal,H,4.94,4.09,1.68,4.85,3.73,1.77,AvgH/AvgD/AvgA,AvgCH/AvgCD/AvgCA,0.19423886925795053,0.23460636042402827,0.5711547703180212,0.04216602254177859
2425,E0,2024-10-19,Fulham,Aston Villa,A,2.44,3.5,2.89,2.48,3.44,2.89,AvgH/AvgD/AvgA,AvgCH/AvgCD/AvgCA,0.3934787175277944,0.2743108773622338,0.3322104051099717,0.041571112533731025
2425,E0,2024-10-19,Ipswich,Everton,A,2.4,3.42,3.01,2.38,3.43,3.05,AvgH/AvgD/AvgA,AvgCH/AvgCD/AvgCA,0.40014459966882016,0.2808032278377685,0.31905217249341145,0.04129024110664248
2425,E0,2024-10-19,Man United,Brentford,H,1.71,4.28,4.48,1.69,4.27,4.72,AvgH/AvgD/AvgA,AvgCH/AvgCD/AvgCA,0.5614100837383615,0.22430169233471922,0.21428822392691924,0.041654467164796705
2425,E0,2024-10-19,Newcastle,Brighton,A,2.01,3.88,3.51,1.73,4.08,4.6,AvgH/AvgD/AvgA,AvgCH/AvgCD/AvgCA,0.47831080297969636,0.2477847201003066,0.27390447691999703,0.04014468147411687
2425,E0,2024-10-19,Southampton,Leicester,A,2.33,3.54,3.03,2.2,3.54,3.32,AvgH/AvgD/AvgA,AvgCH/AvgCD/AvgCA,0.4120026273032115,0.2711768705131307,0.3168205021836577,0.04170342836276797
2425,E0,2024-10-19,Tottenham,West Ham,H,1.5,4.91,5.73,1.45,5.23,6.17,AvgH/AvgD/AvgA,AvgCH/AvgCD/AvgCA,0.6380484552425143,0.19492315333274365,0.16702839142474196,0.04485272425473541
2425,E0,2024-10-20,Liverpool,Chelsea,H,1.63,4.39,4.89,1.67,4.45,4.63,AvgH/AvgD/AvgA,AvgCH/AvgCD/AvgCA,0.5866369710467706,0.21781737193763923,0.1955456570155902,0.04578634282227223
2425,E0,2024-10-20,Wolves,Man City,A,8.88,5.85,1.31,8.3,5.48,1.35,AvgH/AvgD/AvgA,AvgCH/AvgCD/AvgCA,0.10756650005684665,0.16328043085552107,0.7291530690876322,0.04691156217873771
2425,E0,2024-10-21,Nott'm Forest,Crystal Palace,H,2.36,3.31,3.11,2.36,3.26,3.23,AvgH/AvgD/AvgA,AvgCH/AvgCD/AvgCA,0.40455801267817637,0.28844619635060303,0.3069957909712206,0.04738702554482832
2425,E0,2024-10-25,Leicester,Nott'm Forest,A,3.09,3.32,2.41,2.96,3.35,2.45,AvgH/AvgD/AvgA,AvgCH/AvgCD/AvgCA,0.311247174883008,0.2896848705989442,0.39906795451804755,0.039767174082463885
2425,E0,2024-10-26,Aston Villa,Bournemouth,D,1.86,3.97,3.97,1.81,3.93,4.32,AvgH/AvgD/AvgA,AvgCH/AvgCD/AvgCA,0.5162548764629389,0.24187256176853056,0.24187256176853056,0.04141274613363666
2425,E0,2024-10-26,Brentford,Ipswich,H,1.67,4.27,4.86,1.66,4.16,5.07,AvgH/AvgD/AvgA,AvgCH/AvgCD/AvgCA,0.5764612089679522,0.22545438383524125,0.1980844071968066,0.038755749552734864
2425,E0,2024-10-26,Brighton,Wolves,D,1.64,4.32,4.94,1.57,4.37,5.67,AvgH/AvgD/AvgA,AvgCH/AvgCD/AvgCA,0.5842440701723647,0.22179635997284214,0.19395956985479315,0.04366672884002787
2425,E0,2024-10-26,Everton,Fulham,D,2.76,3.37,2.6,2.76,3.38,2.63,AvgH/AvgD/AvgA,AvgCH/AvgCD/AvgCA,0.34715838853846404,0.28431962978224345,0.36852198167929245,0.0436701302396052
2425,E0,2024-10-26,Man City,Southampton,H,1.11,10.94,21.04,1.12,10.03,20.56,AvgH/AvgD/AvgA,AvgCH/AvgCD/AvgCA,0.8663865754977692,0.08790576771503875,0.04570765678719221,0.039837096256139404
2425,E0,2024-10-27,Arsenal,Liverpool,D,2.49,3.37,2.89,2.26,3.38,3.32,AvgH/AvgD/AvgA,AvgCH/AvgCD/AvgCA,0.3845467431603801,0.2841309764003996,0.3313222804392203,0.04436309199299626
2425,E0,2024-10-27,Chelsea,Newcastle,H,1.76,4.26,4.15,1.79,4.11,4.16,AvgH/AvgD/AvgA,AvgCH/AvgCD/AvgCA,0.5442941324975525,0.22487269323842543,0.23083317426402222,0.0438874576410635
2425,E0,2024-10-27,Crystal Palace,Tottenham,H,3.97,3.97,1.85,3.73,3.97,1.93,AvgH/AvgD/AvgA,AvgCH/AvgCD/AvgCA,0.24119947848761408,0.24119947848761408,0.5176010430247717,0.044318878072026724
2425,E0,2024-10-27,West Ham,Man United,H,2.89,3.71,2.33,3.3,3.69,2.15,AvgH/AvgD/AvgA,AvgCH/AvgCD/AvgCA,0.3312005026839183,0.25799715707723014,0.4108023402388515,0.044747089577639176
2425,E0,2024-11-02,Bournemouth,Man City,H,5.32,4.44,1.59,5.83,4.45,1.55,AvgH/AvgD/AvgA,AvgCH/AvgCD/AvgCA,0.18037159676232523,0.21612092224675003,0.6035074809909247,0.04212596764731824
2425,E0,2024-11-02,Ipswich,Leicester,D,2.27,3.61,3.09,2.36,3.59,2.97,AvgH/AvgD/AvgA,AvgCH/AvgCD/AvgCA,0.42311266542506987,0.2660569946024678,0.31083033997246234,0.041161540079796666
2425,E0,2024-11-02,Liverpool,Brighton,H,1.39,5.4,7.12,1.38,5.57,7.49,AvgH/AvgD/AvgA,AvgCH/AvgCD/AvgCA,0.6884055376109205,0.17720068468132952,0.13439377770774993,0.04505908381908719
2425,E0,2024-11-02,Newcastle,Arsenal,H,3.77,3.69,1.98,3.99,3.61,1.95,AvgH/AvgD/AvgA,AvgCH/AvgCD/AvgCA,0.25473030217452697,0.26025291035175246,0.48501678747372046,0.04130520446752595
2425,E0,2024-11-02,Nott'm Forest,West Ham,H,2.15,3.52,3.43,2.05,3.48,3.78,AvgH/AvgD/AvgA,AvgCH/AvgCD/AvgCA,0.44690388323999386,0.2729668605017008,0.28012925625830515,0.0407523776650498
2425,E0,2024-11-02,Southampton,Everton,H,2.65,3.48,2.66,2.7,3.32,2.71,AvgH/AvgD/AvgA,AvgCH/AvgCD/AvgCA,0.36261644168318463,0.27613033633920664,0.36125322197760873,0.040654662029178334
2425,E0,2024-11-02,Wolves,Crystal Palace,D,2.53,3.4,2.85,2.43,3.34,3.03,AvgH/AvgD/AvgA,AvgCH/AvgCD/AvgCA,0.3799627487501226,0.2827369865699441,0.33730026467993335,0.040251757037327085
2425,E0,2024-11-03,Man United,Chelsea,D,2.58,3.78,2.56,2.65,3.6,2.58,AvgH/AvgD/AvgA,AvgCH/AvgCD/AvgCA,0.37169854805254665,0.2536990089882462,0.37460244295920725,0.04277216377507065
2425,E0,2024-11-03,Tottenham,Aston Villa,H,1.93,4.07,3.55,1.94,4.02,3.61,AvgH/AvgD/AvgA,AvgCH/AvgCD/AvgCA,0.49557367321669277,0.23500176641479528,0.2694245603685118,0.045525101571223026
2425,E0,2024-11-04,Fulham,Brentford,H,2.03,3.73,3.52,2.02,3.74,3.62,AvgH/AvgD/AvgA,AvgCH/AvgCD/AvgCA,0.47148895217096215,0.2566012259804432,0.27190982184859463,0.04479826127464115
2425,E0,2024-11-09,Brentford,Bournemouth,H,2.53,3.59,2.72,2.6,3.58,2.66,AvgH/AvgD/AvgA,AvgCH/AvgCD/AvgCA,0.37952357447403917,0.26746368897474065,0.3530127365512202,0.041455507853003004
2425,E0,2024-11-09,Brighton,Man City,H,4.34,4.17,1.75,4.11,4.13,1.8,AvgH/AvgD/AvgA,AvgCH/AvgCD/AvgCA,0.22120138343694967,0.23021918563941524,0.5485794309236351,0.04165147144956838
2425,E0,2024-11-09,Crystal Palace,Fulham,A,2.7,3.48,2.61,3.35,3.34,2.26,AvgH/AvgD/AvgA,AvgCH/AvgCD/AvgCA,0.3558282208588957,0.27607361963190186,0.3680981595092025,0.040868454661558085
2425,E0,2024-11-09,Liverpool,Aston Villa,H,1.42,5.26,6.7,1.48,4.74,6.41,AvgH/AvgD/AvgA,AvgCH/AvgCD/AvgCA,0.6748083300781998,0.18217259100970415,0.14301907891209606,0.043593151897024285
2425,E0,2024-11-09,West Ham,Everton,D,2.18,3.47,3.38,2.16,3.44,3.49,AvgH/AvgD/AvgA,AvgCH/AvgCD/AvgCA,0.4399060821556095,0.2763675098268671,0.28372640801752336,0.042758022536301565
2425,E0,2024-11-09,Wolves,Southampton,H,1.96,3.84,3.67,1.92,3.79,3.93,AvgH/AvgD/AvgA,AvgCH/AvgCD/AvgCA,0.4891227388207855,0.24965639793977595,0.2612208632394386,0.043100312332017277
2425,E0,2024-11-10,Chelsea,Arsenal,D,2.75,3.49,2.53,3.01,3.41,2.41,AvgH/AvgD/AvgA,AvgCH/AvgCD/AvgCA,0.34783550721497597,0.2740824197252676,0.37808207305975655,0.04542623192180928
2425,E0,2024-11-10,Man United,Leicester,H,1.39,5.35,7.46,1.33,5.66,8.87,AvgH/AvgD/AvgA,AvgCH/AvgCD/AvgCA,0.6914959050122235,0.17965968373214777,0.12884441125562876,0.0403886056547762
2425,E0,2024-11-10,Nott'm Forest,Newcastle,A,2.69,3.31,2.72,2.76,3.3,2.67,AvgH/AvgD/AvgA,AvgCH/AvgCD/AvgCA,0.3569313230705799,0.29007409639270687,0.3529945805367132,0.041509074344817876
2425,E0,2024-11-10,Tottenham,Ipswich,A,1.26,6.76,9.98,1.25,6.71,10.56,AvgH/AvgD/AvgA,AvgCH/AvgCD/AvgCA,0.7618217378146555,0.1419963594151577,0.09618190277018696,0.041780188535236906
2425,E0,2024-11-23,Arsenal,Nott'm Forest,H,1.37,4.97,8.9,1.41,4.75,8.43,AvgH/AvgD/AvgA,AvgCH/AvgCD/AvgCA,0.6995029643440568,0.19282073665017263,0.10767629900577054,0.04349380132183245
2425,E0,2024-11-23,Aston Villa,Crystal Palace,D,1.63,4.11,5.45,1.73,3.83,4.95,AvgH/AvgD/AvgA,AvgCH/AvgCD/AvgCA,0.5897352187729548,0.23388525708027158,0.17637952414677363,0.040292173480537485
2425,E0,2024-11-23,Bournemouth,Brighton,A,2.41,3.62,2.86,2.46,3.56,2.84,AvgH/AvgD/AvgA,AvgCH/AvgCD/AvgCA,0.3986599922988062,0.26540623796688484,0.3359337697343088,0.04083120290910136
2425,E0,2024-11-23,Everton,Brentford,D,2.46,3.41,2.94,2.36,3.38,3.13,AvgH/AvgD/AvgA,AvgCH/AvgCD/AvgCA,0.39090866554370207,0.28200449185850646,0.3270868425977915,0.039895251427228384
2425,E0,2024-11-23,Fulham,Wolves,A,1.65,4.09,5.23,1.55,4.44,5.85,AvgH/AvgD/AvgA,AvgCH/AvgCD/AvgCA,0.5817638371767291,0.2346969025285093,0.18353926029476159,0.04176397247685237
2425,E0,2024-11-23,Leicester,Chelsea,A,6.75,4.81,1.46,6.91,4.84,1.45,AvgH/AvgD/AvgA,AvgCH/AvgCD/AvgCA,0.14231605569752617,0.19971587857760953,0.6579680657248642,0.04097986289767119
2425,E0,2024-11-23,Man City,Tottenham,A,1.49,5.01,5.92,1.41,5.35,6.94,AvgH/AvgD/AvgA,AvgCH/AvgCD/AvgCA,0.6455384601990646,0.19198648816299524,0.1624750516379402,0.039660656919427995
2425,E0,2024-11-24,Ipswich,Man United,D,5.06,4.22,1.63,5.06,4.09,1.67,AvgH/AvgD/AvgA,AvgCH/AvgCD/AvgCA,0.1885601815809384,0.22609348786719152,0.5853463305518701,0.048092215657910886
2425,E0,2024-11-24,Southampton,Liverpool,A,10.4,5.96,1.28,9.12,5.7,1.32,AvgH/AvgD/AvgA,AvgCH/AvgCD/AvgCA,0.09199660415219572,0.16053098711121402,0.7474724087365903,0.045189081053174984
2425,E0,2024-11-25,Newcastle,West Ham,A,1.5,4.57,6.21,1.47,4.8,6.5,AvgH/AvgD/AvgA,AvgCH/AvgCD/AvgCA,0.6370345928255409,0.2090923171199806,0.1538730900544785,0.0465156432238536
2425,E0,2024-11-29,Brighton,Southampton,D,1.39,5.29,7.57,1.39,5.45,7.29,AvgH/AvgD/AvgA,AvgCH/AvgCD/AvgCA,0.6913814922816885,0.18166734863356276,0.1269511590847486,0.04056077355704035
2425,E0,2024-11-30,Brentford,Leicester,H,1.66,4.24,4.87,1.61,4.33,5.27,AvgH/AvgD/AvgA,AvgCH/AvgCD/AvgCA,0.5772432725585245,0.22599618689791284,0.19676054054356273,0.043597504192897985
2425,E0,2024-11-30,Crystal Palace,Newcastle,D,3.04,3.56,2.3,3.25,3.48,2.24,AvgH/AvgD/AvgA,AvgCH/AvgCD/AvgCA,0.31489400978371224,0.2688982555456419,0.41620773467064576,0.044628853521199385
2425,E0,2024-11-30,Nott'm Forest,Ipswich,H,1.75,3.82,4.79,1.72,3.95,4.86,AvgH/AvgD/AvgA,AvgCH/AvgCD/AvgCA,0.5484080766544883,0.25123406653019753,0.2003578568153141,0.04197694336399538
2425,E0,2024-11-30,West Ham,Arsenal,A,7.09,4.68,1.46,7.37,4.78,1.44,AvgH/AvgD/AvgA,AvgCH/AvgCD/AvgCA,0.13566456337088556,0.20552601587597838,0.6588094207531361,0.03965044407883056
2425,E0,2024-11-30,Wolves,Bournemouth,A,2.81,3.61,2.44,2.71,3.47,2.62,AvgH/AvgD/AvgA,AvgCH/AvgCD/AvgCA,0.34129311981525756,0.2656602954794664,0.3930465847052761,0.04271626194407441
2425,E0,2024-12-01,Chelsea,Aston Villa,H,1.71,4.21,4.51,1.72,4.08,4.66,AvgH/AvgD/AvgA,AvgCH/AvgCD/AvgCA,0.56011953401793,0.2275069841260476,0.21237348185602228,0.04405450287100132
2425,E0,2024-12-01,Liverpool,Man City,H,2.09,3.7,3.37,2.04,3.76,3.5,AvgH/AvgD/AvgA,AvgCH/AvgCD/AvgCA,0.4576569169728357,0.25851431256033147,0.2838287704668328,0.045475074836311746
2425,E0,2024-12-01,Man United,Everton,H,1.54,4.33,6.08,1.62,4.05,5.68,AvgH/AvgD/AvgA,AvgCH/AvgCD/AvgCA,0.6215242529120965,0.22105019618582644,0.15742555090207708,0.044771215778265816
2425,E0,2024-12-01,Tottenham,Fulham,D,1.72,4.35,4.24,1.95,4.07,3.56,AvgH/AvgD/AvgA,AvgCH/AvgCD/AvgCA,0.555227762592267,0.2195383337146435,0.2252339036930894,0.0471294629122474
2425,E0,2024-12-03,Ipswich,Crystal Palace,A,3.09,3.37,2.38,3.27,3.36,2.29,AvgH/AvgD/AvgA,AvgCH/AvgCD/AvgCA,0.31101942368766994,0.2851780472388427,0.4038025290734874,0.04052856774065683
2425,E0,2024-12-03,Leicester,West Ham,H,2.9,3.44,2.47,2.99,3.47,2.38,AvgH/AvgD/AvgA,AvgCH/AvgCD/AvgCA,0.33144274803204893,0.2794139445619017,0.3891433074060493,0.040383560220643044
2425,E0,2024-12-04,Arsenal,Man United,H,1.46,4.73,6.92,1.45,4.84,6.86,AvgH/AvgD/AvgA,AvgCH/AvgCD/AvgCA,0.6580459423489061,0.20311777501678707,0.1388362826343068,0.04085666785580422
2425,E0,2024-12-04,Aston Villa,Brentford,H,1.8,4.01,4.24,1.69,4.11,4.89,AvgH/AvgD/AvgA,AvgCH/AvgCD/AvgCA,0.5337870929663071,0.23960517888761912,0.22660772814607372,0.04078117076282051
2425,E0,2024-12-04,Everton,Wolves,H,2.14,3.46,3.51,2.11,3.35,3.74,AvgH/AvgD/AvgA,AvgCH/AvgCD/AvgCA,0.4487960266662725,0.2775790453947466,0.27362492793898097,0.04120734556691552
2425,E0,2024-12-04,Man City,Nott'm Forest,H,1.37,5.21,8.25,1.32,5.64,9.34,AvgH/AvgD/AvgA,AvgCH/AvgCD/AvgCA,0.6997820024193011,0.1840117741486454,0.11620622343205364,0.04307770816590173
2425,E0,2024-12-04,Newcastle,Liverpool,D,4.27,4.04,1.78,3.63,3.76,1.99,AvgH/AvgD/AvgA,AvgCH/AvgCD/AvgCA,0.2244262325778807,0.2372029735414729,0.5383707938806463,0.04351454275496236
2425,E0,2024-12-04,Southampton,Chelsea,A,8.39,5.64,1.34,8.74,5.8,1.32,AvgH/AvgD/AvgA,AvgCH/AvgCD/AvgCA,0.11430161615733864,0.170033787156041,0.7156645966866203,0.042763132578428564
2425,E0,2024-12-05,Bournemouth,Tottenham,H,2.65,3.92,2.42,2.18,3.91,3.05,AvgH/AvgD/AvgA,AvgCH/AvgCD/AvgCA,0.3608725092629929,0.2439571810068702,0.3951703097301369,0.04568367187823208
2425,E0,2024-12-05,Fulham,Brighton,H,2.33,3.65,2.92,2.6,3.58,2.66,AvgH/AvgD/AvgA,AvgCH/AvgCD/AvgCA,0.410458251335395,0.2620185549620466,0.3275231937025583,0.04562290552060677
2425,E0,2024-12-07,Aston Villa,Southampton,H,1.37,5.41,7.78,1.32,5.67,9.15,AvgH/AvgD/AvgA,AvgCH/AvgCD/AvgCA,0.6996298210940474,0.1771705831605998,0.1231995957453528,0.04330459521843344
2425,E0,2024-12-07,Brentford,Newcastle,H,2.86,3.74,2.36,2.95,3.68,2.33,AvgH/AvgD/AvgA,AvgCH/AvgCD/AvgCA,0.3359571261095294,0.25690839055434594,0.4071344833361246,0.0407588423540568
2425,E0,2024-12-07,Crystal Palace,Man City,D,5.39,4.33,1.6,4.67,4.0,1.74,AvgH/AvgD/AvgA,AvgCH/AvgCD/AvgCA,0.17814027518147013,0.2217496728009524,0.6001100520175775,0.04147563917441843
2425,E0,2024-12-07,Man United,Nott'm Forest,A,1.67,4.05,5.12,1.68,3.93,5.09,AvgH/AvgD/AvgA,AvgCH/AvgCD/AvgCA,0.5752027051392653,0.2371823500203884,0.1876149448403463,0.04102847545649446
2425,E0,2024-12-08,Fulham,Arsenal,D,5.4,4.24,1.61,5.34,4.24,1.62,AvgH/AvgD/AvgA,AvgCH/AvgCD/AvgCA,0.17769494278485232,0.22630959694297229,0.5959954602721754,0.04215225421131885
2425,E0,2024-12-08,Ipswich,Bournemouth,A,3.57,3.73,2.02,3.81,3.83,1.93,AvgH/AvgD/AvgA,AvgCH/AvgCD/AvgCA,0.26849736833665333,0.2569800549495583,0.47452257671378834,0.0432580645137306
2425,E0,2024-12-08,Leicester,Brighton,D,4.48,4.02,1.75,4.92,4.22,1.67,AvgH/AvgD/AvgA,AvgCH/AvgCD/AvgCA,0.21392992464557875,0.23840946826173956,0.5476606070926816,0.04339907604832982
2425,E0,2024-12-08,Tottenham,Chelsea,A,3.21,4.04,2.07,2.9,3.98,2.24,AvgH/AvgD/AvgA,AvgCH/AvgCD/AvgCA,0.2989287207918243,0.23751514696578122,0.4635561322423943,0.04214301966564005
2425,E0,2024-12-09,West Ham,Wolves,H,1.91,3.85,3.81,1.82,3.88,4.24,AvgH/AvgD/AvgA,AvgCH/AvgCD/AvgCA,0.5006467775460679,0.24837281691246485,0.2509804055414671,0.0457676607653934
2425,E0,2024-12-14,Arsenal,Everton,D,1.23,6.33,13.36,1.23,6.39,12.72,AvgH/AvgD/AvgA,AvgCH/AvgCD/AvgCA,0.7773760772147534,0.1510541192692175,0.07156980351602896,0.045836312578865
2425,E0,2024-12-14,Liverpool,Fulham,D,1.32,5.75,8.89,1.29,6.13,9.58,AvgH/AvgD/AvgA,AvgCH/AvgCD/AvgCA,0.7256648349074348,0.16658740557875026,0.10774775951381484,0.043974740311611304
2425,E0,2024-12-14,Newcastle,Leicester,H,1.31,5.83,9.08,1.29,6.18,9.42,AvgH/AvgD/AvgA,AvgCH/AvgCD/AvgCA,0.7304746200073134,0.16413752181982516,0.10538785817286131,0.04501752383718882
2425,E0,2024-12-14,Nott'm Forest,Aston Villa,H,2.64,3.39,2.68,2.71,3.19,2.76,AvgH/AvgD/AvgA,AvgCH/AvgCD/AvgCA,0.361816009557945,0.281768219832736,0.35641577060931895,0.046907457883550885
2425,E0,2024-12-14,Wolves,Ipswich,A,1.9,3.83,3.85,1.98,3.64,3.77,AvgH/AvgD/AvgA,AvgCH/AvgCD/AvgCA,0.5026161056668087,0.24933958244567533,0.24804431188751597,0.047152654958069196
2425,E0,2024-12-15,Brighton,Crystal Palace,A,1.89,3.82,3.9,1.9,3.69,4.05,AvgH/AvgD/AvgA,AvgCH/AvgCD/AvgCA,0.5052087572230813,0.24995930658419466,0.24483193619272403,0.04729089022282751
2425,E0,2024-12-15,Chelsea,Brentford,H,1.33,5.89,8.08,1.35,5.84,7.68,AvgH/AvgD/AvgA,AvgCH/AvgCD/AvgCA,0.7192121055502914,0.16240273351135615,0.11838516093835241,0.045421362412739086
2425,E0,2024-12-15,Man City,Man United,A,1.58,4.59,5.04,1.54,4.79,5.5,AvgH/AvgD/AvgA,AvgCH/AvgCD/AvgCA,0.6032386763670499,0.20765078620042243,0.18911053743252756,0.049189014565038436
2425,E0,2024-12-15,Southampton,Tottenham,A,4.29,4.47,1.69,3.98,4.42,1.77,AvgH/AvgD/AvgA,AvgCH/AvgCD/AvgCA,0.22231148858028232,0.21335934810053944,0.5643291633191783,0.04852985596403259
2425,E0,2024-12-16,Bournemouth,West Ham,D,1.71,4.19,4.43,1.74,4.18,4.41,AvgH/AvgD/AvgA,AvgCH/AvgCD/AvgCA,0.5573766061395896,0.22747350751758907,0.2151498863428213,0.049192440435812834
2425,E0,2024-12-21,Aston Villa,Man City,H,3.29,3.71,2.12,3.2,3.63,2.19,AvgH/AvgD/AvgA,AvgCH/AvgCD/AvgCA,0.29080932784636493,0.25788751714677643,0.45130315500685875,0.04519125996444329
2425,E0,2024-12-21,Brentford,Nott'm Forest,A,2.35,3.52,2.99,2.49,3.58,2.75,AvgH/AvgD/AvgA,AvgCH/AvgCD/AvgCA,0.40756990779644736,0.2720992282163783,0.32033086398717436,0.0440709845196432
2425,E0,2024-12-21,Crystal Palace,Arsenal,A,6.08,4.11,1.57,7.14,4.42,1.48,AvgH/AvgD/AvgA,AvgCH/AvgCD/AvgCA,0.15743246045707066,0.23289278821873222,0.6096747513241971,0.044725361802852026
2425,E0,2024-12-21,Ipswich,Newcastle,A,4.61,3.95,1.74,4.69,4.04,1.72,AvgH/AvgD/AvgA,AvgCH/AvgCD/AvgCA,0.20761904186515787,0.24230981848060196,0.5500711396542401,0.0447969403364985
2425,E0,2024-12-21,West Ham,Brighton,D,2.8,3.75,2.38,2.77,3.63,2.46,AvgH/AvgD/AvgA,AvgCH/AvgCD/AvgCA,0.3420982023074859,0.2554333243895895,0.40246847330292457,0.04397759103641463
2425,E0,2024-12-22,Everton,Chelsea,D,5.18,4.13,1.63,4.84,4.12,1.68,AvgH/AvgD/AvgA,AvgCH/AvgCD/AvgCA,0.18408912539959038,0.2308914454164354,0.5850194291839743,0.04867787617085728
2425,E0,2024-12-22,Fulham,Southampton,D,1.42,4.96,7.21,1.62,4.18,5.45,AvgH/AvgD/AvgA,AvgCH/AvgCD/AvgCA,0.6742001772147126,0.19301698621872818,0.13278283656655918,0.04453451053959223
2425,E0,2024-12-22,Leicester,Wolves,A,2.55,3.56,2.69,2.92,3.43,2.44,AvgH/AvgD/AvgA,AvgCH/AvgCD/AvgCA,0.3753405006682632,0.2688534485123795,0.3558060508193573,0.04480295104550325
2425,E0,2024-12-22,Man United,Bournemouth,A,1.85,3.88,4.07,1.86,3.75,4.2,AvgH/AvgD/AvgA,AvgCH/AvgCD/AvgCA,0.5177726555865582,0.2468761373286425,0.2353512070847992,0.043972745003672875
2425,E0,2024-12-22,Tottenham,Liverpool,A,4.29,4.33,1.72,4.69,4.57,1.64,AvgH/AvgD/AvgA,AvgCH/AvgCD/AvgCA,0.22296801698096824,0.22090826624673296,0.5561237167722988,0.04544246415453257
2425,E0,2024-12-26,Bournemouth,Crystal Palace,D,1.9,3.77,3.87,2.08,3.64,3.47,AvgH/AvgD/AvgA,AvgCH/AvgCD/AvgCA,0.5012695020597198,0.25262919201948747,0.24610130592079266,0.04996571168014219
2425,E0,2024-12-26,Chelsea,Fulham,A,1.47,4.88,6.15,1.46,4.92,6.28,AvgH/AvgD/AvgA,AvgCH/AvgCD/AvgCA,0.6492436091299071,0.1955713330780663,0.15518505779202657,0.0477917676466828
2425,E0,2024-12-26,Liverpool,Leicester,H,1.08,12.4,25.35,1.08,12.79,27.21,AvgH/AvgD/AvgA,AvgCH/AvgCD/AvgCA,0.8851905043507646,0.07709723747571176,0.0377122581735237,0.04601881897167237
2425,E0,2024-12-26,Man City,Everton,D,1.34,5.46,8.59,1.34,5.41,8.72,AvgH/AvgD/AvgA,AvgCH/AvgCD/AvgCA,0.71356369544976,0.17512369082466636,0.11131261372557373,0.04583327525658931
2425,E0,2024-12-26,Newcastle,Aston Villa,H,1.93,3.91,3.66,1.94,3.79,3.8,AvgH/AvgD/AvgA,AvgCH/AvgCD/AvgCA,0.4948220478757431,0.24424720010234888,0.2609307520219082,0.04711323444507842
2425,E0,2024-12-26,Nott'm Forest,Tottenham,H,2.35,3.74,2.82,2.16,3.91,3.07,AvgH/AvgD/AvgA,AvgCH/AvgCD/AvgCA,0.4062273714699493,0.2552498189717596,0.3385228095582911,0.04752152311601621
2425,E0,2024-12-26,Southampton,West Ham,A,3.24,3.56,2.18,3.08,3.52,2.29,AvgH/AvgD/AvgA,AvgCH/AvgCD/AvgCA,0.2944336530290154,0.2679677066893287,0.4375986402816559,0.04825644804341156
2425,E0,2024-12-26,Wolves,Man United,H,3.8,3.7,1.94,4.35,3.81,1.82,AvgH/AvgD/AvgA,AvgCH/AvgCD/AvgCA,0.2508912967493883,0.25767214260747984,0.49143656064313185,0.04889208253288557
2425,E0,2024-12-27,Arsenal,Ipswich,H,1.16,8.37,17.31,1.14,8.78,18.59,AvgH/AvgD/AvgA,AvgCH/AvgCD/AvgCA,0.8294601069996307,0.11495504469767881,0.05558484830269044,0.03931335364103927
2425,E0,2024-12-27,Brighton,Brentford,D,1.64,4.44,4.89,1.62,4.5,4.89,AvgH/AvgD/AvgA,AvgCH/AvgCD/AvgCA,0.5865970691220335,0.21667098949552585,0.19673194138244066,0.03948030029131333
2425,E0,2024-12-29,Crystal Palace,Southampton,H,1.61,4.11,5.42,1.53,4.34,6.2,AvgH/AvgD/AvgA,AvgCH/AvgCD/AvgCA,0.5921450311673467,0.2319594890947514,0.1758954797379019,0.04892885987390039
2425,E0,2024-12-29,Everton,Nott'm Forest,A,2.64,3.16,2.83,2.69,3.08,2.89,AvgH/AvgD/AvgA,AvgCH/AvgCD/AvgCA,0.3612318430789614,0.30178862839508164,0.3369795285259569,0.04860046544977448
2425,E0,2024-12-29,Fulham,Bournemouth,D,2.35,3.58,2.91,2.3,3.43,3.18,AvgH/AvgD/AvgA,AvgCH/AvgCD/AvgCA,0.405846672873822,0.26640773219370995,0.3277455949324679,0.0485041355160134
2425,E0,2024-12-29,Leicester,Man City,A,7.92,5.62,1.34,9.62,6.36,1.27,AvgH/AvgD/AvgA,AvgCH/AvgCD/AvgCA,0.12019663549015226,0.1693874293740224,0.7104159351358252,0.05046722603954246
2425,E0,2024-12-29,Tottenham,Wolves,D,1.61,4.77,4.56,1.66,4.53,4.58,AvgH/AvgD/AvgA,AvgCH/AvgCD/AvgCA,0.5915072404650213,0.19964919437079343,0.20884356516418523,0.05005986390641626
2425,E0,2024-12-29,West Ham,Liverpool,A,7.04,5.21,1.4,7.44,5.35,1.38,AvgH/AvgD/AvgA,AvgCH/AvgCD/AvgCA,0.13550467782806103,0.18310037080797495,0.6813949513639639,0.04826974848567955
2425,E0,2024-12-30,Aston Villa,Brighton,D,1.94,3.86,3.61,1.89,3.73,4.06,AvgH/AvgD/AvgA,AvgCH/AvgCD/AvgCA,0.490199251400107,0.24636957194720405,0.26343117665268906,0.05153958528803404
2425,E0,2024-12-30,Ipswich,Chelsea,H,6.87,5.02,1.41,7.45,5.18,1.39,AvgH/AvgD/AvgA,AvgCH/AvgCD/AvgCA,0.13810502162829766,0.18900029852318825,0.6728946798485141,0.05398345297616558
2425,E0,2024-12-30,Man United,Newcastle,A,2.7,3.61,2.49,2.74,3.53,2.52,AvgH/AvgD/AvgA,AvgCH/AvgCD/AvgCA,0.3530749561057233,0.26407268185192606,0.38285236204235057,0.04898510632248909
2425,E0,2025-01-01,Brentford,Arsenal,A,6.67,4.8,1.44,5.87,4.46,1.54,AvgH/AvgD/AvgA,AvgCH/AvgCD/AvgCA,0.14241914746315892,0.19790327366234794,0.6596775788744931,0.052702815259037195
2425,E0,2025-01-04,Aston Villa,Leicester,H,1.32,5.51,9.16,1.33,5.63,8.49,AvgH/AvgD/AvgA,AvgCH/AvgCD/AvgCA,0.7227160776676785,0.17313706397846385,0.10414685835385762,0.0482342665194011
2425,E0,2025-01-04,Bournemouth,Everton,H,1.75,3.82,4.71,1.69,3.86,5.1,AvgH/AvgD/AvgA,AvgCH/AvgCD/AvgCA,0.5465481155660593,0.2503819901153413,0.20306989431859954,0.045522901193691734
2425,E0,2025-01-04,Brighton,Arsenal,D,4.36,3.83,1.8,4.74,3.59,1.81,AvgH/AvgD/AvgA,AvgCH/AvgCD/AvgCA,0.21926922979059058,0.24961196916109002,0.5311188010483194,0.04600995946481845
2425,E0,2025-01-04,Crystal Palace,Chelsea,D,3.65,3.88,1.95,3.58,3.84,1.98,AvgH/AvgD/AvgA,AvgCH/AvgCD/AvgCA,0.2622939453294274,0.24674559290010573,0.4909604617704668,0.04452507432312558
2425,E0,2025-01-04,Man City,West Ham,H,1.31,6.09,8.3,1.24,6.97,10.25,AvgH/AvgD/AvgA,AvgCH/AvgCD/AvgCA,0.7283649793437553,0.15667621066343507,0.11495880999280958,0.048044318816272025
2425,E0,2025-01-04,Southampton,Brentford,A,2.78,3.54,2.48,3.33,3.58,2.15,AvgH/AvgD/AvgA,AvgCH/AvgCD/AvgCA,0.3440826500697634,0.27021179864235656,0.38570555128788,0.04542391237365506
2425,E0,2025-01-04,Tottenham,Newcastle,A,2.88,3.94,2.24,3.81,4.5,1.79,AvgH/AvgD/AvgA,AvgCH/AvgCD/AvgCA,0.3314903846153846,0.2423076923076923,0.42620192307692306,0.04745790024977836
2425,E0,2025-01-05,Fulham,Ipswich,D,1.56,4.34,5.68,1.56,4.16,6.02,AvgH/AvgD/AvgA,AvgCH/AvgCD/AvgCA,0.6119595654677973,0.2199670327487935,0.16807340178340913,0.047496725597588885
2425,E0,2025-01-05,Liverpool,Man United,D,1.29,6.05,9.49,1.36,5.42,7.9,AvgH/AvgD/AvgA,AvgCH/AvgCD/AvgCA,0.7412042948008742,0.1580419074864674,0.10075379771265836,0.0458571326247772
2425,E0,2025-01-06,Wolves,Nott'm Forest,A,3.22,3.22,2.33,3.86,3.46,2.01,AvgH/AvgD/AvgA,AvgCH/AvgCD/AvgCA,0.29568527918781723,0.29568527918781723,0.4086294416243655,0.0503025617785835
2425,E0,2025-01-14,Brentford,Man City,D,4.76,4.47,1.64,5.16,4.47,1.6,AvgH/AvgD/AvgA,AvgCH/AvgCD/AvgCA,0.2013159629157696,0.21437673008480163,0.5843073069994288,0.04355377770685953
2425,E0,2025-01-14,Chelsea,Bournemouth,D,1.5,4.81,5.92,1.52,4.75,5.54,AvgH/AvgD/AvgA,AvgCH/AvgCD/AvgCA,0.6388842769384028,0.19923626099950192,0.1618794620620953,0.04348579348579351
2425,E0,2025-01-14,Nott'm Forest,Liverpool,D,5.14,4.16,1.64,5.37,4.2,1.61,AvgH/AvgD/AvgA,AvgCH/AvgCD/AvgCA,0.18622933636145264,0.230100670408141,0.5836699932304065,0.044693242128470256
2425,E0,2025-01-14,West Ham,Fulham,H,2.97,3.43,2.41,3.07,3.3,2.42,AvgH/AvgD/AvgA,AvgCH/AvgCD/AvgCA,0.3227623959923627,0.2794764769963024,0.397761127011335,0.04318328554080919
2425,E0,2025-01-15,Arsenal,Tottenham,H,1.4,5.29,6.86,1.38,5.31,7.55,AvgH/AvgD/AvgA,AvgCH/AvgCD/AvgCA,0.6808594468230412,0.18018964566205248,0.13895090751490635,0.04909422586209744
2425,E0,2025-01-15,Everton,Aston Villa,A,3.2,3.24,2.35,3.48,3.11,2.29,AvgH/AvgD/AvgA,AvgCH/AvgCD/AvgCA,0.2985648184456121,0.2948788330327033,0.4065563485216846,0.04667389020225898
2425,E0,2025-01-15,Leicester,Crystal Palace,A,3.88,3.73,1.92,3.93,3.61,1.95,AvgH/AvgD/AvgA,AvgCH/AvgCD/AvgCA,0.2462418682694027,0.2561443562695127,0.4976137754610846,0.04666180684152832
2425,E0,2025-01-15,Newcastle,Wolves,H,1.35,5.54,8.08,1.37,5.26,7.88,AvgH/AvgD/AvgA,AvgCH/AvgCD/AvgCA,0.7088370266444128,0.1727310443989093,0.1184319289566779,0.045008532140819346
2425,E0,2025-01-16,Ipswich,Brighton,A,3.8,3.73,1.94,3.81,3.66,1.97,AvgH/AvgD/AvgA,AvgCH/AvgCD/AvgCA,0.25141233123249784,0.25613052511621764,0.4924571436512845,0.046718327007923666
2425,E0,2025-01-16,Man United,Southampton,H,1.3,5.79,9.4,1.28,5.94,10.77,AvgH/AvgD/AvgA,AvgCH/AvgCD/AvgCA,0.7337710487643752,0.1647499764065091,0.10147897482911572,0.04832531962947573
2425,E0,2025-01-18,Arsenal,Aston Villa,D,1.51,4.35,6.45,1.57,4.14,6.06,AvgH/AvgD/AvgA,AvgCH/AvgCD/AvgCA,0.6324170808398418,0.2195286878317612,0.14805423132839707,0.04717547279032597
2425,E0,2025-01-18,Brentford,Liverpool,A,6.43,5.15,1.43,6.04,4.97,1.48,AvgH/AvgD/AvgA,AvgCH/AvgCD/AvgCA,0.1482569317086035,0.18510525648278064,0.6666378118086157,0.04899645191662305
2425,E0,2025-01-18,Leicester,Fulham,A,4.17,3.81,1.84,4.5,3.74,1.8,AvgH/AvgD/AvgA,AvgCH/AvgCD/AvgCA,0.2293161143440331,0.2509837786915008,0.5197001069644662,0.045753605947833176
2425,E0,2025-01-18,Newcastle,Bournemouth,A,1.64,4.3,4.93,1.64,4.23,5.05,AvgH/AvgD/AvgA,AvgCH/AvgCD/AvgCA,0.583412684870735,0.22251088446232684,0.19407643066693825,0.04515399368815132
2425,E0,2025-01-18,West Ham,Crystal Palace,A,2.62,3.41,2.69,2.78,3.26,2.64,AvgH/AvgD/AvgA,AvgCH/AvgCD/AvgCA,0.3646565877821021,0.2801760293223189,0.35516738289557903,0.04668173317369728
2425,E0,2025-01-19,Everton,Tottenham,H,2.91,3.51,2.41,2.57,3.39,2.79,AvgH/AvgD/AvgA,AvgCH/AvgCD/AvgCA,0.32932341364852075,0.273028813024842,0.3976477733266371,0.043480655920233424
2425,E0,2025-01-19,Ipswich,Man City,A,7.72,5.36,1.36,7.72,5.21,1.39,AvgH/AvgD/AvgA,AvgCH/AvgCD/AvgCA,0.12320173066522448,0.17744726879394268,0.699351000540833,0.051394960582639815
2425,E0,2025-01-19,Man United,Brighton,A,2.09,3.71,3.36,2.31,3.4,3.18,AvgH/AvgD/AvgA,AvgCH/AvgCD/AvgCA,0.4575892283577871,0.2577793766220417,0.2846313950201711,0.0456297261163201
2425,E0,2025-01-19,Nott'm Forest,Southampton,H,1.39,4.86,8.03,1.4,4.88,8.13,AvgH/AvgD/AvgA,AvgCH/AvgCD/AvgCA,0.6853497099726218,0.19601565779052346,0.11863463223685483,0.049718778549412646
2425,E0,2025-01-20,Chelsea,Wolves,H,1.37,5.51,7.3,1.43,5.16,6.64,AvgH/AvgD/AvgA,AvgCH/AvgCD/AvgCA,0.6962284954658514,0.1731094444261736,0.13066206010797485,0.048401511935920905
2425,E0,2025-01-25,Bournemouth,Nott'm Forest,H,2.09,3.64,3.42,1.99,3.64,3.77,AvgH/AvgD/AvgA,AvgCH/AvgCD/AvgCA,0.4576058108674396,0.2627461936024584,0.27964799553010194,0.04559183506551934
2425,E0,2025-01-25,Brighton,Everton,A,1.67,3.86,5.39,1.7,3.74,5.37,AvgH/AvgD/AvgA,AvgCH/AvgCD/AvgCA,0.5738961572729354,0.24829186078906795,0.1778119819379967,0.043398509679862585
2425,E0,2025-01-25,Liverpool,Ipswich,H,1.1,11.04,20.87,1.11,11.32,21.57,AvgH/AvgD/AvgA,AvgCH/AvgCD/AvgCA,0.8677957317693248,0.08646515443353782,0.04573911379713739,0.047586287659411086
2425,E0,2025-01-25,Man City,Chelsea,H,2.03,4.03,3.29,2.34,3.8,2.84,AvgH/AvgD/AvgA,AvgCH/AvgCD/AvgCA,0.47153277402972443,0.23752147178172217,0.29094575418855334,0.04470116303595595
2425,E0,2025-01-25,Southampton,Newcastle,A,6.82,5.09,1.42,6.48,4.91,1.46,AvgH/AvgD/AvgA,AvgCH/AvgCD/AvgCA,0.14000309921357454,0.1875876496339054,0.67240925115252,0.0473165723190494
2425,E0,2025-01-25,Wolves,Arsenal,A,6.85,4.65,1.46,5.87,4.07,1.6,AvgH/AvgD/AvgA,AvgCH/AvgCD/AvgCA,0.1395693066762605,0.20560209693169554,0.654828596392044,0.045970671750029224
2425,E0,2025-01-26,Aston Villa,West Ham,D,1.55,4.39,5.81,1.47,4.75,6.52,AvgH/AvgD/AvgA,AvgCH/AvgCD/AvgCA,0.6173386032980039,0.2179669328273135,0.16469446387468267,0.045068762711321986
2425,E0,2025-01-26,Crystal Palace,Brentford,A,2.06,3.68,3.47,1.97,3.76,3.7,AvgH/AvgD/AvgA,AvgCH/AvgCD/AvgCA,0.4643727317027048,0.25994777915966627,0.2756794891376288,0.045360461679011976
2425,E0,2025-01-26,Fulham,Man United,A,2.31,3.44,3.1,2.39,3.44,2.99,AvgH/AvgD/AvgA,AvgCH/AvgCD/AvgCA,0.4137920330288615,0.27786616171414824,0.3083418052569903,0.04617875248032788
2425,E0,2025-01-26,Tottenham,Leicester,A,1.46,5.21,5.89,1.51,4.92,5.58,AvgH/AvgD/AvgA,AvgCH/AvgCD/AvgCA,0.654403971603377,0.18338383849154138,0.16221218990508163,0.04664937343082043
2425,E0,2025-02-01,Bournemouth,Liverpool,A,4.56,4.32,1.68,4.51,4.22,1.71,AvgH/AvgD/AvgA,AvgCH/AvgCD/AvgCA,0.2096505823627288,0.2212978369384359,0.5690515806988352,0.046017822333611846
2425,E0,2025-02-01,Everton,Leicester,H,1.79,3.67,4.67,1.95,3.35,4.33,AvgH/AvgD/AvgA,AvgCH/AvgCD/AvgCA,0.5344632415997506,0.2606782568020582,0.20485850159819133,0.045271544222426296
2425,E0,2025-02-01,Ipswich,Southampton,A,1.98,3.67,3.74,1.92,3.64,4.01,AvgH/AvgD/AvgA,AvgCH/AvgCD/AvgCA,0.4833436628447475,0.26076851564920983,0.2558878215060427,0.04490974822758753
2425,E0,2025-02-01,Newcastle,Fulham,A,1.71,4.07,4.66,1.73,3.88,4.83,AvgH/AvgD/AvgA,AvgCH/AvgCD/AvgCA,0.5595657112510879,0.2351000899851008,0.20533419876381123,0.04508784201578431
2425,E0,2025-02-01,Nott'm Forest,Brighton,H,2.44,3.46,2.89,2.63,3.39,2.72,AvgH/AvgD/AvgA,AvgCH/AvgCD/AvgCA,0.3922348529423302,0.27660492519632535,0.3311602218613445,0.04487416785990761
2425,E0,2025-02-01,Wolves,Aston Villa,H,3.36,3.58,2.14,3.17,3.43,2.3,AvgH/AvgD/AvgA,AvgCH/AvgCD/AvgCA,0.2850106397226232,0.26749601940447315,0.4474933408729037,0.04423837618376325
2425,E0,2025-02-02,Arsenal,Man City,H,1.97,3.58,3.83,1.91,3.93,3.81,AvgH/AvgD/AvgA,AvgCH/AvgCD/AvgCA,0.48434602301026874,0.2665256048408462,0.24912837214888497,0.048040427880642333
2425,E0,2025-02-02,Brentford,Tottenham,A,2.11,3.97,3.1,2.0,4.12,3.34,AvgH/AvgD/AvgA,AvgCH/AvgCD/AvgCA,0.4520527315268855,0.2402597641112666,0.30768750436184783,0.04840346321613298
2425,E0,2025-02-02,Man United,Crystal Palace,A,2.04,3.48,3.71,1.79,3.63,4.74,AvgH/AvgD/AvgA,AvgCH/AvgCD/AvgCA,0.4681489861630841,0.27443216430249756,0.2574188495344182,0.0470941792461943
2425,E0,2025-02-03,Chelsea,West Ham,H,1.36,5.54,7.58,1.29,6.25,9.4,AvgH/AvgD/AvgA,AvgCH/AvgCD/AvgCA,0.7018002419931679,0.1722830918972398,0.12591666610959215,0.047725654181545396
2425,E0,2025-02-12,Everton,Liverpool,D,7.36,4.71,1.44,7.49,4.55,1.46,AvgH/AvgD/AvgA,AvgCH/AvgCD/AvgCA,0.13031448861016323,0.20363368071566912,0.6660518306741676,0.04262823471491428
2425,E0,2025-02-14,Brighton,Chelsea,H,2.85,3.6,2.43,2.93,3.66,2.36,AvgH/AvgD/AvgA,AvgCH/AvgCD/AvgCA,0.3373243102550755,0.2670484122852681,0.39562727745965637,0.04017760450508989
2425,E0,2025-02-15,Aston Villa,Ipswich,D,1.41,4.96,7.45,1.43,4.94,7.18,AvgH/AvgD/AvgA,AvgCH/AvgCD/AvgCA,0.6786397086506728,0.19291975588658242,0.12844053546274478,0.04506094930129789
2425,E0,2025-02-15,Crystal Palace,Everton,A,1.81,3.45,4.94,2.02,3.18,4.36,AvgH/AvgD/AvgA,AvgCH/AvgCD/AvgCA,0.5288110981138047,0.27743422828579317,0.1937546736004021,0.044770410106642844
2425,E0,2025-02-15,Fulham,Nott'm Forest,H,2.22,3.35,3.39,2.16,3.44,3.5,AvgH/AvgD/AvgA,AvgCH/AvgCD/AvgCA,0.4314894393087962,0.28594225530314255,0.2825683053880612,0.04394316387448072
2425,E0,2025-02-15,Leicester,Arsenal,A,9.45,5.29,1.34,10.1,5.41,1.32,AvgH/AvgD/AvgA,AvgCH/AvgCD/AvgCA,0.10164018577014458,0.18156895189562688,0.7167908623342285,0.041124679360720284
2425,E0,2025-02-15,Man City,Newcastle,H,1.97,4.07,3.44,2.07,4.02,3.26,AvgH/AvgD/AvgA,AvgCH/AvgCD/AvgCA,0.4862148599607577,0.2353423277942734,0.2784428122449688,0.04401213331681997
2425,E0,2025-02-15,Southampton,Bournemouth,A,5.83,4.64,1.52,6.02,4.73,1.51,AvgH/AvgD/AvgA,AvgCH/AvgCD/AvgCA,0.16414992459083544,0.20624871990615748,0.629601355503007,0.04493856484234193
2425,E0,2025-02-15,West Ham,Brentford,A,2.41,3.64,2.82,2.38,3.65,2.88,AvgH/AvgD/AvgA,AvgCH/AvgCD/AvgCA,0.39734607136497707,0.26307803076637215,0.33957589786865067,0.044272963139388555
2425,E0,2025-02-16,Liverpool,Wolves,H,1.19,7.85,12.84,1.23,6.99,11.94,AvgH/AvgD/AvgA,AvgCH/AvgCD/AvgCA,0.803683129065001,0.12183221956526766,0.0744846513697314,0.04560628942332334
2425,E0,2025-02-16,Tottenham,Man United,H,2.45,3.73,2.69,2.2,3.85,3.08,AvgH/AvgD/AvgA,AvgCH/AvgCD/AvgCA,0.38946616620152386,0.2558155783361216,0.3547182554623545,0.04800699194734159
2425,E0,2025-02-19,Aston Villa,Liverpool,D,3.93,4.0,1.85,3.83,3.98,1.9,AvgH/AvgD/AvgA,AvgCH/AvgCD/AvgCA,0.2434971454895444,0.23923594544347737,0.517266909066978,0.044993466749192024
2425,E0,2025-02-21,Leicester,Brentford,A,3.7,3.86,1.96,3.66,3.84,1.98,AvgH/AvgD/AvgA,AvgCH/AvgCD/AvgCA,0.2599898280388734,0.24921304760202898,0.4907971243590978,0.039541709415876536
2425,E0,2025-02-22,Arsenal,West Ham,A,1.25,6.2,11.63,1.29,5.63,11.79,AvgH/AvgD/AvgA,AvgCH/AvgCD/AvgCA,0.7638873439378772,0.15400954514876553,0.08210311091335738,0.047274845366543694
2425,E0,2025-02-22,Aston Villa,Chelsea,H,2.62,3.7,2.56,2.62,3.53,2.65,AvgH/AvgD/AvgA,AvgCH/AvgCD/AvgCA,0.36609310019634217,0.2592334925714639,0.374673407232194,0.04257465958324724
2425,E0,2025-02-22,Bournemouth,Wolves,A,1.56,4.45,5.5,1.64,4.18,5.22,AvgH/AvgD/AvgA,AvgCH/AvgCD/AvgCA,0.6119208940670551,0.214516088706653,0.173563017226292,0.047562923967418236
2425,E0,2025-02-22,Everton,Man United,D,2.55,3.2,2.96,2.65,3.13,2.92,AvgH/AvgD/AvgA,AvgCH/AvgCD/AvgCA,0.37617156473391583,0.29976171564733917,0.324066719618745,0.04249470058293592
2425,E0,2025-02-22,Fulham,Crystal Palace,A,2.05,3.48,3.74,2.08,3.46,3.72,AvgH/AvgD/AvgA,AvgCH/AvgCD/AvgCA,0.46790000071900556,0.27563074754998884,0.25646925173100565,0.042540879032245904
2425,E0,2025-02-22,Ipswich,Tottenham,A,3.87,3.89,1.89,3.38,3.8,2.07,AvgH/AvgD/AvgA,AvgCH/AvgCD/AvgCA,0.24737304303061503,0.24610120219241136,0.5065257547769737,0.0445678706574264
2425,E0,2025-02-22,Southampton,Brighton,A,5.52,4.38,1.57,5.7,4.5,1.56,AvgH/AvgD/AvgA,AvgCH/AvgCD/AvgCA,0.17312427304723493,0.2181840153472002,0.6086917116055648,0.04641259773219586
2425,E0,2025-02-23,Man City,Liverpool,A,2.9,3.86,2.26,3.14,3.82,2.19,AvgH/AvgD/AvgA,AvgCH/AvgCD/AvgCA,0.3295456262560631,0.24758609226491787,0.422868281479019,0.04637281982604469
2425,E0,2025-02-23,Newcastle,Nott'm Forest,H,1.81,3.96,4.11,1.91,3.84,3.89,AvgH/AvgD/AvgA,AvgCH/AvgCD/AvgCA,0.527020332034855,0.24088555580381,0.23209411216133513,0.048320442803646335
2425,E0,2025-02-25,Brighton,Bournemouth,H,2.06,3.81,3.43,1.98,3.87,3.64,AvgH/AvgD/AvgA,AvgCH/AvgCD/AvgCA,0.46701354765623043,0.2525060126435261,0.2804804397002433,0.03944927430930667
2425,E0,2025-02-25,Chelsea,Southampton,H,1.17,8.55,14.69,1.17,8.31,16.08,AvgH/AvgD/AvgA,AvgCH/AvgCD/AvgCA,0.8220384409219695,0.11248947086300636,0.06547208821502412,0.03973343842929311
2425,E0,2025-02-25,Crystal Palace,Aston Villa,H,2.55,3.38,2.83,2.26,3.52,3.19,AvgH/AvgD/AvgA,AvgCH/AvgCD/AvgCA,0.37657720789420845,0.28410410654740575,0.3393186855583857,0.041371741370142656
2425,E0,2025-02-25,Wolves,Fulham,A,2.71,3.34,2.69,2.42,3.28,3.1,AvgH/AvgD/AvgA,AvgCH/AvgCD/AvgCA,0.35475935702186295,0.28784366991893673,0.35739697305920026,0.04015209953760168
2425,E0,2025-02-26,Brentford,Everton,D,2.02,3.68,3.59,2.08,3.6,3.54,AvgH/AvgD/AvgA,AvgCH/AvgCD/AvgCA,0.47357742520593915,0.2599528257923905,0.2664697490016705,0.045340167418703725
2425,E0,2025-02-26,Liverpool,Newcastle,H,1.52,4.77,5.64,1.37,5.47,7.71,AvgH/AvgD/AvgA,AvgCH/AvgCD/AvgCA,0.6296587557927258,0.20064597668866732,0.16969526751860692,0.04484330725113339
2425,E0,2025-02-26,Man United,Ipswich,H,1.52,4.55,5.83,1.51,4.5,6.35,AvgH/AvgD/AvgA,AvgCH/AvgCD/AvgCA,0.6270432416716111,0.20947378622875795,0.163482972099631,0.04920154324325132
2425,E0,2025-02-26,Nott'm Forest,Arsenal,D,3.94,3.48,1.98,4.23,3.45,1.94,AvgH/AvgD/AvgA,AvgCH/AvgCD/AvgCA,0.24259580041404366,0.2746630613883138,0.4827411381976425,0.04621393348857028
2425,E0,2025-02-26,Tottenham,Man City,A,3.22,4.09,2.04,3.88,4.29,1.82,AvgH/AvgD/AvgA,AvgCH/AvgCD/AvgCA,0.2971134740155686,0.23391329739123004,0.4689732285932014,0.045253862148665114
2425,E0,2025-02-27,West Ham,Leicester,H,1.63,4.15,5.17,1.77,3.77,4.77,AvgH/AvgD/AvgA,AvgCH/AvgCD/AvgCA,0.5854624240390099,0.22995271112857496,0.18458486483241512,0.047884385615940994
2425,E0,2025-03-08,Brentford,Aston Villa,A,2.26,3.8,2.95,2.16,3.88,3.15,AvgH/AvgD/AvgA,AvgCH/AvgCD/AvgCA,0.4235783109767618,0.2519176270546004,0.32450406196863785,0.04461882169049436
2425,E0,2025-03-08,Brighton,Fulham,H,1.99,3.62,3.77,2.01,3.55,3.85,AvgH/AvgD/AvgA,AvgCH/AvgCD/AvgCA,0.48133034722344686,0.26459872678857993,0.2540709259879733,0.04400764612664254
2425,E0,2025-03-08,Crystal Palace,Ipswich,H,1.48,4.55,6.74,1.55,4.2,6.26,AvgH/AvgD/AvgA,AvgCH/AvgCD/AvgCA,0.6473081420628924,0.21055297807760018,0.14213887985950752,0.04382384797815053
2425,E0,2025-03-08,Liverpool,Southampton,H,1.12,9.97,19.5,1.11,10.91,23.99,AvgH/AvgD/AvgA,AvgCH/AvgCD/AvgCA,0.8548667803469683,0.09603317893566744,0.04910004071736433,0.04444009684731842
2425,E0,2025-03-08,Nott'm Forest,Man City,H,3.88,3.89,1.89,3.8,3.79,1.95,AvgH/AvgD/AvgA,AvgCH/AvgCD/AvgCA,0.24689289252312913,0.2462582064240979,0.506848901052773,0.043901896603775636
2425,E0,2025-03-08,Wolves,Everton,D,2.63,3.14,2.87,2.84,2.98,2.84,AvgH/AvgD/AvgA,AvgCH/AvgCD/AvgCA,0.3631140175919994,0.30413690008501854,0.33274908232298195,0.04713153021087613
2425,E0,2025-03-09,Chelsea,Leicester,H,1.2,7.67,12.34,1.23,6.96,12.22,AvgH/AvgD/AvgA,AvgCH/AvgCD/AvgCA,0.7976399757963524,0.12479373806461835,0.0775662861390294,0.044748706960612505
2425,E0,2025-03-09,Man United,Arsenal,D,5.41,3.58,1.72,5.1,3.55,1.78,AvgH/AvgD/AvgA,AvgCH/AvgCD/AvgCA,0.17678707802908936,0.2671558916584842,0.5560570303124264,0.04556784132474023
2425,E0,2025-03-09,Tottenham,Bournemouth,D,2.71,3.88,2.4,2.8,3.75,2.4,AvgH/AvgD/AvgA,AvgCH/AvgCD/AvgCA,0.353654275601197,0.24701110486578454,0.3993346195330183,0.04340231546645379
2425,E0,2025-03-10,West Ham,Newcastle,A,3.21,3.57,2.19,3.35,3.49,2.2,AvgH/AvgD/AvgA,AvgCH/AvgCD/AvgCA,0.2971844959118744,0.26721631145017277,0.43559919263795294,0.048259529134915935
2425,E0,2025-03-15,Bournemouth,Brentford,A,1.76,4.16,4.25,1.76,4.2,4.29,AvgH/AvgD/AvgA,AvgCH/AvgCD/AvgCA,0.5443081621594996,0.23028422245209593,0.2254076153884045,0.043860551213492416
2425,E0,2025-03-15,Everton,West Ham,D,2.11,3.27,3.81,2.14,3.22,3.82,AvgH/AvgD/AvgA,AvgCH/AvgCD/AvgCA,0.4547385710375035,0.29342458253490283,0.2518368464275938,0.042211238443666144
2425,E0,2025-03-15,Ipswich,Nott'm Forest,A,3.8,3.59,1.99,3.99,3.56,1.96,AvgH/AvgD/AvgA,AvgCH/AvgCD/AvgCA,0.25201336244757144,0.26675509117013135,0.4812315463822972,0.04422198958433854
2425,E0,2025-03-15,Man City,Brighton,D,1.66,4.45,4.63,1.81,4.03,4.15,AvgH/AvgD/AvgA,AvgCH/AvgCD/AvgCA,0.5775122420206131,0.2154315329784759,0.20705622500091098,0.043111461060101774
2425,E0,2025-03-15,Southampton,Wolves,A,3.63,3.51,2.06,3.9,3.38,2.04,AvgH/AvgD/AvgA,AvgCH/AvgCD/AvgCA,0.26341271489305895,0.27241827779538574,0.4641690073115553,0.045819271768080316
2425,E0,2025-03-16,Arsenal,Chelsea,H,1.81,3.74,4.44,1.73,3.68,5.24,AvgH/AvgD/AvgA,AvgCH/AvgCD/AvgCA,0.5286488344995766,0.25584341990487525,0.21550774559554808,0.04509109221491414
2425,E0,2025-03-16,Fulham,Tottenham,H,2.01,3.84,3.48,1.85,3.94,4.04,AvgH/AvgD/AvgA,AvgCH/AvgCD/AvgCA,0.47595845621233496,0.24913450442364407,0.274907039364021,0.04528542631669241
2425,E0,2025-03-16,Leicester,Man United,A,4.21,3.76,1.84,4.5,3.74,1.81,AvgH/AvgD/AvgA,AvgCH/AvgCD/AvgCA,0.226874442520594,0.2540269688860906,0.5190985885933155,0.04696539888947715
2425,E0,2025-04-01,Arsenal,Fulham,H,1.48,4.2,7.73,1.49,4.16,7.46,AvgH/AvgD/AvgA,AvgCH/AvgCD/AvgCA,0.6477343463202081,0.22824924584616857,0.12401640783362329,0.04313701985112073
2425,E0,2025-04-01,Nott'm Forest,Man United,H,2.32,3.42,3.13,2.36,3.39,3.11,AvgH/AvgD/AvgA,AvgCH/AvgCD/AvgCA,0.41329544489316855,0.28036416144799736,0.3063403936588342,0.04292096146870783
2425,E0,2025-04-01,Wolves,West Ham,H,2.57,3.2,2.92,2.37,3.25,3.21,AvgH/AvgD/AvgA,AvgCH/AvgCD/AvgCA,0.37268071664459723,0.29930920055519217,0.3280100828002106,0.044070811790416275
2425,E0,2025-04-02,Bournemouth,Ipswich,A,1.38,5.23,7.72,1.39,5.13,7.75,AvgH/AvgD/AvgA,AvgCH/AvgCD/AvgCA,0.6931838081536089,0.18290509660649718,0.12391109523989383,0.04537594882603102
2425,E0,2025-04-02,Brighton,Aston Villa,A,2.09,3.81,3.27,2.35,3.49,3.03,AvgH/AvgD/AvgA,AvgCH/AvgCD/AvgCA,0.4571010313363345,0.25074571010313357,0.29215325856053176,0.046746488676097986
2425,E0,2025-04-02,Liverpool,Everton,H,1.36,5.02,8.78,1.48,4.38,7.07,AvgH/AvgD/AvgA,AvgCH/AvgCD/AvgCA,0.7013538371449121,0.1900082108599762,0.10863795199511168,0.048392521298965985
2425,E0,2025-04-02,Man City,Leicester,H,1.2,7.61,12.4,1.2,7.6,13.22,AvgH/AvgD/AvgA,AvgCH/AvgCD/AvgCA,0.7971548286814895,0.1257011556396567,0.07714401567885382,0.04538453930171116
2425,E0,2025-04-02,Newcastle,Brentford,H,1.73,4.31,4.21,1.67,4.32,4.68,AvgH/AvgD/AvgA,AvgCH/AvgCD/AvgCA,0.5517793989302016,0.22147989794646142,0.226740703123337,0.04758293477724518
2425,E0,2025-04-02,Southampton,Crystal Palace,D,5.5,4.01,1.62,5.68,4.04,1.61,AvgH/AvgD/AvgA,AvgCH/AvgCD/AvgCA,0.17341142301901702,0.23784609142259194,0.588742485558391,0.04847869103895697
2425,E0,2025-04-03,Chelsea,Tottenham,H,1.64,4.5,4.57,1.68,4.36,4.58,AvgH/AvgD/AvgA,AvgCH/AvgCD/AvgCA,0.5802797984187269,0.21147974875704714,0.20824045282422587,0.05079670052718033
2425,E0,2025-04-05,Aston Villa,Nott'm Forest,H,1.99,3.63,3.72,2.14,3.39,3.57,AvgH/AvgD/AvgA,AvgCH/AvgCD/AvgCA,0.4800409525739333,0.2631629464523767,0.25679610097369016,0.0468118607790573
2425,E0,2025-04-05,Crystal Palace,Brighton,H,2.43,3.46,2.87,2.53,3.39,2.81,AvgH/AvgD/AvgA,AvgCH/AvgCD/AvgCA,0.3923103970038045,0.2755243539650997,0.3321652490310958,0.04897203053444721
2425,E0,2025-04-05,Everton,Arsenal,D,5.15,3.44,1.78,4.1,3.17,2.07,AvgH/AvgD/AvgA,AvgCH/AvgCD/AvgCA,0.1855166605062079,0.2777356981415613,0.5367476413522309,0.04667018450914684
2425,E0,2025-04-05,Ipswich,Wolves,A,2.74,3.28,2.65,2.84,3.2,2.63,AvgH/AvgD/AvgA,AvgCH/AvgCD/AvgCA,0.348513644637974,0.29113639826464904,0.36034995709737694,0.04720004299616054
2425,E0,2025-04-05,West Ham,Bournemouth,D,3.04,3.47,2.34,2.98,3.49,2.38,AvgH/AvgD/AvgA,AvgCH/AvgCD/AvgCA,0.3149382131858414,0.2759112876325527,0.40915049918160595,0.04448223381182581
2425,E0,2025-04-06,Brentford,Chelsea,D,3.2,3.73,2.15,2.89,3.57,2.41,AvgH/AvgD/AvgA,AvgCH/AvgCD/AvgCA,0.29883922416202424,0.256376814294498,0.4447839615434779,0.04571279381507565
2425,E0,2025-04-06,Fulham,Liverpool,H,4.24,3.7,1.86,4.19,3.52,1.92,AvgH/AvgD/AvgA,AvgCH/AvgCD/AvgCA,0.22596235930707503,0.2589406495843238,0.5150969911086012,0.04375373547619432
2425,E0,2025-04-06,Man United,Man City,D,3.33,3.61,2.13,3.39,3.67,2.11,AvgH/AvgD/AvgA,AvgCH/AvgCD/AvgCA,0.28687671386199565,0.2646258884100957,0.44849739772790864,0.04679217862472518
2425,E0,2025-04-06,Tottenham,Southampton,H,1.39,5.32,7.12,1.37,5.41,7.68,AvgH/AvgD/AvgA,AvgCH/AvgCD/AvgCA,0.6865760377016495,0.17938734819648358,0.13403661410186696,0.047843823445931966
2425,E0,2025-04-07,Leicester,Newcastle,A,6.4,4.44,1.5,7.18,4.63,1.45,AvgH/AvgD/AvgA,AvgCH/AvgCD/AvgCA,0.14907332796132153,0.21488047273704,0.6360461993016384,0.048141891891891886
2425,E0,2025-04-12,Arsenal,Brentford,D,1.61,4.16,5.35,1.63,4.15,5.21,AvgH/AvgD/AvgA,AvgCH/AvgCD/AvgCA,0.5924332727306606,0.22928306949431818,0.17828365777502125,0.04841851565744282
2425,E0,2025-04-12,Brighton,Leicester,D,1.27,5.89,10.98,1.29,5.98,10.04,AvgH/AvgD/AvgA,AvgCH/AvgCD/AvgCA,0.7511542200608383,0.16196364337474783,0.0868821365644139,0.04825554296876011
2425,E0,2025-04-12,Man City,Crystal Palace,H,1.5,4.7,5.95,1.63,4.25,5.16,AvgH/AvgD/AvgA,AvgCH/AvgCD/AvgCA,0.6364360491579426,0.20311788802913064,0.1604460628129267,0.047499851004231486
2425,E0,2025-04-12,Nott'm Forest,Everton,A,2.11,3.33,3.67,1.97,3.34,4.21,AvgH/AvgD/AvgA,AvgCH/AvgCD/AvgCA,0.45278258388876336,0.2868982738754627,0.26031914223577407,0.0467135136220973
2425,E0,2025-04-12,Southampton,Aston Villa,A,5.65,4.42,1.55,6.1,4.55,1.52,AvgH/AvgD/AvgA,AvgCH/AvgCD/AvgCA,0.16882076808397914,0.21580030309377427,0.6153789288222465,0.048396784656461245
2425,E0,2025-04-13,Chelsea,Ipswich,D,1.25,6.57,9.7,1.2,7.33,13.53,AvgH/AvgD/AvgA,AvgCH/AvgCD/AvgCA,0.7580784260079817,0.14423105517655663,0.09769051881546156,0.05529978502722477
2425,E0,2025-04-13,Liverpool,West Ham,H,1.3,5.89,9.45,1.28,5.9,10.63,AvgH/AvgD/AvgA,AvgCH/AvgCD/AvgCA,0.736225653913561,0.16249462650044644,0.10127971958599254,0.04483016197786993
2425,E0,2025-04-13,Newcastle,Man United,H,1.65,4.21,4.73,1.61,4.29,5.26,AvgH/AvgD/AvgA,AvgCH/AvgCD/AvgCA,0.5744613334179545,0.22514517818043348,0.20039348840161203,0.055006787758265396
2425,E0,2025-04-13,Wolves,Tottenham,H,2.23,3.55,3.14,2.28,3.56,3.1,AvgH/AvgD/AvgA,AvgCH/AvgCD/AvgCA,0.42765013024779697,0.2686365606908696,0.3037133090613335,0.04859197169823082
2425,E0,2025-04-14,Bournemouth,Fulham,H,2.15,3.58,3.3,2.24,3.41,3.3,AvgH/AvgD/AvgA,AvgCH/AvgCD/AvgCA,0.4440351800345787,0.2666691723671352,0.28929564759828613,0.04747619103861789
2425,E0,2025-04-16,Newcastle,Crystal Palace,H,1.71,3.96,4.75,1.67,3.99,5.1,AvgH/AvgD/AvgA,AvgCH/AvgCD/AvgCA,0.5580923389142567,0.24099441907661087,0.2009132420091324,0.04784688995215314
2425,E0,2025-04-19,Aston Villa,Newcastle,H,2.36,3.63,2.85,2.54,3.6,2.69,AvgH/AvgD/AvgA,AvgCH/AvgCD/AvgCA,0.40351739389897145,0.262341886942582,0.3341407191584465,0.0500881002056901
2425,E0,2025-04-19,Brentford,Brighton,H,2.5,3.61,2.7,2.64,3.58,2.59,AvgH/AvgD/AvgA,AvgCH/AvgCD/AvgCA,0.3819058067549565,0.26447770550897265,0.3536164877360708,0.04737868061967787
2425,E0,2025-04-19,Crystal Palace,Bournemouth,D,2.54,3.54,2.69,2.57,3.49,2.72,AvgH/AvgD/AvgA,AvgCH/AvgCD/AvgCA,0.3756923950952388,0.26956459987059506,0.35474300503416606,0.04793387500370039
2425,E0,2025-04-19,Everton,Man City,A,3.8,3.65,1.96,4.06,3.64,1.91,AvgH/AvgD/AvgA,AvgCH/AvgCD/AvgCA,0.2512644001123911,0.26159033436358525,0.4871452655240236,0.04733457910922123
2425,E0,2025-04-19,West Ham,Southampton,D,1.49,4.49,6.44,1.6,4.3,5.37,AvgH/AvgD/AvgA,AvgCH/AvgCD/AvgCA,0.6397072650565361,0.2122859298294518,0.1480068051140122,0.049137591923395396
2425,E0,2025-04-20,Fulham,Chelsea,A,2.82,3.52,2.43,3.07,3.57,2.3,AvgH/AvgD/AvgA,AvgCH/AvgCD/AvgCA,0.3376518793965088,0.27050519883470314,0.391842921768788,0.050223471913779294
2425,E0,2025-04-20,Ipswich,Arsenal,A,7.83,4.81,1.4,9.07,5.12,1.35,AvgH/AvgD/AvgA,AvgCH/AvgCD/AvgCA,0.12164390886280829,0.1980190865687711,0.6803370045684206,0.04989984300329131
2425,E0,2025-04-20,Leicester,Liverpool,A,11.76,6.63,1.23,11.84,6.92,1.22,AvgH/AvgD/AvgA,AvgCH/AvgCD/AvgCA,0.08107189191607389,0.14380172683756093,0.775126381246365,0.04887170628101156
2425,E0,2025-04-20,Man United,Wolves,A,2.0,3.58,3.72,2.56,3.44,2.76,AvgH/AvgD/AvgA,AvgCH/AvgCD/AvgCA,0.4770324096627217,0.26649855288420204,0.2564690374530762,0.04814681323962278
2425,E0,2025-04-21,Tottenham,Nott'm Forest,A,2.47,3.71,2.66,2.4,3.49,2.96,AvgH/AvgD/AvgA,AvgCH/AvgCD/AvgCA,0.38545454545454544,0.25662337662337664,0.3579220779220779,0.05033992819494304
2425,E0,2025-04-22,Man City,Aston Villa,H,1.85,4.06,3.93,1.91,3.92,3.84,AvgH/AvgD/AvgA,AvgCH/AvgCD/AvgCA,0.5191021983062922,0.23653671597700518,0.2443610857167025,0.04129888546840377
2425,E0,2025-04-23,Arsenal,Crystal Palace,D,1.41,4.66,8.13,1.4,4.77,8.6,AvgH/AvgD/AvgA,AvgCH/AvgCD/AvgCA,0.6775036346761518,0.20499573495565965,0.11750063036818867,0.04681336284644
2425,E0,2025-04-26,Brighton,West Ham,H,1.67,4.14,4.76,1.78,3.96,4.36,AvgH/AvgD/AvgA,AvgCH/AvgCD/AvgCA,0.5700532841183243,0.22994903006705356,0.19999768581462218,0.05043232254283292
2425,E0,2025-04-26,Chelsea,Everton,H,1.58,4.08,5.91,1.44,4.79,7.31,AvgH/AvgD/AvgA,AvgCH/AvgCD/AvgCA,0.6043762688923979,0.23404767275735017,0.1615760583502519,0.047214169353406055
2425,E0,2025-04-26,Newcastle,Ipswich,H,1.18,7.72,14.89,1.17,8.08,15.61,AvgH/AvgD/AvgA,AvgCH/AvgCD/AvgCA,0.8116240416972038,0.12405652450812184,0.06431943379467431,0.04415047310144726
2425,E0,2025-04-26,Southampton,Fulham,A,5.17,4.11,1.64,5.15,4.08,1.65,AvgH/AvgD/AvgA,AvgCH/AvgCD/AvgCA,0.18483104319140942,0.23250036333323273,0.5826685934753577,0.04648869767298258
2425,E0,2025-04-26,Wolves,Leicester,H,1.51,4.38,6.24,1.53,4.39,6.11,AvgH/AvgD/AvgA,AvgCH/AvgCD/AvgCA,0.6302245465487901,0.21726919298828154,0.15250626046292837,0.05081856816865438
2425,E0,2025-04-27,Bournemouth,Man United,D,1.67,4.13,4.77,1.95,3.83,3.69,AvgH/AvgD/AvgA,AvgCH/AvgCD/AvgCA,0.5699749154445058,0.2304741183516525,0.1995509662038417,0.0505767516849287
2425,E0,2025-04-27,Liverpool,Tottenham,H,1.25,6.57,9.98,1.2,7.4,12.79,AvgH/AvgD/AvgA,AvgCH/AvgCD/AvgCA,0.7601618899996639,0.14462745243524805,0.09521065756508815,0.052407402323673136
2425,E0,2025-05-01,Nott'm Forest,Brentford,A,2.17,3.55,3.27,2.31,3.54,3.07,AvgH/AvgD/AvgA,AvgCH/AvgCD/AvgCA,0.439584366799329,0.2687036833674772,0.2917119498331939,0.04833003148614479
2425,E0,2025-05-02,Man City,Wolves,H,1.4,5.14,7.49,1.34,5.42,9.09,AvgH/AvgD/AvgA,AvgCH/AvgCD/AvgCA,0.6852650203095019,0.18664806000647913,0.12808691968401903,0.04234959193321308
2425,E0,2025-05-03,Arsenal,Bournemouth,A,2.08,3.6,3.47,1.68,4.04,4.93,AvgH/AvgD/AvgA,AvgCH/AvgCD/AvgCA,0.4593052328146601,0.2653763567373592,0.2753184104479807,0.046731446587354286
2425,E0,2025-05-03,Aston Villa,Fulham,H,1.79,3.88,4.32,1.86,3.75,4.18,AvgH/AvgD/AvgA,AvgCH/AvgCD/AvgCA,0.5331365539001768,0.24595732770137027,0.2209061183984529,0.04787265812146302
2425,E0,2025-05-03,Everton,Ipswich,D,1.47,4.4,7.07,1.56,4.28,5.91,AvgH/AvgD/AvgA,AvgCH/AvgCD/AvgCA,0.6485035095655726,0.2166591270594072,0.13483736337502006,0.04898755181640624
2425,E0,2025-05-03,Leicester,Southampton,H,2.33,3.62,2.93,2.42,3.55,2.87,AvgH/AvgD/AvgA,AvgCH/AvgCD/AvgCA,0.4100262485455059,0.2639119224063615,0.32606182904813263,0.046724571606520104
2425,E0,2025-05-04,Brentford,Man United,H,1.67,4.14,4.74,1.65,4.36,4.79,AvgH/AvgD/AvgA,AvgCH/AvgCD/AvgCA,0.5695726376650064,0.22975514611124656,0.20067221622374695,0.051318753064408806
2425,E0,2025-05-04,Brighton,Newcastle,D,2.86,3.77,2.31,3.12,3.71,2.21,AvgH/AvgD/AvgA,AvgCH/AvgCD/AvgCA,0.3336986301369863,0.2531506849315069,0.4131506849315068,0.04780277194070304
2425,E0,2025-05-04,Chelsea,Liverpool,H,2.18,3.71,3.14,2.35,3.71,2.86,AvgH/AvgD/AvgA,AvgCH/AvgCD/AvgCA,0.4382373299626821,0.2575087275791501,0.30425394245816784,0.04672871288563418
2425,E0,2025-05-04,West Ham,Tottenham,D,2.1,3.73,3.31,1.86,3.93,3.97,AvgH/AvgD/AvgA,AvgCH/AvgCD/AvgCA,0.4550742159135726,0.25620800359745377,0.28871778048897356,0.04640179456116211
2425,E0,2025-05-05,Crystal Palace,Nott'm Forest,D,2.29,3.38,3.15,2.2,3.43,3.39,AvgH/AvgD/AvgA,AvgCH/AvgCD/AvgCA,0.41588706558805033,0.28176963911143055,0.30234329530051907,0.04999952833342158
2425,E0,2025-05-10,Bournemouth,Aston Villa,A,2.45,3.68,2.71,2.58,3.53,2.68,AvgH/AvgD/AvgA,AvgCH/AvgCD/AvgCA,0.38913232637357914,0.2590690759824101,0.3517985976440107,0.04890608577780542
2425,E0,2025-05-10,Fulham,Everton,A,1.87,3.55,4.32,1.76,3.68,4.89,AvgH/AvgD/AvgA,AvgCH/AvgCD/AvgCA,0.5103001706990007,0.26880600541045957,0.2208938238905397,0.04793098061532186
2425,E0,2025-05-10,Ipswich,Brentford,A,4.94,4.2,1.65,5.66,4.68,1.53,AvgH/AvgD/AvgA,AvgCH/AvgCD/AvgCA,0.19341873901029893,0.22749727874068493,0.5790839822490162,0.046584993953414866
2425,E0,2025-05-10,Southampton,Man City,D,13.37,7.58,1.19,13.84,7.49,1.19,AvgH/AvgD/AvgA,AvgCH/AvgCD/AvgCA,0.071432926998276,0.12599712849168207,0.802569944510042,0.04705657145782505
2425,E0,2025-05-10,Wolves,Brighton,A,2.73,3.47,2.54,2.98,3.34,2.45,AvgH/AvgD/AvgA,AvgCH/AvgCD/AvgCA,0.34946136369944214,0.27493646193068505,0.3756021743698728,0.04818559174228687
2425,E0,2025-05-11,Liverpool,Arsenal,D,2.06,3.54,3.57,2.24,3.56,3.16,AvgH/AvgD/AvgA,AvgCH/AvgCD/AvgCA,0.46318775564058584,0.26953863746316575,0.2672736068962484,0.048034813728025316
2425,E0,2025-05-11,Man United,West Ham,A,1.92,3.72,3.83,2.01,3.67,3.66,AvgH/AvgD/AvgA,AvgCH/AvgCD/AvgCA,0.4956790381163112,0.2558343422535799,0.24848661963010896,0.05074714337853381
2425,E0,2025-05-11,Newcastle,Chelsea,H,2.13,3.76,3.18,2.24,3.75,3.03,AvgH/AvgD/AvgA,AvgCH/AvgCD/AvgCA,0.447167059351509,0.25331538202625375,0.29951755862223717,0.049906423688659496
2425,E0,2025-05-11,Nott'm Forest,Leicester,D,1.33,5.34,8.83,1.39,5.03,7.8,AvgH/AvgD/AvgA,AvgCH/AvgCD/AvgCA,0.7144456751158742,0.17794246215432824,0.10761186272979759,0.05239589997682437
2425,E0,2025-05-11,Tottenham,Crystal Palace,A,2.65,3.68,2.5,3.05,3.64,2.27,AvgH/AvgD/AvgA,AvgCH/AvgCD/AvgCA,0.35969816632130436,0.25902177737811316,0.3812800563005826,0.04909762100082027
2425,E0,2025-05-16,Aston Villa,Tottenham,H,1.32,5.95,8.45,1.26,6.66,10.21,AvgH/AvgD/AvgA,AvgCH/AvgCD/AvgCA,0.7256568834748973,0.16098606490535536,0.11335705161974728,0.04398617973278607
2425,E0,2025-05-16,Chelsea,Man United,H,1.46,4.9,6.51,1.57,4.53,5.46,AvgH/AvgD/AvgA,AvgCH/AvgCD/AvgCA,0.6569311498097105,0.19573866912697496,0.1473301810633145,0.042622970531562165
2425,E0,2025-05-18,Arsenal,Newcastle,H,2.01,3.59,3.7,1.9,3.76,3.99,AvgH/AvgD/AvgA,AvgCH/AvgCD/AvgCA,0.4754813698502644,0.266216588690538,0.2583020414591976,0.04633424011464182
2425,E0,2025-05-18,Brentford,Fulham,A,1.93,3.9,3.64,2.04,3.75,3.5,AvgH/AvgD/AvgA,AvgCH/AvgCD/AvgCA,0.49380482951976135,0.24437008230080495,0.26182508817943384,0.049270246161437825
2425,E0,2025-05-18,Everton,Southampton,H,1.4,4.79,7.93,1.43,4.76,7.54,AvgH/AvgD/AvgA,AvgCH/AvgCD/AvgCA,0.6808184583287777,0.19898660577459057,0.12019493589663163,0.04915738630102573
2425,E0,2025-05-18,Leicester,Ipswich,H,2.33,3.59,2.94,2.27,3.67,3.04,AvgH/AvgD/AvgA,AvgCH/AvgCD/AvgCA,0.4095772133723976,0.26582587943111047,0.324596907196492,0.047872135811418026
2425,E0,2025-05-18,West Ham,Nott'm Forest,A,2.8,3.4,2.53,3.0,3.39,2.41,AvgH/AvgD/AvgA,AvgCH/AvgCD/AvgCA,0.3412679520749028,0.2810441958263905,0.3776878520987067,0.04651742119772817
2425,E0,2025-05-19,Brighton,Liverpool,H,2.63,3.82,2.46,2.22,3.89,2.97,AvgH/AvgD/AvgA,AvgCH/AvgCD/AvgCA,0.3626358360088911,0.2496681279328229,0.38769603605828595,0.048512306634821645
2425,E0,2025-05-20,Crystal Palace,Wolves,H,2.27,3.32,3.26,2.37,3.31,3.12,AvgH/AvgD/AvgA,AvgCH/AvgCD/AvgCA,0.42015854160358385,0.2872770751325709,0.2925643832638452,0.048481919896010695
2425,E0,2025-05-20,Man City,Bournemouth,H,1.55,4.51,5.49,1.34,5.59,8.53,AvgH/AvgD/AvgA,AvgCH/AvgCD/AvgCA,0.6150015275745842,0.21136416136155334,0.17363431106386254,0.04904014282198488
2425,E0,2025-05-25,Bournemouth,Leicester,H,1.33,5.61,8.35,1.34,5.6,8.53,AvgH/AvgD/AvgA,AvgCH/AvgCD/AvgCA,0.7161486799479593,0.16978212911422208,0.11406919093781866,0.04989329771962647
2425,E0,2025-05-25,Fulham,Man City,A,5.15,4.28,1.61,6.06,4.53,1.52,AvgH/AvgD/AvgA,AvgCH/AvgCD/AvgCA,0.18511563682863078,0.22274428263258142,0.5921400805387879,0.04893762951699765
2425,E0,2025-05-25,Ipswich,West Ham,A,2.99,3.85,2.21,3.2,3.59,2.22,AvgH/AvgD/AvgA,AvgCH/AvgCD/AvgCA,0.3195332714934336,0.2481570082507445,0.43230972025582187,0.04667710805818226
2425,E0,2025-05-25,Liverpool,Crystal Palace,D,1.4,5.65,6.27,1.37,5.95,6.99,AvgH/AvgD/AvgA,AvgCH/AvgCD/AvgCA,0.6797758738138869,0.16844003952910475,0.15178408665700827,0.05076649790203591
2425,E0,2025-05-25,Man United,Aston Villa,H,4.37,4.16,1.73,4.74,4.29,1.67,AvgH/AvgD/AvgA,AvgCH/AvgCD/AvgCA,0.2185079593515929,0.22953840922270696,0.5519536314257001,0.04725224941062045
2425,E0,2025-05-25,Newcastle,Everton,A,1.32,5.6,8.77,1.27,6.18,10.88,AvgH/AvgD/AvgA,AvgCH/AvgCD/AvgCA,0.7213823655560191,0.1700401290239188,0.10857750542006217,0.050172271666000245
2425,E0,2025-05-25,Nott'm Forest,Chelsea,A,3.09,3.72,2.2,3.44,3.78,2.06,AvgH/AvgD/AvgA,AvgCH/AvgCD/AvgCA,0.30910079767947796,0.25675308194343727,0.43414612037708483,0.04698725431578543
2425,E0,2025-05-25,Southampton,Arsenal,A,9.45,5.83,1.29,11.73,6.4,1.25,AvgH/AvgD/AvgA,AvgCH/AvgCD/AvgCA,0.1005378004323258,0.16296435919133423,0.73649784037634,0.05254049089064439
2425,E0,2025-05-25,Tottenham,Brighton,A,4.23,4.43,1.71,3.71,4.02,1.91,AvgH/AvgD/AvgA,AvgCH/AvgCD/AvgCA,0.22580818242790077,0.21561368209255538,0.5585781354795439,0.04693557533428194
2425,E0,2025-05-25,Wolves,Brentford,D,2.71,3.76,2.43,2.91,3.74,2.32,AvgH/AvgD/AvgA,AvgCH/AvgCD/AvgCA,0.3526129123137424,0.25414388094953244,0.3932432067367251,0.04648377059026698
2526,E0,2025-08-15,Liverpool,Bournemouth,H,1.31,5.96,8.31,1.29,6.02,8.68,AvgH/AvgD/AvgA,AvgCH/AvgCD/AvgCA,0.7259844066296011,0.15957039810147275,0.11444519526892628,0.051480956966919456
2526,E0,2025-08-16,Aston Villa,Newcastle,D,2.3,3.56,2.94,2.38,3.41,2.93,AvgH/AvgD/AvgA,AvgCH/AvgCD/AvgCA,0.41179710737948727,0.2660486929698934,0.32215419965061926,0.05581753952191537
2526,E0,2025-08-16,Brighton,Fulham,D,1.92,3.62,3.91,1.83,3.64,4.26,AvgH/AvgD/AvgA,AvgCH/AvgCD/AvgCA,0.49469799173767465,0.2623812552862805,0.24292075297604485,0.052830902959310144
2526,E0,2025-08-16,Sunderland,West Ham,H,3.17,3.38,2.26,3.4,3.17,2.25,AvgH/AvgD/AvgA,AvgCH/AvgCD/AvgCA,0.29935417123867447,0.28075524343982194,0.4198905853215036,0.053793277521086535
2526,E0,2025-08-16,Tottenham,Burnley,H,1.37,4.8,8.3,1.55,4.01,6.16,AvgH/AvgD/AvgA,AvgCH/AvgCD/AvgCA,0.6894284181563327,0.1967743610154533,0.11379722082821393,0.05874226834344687
2526,E0,2025-08-16,Wolves,Man City,A,6.73,4.73,1.44,6.24,4.32,1.51,AvgH/AvgD/AvgA,AvgCH/AvgCD/AvgCA,0.140915645501321,0.20049942795431083,0.6585849265443683,0.0544493450347141
2526,E0,2025-08-17,Chelsea,Crystal Palace,D,1.61,4.21,5.08,1.82,3.72,4.26,AvgH/AvgD/AvgA,AvgCH/AvgCD/AvgCA,0.5884596229883033,0.22504037838745097,0.18649999862424577,0.05549809733454891
2526,E0,2025-08-17,Man United,Arsenal,A,3.57,3.56,2.01,3.79,3.7,1.93,AvgH/AvgD/AvgA,AvgCH/AvgCD/AvgCA,0.26462528429577853,0.2653686137460476,0.4700061019581739,0.05852335903336692
2526,E0,2025-08-17,Nott'm Forest,Brentford,H,2.15,3.36,3.43,1.91,3.44,4.16,AvgH/AvgD/AvgA,AvgCH/AvgCD/AvgCA,0.44116937752887275,0.28229588145448703,0.27653474101664033,0.05428051619318808
2526,E0,2025-08-18,Leeds,Everton,H,2.39,3.29,2.96,2.34,3.21,3.16,AvgH/AvgD/AvgA,AvgCH/AvgCD/AvgCA,0.39465227205492004,0.2866926839547899,0.31865504399029015,0.06019924745999683
2526,E0,2025-08-22,West Ham,Chelsea,A,4.68,3.88,1.71,4.75,3.82,1.72,AvgH/AvgD/AvgA,AvgCH/AvgCD/AvgCA,0.20230515916575192,0.24401756311745335,0.5536772777167946,0.05620249407552724
2526,E0,2025-08-23,Arsenal,Leeds,H,1.27,5.93,10.61,1.33,5.36,8.94,AvgH/AvgD/AvgA,AvgCH/AvgCD/AvgCA,0.7497018103478064,0.16056008417229584,0.08973810547989768,0.05028634576439561
2526,E0,2025-08-23,Bournemouth,Wolves,H,1.79,3.88,4.24,1.8,3.74,4.32,AvgH/AvgD/AvgA,AvgCH/AvgCD/AvgCA,0.5309236429355192,0.2449364229006648,0.22413993416381586,0.05224023324375526
2526,E0,2025-08-23,Brentford,Aston Villa,H,3.11,3.53,2.21,3.25,3.45,2.18,AvgH/AvgD/AvgA,AvgCH/AvgCD/AvgCA,0.304112237698176,0.26792891196638174,0.4279588503354423,0.05731821512310398
2526,E0,2025-08-23,Burnley,Sunderland,H,2.25,3.16,3.42,2.38,3.11,3.22,AvgH/AvgD/AvgA,AvgCH/AvgCD/AvgCA,0.4219551619931126,0.30044275774826057,0.27760208025862676,0.05329780146568952
2526,E0,2025-08-23,Man City,Tottenham,A,1.48,4.7,6.08,1.54,4.53,5.46,AvgH/AvgD/AvgA,AvgCH/AvgCD/AvgCA,0.6417189156171963,0.20207319044967031,0.1562078939331333,0.05291531733301058
2526,E0,2025-08-24,Crystal Palace,Nott'm Forest,D,2.35,3.26,3.07,2.39,3.24,3.06,AvgH/AvgD/AvgA,AvgCH/AvgCD/AvgCA,0.40219902988703454,0.2899287485381997,0.3078722215747659,0.05801328017408691
2526,E0,2025-08-24,Everton,Brighton,H,3.08,3.3,2.32,2.9,3.34,2.43,AvgH/AvgD/AvgA,AvgCH/AvgCD/AvgCA,0.3066619668664082,0.28621783574198095,0.40712019739161087,0.05874011046424843
2526,E0,2025-08-24,Fulham,Man United,D,3.27,3.53,2.13,3.45,3.51,2.08,AvgH/AvgD/AvgA,AvgCH/AvgCD/AvgCA,0.2888873520292311,0.26760953006673815,0.44350311790403085,0.05858008460880404
2526,E0,2025-08-25,Newcastle,Liverpool,A,3.3,3.83,2.02,2.92,3.65,2.29,AvgH/AvgD/AvgA,AvgCH/AvgCD/AvgCA,0.28609993491509383,0.2465090823028223,0.4673909827820839,0.05917641372492333
2526,E0,2025-08-30,Chelsea,Fulham,H,1.55,4.35,5.6,1.67,3.93,5.03,AvgH/AvgD/AvgA,AvgCH/AvgCD/AvgCA,0.6123295418839941,0.21818638848740024,0.16948406962860554,0.05361777636527365
2526,E0,2025-08-30,Leeds,Newcastle,D,3.37,3.49,2.12,3.67,3.36,2.06,AvgH/AvgD/AvgA,AvgCH/AvgCD/AvgCA,0.28127506700374466,0.2716037179950199,0.4471212150012356,0.054966969541455635
2526,E0,2025-08-30,Man United,Burnley,H,1.35,5.15,8.28,1.38,5.06,7.6,AvgH/AvgD/AvgA,AvgCH/AvgCD/AvgCA,0.7016660496112551,0.183931877082562,0.1144020733061829,0.055688444882197485
2526,E0,2025-08-30,Sunderland,Brentford,H,2.92,3.27,2.46,3.1,3.25,2.35,AvgH/AvgD/AvgA,AvgCH/AvgCD/AvgCA,0.32467972779890053,0.2899280749763883,0.38539219722471124,0.05478021601882466
2526,E0,2025-08-30,Tottenham,Bournemouth,A,1.73,4.06,4.29,1.89,3.75,3.84,AvgH/AvgD/AvgA,AvgCH/AvgCD/AvgCA,0.5466357425093133,0.2329260676209636,0.2204381898697231,0.05744033390036973
2526,E0,2025-08-30,Wolves,Everton,A,2.66,3.19,2.74,3.33,3.11,2.32,AvgH/AvgD/AvgA,AvgCH/AvgCD/AvgCA,0.3565496198152922,0.2973109682472343,0.3461394119374735,0.054382977098146545
2526,E0,2025-08-31,Aston Villa,Crystal Palace,A,1.88,3.56,4.07,2.09,3.51,3.44,AvgH/AvgD/AvgA,AvgCH/AvgCD/AvgCA,0.5025109594362133,0.2653709561067643,0.23211808445702234,0.0585140157217614
2526,E0,2025-08-31,Brighton,Man City,H,3.78,3.84,1.85,3.47,3.64,2.03,AvgH/AvgD/AvgA,AvgCH/AvgCD/AvgCA,0.24828569631136374,0.24440623230649866,0.5073080713821376,0.06550747175747174
2526,E0,2025-08-31,Liverpool,Arsenal,H,2.2,3.49,3.17,2.37,3.33,3.01,AvgH/AvgD/AvgA,AvgCH/AvgCD/AvgCA,0.430222474557948,0.2712004137614572,0.2985771116805948,0.05653581908406413
2526,E0,2025-08-31,Nott'm Forest,West Ham,A,1.69,3.74,5.03,1.65,4.01,4.98,AvgH/AvgD/AvgA,AvgCH/AvgCD/AvgCA,0.5593292401920704,0.252745030995882,0.1879257288120475,0.05790281253340002
2526,E0,2025-09-13,Arsenal,Nott'm Forest,H,1.38,4.85,8.16,1.41,4.78,7.48,AvgH/AvgD/AvgA,AvgCH/AvgCD/AvgCA,0.6879217379514617,0.19573855636557055,0.11633970568296777,0.05337226777757276
2526,E0,2025-09-13,Bournemouth,Brighton,H,2.38,3.5,2.87,2.42,3.51,2.82,AvgH/AvgD/AvgA,AvgCH/AvgCD/AvgCA,0.3985225505443235,0.27099533437013995,0.33048211508553654,0.05431440869030535
2526,E0,2025-09-13,Brentford,Chelsea,D,4.54,3.92,1.73,4.21,3.72,1.83,AvgH/AvgD/AvgA,AvgCH/AvgCD/AvgCA,0.2090982529923595,0.2421699154554368,0.5487318315522036,0.05340104007786817
2526,E0,2025-09-13,Crystal Palace,Sunderland,D,1.66,3.76,5.42,1.68,3.65,5.41,AvgH/AvgD/AvgA,AvgCH/AvgCD/AvgCA,0.5721601437475434,0.2526026166545005,0.17523723959795606,0.05286893038117779
2526,E0,2025-09-13,Everton,Aston Villa,D,2.44,3.27,2.95,2.62,3.2,2.8,AvgH/AvgD/AvgA,AvgCH/AvgCD/AvgCA,0.3886066719573949,0.2899695044575057,0.3214238235850995,0.0546295139747448
2526,E0,2025-09-13,Fulham,Leeds,H,1.96,3.51,3.89,2.04,3.37,3.76,AvgH/AvgD/AvgA,AvgCH/AvgCD/AvgCA,0.4849047691766787,0.2707730335003676,0.24432219732295377,0.05217377527329781
2526,E0,2025-09-13,Newcastle,Wolves,H,1.43,4.62,7.45,1.36,5.0,8.48,AvgH/AvgD/AvgA,AvgCH/AvgCD/AvgCA,0.6660139205210617,0.2061471658755667,0.12783891360337157,0.049979103670378944
2526,E0,2025-09-13,West Ham,Tottenham,A,3.36,3.56,2.1,3.27,3.51,2.17,AvgH/AvgD/AvgA,AvgCH/AvgCD/AvgCA,0.2821813570069753,0.26632847178186436,0.4514901712111604,0.05470840021401813
2526,E0,2025-09-14,Burnley,Liverpool,A,8.6,5.43,1.33,8.63,5.54,1.32,AvgH/AvgD/AvgA,AvgCH/AvgCD/AvgCA,0.11049773631037718,0.17500562288568025,0.7144966408039426,0.05232083163066337
2526,E0,2025-09-14,Man City,Man United,H,1.76,3.99,4.19,1.65,4.14,4.83,AvgH/AvgD/AvgA,AvgCH/AvgCD/AvgCA,0.537302064284314,0.23700542183969736,0.22569251387598865,0.057471869084731786
2526,E0,2025-09-20,Brighton,Tottenham,D,2.25,3.61,3.0,2.17,3.63,3.14,AvgH/AvgD/AvgA,AvgCH/AvgCD/AvgCA,0.4213597899037059,0.26262036766851476,0.3160198424277794,0.05478608802708518
2526,E0,2025-09-20,Burnley,Nott'm Forest,D,3.36,3.37,2.18,3.41,3.31,2.18,AvgH/AvgD/AvgA,AvgCH/AvgCD/AvgCA,0.28262023651065993,0.28178160079401104,0.435598162695329,0.05307054899383323
2526,E0,2025-09-20,Fulham,Brentford,H,2.02,3.48,3.69,2.12,3.29,3.58,AvgH/AvgD/AvgA,AvgCH/AvgCD/AvgCA,0.46995015480555985,0.2727871588239169,0.2572626863705233,0.05340853681667568
2526,E0,2025-09-20,Liverpool,Everton,H,1.45,4.65,6.7,1.51,4.35,6.31,AvgH/AvgD/AvgA,AvgCH/AvgCD/AvgCA,0.6543449724337096,0.20404305592018898,0.14161197164610131,0.053962667197936964
2526,E0,2025-09-20,Man United,Chelsea,H,2.68,3.69,2.44,2.64,3.62,2.51,AvgH/AvgD/AvgA,AvgCH/AvgCD/AvgCA,0.35402642340358603,0.2571248820383769,0.38884869455803717,0.053973103959079616
2526,E0,2025-09-20,West Ham,Crystal Palace,A,2.98,3.36,2.37,3.04,3.42,2.31,AvgH/AvgD/AvgA,AvgCH/AvgCD/AvgCA,0.3180369509477367,0.28206848625721886,0.39989456279504443,0.0551304456877475
2526,E0,2025-09-20,Wolves,Leeds,A,2.67,3.16,2.74,2.88,3.08,2.58,AvgH/AvgD/AvgA,AvgCH/AvgCD/AvgCA,0.35468674471763195,0.29968785075825227,0.3456254045241158,0.055951035058159126
2526,E0,2025-09-21,Arsenal,Man City,D,1.9,3.7,3.85,2.05,3.56,3.54,AvgH/AvgD/AvgA,AvgCH/AvgCD/AvgCA,0.49825113676110533,0.2558586918502973,0.24589017138859742,0.05632631948421407
2526,E0,2025-09-21,Bournemouth,Newcastle,D,2.44,3.45,2.78,2.38,3.29,3.02,AvgH/AvgD/AvgA,AvgCH/AvgCD/AvgCA,0.3868555432757077,0.27360218133122516,0.33954227539306725,0.059403368253365896
2526,E0,2025-09-21,Sunderland,Aston Villa,D,3.56,3.34,2.1,3.8,3.32,2.04,AvgH/AvgD/AvgA,AvgCH/AvgCD/AvgCA,0.2658792133553699,0.28339221543266974,0.45072857121196036,0.056490550199761014
2526,E0,2025-09-27,Brentford,Man United,H,3.4,3.77,2.02,3.3,3.74,2.07,AvgH/AvgD/AvgA,AvgCH/AvgCD/AvgCA,0.27893807643564067,0.25156219094991467,0.46949973261444466,0.05441914139923898
2526,E0,2025-09-27,Chelsea,Brighton,A,1.86,3.86,3.86,1.98,3.75,3.57,AvgH/AvgD/AvgA,AvgCH/AvgCD/AvgCA,0.5092348284960422,0.2453825857519789,0.2453825857519789,0.055769123628057304
2526,E0,2025-09-27,Crystal Palace,Liverpool,H,3.82,3.72,1.91,4.01,3.71,1.87,AvgH/AvgD/AvgA,AvgCH/AvgCD/AvgCA,0.2483311081441923,0.25500667556742324,0.4966622162883846,0.054157518437200736
2526,E0,2025-09-27,Leeds,Bournemouth,D,2.98,3.29,2.41,2.96,3.23,2.46,AvgH/AvgD/AvgA,AvgCH/AvgCD/AvgCA,0.31823928653135275,0.2882532139402526,0.39350749952839464,0.05445959691591229
2526,E0,2025-09-27,Man City,Burnley,H,1.17,7.48,15.54,1.19,7.02,14.17,AvgH/AvgD/AvgA,AvgCH/AvgCD/AvgCA,0.8118816030441579,0.1269921758772279,0.0611262210786142,0.05274075862311167
2526,E0,2025-09-27,Nott'm Forest,Sunderland,A,1.77,3.67,4.64,1.75,3.69,4.73,AvgH/AvgD/AvgA,AvgCH/AvgCD/AvgCA,0.536551398188263,0.2587727451752659,0.20467585663647106,0.05296855682443735
2526,E0,2025-09-27,Tottenham,Wolves,D,1.47,4.57,6.38,1.53,4.27,6.05,AvgH/AvgD/AvgA,AvgCH/AvgCD/AvgCA,0.6443006114498233,0.207247680269418,0.14845170828075868,0.05583030149974566
2526,E0,2025-09-28,Aston Villa,Fulham,H,2.29,3.19,3.3,2.25,3.24,3.34,AvgH/AvgD/AvgA,AvgCH/AvgCD/AvgCA,0.41462674927429494,0.29764741562323993,0.28772583510246524,0.053191149562177964
2526,E0,2025-09-28,Newcastle,Arsenal,A,3.51,3.32,2.12,3.4,3.26,2.21,AvgH/AvgD/AvgA,AvgCH/AvgCD/AvgCA,0.2693320271842282,0.2847456070532052,0.4459223657625665,0.05780321738494054
2526,E0,2025-09-29,Everton,West Ham,D,1.72,3.69,4.83,1.65,3.87,5.28,AvgH/AvgD/AvgA,AvgCH/AvgCD/AvgCA,0.5487774462621355,0.255798701238719,0.19542385249914554,0.05943739633842959
2526,E0,2025-10-03,Bournemouth,Fulham,H,1.97,3.5,3.85,1.95,3.43,4.01,AvgH/AvgD/AvgA,AvgCH/AvgCD/AvgCA,0.4820333041191937,0.2713158883185176,0.24665080756228872,0.053068758652514925
2526,E0,2025-10-04,Arsenal,West Ham,H,1.19,6.83,15.25,1.18,7.28,14.63,AvgH/AvgD/AvgA,AvgCH/AvgCD/AvgCA,0.7985535835722176,0.13913305482444202,0.062313361603340264,0.05232278927940626
2526,E0,2025-10-04,Chelsea,Liverpool,H,2.87,3.7,2.28,2.87,3.64,2.31,AvgH/AvgD/AvgA,AvgCH/AvgCD/AvgCA,0.3295492722258248,0.25562335440219386,0.41482737337198133,0.057298817247469325
2526,E0,2025-10-04,Leeds,Tottenham,A,2.75,3.46,2.49,2.75,3.35,2.55,AvgH/AvgD/AvgA,AvgCH/AvgCD/AvgCA,0.34492091008451475,0.2741423418301779,0.38093674808530736,0.054260130379637284
2526,E0,2025-10-04,Man United,Sunderland,H,1.5,4.55,5.98,1.61,4.22,5.1,AvgH/AvgD/AvgA,AvgCH/AvgCD/AvgCA,0.632708585247884,0.2085852478839178,0.15870616686819833,0.05367096671444482
2526,E0,2025-10-05,Aston Villa,Burnley,H,1.59,4.0,5.76,1.55,4.05,6.13,AvgH/AvgD/AvgA,AvgCH/AvgCD/AvgCA,0.5975351674343334,0.23752022905514752,0.16494460351051912,0.052541928721173914
2526,E0,2025-10-05,Brentford,Man City,A,4.73,4.27,1.64,5.03,4.18,1.62,AvgH/AvgD/AvgA,AvgCH/AvgCD/AvgCA,0.20032554187847387,0.22190627941104954,0.5777681787104765,0.05536462551795962
2526,E0,2025-10-05,Everton,Crystal Palace,H,2.53,3.21,2.89,2.65,3.1,2.82,AvgH/AvgD/AvgA,AvgCH/AvgCD/AvgCA,0.37543251894989466,0.29590164266144336,0.32866583838866203,0.05280415799250093
2526,E0,2025-10-05,Newcastle,Nott'm Forest,H,1.58,4.21,5.46,1.51,4.42,6.06,AvgH/AvgD/AvgA,AvgCH/AvgCD/AvgCA,0.6007181459916582,0.22544766524152496,0.17383418876681683,0.05359126676664783
2526,E0,2025-10-05,Wolves,Brighton,D,3.67,3.6,1.99,3.46,3.53,2.08,AvgH/AvgD/AvgA,AvgCH/AvgCD/AvgCA,0.25882157424501345,0.26385421596644426,0.47732420978854234,0.05276990462454556
2526,E0,2025-10-18,Brighton,Newcastle,H,2.61,3.48,2.62,2.86,3.44,2.42,AvgH/AvgD/AvgA,AvgCH/AvgCD/AvgCA,0.364141765114663,0.27310632383599726,0.36275191104933985,0.05217747360416469
2526,E0,2025-10-18,Burnley,Leeds,H,3.3,3.25,2.26,3.48,3.22,2.19,AvgH/AvgD/AvgA,AvgCH/AvgCD/AvgCA,0.28772328423691634,0.2921497963020997,0.420126919460984,0.053200486828805404
2526,E0,2025-10-18,Crystal Palace,Bournemouth,D,2.25,3.35,3.22,2.13,3.39,3.44,AvgH/AvgD/AvgA,AvgCH/AvgCD/AvgCA,0.42186980582334427,0.28334539197090286,0.294784802205753,0.0535109133421916
2526,E0,2025-10-18,Fulham,Arsenal,A,6.14,4.13,1.54,6.77,4.18,1.5,AvgH/AvgD/AvgA,AvgCH/AvgCD/AvgCA,0.15447126827609658,0.22964977898673922,0.6158789527371643,0.05434784946737681
2526,E0,2025-10-18,Man City,Everton,H,1.38,4.92,7.91,1.44,4.46,7.29,AvgH/AvgD/AvgA,AvgCH/AvgCD/AvgCA,0.6873086011592545,0.1927816808129616,0.11990971802778394,0.05431196399580118
2526,E0,2025-10-18,Nott'm Forest,Chelsea,A,3.75,3.74,1.93,3.07,3.43,2.27,AvgH/AvgD/AvgA,AvgCH/AvgCD/AvgCA,0.25344180445003106,0.2541194563335873,0.4924387392163817,0.05218106083695839
2526,E0,2025-10-18,Sunderland,Wolves,H,2.46,3.07,3.13,2.49,3.03,3.08,AvgH/AvgD/AvgA,AvgCH/AvgCD/AvgCA,0.386511457658752,0.3097127641174365,0.30377577822381147,0.05172578195482558
2526,E0,2025-10-19,Liverpool,Man United,A,1.6,4.4,4.89,1.67,4.3,4.55,AvgH/AvgD/AvgA,AvgCH/AvgCD/AvgCA,0.5914238592633315,0.21506322155030236,0.19351291918636612,0.05677170477783977
2526,E0,2025-10-19,Tottenham,Aston Villa,A,2.06,3.56,3.42,2.24,3.36,3.21,AvgH/AvgD/AvgA,AvgCH/AvgCD/AvgCA,0.45850719288996006,0.2653159599307072,0.2761768471793326,0.05873343042709145
2526,E0,2025-10-20,West Ham,Brentford,A,2.46,3.37,2.82,2.75,3.29,2.57,AvgH/AvgD/AvgA,AvgCH/AvgCD/AvgCA,0.38427386093454313,0.2805085156970255,0.33521762336843125,0.05784989916317507
2526,E0,2025-10-24,Leeds,West Ham,H,1.81,3.57,4.59,1.79,3.64,4.56,AvgH/AvgD/AvgA,AvgCH/AvgCD/AvgCA,0.5259453265673596,0.2666557538058602,0.20739891962678017,0.0504631564105078
2526,E0,2025-10-25,Brentford,Liverpool,H,4.28,4.13,1.73,3.92,4.01,1.82,AvgH/AvgD/AvgA,AvgCH/AvgCD/AvgCA,0.22171434600334516,0.22976692515600905,0.5485187288406459,0.05381029249933578
2526,E0,2025-10-25,Chelsea,Sunderland,A,1.37,4.99,8.31,1.44,4.52,7.2,AvgH/AvgD/AvgA,AvgCH/AvgCD/AvgCA,0.694728747367557,0.19073715108087233,0.11453410155157075,0.05066475234411305
2526,E0,2025-10-25,Man United,Brighton,H,2.0,3.83,3.45,1.99,3.85,3.41,AvgH/AvgD/AvgA,AvgCH/AvgCD/AvgCA,0.4757592669271068,0.24843825949196174,0.2758024735809315,0.05095167820789337
2526,E0,2025-10-25,Newcastle,Fulham,H,1.62,3.97,5.44,1.6,3.99,5.62,AvgH/AvgD/AvgA,AvgCH/AvgCD/AvgCA,0.5862164436361662,0.23921174778100487,0.1745718085828289,0.05299664879479171
2526,E0,2025-10-26,Arsenal,Crystal Palace,H,1.41,4.6,7.76,1.38,4.91,8.08,AvgH/AvgD/AvgA,AvgCH/AvgCD/AvgCA,0.6719424135412511,0.20596495719416608,0.12209262926458299,0.05547714188529773
2526,E0,2025-10-26,Aston Villa,Man City,H,4.08,3.8,1.83,4.16,3.77,1.82,AvgH/AvgD/AvgA,AvgCH/AvgCD/AvgCA,0.2323856117415888,0.24950876208044273,0.5181056261779685,0.05470402138422226
2526,E0,2025-10-26,Bournemouth,Nott'm Forest,H,1.79,3.79,4.29,1.95,3.59,3.82,AvgH/AvgD/AvgA,AvgCH/AvgCD/AvgCA,0.5292279549382696,0.2499519892716366,0.22082005579009384,0.0556116937213913
2526,E0,2025-10-26,Everton,Tottenham,A,2.35,3.38,2.99,2.2,3.34,3.32,AvgH/AvgD/AvgA,AvgCH/AvgCD/AvgCA,0.40302763232930683,0.2802115195188968,0.31676084815179634,0.05583806359441468
2526,E0,2025-10-26,Wolves,Burnley,A,1.97,3.3,4.06,1.92,3.3,4.34,AvgH/AvgD/AvgA,AvgCH/AvgCD/AvgCA,0.4802632522260299,0.2867026081470542,0.23303413962691602,0.05694993494748424
2526,E0,2025-11-01,Brighton,Leeds,H,1.85,3.74,4.11,1.93,3.61,3.88,AvgH/AvgD/AvgA,AvgCH/AvgCD/AvgCA,0.5141985488678292,0.2543495495736588,0.23145190155851195,0.051229222118015505
2526,E0,2025-11-01,Burnley,Arsenal,A,10.97,5.65,1.28,13.66,5.78,1.24,AvgH/AvgD/AvgA,AvgCH/AvgCD/AvgCA,0.08686659275639277,0.16865956151108474,0.7444738457325225,0.04939885326836668
2526,E0,2025-11-01,Crystal Palace,Brentford,H,1.92,3.65,3.85,2.06,3.43,3.6,AvgH/AvgD/AvgA,AvgCH/AvgCD/AvgCA,0.49389333099024696,0.25980142342500656,0.24630524558474648,0.0545461958133191
2526,E0,2025-11-01,Fulham,Wolves,H,1.84,3.46,4.51,1.79,3.69,4.44,AvgH/AvgD/AvgA,AvgCH/AvgCD/AvgCA,0.5155239284558003,0.27415145328285334,0.21032461826134646,0.054225091932200487
2526,E0,2025-11-01,Liverpool,Aston Villa,H,1.63,4.32,4.81,1.65,4.28,4.67,AvgH/AvgD/AvgA,AvgCH/AvgCD/AvgCA,0.5826853350008834,0.2198558092711666,0.19745885572795008,0.052878621897026745
2526,E0,2025-11-01,Nott'm Forest,Man United,D,3.41,3.67,2.05,3.27,3.63,2.12,AvgH/AvgD/AvgA,AvgCH/AvgCD/AvgCA,0.2783522699944873,0.25863249064882887,0.46301523935668387,0.0535395740462874
2526,E0,2025-11-01,Tottenham,Chelsea,A,2.71,3.52,2.5,3.02,3.44,2.31,AvgH/AvgD/AvgA,AvgCH/AvgCD/AvgCA,0.3503993756520216,0.2697677011411871,0.37983292320679146,0.05309459912780934
2526,E0,2025-11-02,Man City,Bournemouth,H,1.49,4.64,5.9,1.41,5.08,6.86,AvgH/AvgD/AvgA,AvgCH/AvgCD/AvgCA,0.6354600446604736,0.20405936778967795,0.1604805875498484,0.05614970640035466
2526,E0,2025-11-02,West Ham,Newcastle,H,4.99,4.08,1.64,4.99,4.08,1.64,AvgH/AvgD/AvgA,AvgCH/AvgCD/AvgCA,0.18990747573366634,0.2322642901742635,0.5778282340920702,0.05525493837986817
2526,E0,2025-11-03,Sunderland,Everton,D,2.74,3.12,2.67,3.24,3.09,2.37,AvgH/AvgD/AvgA,AvgCH/AvgCD/AvgCA,0.34430254184748915,0.3023682579045257,0.35332920024798514,0.060008159368448055
2526,E0,2025-11-08,Chelsea,Wolves,H,1.36,5.06,8.27,1.36,5.1,8.12,AvgH/AvgD/AvgA,AvgCH/AvgCD/AvgCA,0.6977273864110045,0.18753147144643603,0.1147411421425594,0.05384156042561461
2526,E0,2025-11-08,Everton,Fulham,H,2.2,3.28,3.4,2.31,3.21,3.23,AvgH/AvgD/AvgA,AvgCH/AvgCD/AvgCA,0.4314453729495512,0.2893840916125039,0.27917053543794496,0.05354115038476581
2526,E0,2025-11-08,Sunderland,Arsenal,D,8.39,4.67,1.39,7.33,4.23,1.46,AvgH/AvgD/AvgA,AvgCH/AvgCD/AvgCA,0.11321765004438845,0.20340387234955443,0.6833784776060571,0.052746734067292245
2526,E0,2025-11-08,Tottenham,Man United,D,2.65,3.58,2.52,2.9,3.47,2.38,AvgH/AvgD/AvgA,AvgCH/AvgCD/AvgCA,0.3581904663590958,0.2651409876680457,0.3766685459728586,0.053513496329981924
2526,E0,2025-11-08,West Ham,Burnley,H,1.94,3.5,3.98,1.86,3.56,4.23,AvgH/AvgD/AvgA,AvgCH/AvgCD/AvgCA,0.48978242830822893,0.2714794031194183,0.23873816857235275,0.052434484647094104
2526,E0,2025-11-09,Aston Villa,Bournemouth,H,2.19,3.45,3.25,2.3,3.37,3.1,AvgH/AvgD/AvgA,AvgCH/AvgCD/AvgCA,0.4331575592513184,0.2749608854377934,0.2918815553108884,0.0541683847222858
2526,E0,2025-11-09,Brentford,Newcastle,H,2.84,3.4,2.45,2.83,3.38,2.47,AvgH/AvgD/AvgA,AvgCH/AvgCD/AvgCA,0.3339480436177037,0.2789448364336113,0.387107119948685,0.054393588421284056
2526,E0,2025-11-09,Crystal Palace,Brighton,D,2.27,3.52,3.04,2.38,3.39,2.97,AvgH/AvgD/AvgA,AvgCH/AvgCD/AvgCA,0.41813066583307285,0.2696467646139419,0.31222256955298533,0.05356691187319518
2526,E0,2025-11-09,Man City,Liverpool,H,1.88,3.92,3.72,1.89,3.94,3.69,AvgH/AvgD/AvgA,AvgCH/AvgCD/AvgCA,0.5037864131336024,0.24161185119672768,0.25460173566967,0.055834138734423
2526,E0,2025-11-09,Nott'm Forest,Leeds,H,2.22,3.32,3.29,2.23,3.14,3.46,AvgH/AvgD/AvgA,AvgCH/AvgCD/AvgCA,0.4267218814704848,0.2853381255615893,0.28793999296792594,0.05560663750871386
2526,E0,2025-11-22,Bournemouth,West Ham,D,1.62,4.09,5.14,1.67,3.97,4.95,AvgH/AvgD/AvgA,AvgCH/AvgCD/AvgCA,0.5843636727523405,0.23145944984322533,0.18417687740443417,0.056335257306275865
2526,E0,2025-11-22,Brighton,Brentford,H,1.93,3.66,3.82,2.1,3.44,3.47,AvgH/AvgD/AvgA,AvgCH/AvgCD/AvgCA,0.4919908788919543,0.2594378131861944,0.24857130792185123,0.053138863453795704
2526,E0,2025-11-22,Burnley,Chelsea,A,6.56,4.45,1.48,5.46,4.14,1.58,AvgH/AvgD/AvgA,AvgCH/AvgCD/AvgCA,0.1447892575428476,0.2134421414564225,0.6417686010007299,0.052833801189515084
2526,E0,2025-11-22,Fulham,Sunderland,H,2.1,3.24,3.74,2.02,3.33,3.81,AvgH/AvgD/AvgA,AvgCH/AvgCD/AvgCA,0.45256128714202487,0.29332676018464576,0.2541119526733294,0.05221213064350305
2526,E0,2025-11-22,Liverpool,Nott'm Forest,A,1.42,4.86,6.97,1.45,4.6,6.58,AvgH/AvgD/AvgA,AvgCH/AvgCD/AvgCA,0.6684888145119275,0.19531977707961667,0.1361914084084558,0.05345869194062769
2526,E0,2025-11-22,Newcastle,Man City,H,3.54,3.75,1.98,3.67,3.7,1.95,AvgH/AvgD/AvgA,AvgCH/AvgCD/AvgCA,0.2679615434584903,0.25295569702481485,0.4790827595166949,0.05420304742338633
2526,E0,2025-11-22,Wolves,Crystal Palace,A,3.86,3.5,1.97,4.43,3.65,1.81,AvgH/AvgD/AvgA,AvgCH/AvgCD/AvgCA,0.24616911586193108,0.2714893677791582,0.4823415163589106,0.05239585642520872
2526,E0,2025-11-23,Arsenal,Tottenham,H,1.39,4.66,8.03,1.47,4.29,7.15,AvgH/AvgD/AvgA,AvgCH/AvgCD/AvgCA,0.6796321757245423,0.20272290220109734,0.11764492207436036,0.058549736355096416
2526,E0,2025-11-23,Leeds,Aston Villa,A,3.04,3.25,2.37,3.22,3.3,2.27,AvgH/AvgD/AvgA,AvgCH/AvgCD/AvgCA,0.31074380832119675,0.2906649776296733,0.39859121404912995,0.05858060438340251
2526,E0,2025-11-24,Man United,Everton,A,1.74,3.83,4.49,1.86,3.69,4.09,AvgH/AvgD/AvgA,AvgCH/AvgCD/AvgCA,0.5429365242237201,0.24666045748022794,0.2104030182960519,0.0585263986427762
2526,E0,2025-11-29,Brentford,Burnley,H,1.45,4.54,6.96,1.48,4.36,6.61,AvgH/AvgD/AvgA,AvgCH/AvgCD/AvgCA,0.654571668869398,0.20905923344947733,0.13636909768112457,0.05359765051395016
2526,E0,2025-11-29,Everton,Newcastle,A,2.79,3.31,2.55,2.68,3.3,2.65,AvgH/AvgD/AvgA,AvgCH/AvgCD/AvgCA,0.34048140573378677,0.28699187975748186,0.3725267145087315,0.05269460543857596
2526,E0,2025-11-29,Man City,Leeds,H,1.23,6.42,11.78,1.22,6.58,11.56,AvgH/AvgD/AvgA,AvgCH/AvgCD/AvgCA,0.7716031244643601,0.14783050515438675,0.08056637038125324,0.05366101342018759
2526,E0,2025-11-29,Sunderland,Bournemouth,H,3.04,3.3,2.35,3.14,3.3,2.3,AvgH/AvgD/AvgA,AvgCH/AvgCD/AvgCA,0.31105852151939356,0.2865508804299868,0.4023905980506197,0.05750958634497261
2526,E0,2025-11-29,Tottenham,Fulham,A,2.18,3.39,3.33,2.34,3.35,3.04,AvgH/AvgD/AvgA,AvgCH/AvgCD/AvgCA,0.43521356449728776,0.279871849735719,0.28491458576699324,0.05400114736803863
2526,E0,2025-11-30,Aston Villa,Wolves,H,1.48,4.39,6.57,1.46,4.46,6.83,AvgH/AvgD/AvgA,AvgCH/AvgCD/AvgCA,0.6400425181578719,0.21577743208966985,0.1441800497524582,0.05567310999956798
2526,E0,2025-11-30,Chelsea,Arsenal,D,3.33,3.35,2.18,3.01,3.14,2.46,AvgH/AvgD/AvgA,AvgCH/AvgCD/AvgCA,0.28396564260690027,0.2822703253376053,0.4337640320554944,0.0575233593171427
2526,E0,2025-11-30,Crystal Palace,Man United,A,2.32,3.51,2.93,2.07,3.6,3.4,AvgH/AvgD/AvgA,AvgCH/AvgCD/AvgCA,0.4077010596588319,0.26947762347820226,0.32282131686296583,0.057231695986550646
2526,E0,2025-11-30,Nott'm Forest,Brighton,A,2.72,3.36,2.54,2.85,3.29,2.51,AvgH/AvgD/AvgA,AvgCH/AvgCD/AvgCA,0.34717521478781566,0.28104660244727936,0.37177818276490493,0.05896689384415188
2526,E0,2025-11-30,West Ham,Liverpool,A,4.28,4.06,1.74,5.07,4.49,1.58,AvgH/AvgD/AvgA,AvgCH/AvgCD/AvgCA,0.2215351036740633,0.23353946889778104,0.5449254274281556,0.05466292221045688
2526,E0,2025-12-02,Bournemouth,Everton,A,2.2,3.29,3.38,2.17,3.4,3.34,AvgH/AvgD/AvgA,AvgCH/AvgCD/AvgCA,0.43111242062169014,0.28828186181389615,0.2806057175644137,0.05435481049228996
2526,E0,2025-12-02,Fulham,Man City,A,4.66,4.04,1.69,5.14,4.08,1.63,AvgH/AvgD/AvgA,AvgCH/AvgCD/AvgCA,0.20363024688780593,0.2348804332913801,0.561489319820814,0.05383300348472009
2526,E0,2025-12-02,Newcastle,Tottenham,D,1.8,3.78,4.24,1.83,3.78,4.07,AvgH/AvgD/AvgA,AvgCH/AvgCD/AvgCA,0.5261167572677853,0.2505317891751359,0.22335145355707864,0.05595487670959387
2526,E0,2025-12-03,Arsenal,Brentford,H,1.35,4.97,8.94,1.43,4.53,7.43,AvgH/AvgD/AvgA,AvgCH/AvgCD/AvgCA,0.7029202519209686,0.19093407245338184,0.10614567562564964,0.053804807467724425
2526,E0,2025-12-03,Brighton,Aston Villa,A,2.15,3.48,3.33,2.25,3.42,3.17,AvgH/AvgD/AvgA,AvgCH/AvgCD/AvgCA,0.44180115059531294,0.272951860281587,0.2852469891231,0.05277290120914824
2526,E0,2025-12-03,Burnley,Crystal Palace,A,4.57,3.71,1.77,4.99,3.62,1.73,AvgH/AvgD/AvgA,AvgCH/AvgCD/AvgCA,0.2077392495484067,0.25589443947067886,0.5363663109809145,0.053331911132153076
2526,E0,2025-12-03,Leeds,Chelsea,H,4.31,3.87,1.78,3.94,3.45,1.95,AvgH/AvgD/AvgA,AvgCH/AvgCD/AvgCA,0.22050505600174133,0.245575398286177,0.5339195457120816,0.0522142471104452
2526,E0,2025-12-03,Liverpool,Sunderland,D,1.35,5.29,8.05,1.35,5.25,7.98,AvgH/AvgD/AvgA,AvgCH/AvgCD/AvgCA,0.7027899032074397,0.17935092047826912,0.11785917631429112,0.05400026004940939
2526,E0,2025-12-03,Wolves,Nott'm Forest,A,3.28,3.3,2.24,3.1,3.23,2.37,AvgH/AvgD/AvgA,AvgCH/AvgCD/AvgCA,0.28916567565875945,0.2874131564123428,0.4234211679288978,0.054336923239362234
2526,E0,2025-12-04,Man United,West Ham,D,1.43,4.81,6.59,1.4,5.03,7.21,AvgH/AvgD/AvgA,AvgCH/AvgCD/AvgCA,0.6603742924464426,0.19632749234894237,0.143298215204615,0.058945975486188074
2526,E0,2025-12-06,Aston Villa,Arsenal,H,4.13,3.45,1.91,4.18,3.47,1.9,AvgH/AvgD/AvgA,AvgCH/AvgCD/AvgCA,0.2293890964029478,0.2746020197519346,0.4960088838451175,0.05554603249317891
2526,E0,2025-12-06,Bournemouth,Chelsea,D,3.14,3.67,2.16,3.33,3.75,2.05,AvgH/AvgD/AvgA,AvgCH/AvgCD/AvgCA,0.30217966409234037,0.2585406390326836,0.4392796968749762,0.053913864575278136
2526,E0,2025-12-06,Everton,Nott'm Forest,H,2.17,3.25,3.52,2.08,3.28,3.72,AvgH/AvgD/AvgA,AvgCH/AvgCD/AvgCA,0.4377958661967249,0.29231293219904403,0.269891201604231,0.05261270987077449
2526,E0,2025-12-06,Leeds,Liverpool,D,3.95,3.9,1.84,4.4,3.88,1.76,AvgH/AvgD/AvgA,AvgCH/AvgCD/AvgCA,0.24041006398874332,0.24349224429629138,0.5160976917149653,0.05305307424184691
2526,E0,2025-12-06,Man City,Sunderland,H,1.24,6.22,11.38,1.25,6.18,10.59,AvgH/AvgD/AvgA,AvgCH/AvgCD/AvgCA,0.7643389959355387,0.15237626285531639,0.0832847412091448,0.055096779297701515
2526,E0,2025-12-06,Newcastle,Burnley,H,1.28,5.72,10.39,1.3,5.53,9.5,AvgH/AvgD/AvgA,AvgCH/AvgCD/AvgCA,0.7424061480345177,0.16613284431541656,0.09146100765006569,0.05232156558552137
2526,E0,2025-12-06,Tottenham,Brentford,H,2.31,3.44,3.03,2.42,3.35,2.9,AvgH/AvgD/AvgA,AvgCH/AvgCD/AvgCA,0.41086527204569373,0.27590080768184666,0.31323392027245955,0.05363111061936765
2526,E0,2025-12-07,Brighton,West Ham,D,1.55,4.32,5.63,1.6,4.24,5.16,AvgH/AvgD/AvgA,AvgCH/AvgCD/AvgCA,0.6119549819973279,0.2195671810407079,0.16847783696196417,0.054262665232126084
2526,E0,2025-12-07,Fulham,Crystal Palace,A,2.57,3.27,2.77,2.49,3.32,2.85,AvgH/AvgD/AvgA,AvgCH/AvgCD/AvgCA,0.3684964219896097,0.28961339587562596,0.34189018213476424,0.055926286244185386
2526,E0,2025-12-08,Wolves,Man United,A,4.22,3.9,1.77,5.04,4.09,1.64,AvgH/AvgD/AvgA,AvgCH/AvgCD/AvgCA,0.22390238206445584,0.24227385956718045,0.5338237583683636,0.058348832467235656
2526,E0,2025-12-13,Arsenal,Wolves,H,1.12,8.62,22.31,1.12,8.9,22.31,AvgH/AvgD/AvgA,AvgCH/AvgCD/AvgCA,0.8473627672239902,0.11009817857202658,0.04253905420398338,0.053689372949669245
2526,E0,2025-12-13,Burnley,Fulham,A,3.93,3.48,1.95,3.88,3.41,1.99,AvgH/AvgD/AvgA,AvgCH/AvgCD/AvgCA,0.24127227928706282,0.27247128091901057,0.4862564397939267,0.05462976086824467
2526,E0,2025-12-13,Chelsea,Everton,H,1.66,3.9,5.09,1.71,3.84,4.77,AvgH/AvgD/AvgA,AvgCH/AvgCD/AvgCA,0.5708509708291156,0.24297759271188,0.1861714364590043,0.05528354918844203
2526,E0,2025-12-13,Liverpool,Brighton,H,1.67,4.17,4.62,1.74,3.98,4.37,AvgH/AvgD/AvgA,AvgCH/AvgCD/AvgCA,0.567552519244536,0.22729321514109713,0.20515426561436687,0.05506076513701563
2526,E0,2025-12-14,Brentford,Leeds,D,1.94,3.54,3.85,2.14,3.25,3.56,AvgH/AvgD/AvgA,AvgCH/AvgCD/AvgCA,0.48734874274108203,0.2670781245530223,0.2455731327058958,0.057690052972247496
2526,E0,2025-12-14,Crystal Palace,Man City,A,3.98,3.81,1.83,4.01,3.73,1.85,AvgH/AvgD/AvgA,AvgCH/AvgCD/AvgCA,0.23699587008616732,0.24757048896140316,0.5154336409524295,0.060171560439779004
2526,E0,2025-12-14,Nott'm Forest,Tottenham,H,2.55,3.28,2.76,2.62,3.31,2.7,AvgH/AvgD/AvgA,AvgCH/AvgCD/AvgCA,0.3701849943569361,0.2877962608567643,0.3420187447862997,0.05935375210529603
2526,E0,2025-12-14,Sunderland,Newcastle,H,3.26,3.33,2.22,3.41,3.35,2.16,AvgH/AvgD/AvgA,AvgCH/AvgCD/AvgCA,0.29006968641114983,0.28397212543554007,0.42595818815331005,0.05749921700841942
2526,E0,2025-12-14,West Ham,Aston Villa,A,3.63,3.51,2.0,3.31,3.42,2.18,AvgH/AvgD/AvgA,AvgCH/AvgCD/AvgCA,0.25979505057121605,0.26867693264202686,0.4715280167867571,0.060382378564196815
2526,E0,2025-12-15,Man United,Bournemouth,D,1.82,3.98,3.84,1.76,4.18,4.1,AvgH/AvgD/AvgA,AvgCH/AvgCD/AvgCA,0.5178007562102752,0.23678326037756306,0.24541598341216175,0.06112349752425117
2526,E0,2025-12-20,Bournemouth,Burnley,D,1.47,4.44,6.59,1.47,4.62,6.47,AvgH/AvgD/AvgA,AvgCH/AvgCD/AvgCA,0.6434400543610922,0.21303082880873997,0.14352911683016775,0.05724240235404343
2526,E0,2025-12-20,Brighton,Sunderland,D,1.65,3.95,5.16,1.83,3.65,4.27,AvgH/AvgD/AvgA,AvgCH/AvgCD/AvgCA,0.575543225041298,0.2404167902071244,0.1840399847515778,0.0530236126350343
2526,E0,2025-12-20,Everton,Arsenal,A,6.03,3.89,1.57,6.26,4.02,1.54,AvgH/AvgD/AvgA,AvgCH/AvgCD/AvgCA,0.15647265898219626,0.2425527335893685,0.6009746074284353,0.059849563169910525
2526,E0,2025-12-20,Leeds,Crystal Palace,H,2.6,3.25,2.76,2.83,3.06,2.66,AvgH/AvgD/AvgA,AvgCH/AvgCD/AvgCA,0.3646934460887949,0.29175475687103597,0.3435517970401692,0.05462653288740249
2526,E0,2025-12-20,Man City,West Ham,H,1.2,7.36,11.88,1.2,7.44,12.02,AvgH/AvgD/AvgA,AvgCH/AvgCD/AvgCA,0.7911057065925476,0.12898462607487188,0.07990966733258056,0.05337798272580874
2526,E0,2025-12-20,Newcastle,Chelsea,D,2.73,3.51,2.47,2.79,3.53,2.41,AvgH/AvgD/AvgA,AvgCH/AvgCD/AvgCA,0.34685598377281945,0.2697768762677485,0.38336713995943206,0.05605895079579293
2526,E0,2025-12-20,Tottenham,Liverpool,A,3.36,3.71,2.02,3.54,3.59,2.02,AvgH/AvgD/AvgA,AvgCH/AvgCD/AvgCA,0.280188432347553,0.25375556137136873,0.4660560062810782,0.06221033154528399
2526,E0,2025-12-20,Wolves,Brentford,A,3.59,3.48,2.05,3.42,3.37,2.15,AvgH/AvgD/AvgA,AvgCH/AvgCD/AvgCA,0.264352440276136,0.2727084082158989,0.4629391515079651,0.053712731921287116
2526,E0,2025-12-21,Aston Villa,Man United,H,2.1,3.64,3.26,2.01,3.67,3.53,AvgH/AvgD/AvgA,AvgCH/AvgCD/AvgCA,0.4502284075215128,0.2597471581854881,0.29002443429299907,0.05766421717341963
2526,E0,2025-12-22,Fulham,Nott'm Forest,H,2.42,3.27,2.93,2.55,3.33,2.75,AvgH/AvgD/AvgA,AvgCH/AvgCD/AvgCA,0.3897116546200748,0.2884104599940614,0.32187788538586376,0.06033046637702966
2526,E0,2025-12-26,Man United,Newcastle,H,2.47,3.58,2.67,2.47,3.64,2.66,AvgH/AvgD/AvgA,AvgCH/AvgCD/AvgCA,0.3824036549701753,0.26383715859674106,0.3537591864330836,0.05871974373968181
2526,E0,2025-12-27,Arsenal,Brighton,H,1.41,4.73,7.34,1.32,5.45,8.87,AvgH/AvgD/AvgA,AvgCH/AvgCD/AvgCA,0.6710529621991268,0.2000390436999511,0.12890799410092219,0.05687613065863495
2526,E0,2025-12-27,Brentford,Bournemouth,H,2.25,3.57,2.98,2.28,3.47,3.04,AvgH/AvgD/AvgA,AvgCH/AvgCD/AvgCA,0.4192369985931644,0.2642249991133389,0.31653800229349666,0.060126959061029384
2526,E0,2025-12-27,Burnley,Everton,D,4.03,3.33,1.96,3.66,3.1,2.18,AvgH/AvgD/AvgA,AvgCH/AvgCD/AvgCA,0.2343933490151012,0.2836652241834408,0.4819414268014581,0.05864333974933045
2526,E0,2025-12-27,Chelsea,Aston Villa,A,1.84,3.82,3.97,1.77,3.94,4.23,AvgH/AvgD/AvgA,AvgCH/AvgCD/AvgCA,0.5140987830095937,0.2476287331773959,0.23827248381301067,0.05714753434734998
2526,E0,2025-12-27,Liverpool,Wolves,H,1.24,6.31,11.25,1.24,6.43,11.22,AvgH/AvgD/AvgA,AvgCH/AvgCD/AvgCA,0.7652656963688756,0.1503850179869106,0.08434928564421385,0.05381910718038729
2526,E0,2025-12-27,Nott'm Forest,Man City,A,5.21,4.24,1.59,5.17,4.16,1.61,AvgH/AvgD/AvgA,AvgCH/AvgCD/AvgCA,0.1816364415250607,0.22319006140225617,0.5951734970726832,0.05671845386834695
2526,E0,2025-12-27,West Ham,Fulham,A,2.65,3.38,2.59,2.98,3.33,2.39,AvgH/AvgD/AvgA,AvgCH/AvgCD/AvgCA,0.3562281533447,0.2792913036578269,0.36448054299747296,0.05931686483210452
2526,E0,2025-12-28,Crystal Palace,Tottenham,A,2.25,3.33,3.19,2.23,3.38,3.22,AvgH/AvgD/AvgA,AvgCH/AvgCD/AvgCA,0.4199907483186848,0.28377753264776007,0.29623171903355516,0.058224368569196105
2526,E0,2025-12-28,Sunderland,Leeds,D,2.56,3.18,2.8,2.84,3.1,2.63,AvgH/AvgD/AvgA,AvgCH/AvgCD/AvgCA,0.3677393775193286,0.2960417630344281,0.3362188594462433,0.06223326594788858
2526,E0,2025-12-30,Arsenal,Aston Villa,H,1.43,4.68,7.02,1.37,5.03,7.76,AvgH/AvgD/AvgA,AvgCH/AvgCD/AvgCA,0.6625766871165645,0.20245398773006135,0.13496932515337423,0.0554260554260555
2526,E0,2025-12-30,Burnley,Newcastle,A,5.5,4.11,1.59,5.71,4.12,1.56,AvgH/AvgD/AvgA,AvgCH/AvgCD/AvgCA,0.17249352644457294,0.23083075314967177,0.5966757204057553,0.05405800186133458
2526,E0,2025-12-30,Chelsea,Bournemouth,D,1.51,4.56,5.81,1.56,4.45,5.25,AvgH/AvgD/AvgA,AvgCH/AvgCD/AvgCA,0.6285208636302171,0.20812861931614643,0.16335051705363646,0.05366694083009338
2526,E0,2025-12-30,Man United,Wolves,D,1.37,5.06,8.09,1.37,5.04,7.63,AvgH/AvgD/AvgA,AvgCH/AvgCD/AvgCA,0.6943982195352404,0.18800900410341492,0.1175927763613448,0.051164860111261534
2526,E0,2025-12-30,Nott'm Forest,Everton,A,2.12,3.21,3.7,1.9,3.37,4.29,AvgH/AvgD/AvgA,AvgCH/AvgCD/AvgCA,0.44774600206588205,0.29570763999366667,0.25654635794045133,0.05349486322859609
2526,E0,2025-12-30,West Ham,Brighton,D,3.41,3.67,2.04,3.32,3.59,2.1,AvgH/AvgD/AvgA,AvgCH/AvgCD/AvgCA,0.27772192937877205,0.2580468063165158,0.4642312643047121,0.055930774428879504
2526,E0,2026-01-01,Brentford,Tottenham,D,2.11,3.49,3.35,2.4,3.4,2.91,AvgH/AvgD/AvgA,AvgCH/AvgCD/AvgCA,0.4475403749057377,0.2705759859745291,0.2818836391197333,0.058974063265064824
2526,E0,2026-01-01,Crystal Palace,Fulham,D,2.17,3.34,3.4,2.22,3.27,3.34,AvgH/AvgD/AvgA,AvgCH/AvgCD/AvgCA,0.4370751833976091,0.28396800837509334,0.27895680822729757,0.05434833775117154
2526,E0,2026-01-01,Liverpool,Leeds,D,1.53,4.41,5.83,1.47,4.45,6.68,AvgH/AvgD/AvgA,AvgCH/AvgCD/AvgCA,0.6213594344752583,0.215573681348559,0.1630668841761827,0.05187872747726874
2526,E0,2026-01-01,Sunderland,Man City,D,7.81,4.82,1.39,7.23,4.7,1.42,AvgH/AvgD/AvgA,AvgCH/AvgCD/AvgCA,0.12137340828515993,0.19666521135002052,0.6819613803648196,0.054934313211100205
2526,E0,2026-01-03,Aston Villa,Nott'm Forest,H,1.76,3.74,4.54,1.9,3.51,4.1,AvgH/AvgD/AvgA,AvgCH/AvgCD/AvgCA,0.5381397294659044,0.25324222563101373,0.20861804490308183,0.055825814506820004
2526,E0,2026-01-03,Bournemouth,Arsenal,A,6.13,4.57,1.48,5.95,4.43,1.51,AvgH/AvgD/AvgA,AvgCH/AvgCD/AvgCA,0.1542436619300754,0.20689576534603116,0.6388605727238934,0.05762619345065323
2526,E0,2026-01-03,Brighton,Burnley,H,1.49,4.35,6.56,1.45,4.51,7.0,AvgH/AvgD/AvgA,AvgCH/AvgCD/AvgCA,0.6370794719580996,0.21821802602702722,0.14470250201487322,0.0534650214588237
2526,E0,2026-01-03,Wolves,West Ham,H,2.48,3.37,2.82,2.63,3.36,2.66,AvgH/AvgD/AvgA,AvgCH/AvgCD/AvgCA,0.38235980462369146,0.28138050904058,0.3362596863357286,0.05457164057413744
2526,E0,2026-01-04,Everton,Brentford,A,2.36,3.19,3.1,2.46,3.16,3.01,AvgH/AvgD/AvgA,AvgCH/AvgCD/AvgCA,0.39982372015169776,0.2957943509586228,0.3043819288896795,0.059789082545063765
2526,E0,2026-01-04,Fulham,Liverpool,D,3.74,3.68,1.92,4.07,3.61,1.88,AvgH/AvgD/AvgA,AvgCH/AvgCD/AvgCA,0.2522563692448303,0.25636924483034385,0.4913743859248258,0.05995214291250095
2526,E0,2026-01-04,Leeds,Man United,D,2.68,3.44,2.56,2.73,3.3,2.59,AvgH/AvgD/AvgA,AvgCH/AvgCD/AvgCA,0.3538639578243538,0.2756847113282757,0.3704513308473704,0.054457002776813646
2526,E0,2026-01-04,Man City,Chelsea,D,1.63,4.39,4.66,1.47,4.9,5.88,AvgH/AvgD/AvgA,AvgCH/AvgCD/AvgCA,0.5810292284053179,0.2157352260365987,0.20323554555808332,0.05587963999527146
2526,E0,2026-01-04,Newcastle,Crystal Palace,H,1.67,3.92,4.89,1.68,3.93,4.9,AvgH/AvgD/AvgA,AvgCH/AvgCD/AvgCA,0.5657600755574577,0.2410253383114679,0.19321458613107448,0.058403413531019854
2526,E0,2026-01-04,Tottenham,Sunderland,D,1.8,3.65,4.37,1.97,3.39,3.95,AvgH/AvgD/AvgA,AvgCH/AvgCD/AvgCA,0.524920606190249,0.25886495647738306,0.216214437332368,0.05836111024036161
2526,E0,2026-01-06,West Ham,Nott'm Forest,A,3.1,3.33,2.3,2.92,3.39,2.39,AvgH/AvgD/AvgA,AvgCH/AvgCD/AvgCA,0.30499362854412226,0.2839280025485823,0.41107836890729527,0.057663554157243
2526,E0,2026-01-07,Bournemouth,Tottenham,H,2.11,3.62,3.27,2.17,3.51,3.21,AvgH/AvgD/AvgA,AvgCH/AvgCD/AvgCA,0.4488062695021478,0.261597024488821,0.28959670600903115,0.05598714076526834
2526,E0,2026-01-07,Brentford,Sunderland,H,1.83,3.56,4.36,2.01,3.22,4.07,AvgH/AvgD/AvgA,AvgCH/AvgCD/AvgCA,0.5171246568405341,0.2658253151736454,0.21705002798582052,0.056704762001325903
2526,E0,2026-01-07,Burnley,Man United,D,4.68,3.95,1.7,4.8,3.76,1.72,AvgH/AvgD/AvgA,AvgCH/AvgCD/AvgCA,0.2025213378773713,0.23994933196610063,0.5575293301565281,0.055075064754886105
2526,E0,2026-01-07,Crystal Palace,Aston Villa,D,3.08,3.36,2.31,2.99,3.33,2.38,AvgH/AvgD/AvgA,AvgCH/AvgCD/AvgCA,0.30769230769230765,0.28205128205128205,0.41025641025641024,0.05519480519480524
2526,E0,2026-01-07,Everton,Wolves,D,1.76,3.55,4.85,1.84,3.46,4.51,AvgH/AvgD/AvgA,AvgCH/AvgCD/AvgCA,0.538021655234911,0.26673749667984314,0.19524084808524603,0.056057526037197825
2526,E0,2026-01-07,Fulham,Chelsea,H,3.38,3.59,2.07,3.61,3.56,2.01,AvgH/AvgD/AvgA,AvgCH/AvgCD/AvgCA,0.27977080125441894,0.26340537833981503,0.4568238204057662,0.05750130763872008
2526,E0,2026-01-07,Man City,Brighton,D,1.37,5.23,7.27,1.5,4.62,5.79,AvgH/AvgD/AvgA,AvgCH/AvgCD/AvgCA,0.6894668985313824,0.18060605181414796,0.1299270496544696,0.05868317805259515
2526,E0,2026-01-07,Newcastle,Leeds,H,1.67,3.87,5.02,1.61,3.94,5.56,AvgH/AvgD/AvgA,AvgCH/AvgCD/AvgCA,0.5668311270741123,0.24460154579167115,0.18856732713421664,0.05640351527711429
2526,E0,2026-01-08,Arsenal,Liverpool,D,1.6,4.11,5.25,1.57,4.16,5.65,AvgH/AvgD/AvgA,AvgCH/AvgCD/AvgCA,0.5902991505601379,0.2298001559358201,0.17990069350404203,0.058785192909280415
2526,E0,2026-01-17,Chelsea,Brentford,H,1.69,3.97,4.75,1.86,3.78,3.93,AvgH/AvgD/AvgA,AvgCH/AvgCD/AvgCA,0.5613303447311002,0.23895422735404517,0.19971542791485458,0.05413146088657772
2526,E0,2026-01-17,Leeds,Fulham,H,2.17,3.33,3.41,2.31,3.34,3.1,AvgH/AvgD/AvgA,AvgCH/AvgCD/AvgCA,0.4370600167044506,0.2848108817563537,0.2781291015391958,0.054384925352667146
2526,E0,2026-01-17,Liverpool,Burnley,D,1.22,6.4,12.44,1.23,6.38,11.91,AvgH/AvgD/AvgA,AvgCH/AvgCD/AvgCA,0.7759783549446008,0.1479208739113145,0.07610077114408464,0.056307983237573245
2526,E0,2026-01-17,Man United,Man City,H,3.55,3.87,1.94,3.01,3.63,2.23,AvgH/AvgD/AvgA,AvgCH/AvgCD/AvgCA,0.26686524510100135,0.24479886824510455,0.48833588665389427,0.05555199118738097
2526,E0,2026-01-17,Nott'm Forest,Arsenal,D,6.1,4.16,1.54,5.79,3.87,1.6,AvgH/AvgD/AvgA,AvgCH/AvgCD/AvgCA,0.15558426671588582,0.22814039109781328,0.6162753421863009,0.05366969096477292
2526,E0,2026-01-17,Sunderland,Crystal Palace,H,2.69,3.15,2.74,2.38,3.13,3.15,AvgH/AvgD/AvgA,AvgCH/AvgCD/AvgCA,0.35264411585652355,0.3011468798901741,0.3462090042533023,0.054171033005863345
2526,E0,2026-01-17,Tottenham,West Ham,A,1.71,3.91,4.63,1.84,3.72,4.13,AvgH/AvgD/AvgA,AvgCH/AvgCD/AvgCA,0.5535043278594295,0.2420696676827684,0.20442600445780224,0.05653251872304099
2526,E0,2026-01-18,Aston Villa,Everton,A,1.66,3.87,5.09,1.6,3.94,5.77,AvgH/AvgD/AvgA,AvgCH/AvgCD/AvgCA,0.5697777674932532,0.24440079949323001,0.18582143301351675,0.057271225594722974
2526,E0,2026-01-18,Wolves,Newcastle,D,4.6,3.98,1.7,4.5,3.98,1.72,AvgH/AvgD/AvgA,AvgCH/AvgCD/AvgCA,0.20569100747856756,0.23773332522648505,0.5565756672949475,0.056882879872508285
2526,E0,2026-01-19,Brighton,Bournemouth,D,1.85,3.92,3.75,1.96,3.79,3.55,AvgH/AvgD/AvgA,AvgCH/AvgCD/AvgCA,0.5088353900205956,0.2401391509025771,0.2510254590768272,0.06230924802353366
2526,E0,2026-01-24,Bournemouth,Liverpool,H,3.73,3.87,1.89,4.21,3.98,1.77,AvgH/AvgD/AvgA,AvgCH/AvgCD/AvgCA,0.25397668677146157,0.2447888996531141,0.5012344135754242,0.05559497666237512
2526,E0,2026-01-24,Burnley,Tottenham,D,3.64,3.39,2.05,3.85,3.33,2.01,AvgH/AvgD/AvgA,AvgCH/AvgCD/AvgCA,0.25978370982875465,0.27894180052409057,0.46127448964715473,0.057515403511518404
2526,E0,2026-01-24,Fulham,Brighton,H,2.54,3.42,2.71,2.57,3.28,2.76,AvgH/AvgD/AvgA,AvgCH/AvgCD/AvgCA,0.37313997681010047,0.2771273511981448,0.34973267199175473,0.05510213825718857
2526,E0,2026-01-24,Man City,Wolves,H,1.21,6.68,12.0,1.3,5.63,9.5,AvgH/AvgD/AvgA,AvgCH/AvgCD/AvgCA,0.780048811437602,0.1412962667424399,0.07865492181995819,0.0594802131274641
2526,E0,2026-01-24,West Ham,Sunderland,H,2.51,3.24,2.85,2.21,3.32,3.28,AvgH/AvgD/AvgA,AvgCH/AvgCD/AvgCA,0.37659207419279855,0.2917426253777544,0.33166530042944714,0.057925542793090035
2526,E0,2026-01-25,Arsenal,Man United,A,1.55,4.08,5.89,1.54,4.32,5.69,AvgH/AvgD/AvgA,AvgCH/AvgCD/AvgCA,0.6086205542906493,0.23121614194865353,0.1601633037606972,0.06003861646526176
2526,E0,2026-01-25,Brentford,Nott'm Forest,A,1.9,3.49,4.02,1.84,3.5,4.38,AvgH/AvgD/AvgA,AvgCH/AvgCD/AvgCA,0.4957736723818678,0.2699054376864037,0.2343208899317286,0.06160495966855506
2526,E0,2026-01-25,Crystal Palace,Chelsea,A,3.5,3.66,2.0,3.39,3.48,2.11,AvgH/AvgD/AvgA,AvgCH/AvgCD/AvgCA,0.2698120162182086,0.25801695539992625,0.4721710283818651,0.05893832943013266
2526,E0,2026-01-25,Newcastle,Aston Villa,A,1.98,3.66,3.54,2.15,3.53,3.26,AvgH/AvgD/AvgA,AvgCH/AvgCD/AvgCA,0.4761211800502712,0.25757375314194997,0.2663050668077788,0.0607604244725668
2526,E0,2026-01-26,Everton,Leeds,D,2.48,3.15,2.92,2.49,3.07,3.03,AvgH/AvgD/AvgA,AvgCH/AvgCD/AvgCA,0.3792739448118887,0.29860297877253456,0.32212307641557664,0.063151877336588
2526,E0,2026-01-31,Brighton,Everton,D,1.86,3.6,4.13,1.91,3.47,4.08,AvgH/AvgD/AvgA,AvgCH/AvgCD/AvgCA,0.5083806905606959,0.2626633567896929,0.22895595264961124,0.057542936985255144
2526,E0,2026-01-31,Chelsea,West Ham,H,1.49,4.53,6.05,1.59,4.34,5.11,AvgH/AvgD/AvgA,AvgCH/AvgCD/AvgCA,0.6348402967753592,0.20881060534112256,0.15634909788351822,0.05718074767204229
2526,E0,2026-01-31,Leeds,Arsenal,A,6.16,4.1,1.54,5.87,3.99,1.57,AvgH/AvgD/AvgA,AvgCH/AvgCD/AvgCA,0.15378844711177797,0.2310577644411103,0.6151537884471119,0.05559075071270181
2526,E0,2026-01-31,Liverpool,Newcastle,H,1.77,3.99,4.12,1.64,4.22,4.78,AvgH/AvgD/AvgA,AvgCH/AvgCD/AvgCA,0.5338399337522529,0.2368162112134054,0.22934385503434165,0.05831676443041123
2526,E0,2026-01-31,Wolves,Bournemouth,A,2.95,3.5,2.31,2.94,3.41,2.37,AvgH/AvgD/AvgA,AvgCH/AvgCD/AvgCA,0.32052171499930626,0.2701540169279867,0.40932426807270716,0.057597769462176096
2526,E0,2026-02-01,Aston Villa,Brentford,A,2.08,3.47,3.46,2.3,3.32,3.13,AvgH/AvgD/AvgA,AvgCH/AvgCD/AvgCA,0.45442571326919146,0.27239351112389576,0.27318077560691284,0.057971009850039
2526,E0,2026-02-01,Man United,Fulham,H,1.58,4.32,5.2,1.52,4.63,5.47,AvgH/AvgD/AvgA,AvgCH/AvgCD/AvgCA,0.5989505567168636,0.21906062028070472,0.18198882300243163,0.05670056619423702
2526,E0,2026-02-01,Nott'm Forest,Crystal Palace,D,1.95,3.48,3.88,2.09,3.22,3.73,AvgH/AvgD/AvgA,AvgCH/AvgCD/AvgCA,0.48474926762019643,0.271626744787179,0.2436239875926245,0.05790879342248001
2526,E0,2026-02-01,Tottenham,Man City,D,4.41,4.06,1.71,4.98,4.01,1.65,AvgH/AvgD/AvgA,AvgCH/AvgCD/AvgCA,0.2143551838163781,0.2328340789729625,0.5528107372106593,0.05785810997115126
2526,E0,2026-02-02,Sunderland,Burnley,H,1.8,3.42,4.73,1.91,3.23,4.46,AvgH/AvgD/AvgA,AvgCH/AvgCD/AvgCA,0.5244208437882943,0.2760109704148917,0.19956818579681387,0.059369706860527005
2526,E0,2026-02-06,Leeds,Nott'm Forest,H,2.21,3.26,3.37,2.14,3.37,3.4,AvgH/AvgD/AvgA,AvgCH/AvgCD/AvgCA,0.428504007644753,0.29048891315794606,0.2810070791973009,0.05597305908498451
2526,E0,2026-02-07,Arsenal,Sunderland,H,1.21,6.23,14.08,1.26,5.65,12.04,AvgH/AvgD/AvgA,AvgCH/AvgCD/AvgCA,0.7811529607679875,0.1517167066660136,0.06713033256599893,0.057982651924173956
2526,E0,2026-02-07,Bournemouth,Aston Villa,D,2.68,3.6,2.46,2.84,3.58,2.35,AvgH/AvgD/AvgA,AvgCH/AvgCD/AvgCA,0.3528736731376111,0.26269484555799943,0.38443148130438937,0.05741617117663722
2526,E0,2026-02-07,Burnley,West Ham,A,3.28,3.5,2.14,3.11,3.58,2.19,AvgH/AvgD/AvgA,AvgCH/AvgCD/AvgCA,0.288196635525526,0.27008141843535005,0.44172194603912396,0.05788205412094172
2526,E0,2026-02-07,Fulham,Everton,A,2.1,3.27,3.64,2.13,3.41,3.4,AvgH/AvgD/AvgA,AvgCH/AvgCD/AvgCA,0.45062808077595806,0.28939418031483544,0.25997773890920656,0.0567261484692676
2526,E0,2026-02-07,Man United,Tottenham,H,1.57,4.54,4.97,1.59,4.38,4.95,AvgH/AvgD/AvgA,AvgCH/AvgCD/AvgCA,0.601789595807385,0.2081078558188534,0.1901025483737615,0.058414235800617
2526,E0,2026-02-07,Newcastle,Brentford,A,2.05,3.53,3.51,1.92,3.7,3.77,AvgH/AvgD/AvgA,AvgCH/AvgCD/AvgCA,0.46194025120888216,0.2682655849796624,0.2697941638114554,0.055991281929235415
2526,E0,2026-02-07,Wolves,Chelsea,A,4.9,4.05,1.65,5.31,4.19,1.58,AvgH/AvgD/AvgA,AvgCH/AvgCD/AvgCA,0.19306608884073673,0.2335861321776815,0.5733477789815818,0.05705581896058076
2526,E0,2026-02-08,Brighton,Crystal Palace,A,1.96,3.57,3.68,2.19,3.27,3.39,AvgH/AvgD/AvgA,AvgCH/AvgCD/AvgCA,0.48039316064298154,0.263745264666735,0.25586157469028364,0.06205525688536273
2526,E0,2026-02-08,Liverpool,Man City,A,2.34,3.68,2.76,2.15,3.84,3.01,AvgH/AvgD/AvgA,AvgCH/AvgCD/AvgCA,0.40262582056892776,0.2560175054704595,0.3413566739606127,0.06140839836492029
2526,E0,2026-02-10,Chelsea,Leeds,D,1.55,4.28,5.66,1.51,4.4,6.03,AvgH/AvgD/AvgA,AvgCH/AvgCD/AvgCA,0.6112465242557744,0.22136264313001178,0.16739083261421386,0.05548459536534667
2526,E0,2026-02-10,Everton,Bournemouth,A,2.41,3.35,2.91,2.32,3.41,3.0,AvgH/AvgD/AvgA,AvgCH/AvgCD/AvgCA,0.392529122089301,0.2823866221597658,0.3250842557509332,0.05708783370651549
2526,E0,2026-02-10,Tottenham,Newcastle,A,3.18,3.48,2.2,3.0,3.6,2.25,AvgH/AvgD/AvgA,AvgCH/AvgCD/AvgCA,0.297685703620754,0.27202314296379243,0.43029115341545354,0.056367185189566404
2526,E0,2026-02-10,West Ham,Man United,D,4.36,4.23,1.7,4.47,4.15,1.69,AvgH/AvgD/AvgA,AvgCH/AvgCD/AvgCA,0.21760707866052567,0.22429476665718487,0.5580981546822894,0.05399971166812745
2526,E0,2026-02-11,Aston Villa,Brighton,H,1.92,3.67,3.79,2.06,3.69,3.34,AvgH/AvgD/AvgA,AvgCH/AvgCD/AvgCA,0.4926697954485079,0.2577455060657044,0.24958469848578763,0.057165140110094326
2526,E0,2026-02-11,Crystal Palace,Burnley,A,1.55,3.98,6.18,1.46,4.45,6.9,AvgH/AvgD/AvgA,AvgCH/AvgCD/AvgCA,0.6096608203368993,0.2374307214879884,0.1529084581751123,0.05822986946424358
2526,E0,2026-02-11,Man City,Fulham,H,1.34,5.33,8.08,1.37,5.23,7.38,AvgH/AvgD/AvgA,AvgCH/AvgCD/AvgCA,0.7055924555752525,0.1773909738219209,0.11701657060282654,0.05764829374203417
2526,E0,2026-02-11,Nott'm Forest,Wolves,D,1.69,3.72,5.09,1.73,3.79,4.66,AvgH/AvgD/AvgA,AvgCH/AvgCD/AvgCA,0.5598086548780885,0.25432167385590576,0.18586967126600581,0.05699683485640472
2526,E0,2026-02-11,Sunderland,Liverpool,A,4.65,3.83,1.72,4.45,3.83,1.75,AvgH/AvgD/AvgA,AvgCH/AvgCD/AvgCA,0.20335174146707372,0.2468891900318258,0.5497590685011006,0.05754571802219477
2526,E0,2026-02-12,Brentford,Arsenal,D,4.83,3.86,1.69,5.08,3.77,1.68,AvgH/AvgD/AvgA,AvgCH/AvgCD/AvgCA,0.19572215938241636,0.24490622534121018,0.5593716152763735,0.05782267131843444
2526,E0,2026-02-18,Wolves,Arsenal,D,10.94,5.48,1.28,12.35,5.93,1.24,AvgH/AvgD/AvgA,AvgCH/AvgCD/AvgCA,0.08663089980338105,0.1729456284395965,0.7404234717570225,0.05513943006979005
2526,E0,2026-02-21,Aston Villa,Leeds,D,1.84,3.62,4.24,1.82,3.68,4.18,AvgH/AvgD/AvgA,AvgCH/AvgCD/AvgCA,0.5148668956633748,0.2617003005581795,0.22343280377844565,0.055570411395990726
2526,E0,2026-02-21,Brentford,Brighton,A,2.01,3.7,3.45,2.25,3.39,3.13,AvgH/AvgD/AvgA,AvgCH/AvgCD/AvgCA,0.47039964623293357,0.25554142944005304,0.27405892432701345,0.0576377805449837
2526,E0,2026-02-21,Chelsea,Burnley,D,1.2,6.7,12.88,1.23,6.31,11.6,AvgH/AvgD/AvgA,AvgCH/AvgCD/AvgCA,0.7859953366365492,0.14077528417371027,0.0732293791897406,0.06022681622941195
2526,E0,2026-02-21,Man City,Newcastle,H,1.46,4.92,5.82,1.54,4.63,5.31,AvgH/AvgD/AvgA,AvgCH/AvgCD/AvgCA,0.6461588453518914,0.1917463240271873,0.16209483062092123,0.060004845211564684
2526,E0,2026-02-21,West Ham,Bournemouth,D,2.41,3.65,2.71,2.66,3.62,2.46,AvgH/AvgD/AvgA,AvgCH/AvgCD/AvgCA,0.39222256147126583,0.25897434880705494,0.3488030897216792,0.05791405211272593
2526,E0,2026-02-22,Crystal Palace,Wolves,H,1.62,3.99,5.26,1.77,3.71,4.44,AvgH/AvgD/AvgA,AvgCH/AvgCD/AvgCA,0.5834306301497815,0.23688160923374588,0.17968776061647265,0.0580245854743886
2526,E0,2026-02-22,Nott'm Forest,Liverpool,A,4.08,3.88,1.8,3.83,3.78,1.87,AvgH/AvgD/AvgA,AvgCH/AvgCD/AvgCA,0.2315772720038198,0.2435142447875219,0.5249084832086583,0.05838555353412844
2526,E0,2026-02-22,Sunderland,Fulham,A,2.65,3.27,2.67,2.85,3.18,2.55,AvgH/AvgD/AvgA,AvgCH/AvgCD/AvgCA,0.35677246147622377,0.28912752994250546,0.3541000085812708,0.0577007233255471
2526,E0,2026-02-22,Tottenham,Arsenal,A,5.83,3.98,1.56,7.2,4.35,1.45,AvgH/AvgD/AvgA,AvgCH/AvgCD/AvgCA,0.16123821642818192,0.23618562858701017,0.602576154984808,0.06380850905360225
2526,E0,2026-02-23,Everton,Man United,A,3.57,3.73,1.94,3.52,3.62,1.99,AvgH/AvgD/AvgA,AvgCH/AvgCD/AvgCA,0.26334426324964244,0.25204799458477845,0.48460774216557917,0.0636724770890087
2526,E0,2026-02-27,Wolves,Aston Villa,H,4.17,3.64,1.84,4.6,3.74,1.74,AvgH/AvgD/AvgA,AvgCH/AvgCD/AvgCA,0.22665926657912908,0.2596618520975187,0.5136788813233523,0.058011689072058115
2526,E0,2026-02-28,Bournemouth,Sunderland,D,1.77,3.8,4.34,1.8,3.68,4.27,AvgH/AvgD/AvgA,AvgCH/AvgCD/AvgCA,0.5337251373795299,0.24860355083204416,0.21767131178842578,0.05854439269305045
2526,E0,2026-02-28,Burnley,Brentford,A,4.58,3.81,1.73,4.34,3.79,1.77,AvgH/AvgD/AvgA,AvgCH/AvgCD/AvgCA,0.20620688576389432,0.24788124325423516,0.5459118709818706,0.058842485035686565
2526,E0,2026-02-28,Leeds,Man City,A,5.0,4.25,1.6,4.77,3.91,1.69,AvgH/AvgD/AvgA,AvgCH/AvgCD/AvgCA,0.18862690707350901,0.2219140083217753,0.5894590846047156,0.06029411764705883
2526,E0,2026-02-28,Liverpool,West Ham,H,1.41,5.02,6.68,1.41,4.98,6.69,AvgH/AvgD/AvgA,AvgCH/AvgCD/AvgCA,0.6702617997785355,0.18826078439994723,0.14147741582151724,0.058123644209419734
2526,E0,2026-02-28,Newcastle,Everton,A,1.69,3.92,4.67,1.78,3.73,4.34,AvgH/AvgD/AvgA,AvgCH/AvgCD/AvgCA,0.557722363550505,0.24044663122457993,0.20183100522491507,0.06095077946032146
2526,E0,2026-03-01,Arsenal,Chelsea,H,1.6,3.98,5.28,1.5,4.36,6.05,AvgH/AvgD/AvgA,AvgCH/AvgCD/AvgCA,0.5864963829597213,0.2357774403858176,0.177726176654461,0.0656502208009746
2526,E0,2026-03-01,Brighton,Nott'm Forest,H,2.05,3.54,3.42,2.09,3.39,3.48,AvgH/AvgD/AvgA,AvgCH/AvgCD/AvgCA,0.4590290732062423,0.26582192092451884,0.27514900586923874,0.06268841457370877
2526,E0,2026-03-01,Fulham,Tottenham,H,2.08,3.57,3.3,2.02,3.66,3.45,AvgH/AvgD/AvgA,AvgCH/AvgCD/AvgCA,0.45188833398540884,0.26328507974500015,0.28482658626959106,0.06391157861746088
2526,E0,2026-03-01,Man United,Crystal Palace,H,1.53,4.31,5.61,1.51,4.35,5.95,AvgH/AvgD/AvgA,AvgCH/AvgCD/AvgCA,0.6143579111053518,0.2180899313204613,0.16755215757418684,0.06386645215633902
2526,E0,2026-03-03,Bournemouth,Brentford,D,2.48,3.59,2.65,2.5,3.56,2.65,AvgH/AvgD/AvgA,AvgCH/AvgCD/AvgCA,0.38071208186100114,0.26299887549172224,0.3562890426472765,0.05913582905107706
2526,E0,2026-03-03,Everton,Burnley,H,1.56,3.96,6.06,1.61,3.78,5.73,AvgH/AvgD/AvgA,AvgCH/AvgCD/AvgCA,0.6055595930232558,0.23855377906976746,0.15588662790697674,0.05856739520105858
2526,E0,2026-03-03,Leeds,Sunderland,A,1.86,3.43,4.31,1.81,3.51,4.51,AvgH/AvgD/AvgA,AvgCH/AvgCD/AvgCA,0.506629608940462,0.2747320911455567,0.21863829991398134,0.06119815959144237
2526,E0,2026-03-03,Wolves,Liverpool,H,6.08,4.61,1.48,6.85,4.71,1.43,AvgH/AvgD/AvgA,AvgCH/AvgCD/AvgCA,0.15559407069555303,0.20520866590649942,0.6391972633979476,0.05706909958251427
2526,E0,2026-03-04,Aston Villa,Chelsea,A,2.67,3.57,2.46,2.64,3.48,2.54,AvgH/AvgD/AvgA,AvgCH/AvgCD/AvgCA,0.35294968712699387,0.26397077440590294,0.3830795384671031,0.06114794506457022
2526,E0,2026-03-04,Brighton,Arsenal,A,5.03,3.92,1.64,5.03,3.84,1.67,AvgH/AvgD/AvgA,AvgCH/AvgCD/AvgCA,0.18690762771982464,0.2398330018955913,0.5732593703845841,0.06366529543495614
2526,E0,2026-03-04,Fulham,West Ham,A,2.03,3.56,3.52,2.2,3.51,3.13,AvgH/AvgD/AvgA,AvgCH/AvgCD/AvgCA,0.4657815310962102,0.2656001427318277,0.2686183261719621,0.057600622933827283
2526,E0,2026-03-04,Man City,Nott'm Forest,D,1.37,4.95,7.65,1.39,4.83,7.62,AvgH/AvgD/AvgA,AvgCH/AvgCD/AvgCA,0.6868827034527794,0.19010693004652682,0.12301036650069383,0.06266616356783805
2526,E0,2026-03-04,Newcastle,Man United,H,2.56,3.66,2.53,2.56,3.62,2.52,AvgH/AvgD/AvgA,AvgCH/AvgCD/AvgCA,0.3688252304211709,0.2579761174530594,0.37319865212576975,0.059105960711894445
2526,E0,2026-03-05,Tottenham,Crystal Palace,A,2.34,3.32,2.97,2.44,3.37,2.83,AvgH/AvgD/AvgA,AvgCH/AvgCD/AvgCA,0.40117173196631273,0.28275357012083485,0.3160746979128524,0.06525558332787251
2526,E0,2026-03-14,Arsenal,Everton,H,1.37,4.56,8.83,1.37,4.65,8.58,AvgH/AvgD/AvgA,AvgCH/AvgCD/AvgCA,0.6870059427631545,0.2064031012248951,0.10659095601195036,0.06247553603901301
2526,E0,2026-03-14,Burnley,Bournemouth,D,4.02,3.83,1.82,3.92,3.93,1.82,AvgH/AvgD/AvgA,AvgCH/AvgCD/AvgCA,0.23483000714199095,0.24647953752240298,0.5186904553356062,0.05930337410014719
2526,E0,2026-03-14,Chelsea,Newcastle,A,1.79,4.12,3.86,1.69,4.24,4.3,AvgH/AvgD/AvgA,AvgCH/AvgCD/AvgCA,0.5268158238205344,0.22888357394144576,0.24430060223801986,0.06044502199199009
2526,E0,2026-03-14,Sunderland,Brighton,A,3.26,3.27,2.23,3.64,3.46,2.01,AvgH/AvgD/AvgA,AvgCH/AvgCD/AvgCA,0.2891154979165097,0.28823135266294236,0.4226531494205478,0.06098935708472819
2526,E0,2026-03-14,West Ham,Man City,D,4.43,4.15,1.69,4.81,4.16,1.63,AvgH/AvgD/AvgA,AvgCH/AvgCD/AvgCA,0.21327547461281388,0.22766514518910008,0.5590593801980861,0.058413466064560104
2526,E0,2026-03-15,Crystal Palace,Leeds,D,2.49,3.24,2.85,2.66,3.23,2.69,AvgH/AvgD/AvgA,AvgCH/AvgCD/AvgCA,0.378472094138478,0.2908628130879044,0.3306650927736176,0.061125593993909266
2526,E0,2026-03-15,Liverpool,Tottenham,D,1.29,5.79,8.72,1.3,5.87,8.24,AvgH/AvgD/AvgA,AvgCH/AvgCD/AvgCA,0.7295363021210374,0.16253917612023114,0.10792452175873145,0.06258426920748339
2526,E0,2026-03-15,Man United,Aston Villa,H,1.71,4.02,4.38,1.69,4.0,4.56,AvgH/AvgD/AvgA,AvgCH/AvgCD/AvgCA,0.5507262695642382,0.23426415944150436,0.2150095709942574,0.061862042826004604
2526,E0,2026-03-15,Nott'm Forest,Fulham,D,2.19,3.4,3.24,2.29,3.31,3.13,AvgH/AvgD/AvgA,AvgCH/AvgCD/AvgCA,0.43102638745422106,0.27763170250727764,0.29134191003850124,0.05938062693367563
2526,E0,2026-03-16,Brentford,Wolves,D,1.54,4.15,5.68,1.53,4.29,5.78,AvgH/AvgD/AvgA,AvgCH/AvgCD/AvgCA,0.6089351127093117,0.22596628278851563,0.16509860450217256,0.0663708428005052
2526,E0,2026-03-20,Bournemouth,Man United,D,3.22,3.76,2.07,3.07,3.72,2.15,AvgH/AvgD/AvgA,AvgCH/AvgCD/AvgCA,0.2930885155032045,0.250996015936255,0.45591546856054044,0.05960824045930435
2526,E0,2026-03-21,Brighton,Liverpool,H,3.02,3.55,2.22,3.05,3.62,2.19,AvgH/AvgD/AvgA,AvgCH/AvgCD/AvgCA,0.3114231972939652,0.26492902981064087,0.42364777289539407,0.06326641911009023
2526,E0,2026-03-21,Everton,Chelsea,H,3.38,3.5,2.08,3.15,3.43,2.22,AvgH/AvgD/AvgA,AvgCH/AvgCD/AvgCA,0.2784961209468868,0.2689476825144221,0.452556196538691,0.06234150464919708
2526,E0,2026-03-21,Fulham,Burnley,H,1.53,4.09,6.22,1.52,4.29,5.92,AvgH/AvgD/AvgA,AvgCH/AvgCD/AvgCA,0.6172596271664309,0.23090641309648882,0.15183395973708025,0.05886525292800693
2526,E0,2026-03-21,Leeds,Brentford,D,2.46,3.42,2.77,2.35,3.41,2.95,AvgH/AvgD/AvgA,AvgCH/AvgCD/AvgCA,0.38352603964244075,0.2758696074621065,0.3406043528954528,0.05991255618427349
2526,E0,2026-03-22,Aston Villa,West Ham,H,1.95,3.56,3.7,1.73,3.79,4.55,AvgH/AvgD/AvgA,AvgCH/AvgCD/AvgCA,0.4819788503055363,0.26400526912803246,0.2540158805664312,0.06398965949527757
2526,E0,2026-03-22,Newcastle,Sunderland,A,1.65,3.89,5.04,1.53,4.2,5.83,AvgH/AvgD/AvgA,AvgCH/AvgCD/AvgCA,0.5709243712161584,0.2421658643975993,0.18690976438624232,0.061542713213664335
2526,E0,2026-03-22,Tottenham,Nott'm Forest,A,2.24,3.39,3.11,2.37,3.29,3.0,AvgH/AvgD/AvgA,AvgCH/AvgCD/AvgCA,0.41998733214090805,0.2775137533910425,0.30249891446804955,0.06295723052616298
2526,E0,2026-04-10,West Ham,Wolves,H,1.78,3.74,4.34,1.77,3.74,4.38,AvgH/AvgD/AvgA,AvgCH/AvgCD/AvgCA,0.5302018684262103,0.2523420657215653,0.2174560658522245,0.05959217849715248
2526,E0,2026-04-11,Arsenal,Bournemouth,A,1.43,4.55,7.06,1.47,4.47,6.4,AvgH/AvgD/AvgA,AvgCH/AvgCD/AvgCA,0.659267362130146,0.20719831381233159,0.13353432405752247,0.06072397857100409
2526,E0,2026-04-11,Brentford,Everton,D,2.13,3.31,3.45,2.15,3.34,3.37,AvgH/AvgD/AvgA,AvgCH/AvgCD/AvgCA,0.44230255284042713,0.28462369714504826,0.2730737500145246,0.06145344416426313
2526,E0,2026-04-11,Burnley,Brighton,A,4.48,3.93,1.72,5.29,4.13,1.59,AvgH/AvgD/AvgA,AvgCH/AvgCD/AvgCA,0.21076591127352545,0.24026241285124533,0.5489716758752292,0.05906256076014649
2526,E0,2026-04-11,Liverpool,Fulham,H,1.62,4.18,4.83,1.71,4.06,4.38,AvgH/AvgD/AvgA,AvgCH/AvgCD/AvgCA,0.5803953360011039,0.2249379053401408,0.19466675865875535,0.06355773785216945
2526,E0,2026-04-12,Chelsea,Man City,A,3.08,3.8,2.1,3.48,3.89,1.94,AvgH/AvgD/AvgA,AvgCH/AvgCD/AvgCA,0.3051391862955033,0.2473233404710921,0.44753747323340476,0.06402369560264276
2526,E0,2026-04-12,Crystal Palace,Newcastle,H,3.07,3.5,2.22,2.91,3.3,2.42,AvgH/AvgD/AvgA,AvgCH/AvgCD/AvgCA,0.3067460442788113,0.2690601016959859,0.42419385402520293,0.061897635187537325
2526,E0,2026-04-12,Nott'm Forest,Aston Villa,D,2.61,3.33,2.65,2.35,3.32,2.99,AvgH/AvgD/AvgA,AvgCH/AvgCD/AvgCA,0.361181714369912,0.2830883707223634,0.35572991490772465,0.06080055331844525
2526,E0,2026-04-12,Sunderland,Tottenham,H,2.62,3.34,2.63,2.75,3.31,2.53,AvgH/AvgD/AvgA,AvgCH/AvgCD/AvgCA,0.3596308790776889,0.282105659635792,0.3582634612865191,0.061308723799896825
2526,E0,2026-04-13,Man United,Leeds,A,1.59,4.07,5.3,1.62,4.07,5.08,AvgH/AvgD/AvgA,AvgCH/AvgCD/AvgCA,0.5914837959598896,0.2310710652521436,0.17744513878796692,0.06331030859332731
2526,E0,2026-04-18,Brentford,Fulham,D,2.09,3.63,3.26,1.96,3.75,3.52,AvgH/AvgD/AvgA,AvgCH/AvgCD/AvgCA,0.4510880959369366,0.25971738856975135,0.2891945154933121,0.060699459443111614
2526,E0,2026-04-18,Chelsea,Man United,A,2.21,3.54,3.07,2.1,3.69,3.21,AvgH/AvgD/AvgA,AvgCH/AvgCD/AvgCA,0.4265914059954702,0.26631836362994044,0.3070902303745893,0.060707462511821575
2526,E0,2026-04-18,Leeds,Wolves,H,1.6,3.93,5.5,1.53,4.11,6.26,AvgH/AvgD/AvgA,AvgCH/AvgCD/AvgCA,0.5889164373484456,0.23976241724109743,0.1713211454104569,0.06127110802683333
2526,E0,2026-04-18,Newcastle,Bournemouth,A,1.96,3.81,3.48,2.18,3.67,3.04,AvgH/AvgD/AvgA,AvgCH/AvgCD/AvgCA,0.4813120752744381,0.24760411221467155,0.2710838125108904,0.060027595072783324
2526,E0,2026-04-18,Tottenham,Brighton,D,2.68,3.65,2.41,2.93,3.76,2.21,AvgH/AvgD/AvgA,AvgCH/AvgCD/AvgCA,0.35133580697599176,0.2579671130673036,0.39069707995670455,0.0620446904340346
2526,E0,2026-04-19,Aston Villa,Sunderland,H,1.65,3.78,5.25,1.73,3.66,4.8,AvgH/AvgD/AvgA,AvgCH/AvgCD/AvgCA,0.57116953762466,0.2493200362647326,0.1795104261106074,0.06108706108706108
2526,E0,2026-04-19,Everton,Liverpool,A,3.11,3.36,2.25,3.2,3.33,2.24,AvgH/AvgD/AvgA,AvgCH/AvgCD/AvgCA,0.30231414278344954,0.2798205309692048,0.41786532624734574,0.0636069004236206
2526,E0,2026-04-19,Man City,Arsenal,H,1.82,3.6,4.25,1.84,3.59,4.22,AvgH/AvgD/AvgA,AvgCH/AvgCD/AvgCA,0.5171190049683982,0.2614323858451347,0.22144860918646703,0.06252244487538605
2526,E0,2026-04-19,Nott'm Forest,Burnley,H,1.49,4.25,6.32,1.46,4.39,6.84,AvgH/AvgD/AvgA,AvgCH/AvgCD/AvgCA,0.6303788140147809,0.2210033959722408,0.14861779001297837,0.06466290534564001
2526,E0,2026-04-20,Crystal Palace,West Ham,D,2.31,3.21,3.11,2.53,3.33,2.76,AvgH/AvgD/AvgA,AvgCH/AvgCD/AvgCA,0.4061092737457439,0.29224686054600263,0.3016438657082535,0.06597032101134026
2526,E0,2026-04-21,Brighton,Chelsea,H,2.44,3.62,2.66,2.28,3.43,3.01,AvgH/AvgD/AvgA,AvgCH/AvgCD/AvgCA,0.3859027588528559,0.26011125182347195,0.3539859893236723,0.062019009120482416
2526,E0,2026-04-22,Bournemouth,Leeds,D,2.02,3.51,3.57,1.83,3.78,4.02,AvgH/AvgD/AvgA,AvgCH/AvgCD/AvgCA,0.46700059256940324,0.26875817578068223,0.2642412316499145,0.06006183466870718
2526,E0,2026-04-22,Burnley,Man City,A,16.53,8.3,1.14,15.78,8.1,1.15,AvgH/AvgD/AvgA,AvgCH/AvgCD/AvgCA,0.05717040914726546,0.11385865821738529,0.8289709326353493,0.058170977922579636
2526,E0,2026-04-24,Sunderland,Nott'm Forest,A,2.67,3.18,2.66,2.66,3.1,2.75,AvgH/AvgD/AvgA,AvgCH/AvgCD/AvgCA,0.35169385820485954,0.29529012622860845,0.35301601556653195,0.06493709363508415
2526,E0,2026-04-25,Arsenal,Newcastle,H,1.45,4.66,6.22,1.38,4.87,7.59,AvgH/AvgD/AvgA,AvgCH/AvgCD/AvgCA,0.6475518976256222,0.20149147029123435,0.15095663208314342,0.06501915127196911
2526,E0,2026-04-25,Fulham,Aston Villa,H,2.67,3.5,2.47,2.43,3.55,2.7,AvgH/AvgD/AvgA,AvgCH/AvgCD/AvgCA,0.35163860743789893,0.26825002338834,0.38011136917376115,0.06510442051541987
2526,E0,2026-04-25,Liverpool,Crystal Palace,H,1.44,4.76,6.31,1.56,4.37,5.21,AvgH/AvgD/AvgA,AvgCH/AvgCD/AvgCA,0.6532829886637491,0.1976318285033191,0.14908518283293168,0.06300708344616246
2526,E0,2026-04-25,West Ham,Everton,H,2.38,3.34,2.9,2.42,3.38,2.82,AvgH/AvgD/AvgA,AvgCH/AvgCD/AvgCA,0.3947475669595553,0.281287188432258,0.32396524460818676,0.06439685103857773
2526,E0,2026-04-25,Wolves,Tottenham,A,4.48,3.99,1.7,4.62,4.17,1.64,AvgH/AvgD/AvgA,AvgCH/AvgCD/AvgCA,0.21016787402941048,0.23597796382249597,0.5538541621480936,0.06207614624797286
2526,E0,2026-04-27,Man United,Brentford,H,1.84,3.82,3.84,1.96,3.73,3.53,AvgH/AvgD/AvgA,AvgCH/AvgCD/AvgCA,0.5099849808088113,0.24564721588696667,0.2443678033042221,0.06567503224827376
2526,E0,2026-05-01,Leeds,Burnley,H,1.34,5.09,8.57,1.36,4.93,8.54,AvgH/AvgD/AvgA,AvgCH/AvgCD/AvgCA,0.7044135149057661,0.18544481531900328,0.11014166977523064,0.05941842529277852
2526,E0,2026-05-02,Arsenal,Fulham,H,1.44,4.39,7.0,1.45,4.42,7.02,AvgH/AvgD/AvgA,AvgCH/AvgCD/AvgCA,0.6520041755425235,0.2138692512030146,0.13412657325446198,0.06509202010340953
2526,E0,2026-05-02,Brentford,West Ham,H,1.91,3.77,3.62,1.86,3.86,3.8,AvgH/AvgD/AvgA,AvgCH/AvgCD/AvgCA,0.4915803085479229,0.24904997064364268,0.25936972080843446,0.06505529273665611
2526,E0,2026-05-02,Newcastle,Brighton,H,2.5,3.6,2.6,2.66,3.6,2.46,AvgH/AvgD/AvgA,AvgCH/AvgCD/AvgCA,0.3765084473049075,0.2614641995172969,0.3620273531777956,0.062393162393162394
2526,E0,2026-05-02,Wolves,Sunderland,D,3.24,3.35,2.18,3.67,3.52,1.98,AvgH/AvgD/AvgA,AvgCH/AvgCD/AvgCA,0.28956947208983275,0.28006122076748,0.43036930714268723,0.0658650343254843
2526,E0,2026-05-03,Aston Villa,Tottenham,A,2.1,3.59,3.21,2.24,3.54,2.99,AvgH/AvgD/AvgA,AvgCH/AvgCD/AvgCA,0.4465952821085185,0.2612395800634788,0.29216513782800274,0.0662684879746811
2526,E0,2026-05-03,Bournemouth,Crystal Palace,H,1.58,4.16,5.2,1.56,4.23,5.36,AvgH/AvgD/AvgA,AvgCH/AvgCD/AvgCA,0.593946316390634,0.22558537978298115,0.18046830382638493,0.06560370009737082
2526,E0,2026-05-03,Man United,Liverpool,H,2.29,3.73,2.76,2.35,3.71,2.74,AvgH/AvgD/AvgA,AvgCH/AvgCD/AvgCA,0.4092237119835909,0.2512392226387194,0.33953706537768963,0.06709657803244218
2526,E0,2026-05-04,Chelsea,Nott'm Forest,A,1.68,3.93,4.65,1.41,4.78,7.11,AvgH/AvgD/AvgA,AvgCH/AvgCD/AvgCA,0.5590429778915779,0.23898020428952949,0.20197681781889262,0.06474478488760682
2526,E0,2026-05-04,Everton,Man City,D,6.38,4.63,1.44,6.69,4.61,1.44,AvgH/AvgD/AvgA,AvgCH/AvgCD/AvgCA,0.14687468332679796,0.20238887248919457,0.6507364441840076,0.06716697773895941
2526,E0,2026-05-09,Brighton,Wolves,H,1.27,5.88,9.98,1.27,5.95,9.93,AvgH/AvgD/AvgA,AvgCH/AvgCD/AvgCA,0.7444680975228546,0.16079498024728323,0.09473692222986226,0.057670002815636945
2526,E0,2026-05-09,Fulham,Bournemouth,A,2.68,3.66,2.39,2.63,3.6,2.47,AvgH/AvgD/AvgA,AvgCH/AvgCD/AvgCA,0.35043707484355846,0.2566041968799827,0.3929587282764589,0.06476841391505994
2526,E0,2026-05-09,Liverpool,Chelsea,D,1.82,3.95,3.81,1.99,3.69,3.48,AvgH/AvgD/AvgA,AvgCH/AvgCD/AvgCA,0.5158761444775424,0.23769483112636128,0.24642902439609637,0.06508229801362453
2526,E0,2026-05-09,Man City,Brentford,H,1.35,5.51,7.23,1.34,5.57,7.32,AvgH/AvgD/AvgA,AvgCH/AvgCD/AvgCA,0.6984551943236149,0.17112786067819968,0.13041694499818535,0.0605415304528949
2526,E0,2026-05-09,Sunderland,Man United,D,3.93,3.7,1.86,3.21,3.51,2.15,AvgH/AvgD/AvgA,AvgCH/AvgCD/AvgCA,0.2395172068159038,0.2544061142666221,0.5060766789174741,0.06235760508107213
2526,E0,2026-05-10,Burnley,Aston Villa,D,5.34,4.09,1.58,6.34,4.42,1.48,AvgH/AvgD/AvgA,AvgCH/AvgCD/AvgCA,0.175890038105607,0.22964616222101256,0.5944637996733805,0.06467608751417186
2526,E0,2026-05-10,Crystal Palace,Everton,D,2.71,3.26,2.56,2.78,3.25,2.54,AvgH/AvgD/AvgA,AvgCH/AvgCD/AvgCA,0.3460348788032076,0.2876547612137094,0.3663103599830831,0.06637715629456897
2526,E0,2026-05-10,Nott'm Forest,Newcastle,D,2.58,3.48,2.56,3.27,3.44,2.15,AvgH/AvgD/AvgA,AvgCH/AvgCD/AvgCA,0.3637432631063204,0.269671729544341,0.3665850073493386,0.06557822106388667
2526,E0,2026-05-10,West Ham,Arsenal,A,5.29,4.09,1.58,5.83,4.14,1.54,AvgH/AvgD/AvgA,AvgCH/AvgCD/AvgCA,0.1772578278221991,0.22926501446929906,0.593477157708502,0.06644608673537222
2526,E0,2026-05-11,Tottenham,Leeds,D,1.82,3.82,3.92,1.81,3.73,4.15,AvgH/AvgD/AvgA,AvgCH/AvgCD/AvgCA,0.5152712207341748,0.24549571249638694,0.2392330667694383,0.0663326949789178
2526,E0,2026-05-13,Man City,Crystal Palace,H,1.19,7.03,12.75,1.3,5.7,8.53,AvgH/AvgD/AvgA,AvgCH/AvgCD/AvgCA,0.7920115365549564,0.13406738669991436,0.07392107674512927,0.06101501767136441
2526,E0,2026-05-15,Aston Villa,Liverpool,H,2.76,3.44,2.43,2.68,3.42,2.5,AvgH/AvgD/AvgA,AvgCH/AvgCD/AvgCA,0.34035276298431627,0.2730737284409049,0.38657350857477885,0.0645391487431708
2526,E0,2026-05-17,Brentford,Crystal Palace,D,1.71,4.09,4.17,1.72,3.9,4.41,AvgH/AvgD/AvgA,AvgCH/AvgCD/AvgCA,0.5469966228243195,0.22869540954268616,0.22430796763299432,0.06910225262075764
2526,E0,2026-05-17,Everton,Sunderland,A,1.81,3.63,4.18,1.84,3.58,4.13,AvgH/AvgD/AvgA,AvgCH/AvgCD/AvgCA,0.5176956276975042,0.2581347344717583,0.22416963783073746,0.06720273126998144
2526,E0,2026-05-17,Leeds,Brighton,H,3.09,3.57,2.14,3.43,3.48,2.04,AvgH/AvgD/AvgA,AvgCH/AvgCD/AvgCA,0.30216305366698704,0.26153608846806436,0.43630085786494854,0.07102635991335116
2526,E0,2026-05-17,Man United,Nott'm Forest,H,1.58,4.23,4.94,1.56,4.42,5.12,AvgH/AvgD/AvgA,AvgCH/AvgCD/AvgCA,0.5905417015215573,0.2205805882751916,0.18887771020325114,0.07174716158797678
2526,E0,2026-05-17,Newcastle,West Ham,H,2.05,3.78,3.15,2.05,3.81,3.15,AvgH/AvgD/AvgA,AvgCH/AvgCD/AvgCA,0.4559710494571773,0.24728588661037396,0.2967430639324487,0.06981546005936257
2526,E0,2026-05-17,Wolves,Fulham,D,3.68,3.78,1.87,4.03,3.63,1.84,AvgH/AvgD/AvgA,AvgCH/AvgCD/AvgCA,0.2537131289347681,0.24700114139681134,0.4992857296684206,0.0710487532738171
2526,E0,2026-05-18,Arsenal,Burnley,H,1.08,10.12,22.13,1.09,10.11,22.69,AvgH/AvgD/AvgA,AvgCH/AvgCD/AvgCA,0.8654098218757148,0.09235598889582729,0.04223418922845785,0.06992768341714295
2526,E0,2026-05-19,Bournemouth,Man City,D,4.42,4.27,1.66,4.62,4.24,1.63,AvgH/AvgD/AvgA,AvgCH/AvgCD/AvgCA,0.2128665297247949,0.22034427667063078,0.5667891936045744,0.06284601991634564
2526,E0,2026-05-19,Chelsea,Tottenham,H,1.9,3.64,3.76,2.19,3.28,3.25,AvgH/AvgD/AvgA,AvgCH/AvgCD/AvgCA,0.49326759507539714,0.2574748435833117,0.24925756134129112,0.06699851100746956
2526,E0,2026-05-24,Brighton,Man United,A,1.86,3.98,3.58,1.87,4.08,3.49,AvgH/AvgD/AvgA,AvgCH/AvgCD/AvgCA,0.503299187566231,0.23521017308371597,0.26149063935005296,0.06822029894773318
2526,E0,2026-05-24,Burnley,Wolves,D,2.36,3.5,2.77,2.39,3.42,2.82,AvgH/AvgD/AvgA,AvgCH/AvgCD/AvgCA,0.39584030834306433,0.26690946505418045,0.33725022660275517,0.0704539295985176
2526,E0,2026-05-24,Crystal Palace,Arsenal,A,4.13,3.86,1.76,3.97,3.66,1.86,AvgH/AvgD/AvgA,AvgCH/AvgCD/AvgCA,0.2264216343045307,0.24225941701495127,0.5313189486805181,0.06937992630009848
2526,E0,2026-05-24,Fulham,Newcastle,H,2.82,3.66,2.27,2.54,3.63,2.53,AvgH/AvgD/AvgA,AvgCH/AvgCD/AvgCA,0.3319190756987392,0.255740927177717,0.41233999712354374,0.06836260715509468
2526,E0,2026-05-24,Liverpool,Brentford,D,1.8,4.09,3.73,1.77,4.06,3.96,AvgH/AvgD/AvgA,AvgCH/AvgCD/AvgCA,0.5201096424687284,0.2288991091549416,0.2509912483763301,0.06815084780697633
2526,E0,2026-05-24,Man City,Aston Villa,A,1.28,5.93,8.39,1.39,5.15,6.71,AvgH/AvgD/AvgA,AvgCH/AvgCD/AvgCA,0.730772902795587,0.15773850178387042,0.11148859542054247,0.06907357540394798
2526,E0,2026-05-24,Nott'm Forest,Bournemouth,D,3.19,3.72,2.05,3.54,3.7,1.96,AvgH/AvgD/AvgA,AvgCH/AvgCD/AvgCA,0.2929437660137598,0.25120715418921874,0.4558490797970214,0.07010170617430722
2526,E0,2026-05-24,Sunderland,Chelsea,H,3.47,3.59,1.99,3.39,3.65,2.03,AvgH/AvgD/AvgA,AvgCH/AvgCD/AvgCA,0.26952053631723305,0.26051149332055673,0.46996797036221033,0.06924853288784227
2526,E0,2026-05-24,Tottenham,Everton,H,1.89,3.63,3.78,1.87,3.48,4.1,AvgH/AvgD/AvgA,AvgCH/AvgCD/AvgCA,0.4948875255623722,0.2576687116564417,0.2474437627811861,0.06913288731470568
2526,E0,2026-05-24,West Ham,Leeds,H,1.82,3.9,3.75,1.7,4.11,4.35,AvgH/AvgD/AvgA,AvgCH/AvgCD/AvgCA,0.5122950819672131,0.23907103825136616,0.24863387978142076,0.07252747252747249
