season,division,date,home,away,home_goals,away_goals,favorite_side,favorite_fair_probability,one_x_two_source,one_x_two_overround,favorite_ah_line,favorite_ah_price,ah_source,ou_line,over_price,under_price,ou_source
1920,E0,2019-08-09,Liverpool,Norwich,4,1,H,0.8419107425408927,AvgH/AvgD/AvgA,0.041907340211345456,-2.25,1.94,AvgAHH/AvgAHA,2.5,1.41,2.92,AvgO/AvgU
1920,E0,2019-08-10,Bournemouth,Sheffield United,1,1,H,0.4775071962138203,AvgH/AvgD/AvgA,0.041895162535240615,-0.5,2.0,AvgAHH/AvgAHA,2.5,1.9,1.93,AvgO/AvgU
1920,E0,2019-08-10,Burnley,Southampton,3,0,H,0.35761197845922754,AvgH/AvgD/AvgA,0.04340556478521629,0.0,1.91,AvgAHH/AvgAHA,2.5,2.12,1.73,AvgO/AvgU
1920,E0,2019-08-10,Crystal Palace,Everton,0,0,A,0.3998851342639802,AvgH/AvgD/AvgA,0.041965882111557384,-0.25,2.04,AvgAHH/AvgAHA,2.5,2.18,1.7,AvgO/AvgU
1920,E0,2019-08-10,Tottenham,Aston Villa,3,1,H,0.7359580511141248,AvgH/AvgD/AvgA,0.045210074224033114,-1.5,1.93,AvgAHH/AvgAHA,2.5,1.65,2.26,AvgO/AvgU
1920,E0,2019-08-10,Watford,Brighton,0,3,H,0.49399450459763866,AvgH/AvgD/AvgA,0.04346083352814123,-0.5,1.94,AvgAHH/AvgAHA,2.5,2.16,1.71,AvgO/AvgU
1920,E0,2019-08-10,West Ham,Man City,0,5,A,0.7665073624919078,AvgH/AvgD/AvgA,0.043695128249268356,-1.75,1.89,AvgAHH/AvgAHA,2.5,1.48,2.65,AvgO/AvgU
1920,E0,2019-08-11,Leicester,Wolves,0,0,H,0.4320101734944137,AvgH/AvgD/AvgA,0.042684821070018586,-0.25,1.91,AvgAHH/AvgAHA,2.5,2.17,1.7,AvgO/AvgU
1920,E0,2019-08-11,Man United,Chelsea,4,0,H,0.437226186478093,AvgH/AvgD/AvgA,0.0443587751327168,-0.25,1.89,AvgAHH/AvgAHA,2.5,2.01,1.83,AvgO/AvgU
1920,E0,2019-08-11,Newcastle,Arsenal,0,1,A,0.5355469030527654,AvgH/AvgD/AvgA,0.04315647180962667,-0.75,2.03,AvgAHH/AvgAHA,2.5,1.77,2.07,AvgO/AvgU
1920,E0,2019-08-17,Arsenal,Burnley,2,1,H,0.7232990481590654,AvgH/AvgD/AvgA,0.03951429379286209,-1.5,1.98,AvgAHH/AvgAHA,2.5,1.6,2.34,AvgO/AvgU
1920,E0,2019-08-17,Aston Villa,Bournemouth,1,2,H,0.4125216350120696,AvgH/AvgD/AvgA,0.04039282532094601,-0.25,2.01,AvgAHH/AvgAHA,2.5,1.81,2.03,AvgO/AvgU
1920,E0,2019-08-17,Brighton,West Ham,1,1,H,0.3808475899765741,AvgH/AvgD/AvgA,0.04195328333259374,-0.25,2.16,AvgAHH/AvgAHA,2.5,1.95,1.87,AvgO/AvgU
1920,E0,2019-08-17,Everton,Watford,1,0,H,0.555692372642837,AvgH/AvgD/AvgA,0.04020625536360933,-0.75,1.94,AvgAHH/AvgAHA,2.5,1.79,2.05,AvgO/AvgU
1920,E0,2019-08-17,Man City,Tottenham,2,2,H,0.7060174436845078,AvgH/AvgD/AvgA,0.04146735215176012,-1.5,2.0,AvgAHH/AvgAHA,2.5,1.52,2.55,AvgO/AvgU
1920,E0,2019-08-17,Norwich,Newcastle,3,1,H,0.4311224489795918,AvgH/AvgD/AvgA,0.040146469604903645,-0.25,1.92,AvgAHH/AvgAHA,2.5,1.95,1.88,AvgO/AvgU
1920,E0,2019-08-17,Southampton,Liverpool,1,2,A,0.6527800432352522,AvgH/AvgD/AvgA,0.04211535860077986,-1.25,2.04,AvgAHH/AvgAHA,2.5,1.64,2.28,AvgO/AvgU
1920,E0,2019-08-18,Chelsea,Leicester,1,1,H,0.5555219707560359,AvgH/AvgD/AvgA,0.04052533024796556,-0.75,1.95,AvgAHH/AvgAHA,2.5,1.96,1.86,AvgO/AvgU
1920,E0,2019-08-18,Sheffield United,Crystal Palace,1,0,H,0.3735763369233395,AvgH/AvgD/AvgA,0.04156773303766781,-0.25,2.19,AvgAHH/AvgAHA,2.5,2.37,1.6,AvgO/AvgU
1920,E0,2019-08-19,Wolves,Man United,1,1,A,0.417712584773069,AvgH/AvgD/AvgA,0.040865476753248586,-0.25,1.97,AvgAHH/AvgAHA,2.5,2.12,1.74,AvgO/AvgU
1920,E0,2019-08-23,Aston Villa,Everton,2,0,A,0.4224889411800658,AvgH/AvgD/AvgA,0.04269861627805094,-0.25,1.97,AvgAHH/AvgAHA,2.5,1.79,2.05,AvgO/AvgU
1920,E0,2019-08-24,Brighton,Southampton,0,2,H,0.3942202040808289,AvgH/AvgD/AvgA,0.04389026611248825,-0.25,2.08,AvgAHH/AvgAHA,2.5,2.1,1.75,AvgO/AvgU
1920,E0,2019-08-24,Liverpool,Arsenal,3,1,H,0.6404379697503944,AvgH/AvgD/AvgA,0.04095431275958661,-1.25,2.03,AvgAHH/AvgAHA,2.5,1.44,2.79,AvgO/AvgU
1920,E0,2019-08-24,Man United,Crystal Palace,1,2,H,0.7055936476233391,AvgH/AvgD/AvgA,0.04209288182193838,-1.5,2.07,AvgAHH/AvgAHA,2.5,1.76,2.09,AvgO/AvgU
1920,E0,2019-08-24,Norwich,Chelsea,2,3,A,0.5250347660580736,AvgH/AvgD/AvgA,0.0407845780087861,-0.75,2.05,AvgAHH/AvgAHA,2.5,1.56,2.44,AvgO/AvgU
1920,E0,2019-08-24,Sheffield United,Leicester,1,2,A,0.4246712118382793,AvgH/AvgD/AvgA,0.041930471789777046,-0.25,1.92,AvgAHH/AvgAHA,2.5,2.3,1.63,AvgO/AvgU
1920,E0,2019-08-24,Watford,West Ham,1,3,H,0.4510127360626825,AvgH/AvgD/AvgA,0.04095412509563312,-0.25,1.84,AvgAHH/AvgAHA,2.5,1.73,2.13,AvgO/AvgU
1920,E0,2019-08-25,Bournemouth,Man City,1,3,A,0.8029436161388435,AvgH/AvgD/AvgA,0.046569295232396835,-2.0,1.87,AvgAHH/AvgAHA,2.5,1.37,3.08,AvgO/AvgU
1920,E0,2019-08-25,Tottenham,Newcastle,0,1,H,0.7701265298234639,AvgH/AvgD/AvgA,0.04716768176794117,-1.75,1.95,AvgAHH/AvgAHA,2.5,1.55,2.47,AvgO/AvgU
1920,E0,2019-08-25,Wolves,Burnley,1,1,H,0.5191062535025757,AvgH/AvgD/AvgA,0.04129075096541568,-0.5,1.84,AvgAHH/AvgAHA,2.5,2.29,1.63,AvgO/AvgU
1920,E0,2019-08-31,Burnley,Liverpool,0,3,A,0.7216692755249712,AvgH/AvgD/AvgA,0.041861867683327336,-1.5,2.0,AvgAHH/AvgAHA,2.5,1.61,2.33,AvgO/AvgU
1920,E0,2019-08-31,Chelsea,Sheffield United,2,2,H,0.7063146458708496,AvgH/AvgD/AvgA,0.04102912483214749,-1.5,2.11,AvgAHH/AvgAHA,2.5,1.73,2.13,AvgO/AvgU
1920,E0,2019-08-31,Crystal Palace,Aston Villa,1,0,H,0.43513051963893634,AvgH/AvgD/AvgA,0.039891865452859054,-0.25,1.89,AvgAHH/AvgAHA,2.5,1.97,1.86,AvgO/AvgU
1920,E0,2019-08-31,Leicester,Bournemouth,3,1,H,0.5600831889884659,AvgH/AvgD/AvgA,0.03805177564288997,-0.75,1.91,AvgAHH/AvgAHA,2.5,1.65,2.26,AvgO/AvgU
1920,E0,2019-08-31,Man City,Brighton,4,0,H,0.8863862147743743,AvgH/AvgD/AvgA,0.0350242110817105,-2.75,1.95,AvgAHH/AvgAHA,2.5,1.3,3.53,AvgO/AvgU
1920,E0,2019-08-31,Newcastle,Watford,1,1,H,0.3661248389926272,AvgH/AvgD/AvgA,0.03852046184112101,0.0,1.88,AvgAHH/AvgAHA,2.5,2.08,1.77,AvgO/AvgU
1920,E0,2019-08-31,Southampton,Man United,1,1,A,0.45844184027777773,AvgH/AvgD/AvgA,0.03871513102282331,-0.25,1.8,AvgAHH/AvgAHA,2.5,1.9,1.94,AvgO/AvgU
1920,E0,2019-08-31,West Ham,Norwich,2,0,H,0.5087715221785906,AvgH/AvgD/AvgA,0.03995704562018054,-0.5,1.89,AvgAHH/AvgAHA,2.5,1.48,2.64,AvgO/AvgU
1920,E0,2019-09-01,Arsenal,Tottenham,2,2,H,0.40382225222875207,AvgH/AvgD/AvgA,0.040477747097699135,-0.25,2.07,AvgAHH/AvgAHA,2.5,1.57,2.4,AvgO/AvgU
1920,E0,2019-09-01,Everton,Wolves,3,2,H,0.4436370219038507,AvgH/AvgD/AvgA,0.038753463608438565,-0.25,1.85,AvgAHH/AvgAHA,2.5,2.25,1.66,AvgO/AvgU
1920,E0,2019-09-14,Brighton,Burnley,1,1,H,0.44690036518473614,AvgH/AvgD/AvgA,0.04076057059720983,-0.25,1.84,AvgAHH/AvgAHA,2.5,2.09,1.76,AvgO/AvgU
1920,E0,2019-09-14,Liverpool,Newcastle,3,1,H,0.834597194513554,AvgH/AvgD/AvgA,0.04189808341990853,-2.25,2.01,AvgAHH/AvgAHA,2.5,1.42,2.89,AvgO/AvgU
1920,E0,2019-09-14,Man United,Leicester,1,0,H,0.4956991506754605,AvgH/AvgD/AvgA,0.03987250497278527,-0.5,1.93,AvgAHH/AvgAHA,2.5,1.85,1.98,AvgO/AvgU
1920,E0,2019-09-14,Norwich,Man City,3,2,A,0.8369310699873866,AvgH/AvgD/AvgA,0.03899263460778157,-2.5,2.02,AvgAHH/AvgAHA,2.5,1.23,4.15,AvgO/AvgU
1920,E0,2019-09-14,Sheffield United,Southampton,0,1,H,0.3908505336405097,AvgH/AvgD/AvgA,0.040049916919234096,-0.25,2.09,AvgAHH/AvgAHA,2.5,2.18,1.7,AvgO/AvgU
1920,E0,2019-09-14,Tottenham,Crystal Palace,4,0,H,0.6912334154312827,AvgH/AvgD/AvgA,0.04078368373262564,-1.25,1.89,AvgAHH/AvgAHA,2.5,1.64,2.28,AvgO/AvgU
1920,E0,2019-09-14,Wolves,Chelsea,2,5,A,0.39056005635787255,AvgH/AvgD/AvgA,0.04082344936003457,-0.25,2.12,AvgAHH/AvgAHA,2.5,1.97,1.86,AvgO/AvgU
1920,E0,2019-09-15,Bournemouth,Everton,3,1,A,0.40511910148862357,AvgH/AvgD/AvgA,0.041523163730385004,-0.25,2.05,AvgAHH/AvgAHA,2.5,1.75,2.1,AvgO/AvgU
1920,E0,2019-09-15,Watford,Arsenal,2,2,A,0.478553400310749,AvgH/AvgD/AvgA,0.039617391680605074,-0.5,2.02,AvgAHH/AvgAHA,2.5,1.57,2.41,AvgO/AvgU
1920,E0,2019-09-16,Aston Villa,West Ham,0,0,A,0.3656338992546023,AvgH/AvgD/AvgA,0.039914892074502495,-0.0,1.95,AvgAHH/AvgAHA,2.5,1.62,2.31,AvgO/AvgU
1920,E0,2019-09-20,Southampton,Bournemouth,1,3,H,0.4586923466801825,AvgH/AvgD/AvgA,0.03814785582741376,-0.25,1.83,AvgAHH/AvgAHA,2.5,1.69,2.21,AvgO/AvgU
1920,E0,2019-09-21,Burnley,Norwich,2,0,H,0.4827443860219906,AvgH/AvgD/AvgA,0.040949573655278515,-0.5,1.99,AvgAHH/AvgAHA,2.5,1.67,2.22,AvgO/AvgU
1920,E0,2019-09-21,Everton,Sheffield United,0,2,H,0.5751235468664393,AvgH/AvgD/AvgA,0.041171759480473025,-0.75,1.87,AvgAHH/AvgAHA,2.5,2.03,1.81,AvgO/AvgU
1920,E0,2019-09-21,Leicester,Tottenham,2,1,A,0.39159503342884433,AvgH/AvgD/AvgA,0.04230960676953699,-0.25,2.11,AvgAHH/AvgAHA,2.5,1.79,2.04,AvgO/AvgU
1920,E0,2019-09-21,Man City,Watford,8,0,H,0.8648853220106703,AvgH/AvgD/AvgA,0.04164202810900086,-2.5,1.95,AvgAHH/AvgAHA,2.5,1.25,3.91,AvgO/AvgU
1920,E0,2019-09-21,Newcastle,Brighton,0,0,H,0.3838076926120224,AvgH/AvgD/AvgA,0.042188595225332914,-0.25,2.12,AvgAHH/AvgAHA,2.5,2.35,1.61,AvgO/AvgU
1920,E0,2019-09-22,Arsenal,Aston Villa,3,2,H,0.6759579186220412,AvgH/AvgD/AvgA,0.041818333230356775,-1.25,1.9,AvgAHH/AvgAHA,2.5,1.45,2.77,AvgO/AvgU
1920,E0,2019-09-22,Chelsea,Liverpool,1,2,A,0.47110302770942547,AvgH/AvgD/AvgA,0.0405283973970203,-0.5,2.04,AvgAHH/AvgAHA,2.5,1.59,2.37,AvgO/AvgU
1920,E0,2019-09-22,Crystal Palace,Wolves,1,1,H,0.3636497870930924,AvgH/AvgD/AvgA,0.04162821547565243,0.0,1.84,AvgAHH/AvgAHA,2.5,2.37,1.59,AvgO/AvgU
1920,E0,2019-09-22,West Ham,Man United,2,0,A,0.4352182714146203,AvgH/AvgD/AvgA,0.03968219512487359,-0.25,1.93,AvgAHH/AvgAHA,2.5,1.69,2.2,AvgO/AvgU
1920,E0,2019-09-28,Aston Villa,Burnley,2,2,H,0.4037354761646216,AvgH/AvgD/AvgA,0.04070138006789592,-0.25,2.05,AvgAHH/AvgAHA,2.5,1.91,1.92,AvgO/AvgU
1920,E0,2019-09-28,Bournemouth,West Ham,2,2,H,0.38676967648478994,AvgH/AvgD/AvgA,0.0425476219242078,-0.25,2.14,AvgAHH/AvgAHA,2.5,1.57,2.41,AvgO/AvgU
1920,E0,2019-09-28,Chelsea,Brighton,2,0,H,0.6671886292459648,AvgH/AvgD/AvgA,0.04085173817977572,-1.25,1.99,AvgAHH/AvgAHA,2.5,1.65,2.27,AvgO/AvgU
1920,E0,2019-09-28,Crystal Palace,Norwich,2,0,H,0.49570389953734306,AvgH/AvgD/AvgA,0.03986254295532654,-0.5,1.93,AvgAHH/AvgAHA,2.5,1.72,2.14,AvgO/AvgU
1920,E0,2019-09-28,Everton,Man City,1,3,A,0.7385759884414979,AvgH/AvgD/AvgA,0.04150524965475433,-1.5,1.87,AvgAHH/AvgAHA,2.5,1.47,2.69,AvgO/AvgU
1920,E0,2019-09-28,Sheffield United,Liverpool,0,1,A,0.7062819847670389,AvgH/AvgD/AvgA,0.041077265887773384,-1.5,2.06,AvgAHH/AvgAHA,2.5,1.62,2.32,AvgO/AvgU
1920,E0,2019-09-28,Tottenham,Southampton,2,1,H,0.6677457963732975,AvgH/AvgD/AvgA,0.03998325143513348,-1.25,1.98,AvgAHH/AvgAHA,2.5,1.61,2.35,AvgO/AvgU
1920,E0,2019-09-28,Wolves,Watford,2,0,H,0.5088245197101099,AvgH/AvgD/AvgA,0.03984872702669873,-0.5,1.88,AvgAHH/AvgAHA,2.5,1.99,1.84,AvgO/AvgU
1920,E0,2019-09-29,Leicester,Newcastle,5,0,H,0.6286157148486228,AvgH/AvgD/AvgA,0.03973660823802749,-1.0,1.93,AvgAHH/AvgAHA,2.5,2.08,1.77,AvgO/AvgU
1920,E0,2019-09-30,Man United,Arsenal,1,1,H,0.40685917376907627,AvgH/AvgD/AvgA,0.04146309307460916,-0.25,2.05,AvgAHH/AvgAHA,2.5,1.63,2.28,AvgO/AvgU
1920,E0,2019-10-05,Brighton,Tottenham,3,0,A,0.48959392442885896,AvgH/AvgD/AvgA,0.04209643170682131,-0.5,1.96,AvgAHH/AvgAHA,2.5,1.76,2.09,AvgO/AvgU
1920,E0,2019-10-05,Burnley,Everton,1,0,A,0.38114046498427195,AvgH/AvgD/AvgA,0.04115262818334475,-0.25,2.15,AvgAHH/AvgAHA,2.5,2.12,1.74,AvgO/AvgU
1920,E0,2019-10-05,Liverpool,Leicester,2,1,H,0.6570836925605718,AvgH/AvgD/AvgA,0.04238092438456942,-1.25,2.03,AvgAHH/AvgAHA,2.5,1.61,2.34,AvgO/AvgU
1920,E0,2019-10-05,Norwich,Aston Villa,1,5,H,0.3976050688833343,AvgH/AvgD/AvgA,0.043592730096333465,-0.25,2.11,AvgAHH/AvgAHA,2.5,1.57,2.43,AvgO/AvgU
1920,E0,2019-10-05,Watford,Sheffield United,0,0,H,0.4482492924563249,AvgH/AvgD/AvgA,0.04247731673039623,-0.25,1.84,AvgAHH/AvgAHA,2.5,2.0,1.84,AvgO/AvgU
1920,E0,2019-10-05,West Ham,Crystal Palace,1,2,H,0.47962205612748554,AvgH/AvgD/AvgA,0.04248750367538956,-0.5,2.01,AvgAHH/AvgAHA,2.5,1.83,2.0,AvgO/AvgU
1920,E0,2019-10-06,Arsenal,Bournemouth,1,0,H,0.6627711754947387,AvgH/AvgD/AvgA,0.04056301467695289,-1.25,1.93,AvgAHH/AvgAHA,2.5,1.35,3.2,AvgO/AvgU
1920,E0,2019-10-06,Man City,Wolves,0,2,H,0.8515560336811896,AvgH/AvgD/AvgA,0.03922198564763413,-2.25,1.9,AvgAHH/AvgAHA,2.5,1.38,3.08,AvgO/AvgU
1920,E0,2019-10-06,Newcastle,Man United,1,0,A,0.5044925478121225,AvgH/AvgD/AvgA,0.04325780778369159,-0.5,1.9,AvgAHH/AvgAHA,2.5,2.16,1.71,AvgO/AvgU
1920,E0,2019-10-06,Southampton,Chelsea,1,4,A,0.5122548531607765,AvgH/AvgD/AvgA,0.043932243860909326,-0.5,1.87,AvgAHH/AvgAHA,2.5,1.7,2.18,AvgO/AvgU
1920,E0,2019-10-19,Aston Villa,Brighton,2,1,H,0.404170159829083,AvgH/AvgD/AvgA,0.03958210919028016,-0.25,2.04,AvgAHH/AvgAHA,2.5,1.82,2.01,AvgO/AvgU
1920,E0,2019-10-19,Bournemouth,Norwich,0,0,H,0.5564089460266632,AvgH/AvgD/AvgA,0.03886662176927924,-0.75,1.9,AvgAHH/AvgAHA,2.5,1.41,2.94,AvgO/AvgU
1920,E0,2019-10-19,Chelsea,Newcastle,1,0,H,0.7356725972185089,AvgH/AvgD/AvgA,0.03763383536660658,-1.5,1.88,AvgAHH/AvgAHA,2.5,1.59,2.38,AvgO/AvgU
1920,E0,2019-10-19,Crystal Palace,Man City,0,2,A,0.7758548304333629,AvgH/AvgD/AvgA,0.03943622088783383,-1.75,1.89,AvgAHH/AvgAHA,2.5,1.44,2.81,AvgO/AvgU
1920,E0,2019-10-19,Everton,West Ham,2,0,H,0.4882675003022504,AvgH/AvgD/AvgA,0.039623183774760706,-0.5,1.97,AvgAHH/AvgAHA,2.5,1.72,2.14,AvgO/AvgU
1920,E0,2019-10-19,Leicester,Burnley,2,1,H,0.6133724146861131,AvgH/AvgD/AvgA,0.03842732393693371,-1.0,1.99,AvgAHH/AvgAHA,2.5,1.94,1.89,AvgO/AvgU
1920,E0,2019-10-19,Tottenham,Watford,1,1,H,0.675842128943273,AvgH/AvgD/AvgA,0.04199682433792984,-1.25,1.92,AvgAHH/AvgAHA,2.5,1.53,2.52,AvgO/AvgU
1920,E0,2019-10-19,Wolves,Southampton,1,1,H,0.5191968325065937,AvgH/AvgD/AvgA,0.04110908753218512,-0.5,1.85,AvgAHH/AvgAHA,2.5,2.09,1.76,AvgO/AvgU
1920,E0,2019-10-20,Man United,Liverpool,1,1,A,0.5658460646898738,AvgH/AvgD/AvgA,0.039567703700553736,-0.75,1.9,AvgAHH/AvgAHA,2.5,1.76,2.08,AvgO/AvgU
1920,E0,2019-10-21,Sheffield United,Arsenal,1,0,A,0.49834114469488244,AvgH/AvgD/AvgA,0.03971891653285686,-0.5,1.92,AvgAHH/AvgAHA,2.5,1.69,2.19,AvgO/AvgU
1920,E0,2019-10-25,Southampton,Leicester,0,9,A,0.4091507671576884,AvgH/AvgD/AvgA,0.035630011164112574,-0.25,2.02,AvgAHH/AvgAHA,2.5,2.01,1.83,AvgO/AvgU
1920,E0,2019-10-26,Brighton,Everton,3,2,A,0.37302675111069095,AvgH/AvgD/AvgA,0.03905925800423815,-0.0,1.85,AvgAHH/AvgAHA,2.5,2.06,1.78,AvgO/AvgU
1920,E0,2019-10-26,Burnley,Chelsea,2,4,A,0.5489568355082883,AvgH/AvgD/AvgA,0.04093534221042372,-0.75,1.96,AvgAHH/AvgAHA,2.5,1.66,2.25,AvgO/AvgU
1920,E0,2019-10-26,Man City,Aston Villa,3,0,H,0.8832685430032073,AvgH/AvgD/AvgA,0.03867753462744905,-3.0,2.04,AvgAHH/AvgAHA,2.5,1.21,4.45,AvgO/AvgU
1920,E0,2019-10-26,Watford,Bournemouth,0,0,H,0.43820671394657196,AvgH/AvgD/AvgA,0.04202192717175768,-0.25,1.9,AvgAHH/AvgAHA,2.5,1.69,2.18,AvgO/AvgU
1920,E0,2019-10-26,West Ham,Sheffield United,1,1,H,0.45538632524878814,AvgH/AvgD/AvgA,0.04072876810733961,-0.25,1.83,AvgAHH/AvgAHA,2.5,1.88,1.95,AvgO/AvgU
1920,E0,2019-10-27,Arsenal,Crystal Palace,2,2,H,0.64457982517295,AvgH/AvgD/AvgA,0.041206865910267565,-1.25,2.04,AvgAHH/AvgAHA,2.5,1.52,2.53,AvgO/AvgU
1920,E0,2019-10-27,Liverpool,Tottenham,2,1,H,0.6257378848796025,AvgH/AvgD/AvgA,0.03773587158717451,-1.0,1.87,AvgAHH/AvgAHA,2.5,1.53,2.51,AvgO/AvgU
1920,E0,2019-10-27,Newcastle,Wolves,1,1,A,0.3709469048007091,AvgH/AvgD/AvgA,0.040850809384211484,-0.0,1.8,AvgAHH/AvgAHA,2.5,2.49,1.54,AvgO/AvgU
1920,E0,2019-10-27,Norwich,Man United,1,3,A,0.5338452288498635,AvgH/AvgD/AvgA,0.04066782942401792,-0.75,2.04,AvgAHH/AvgAHA,2.5,1.67,2.22,AvgO/AvgU
1920,E0,2019-11-02,Arsenal,Wolves,1,1,H,0.5401852587814497,AvgH/AvgD/AvgA,0.040009410986691085,-0.75,2.0,AvgAHH/AvgAHA,2.5,1.74,2.12,AvgO/AvgU
1920,E0,2019-11-02,Aston Villa,Liverpool,1,2,A,0.7066320775998196,AvgH/AvgD/AvgA,0.04056147598704274,-1.5,2.0,AvgAHH/AvgAHA,2.5,1.47,2.71,AvgO/AvgU
1920,E0,2019-11-02,Bournemouth,Man United,1,0,A,0.4396456504033293,AvgH/AvgD/AvgA,0.038611445711580705,-0.25,1.89,AvgAHH/AvgAHA,2.5,1.84,1.99,AvgO/AvgU
1920,E0,2019-11-02,Brighton,Norwich,2,0,H,0.5624885779181786,AvgH/AvgD/AvgA,0.0396572385555054,-0.75,1.89,AvgAHH/AvgAHA,2.5,1.66,2.25,AvgO/AvgU
1920,E0,2019-11-02,Man City,Southampton,2,1,H,0.8877728770252145,AvgH/AvgD/AvgA,0.04297613712705006,-3.0,2.07,AvgAHH/AvgAHA,2.5,1.22,4.27,AvgO/AvgU
1920,E0,2019-11-02,Sheffield United,Burnley,3,0,H,0.42462077902279144,AvgH/AvgD/AvgA,0.04205422335783715,-0.25,1.94,AvgAHH/AvgAHA,2.5,2.33,1.62,AvgO/AvgU
1920,E0,2019-11-02,Watford,Chelsea,1,2,A,0.5814588137004598,AvgH/AvgD/AvgA,0.042310464267586,-1.0,2.11,AvgAHH/AvgAHA,2.5,1.63,2.29,AvgO/AvgU
1920,E0,2019-11-02,West Ham,Newcastle,2,3,H,0.5370589525790015,AvgH/AvgD/AvgA,0.04021954236935654,-0.75,2.02,AvgAHH/AvgAHA,2.5,1.83,2.0,AvgO/AvgU
1920,E0,2019-11-03,Crystal Palace,Leicester,0,2,A,0.44208433608873077,AvgH/AvgD/AvgA,0.042401766967523846,-0.25,1.86,AvgAHH/AvgAHA,2.5,2.05,1.78,AvgO/AvgU
1920,E0,2019-11-03,Everton,Tottenham,1,1,A,0.3734434466999307,AvgH/AvgD/AvgA,0.04193837595552319,-0.0,1.89,AvgAHH/AvgAHA,2.5,1.74,2.11,AvgO/AvgU
1920,E0,2019-11-08,Norwich,Watford,0,2,A,0.3705844075359445,AvgH/AvgD/AvgA,0.03786175779152057,-0.0,1.91,AvgAHH/AvgAHA,2.5,1.69,2.21,AvgO/AvgU
1920,E0,2019-11-09,Burnley,West Ham,3,0,H,0.42289087386917656,AvgH/AvgD/AvgA,0.041707593097677575,-0.25,1.97,AvgAHH/AvgAHA,2.5,1.71,2.17,AvgO/AvgU
1920,E0,2019-11-09,Chelsea,Crystal Palace,2,0,H,0.716995748646477,AvgH/AvgD/AvgA,0.0408271710469712,-1.5,1.97,AvgAHH/AvgAHA,2.5,1.58,2.4,AvgO/AvgU
1920,E0,2019-11-09,Leicester,Arsenal,2,0,H,0.4816540887587294,AvgH/AvgD/AvgA,0.04330592128698685,-0.5,1.98,AvgAHH/AvgAHA,2.5,1.57,2.42,AvgO/AvgU
1920,E0,2019-11-09,Newcastle,Bournemouth,2,1,H,0.36337111972066777,AvgH/AvgD/AvgA,0.04242703459499553,0.0,1.87,AvgAHH/AvgAHA,2.5,2.07,1.77,AvgO/AvgU
1920,E0,2019-11-09,Southampton,Everton,1,2,A,0.39240924611729167,AvgH/AvgD/AvgA,0.04440980845611864,-0.25,2.09,AvgAHH/AvgAHA,2.5,1.94,1.89,AvgO/AvgU
1920,E0,2019-11-09,Tottenham,Sheffield United,1,1,H,0.6082351448178915,AvgH/AvgD/AvgA,0.040570242935501266,-1.0,1.98,AvgAHH/AvgAHA,2.5,1.79,2.04,AvgO/AvgU
1920,E0,2019-11-10,Liverpool,Man City,3,1,H,0.3744886807181889,AvgH/AvgD/AvgA,0.04308893729675645,0.0,1.89,AvgAHH/AvgAHA,2.5,1.63,2.3,AvgO/AvgU
1920,E0,2019-11-10,Man United,Brighton,3,1,H,0.5740585953982643,AvgH/AvgD/AvgA,0.043103265084202924,-0.75,1.89,AvgAHH/AvgAHA,2.5,2.02,1.82,AvgO/AvgU
1920,E0,2019-11-10,Wolves,Aston Villa,2,1,H,0.5061007957559681,AvgH/AvgD/AvgA,0.039942623855235615,-0.5,1.89,AvgAHH/AvgAHA,2.5,1.87,1.96,AvgO/AvgU
1920,E0,2019-11-23,Arsenal,Southampton,2,2,H,0.6519324860917578,AvgH/AvgD/AvgA,0.043470180358201826,-1.25,1.99,AvgAHH/AvgAHA,2.5,1.47,2.67,AvgO/AvgU
1920,E0,2019-11-23,Bournemouth,Wolves,1,2,A,0.36991986262163706,AvgH/AvgD/AvgA,0.04374061820870345,-0.0,1.86,AvgAHH/AvgAHA,2.5,2.02,1.81,AvgO/AvgU
1920,E0,2019-11-23,Brighton,Leicester,0,2,A,0.4693184888936929,AvgH/AvgD/AvgA,0.04448490743864286,-0.25,1.76,AvgAHH/AvgAHA,2.5,1.89,1.93,AvgO/AvgU
1920,E0,2019-11-23,Crystal Palace,Liverpool,1,2,A,0.6615200392248022,AvgH/AvgD/AvgA,0.042531036885837814,-1.25,2.03,AvgAHH/AvgAHA,2.5,1.67,2.22,AvgO/AvgU
1920,E0,2019-11-23,Everton,Norwich,0,2,H,0.6844099730840062,AvgH/AvgD/AvgA,0.0436518203659213,-1.5,2.1,AvgAHH/AvgAHA,2.5,1.55,2.45,AvgO/AvgU
1920,E0,2019-11-23,Man City,Chelsea,2,1,H,0.66193944656151,AvgH/AvgD/AvgA,0.04187048527815396,-1.25,1.93,AvgAHH/AvgAHA,2.5,1.4,2.92,AvgO/AvgU
1920,E0,2019-11-23,Watford,Burnley,0,3,H,0.41117533569096637,AvgH/AvgD/AvgA,0.04379935298160076,-0.25,2.01,AvgAHH/AvgAHA,2.5,2.02,1.81,AvgO/AvgU
1920,E0,2019-11-23,West Ham,Tottenham,2,3,A,0.5471064368702164,AvgH/AvgD/AvgA,0.04445594662985952,-0.75,1.95,AvgAHH/AvgAHA,2.5,1.55,2.47,AvgO/AvgU
1920,E0,2019-11-24,Sheffield United,Man United,3,3,A,0.43884311848462687,AvgH/AvgD/AvgA,0.04528378595583349,-0.25,1.87,AvgAHH/AvgAHA,2.5,2.18,1.69,AvgO/AvgU
1920,E0,2019-11-25,Aston Villa,Newcastle,2,0,H,0.45368082410864996,AvgH/AvgD/AvgA,0.04464113117463242,-0.25,1.82,AvgAHH/AvgAHA,2.5,1.92,1.9,AvgO/AvgU
1920,E0,2019-11-30,Burnley,Crystal Palace,0,2,H,0.4151808456444218,AvgH/AvgD/AvgA,0.0426792021884046,-0.25,1.98,AvgAHH/AvgAHA,2.5,2.22,1.67,AvgO/AvgU
1920,E0,2019-11-30,Chelsea,West Ham,0,1,H,0.7386342506507996,AvgH/AvgD/AvgA,0.04142309749786377,-1.5,1.82,AvgAHH/AvgAHA,2.5,1.4,2.94,AvgO/AvgU
1920,E0,2019-11-30,Liverpool,Brighton,2,1,H,0.7942032123937098,AvgH/AvgD/AvgA,0.040598008286627074,-2.0,2.06,AvgAHH/AvgAHA,2.5,1.47,2.7,AvgO/AvgU
1920,E0,2019-11-30,Newcastle,Man City,2,2,A,0.8106607083152789,AvgH/AvgD/AvgA,0.04539126964699802,-2.0,1.9,AvgAHH/AvgAHA,2.5,1.44,2.79,AvgO/AvgU
1920,E0,2019-11-30,Southampton,Watford,2,1,H,0.45254952811074844,AvgH/AvgD/AvgA,0.042312683822117725,-0.25,1.83,AvgAHH/AvgAHA,2.5,1.91,1.91,AvgO/AvgU
1920,E0,2019-11-30,Tottenham,Bournemouth,3,2,H,0.6937369903269255,AvgH/AvgD/AvgA,0.04454237162405428,-1.5,2.06,AvgAHH/AvgAHA,2.5,1.51,2.57,AvgO/AvgU
1920,E0,2019-12-01,Leicester,Everton,2,1,H,0.5849139832377591,AvgH/AvgD/AvgA,0.042471397564654456,-0.75,1.81,AvgAHH/AvgAHA,2.5,1.81,2.02,AvgO/AvgU
1920,E0,2019-12-01,Man United,Aston Villa,2,2,H,0.6448972461724668,AvgH/AvgD/AvgA,0.04069437973352774,-1.0,1.81,AvgAHH/AvgAHA,2.5,1.69,2.18,AvgO/AvgU
1920,E0,2019-12-01,Norwich,Arsenal,2,2,A,0.5414280401636296,AvgH/AvgD/AvgA,0.043484469776785994,-0.75,1.97,AvgAHH/AvgAHA,2.5,1.41,2.89,AvgO/AvgU
1920,E0,2019-12-01,Wolves,Sheffield United,1,1,H,0.49971364554342046,AvgH/AvgD/AvgA,0.042263580308970816,-0.5,1.92,AvgAHH/AvgAHA,2.5,2.3,1.63,AvgO/AvgU
1920,E0,2019-12-03,Burnley,Man City,1,4,A,0.7675425319680677,AvgH/AvgD/AvgA,0.04228751721250901,-1.75,1.95,AvgAHH/AvgAHA,2.5,1.48,2.68,AvgO/AvgU
1920,E0,2019-12-03,Crystal Palace,Bournemouth,1,0,H,0.4285627514995065,AvgH/AvgD/AvgA,0.041687757199042164,-0.25,1.94,AvgAHH/AvgAHA,2.5,2.03,1.8,AvgO/AvgU
1920,E0,2019-12-04,Chelsea,Aston Villa,2,1,H,0.7387335048551745,AvgH/AvgD/AvgA,0.04128317475132448,-1.5,1.84,AvgAHH/AvgAHA,2.5,1.42,2.86,AvgO/AvgU
1920,E0,2019-12-04,Leicester,Watford,2,0,H,0.7044846984663394,AvgH/AvgD/AvgA,0.04373326950576972,-1.5,2.08,AvgAHH/AvgAHA,2.5,1.63,2.3,AvgO/AvgU
1920,E0,2019-12-04,Liverpool,Everton,5,2,H,0.6913566199539846,AvgH/AvgD/AvgA,0.04059820889476451,-1.25,1.87,AvgAHH/AvgAHA,2.5,1.58,2.38,AvgO/AvgU
1920,E0,2019-12-04,Man United,Tottenham,2,1,A,0.36732003510166494,AvgH/AvgD/AvgA,0.04307341238836404,-0.0,1.91,AvgAHH/AvgAHA,2.5,1.8,2.03,AvgO/AvgU
1920,E0,2019-12-04,Southampton,Norwich,2,1,H,0.5389932829633218,AvgH/AvgD/AvgA,0.0423093766962932,-0.75,1.99,AvgAHH/AvgAHA,2.5,1.59,2.37,AvgO/AvgU
1920,E0,2019-12-04,Wolves,West Ham,2,0,H,0.5411406062052945,AvgH/AvgD/AvgA,0.04403873029275873,-0.75,2.01,AvgAHH/AvgAHA,2.5,1.89,1.93,AvgO/AvgU
1920,E0,2019-12-05,Arsenal,Brighton,1,2,H,0.5958723802034647,AvgH/AvgD/AvgA,0.04236751535668626,-1.0,2.01,AvgAHH/AvgAHA,2.5,1.54,2.5,AvgO/AvgU
1920,E0,2019-12-05,Sheffield United,Newcastle,0,2,H,0.5150052343840875,AvgH/AvgD/AvgA,0.04393969751613502,-0.5,1.86,AvgAHH/AvgAHA,2.5,2.33,1.61,AvgO/AvgU
1920,E0,2019-12-07,Bournemouth,Liverpool,0,3,A,0.6734578500337108,AvgH/AvgD/AvgA,0.04568586152411047,-1.25,1.92,AvgAHH/AvgAHA,2.5,1.5,2.59,AvgO/AvgU
1920,E0,2019-12-07,Everton,Chelsea,3,1,A,0.4749595204954123,AvgH/AvgD/AvgA,0.04229830877824625,-0.5,2.02,AvgAHH/AvgAHA,2.5,1.69,2.18,AvgO/AvgU
1920,E0,2019-12-07,Man City,Man United,1,2,H,0.7334799430809216,AvgH/AvgD/AvgA,0.04073572266956482,-1.5,1.87,AvgAHH/AvgAHA,2.5,1.49,2.63,AvgO/AvgU
1920,E0,2019-12-07,Tottenham,Burnley,5,0,H,0.6806319410528103,AvgH/AvgD/AvgA,0.04200202103209838,-1.25,1.92,AvgAHH/AvgAHA,2.5,1.59,2.35,AvgO/AvgU
1920,E0,2019-12-07,Watford,Crystal Palace,0,0,H,0.40499008977497963,AvgH/AvgD/AvgA,0.04185494638765297,-0.25,2.04,AvgAHH/AvgAHA,2.5,2.05,1.78,AvgO/AvgU
1920,E0,2019-12-08,Aston Villa,Leicester,1,4,A,0.5276204913281911,AvgH/AvgD/AvgA,0.0413745456841621,-0.75,2.06,AvgAHH/AvgAHA,2.5,1.62,2.31,AvgO/AvgU
1920,E0,2019-12-08,Brighton,Wolves,2,2,H,0.35605419645613884,AvgH/AvgD/AvgA,0.04407479421943883,0.0,1.9,AvgAHH/AvgAHA,2.5,2.29,1.63,AvgO/AvgU
1920,E0,2019-12-08,Newcastle,Southampton,2,1,H,0.3697819227654762,AvgH/AvgD/AvgA,0.0441299650693292,0.0,1.84,AvgAHH/AvgAHA,2.5,2.12,1.73,AvgO/AvgU
1920,E0,2019-12-08,Norwich,Sheffield United,1,2,A,0.39983665849959166,AvgH/AvgD/AvgA,0.04209220892909249,-0.25,2.06,AvgAHH/AvgAHA,2.5,1.84,1.99,AvgO/AvgU
1920,E0,2019-12-09,West Ham,Arsenal,1,3,A,0.4831392170878358,AvgH/AvgD/AvgA,0.045351913460351057,-0.5,1.99,AvgAHH/AvgAHA,2.5,1.44,2.78,AvgO/AvgU
1920,E0,2019-12-14,Burnley,Newcastle,1,0,H,0.4898185144177538,AvgH/AvgD/AvgA,0.041618613047184505,-0.5,1.94,AvgAHH/AvgAHA,2.5,2.11,1.74,AvgO/AvgU
1920,E0,2019-12-14,Chelsea,Bournemouth,0,1,H,0.7690594755967748,AvgH/AvgD/AvgA,0.04023164057528317,-1.75,1.85,AvgAHH/AvgAHA,2.5,1.4,2.94,AvgO/AvgU
1920,E0,2019-12-14,Leicester,Norwich,1,1,H,0.7854989325181067,AvgH/AvgD/AvgA,0.04350508602205716,-2.0,2.04,AvgAHH/AvgAHA,2.5,1.43,2.83,AvgO/AvgU
1920,E0,2019-12-14,Liverpool,Watford,2,0,H,0.8174973331983711,AvgH/AvgD/AvgA,0.045509043261253046,-2.0,1.84,AvgAHH/AvgAHA,2.5,1.39,3.01,AvgO/AvgU
1920,E0,2019-12-14,Sheffield United,Aston Villa,2,0,H,0.5149216133716622,AvgH/AvgD/AvgA,0.0441092287460354,-0.5,1.85,AvgAHH/AvgAHA,2.5,1.81,2.02,AvgO/AvgU
1920,E0,2019-12-14,Southampton,West Ham,0,1,H,0.500321504233703,AvgH/AvgD/AvgA,0.04099729659041218,-0.5,1.91,AvgAHH/AvgAHA,2.5,1.61,2.33,AvgO/AvgU
1920,E0,2019-12-15,Arsenal,Man City,0,3,A,0.6611529275753467,AvgH/AvgD/AvgA,0.04310991247210083,-1.25,1.9,AvgAHH/AvgAHA,2.5,1.32,3.32,AvgO/AvgU
1920,E0,2019-12-15,Man United,Everton,1,1,H,0.5394517384424582,AvgH/AvgD/AvgA,0.04142356539817538,-0.75,2.0,AvgAHH/AvgAHA,2.5,1.8,2.03,AvgO/AvgU
1920,E0,2019-12-15,Wolves,Tottenham,1,2,A,0.42427969079409694,AvgH/AvgD/AvgA,0.04289195478114305,-0.25,1.95,AvgAHH/AvgAHA,2.5,1.9,1.92,AvgO/AvgU
1920,E0,2019-12-16,Crystal Palace,Brighton,1,1,H,0.3747825147889944,AvgH/AvgD/AvgA,0.04635848064012693,0.0,1.81,AvgAHH/AvgAHA,2.5,2.18,1.69,AvgO/AvgU
1920,E0,2019-12-21,Aston Villa,Southampton,1,3,H,0.39476843810833806,AvgH/AvgD/AvgA,0.042440565200199565,0.0,1.78,AvgAHH/AvgAHA,2.5,1.62,2.31,AvgO/AvgU
1920,E0,2019-12-21,Bournemouth,Burnley,0,1,H,0.3941482031167179,AvgH/AvgD/AvgA,0.04408095861087302,-0.25,2.09,AvgAHH/AvgAHA,2.5,1.92,1.9,AvgO/AvgU
1920,E0,2019-12-21,Brighton,Sheffield United,0,1,H,0.43408771208652785,AvgH/AvgD/AvgA,0.04238999442723146,-0.25,1.88,AvgAHH/AvgAHA,2.5,2.11,1.73,AvgO/AvgU
1920,E0,2019-12-21,Everton,Arsenal,0,0,H,0.41240827471131425,AvgH/AvgD/AvgA,0.04067880222978637,-0.25,2.03,AvgAHH/AvgAHA,2.5,1.57,2.4,AvgO/AvgU
1920,E0,2019-12-21,Man City,Leicester,3,1,H,0.6989605595004794,AvgH/AvgD/AvgA,0.04430356960473025,-2.5,3.38,AvgAHH/AvgAHA,2.5,1.42,2.86,AvgO/AvgU
1920,E0,2019-12-21,Newcastle,Crystal Palace,1,0,H,0.3943203877760758,AvgH/AvgD/AvgA,0.04362504831616465,-0.25,2.05,AvgAHH/AvgAHA,2.5,2.44,1.56,AvgO/AvgU
1920,E0,2019-12-21,Norwich,Wolves,1,2,A,0.48630311758311284,AvgH/AvgD/AvgA,0.04382265884037739,-0.5,1.97,AvgAHH/AvgAHA,2.5,1.79,2.04,AvgO/AvgU
1920,E0,2019-12-22,Tottenham,Chelsea,0,2,H,0.4044928255624689,AvgH/AvgD/AvgA,0.04313575323199048,-0.25,2.06,AvgAHH/AvgAHA,2.5,1.59,2.37,AvgO/AvgU
1920,E0,2019-12-22,Watford,Man United,2,0,A,0.5339747538389862,AvgH/AvgD/AvgA,0.04041539709773767,-0.75,2.04,AvgAHH/AvgAHA,2.5,1.85,1.97,AvgO/AvgU
1920,E0,2019-12-26,Aston Villa,Norwich,1,0,H,0.453931742844452,AvgH/AvgD/AvgA,0.04406368745950773,-0.25,1.85,AvgAHH/AvgAHA,2.5,1.52,2.51,AvgO/AvgU
1920,E0,2019-12-26,Bournemouth,Arsenal,1,1,A,0.4770164787510842,AvgH/AvgD/AvgA,0.042966983265490644,-0.5,2.01,AvgAHH/AvgAHA,2.5,1.55,2.43,AvgO/AvgU
1920,E0,2019-12-26,Chelsea,Southampton,0,2,H,0.7084260464335195,AvgH/AvgD/AvgA,0.045614774428333726,-1.5,1.99,AvgAHH/AvgAHA,2.5,1.49,2.62,AvgO/AvgU
1920,E0,2019-12-26,Crystal Palace,West Ham,2,1,H,0.41289004457652306,AvgH/AvgD/AvgA,0.04394496409015458,-0.25,2.0,AvgAHH/AvgAHA,2.5,1.9,1.92,AvgO/AvgU
1920,E0,2019-12-26,Everton,Burnley,1,0,H,0.5596515617006887,AvgH/AvgD/AvgA,0.044927525727490814,-0.75,1.92,AvgAHH/AvgAHA,2.5,1.93,1.89,AvgO/AvgU
1920,E0,2019-12-26,Leicester,Liverpool,0,4,A,0.4598706732597945,AvgH/AvgD/AvgA,0.04544442323598652,-0.25,1.81,AvgAHH/AvgAHA,2.5,1.64,2.27,AvgO/AvgU
1920,E0,2019-12-26,Man United,Newcastle,4,1,H,0.7106439531231123,AvgH/AvgD/AvgA,0.042351429974687216,-1.5,2.03,AvgAHH/AvgAHA,2.5,1.72,2.13,AvgO/AvgU
1920,E0,2019-12-26,Sheffield United,Watford,1,1,H,0.5148100324764252,AvgH/AvgD/AvgA,0.044335530945136536,-0.5,1.85,AvgAHH/AvgAHA,2.5,2.11,1.74,AvgO/AvgU
1920,E0,2019-12-26,Tottenham,Brighton,2,1,H,0.6165304016220055,AvgH/AvgD/AvgA,0.04643872974512098,-1.0,1.91,AvgAHH/AvgAHA,2.5,1.6,2.35,AvgO/AvgU
1920,E0,2019-12-27,Wolves,Man City,3,2,A,0.6830877167926734,AvgH/AvgD/AvgA,0.045672022386123334,-1.25,1.87,AvgAHH/AvgAHA,2.5,1.56,2.41,AvgO/AvgU
1920,E0,2019-12-28,Brighton,Bournemouth,2,0,H,0.5350459740186406,AvgH/AvgD/AvgA,0.04413311192886704,-0.75,2.03,AvgAHH/AvgAHA,2.5,1.92,1.91,AvgO/AvgU
1920,E0,2019-12-28,Burnley,Man United,0,2,A,0.518340348767288,AvgH/AvgD/AvgA,0.042829372295729584,-0.5,1.84,AvgAHH/AvgAHA,2.5,1.95,1.87,AvgO/AvgU
1920,E0,2019-12-28,Newcastle,Everton,1,2,A,0.44798277845822665,AvgH/AvgD/AvgA,0.04309750753006214,-0.25,1.84,AvgAHH/AvgAHA,2.5,2.06,1.77,AvgO/AvgU
1920,E0,2019-12-28,Norwich,Tottenham,2,2,A,0.5688176645849339,AvgH/AvgD/AvgA,0.040255978623898736,-0.75,1.85,AvgAHH/AvgAHA,2.5,1.6,2.35,AvgO/AvgU
1920,E0,2019-12-28,Southampton,Crystal Palace,1,1,H,0.4851976599893636,AvgH/AvgD/AvgA,0.040917025571757026,-0.5,1.97,AvgAHH/AvgAHA,2.5,2.04,1.78,AvgO/AvgU
1920,E0,2019-12-28,Watford,Aston Villa,3,0,H,0.48237941829119085,AvgH/AvgD/AvgA,0.04173715494371688,-0.5,1.98,AvgAHH/AvgAHA,2.5,1.7,2.18,AvgO/AvgU
1920,E0,2019-12-28,West Ham,Leicester,1,2,A,0.5148910039914031,AvgH/AvgD/AvgA,0.04417129923506513,-0.5,1.85,AvgAHH/AvgAHA,2.5,1.61,2.32,AvgO/AvgU
1920,E0,2019-12-29,Arsenal,Chelsea,1,2,A,0.407879392681127,AvgH/AvgD/AvgA,0.04327877928927504,-0.25,2.05,AvgAHH/AvgAHA,2.5,1.53,2.48,AvgO/AvgU
1920,E0,2019-12-29,Liverpool,Wolves,1,0,H,0.7482822062854354,AvgH/AvgD/AvgA,0.04405796828742026,-1.5,1.83,AvgAHH/AvgAHA,2.5,1.55,2.43,AvgO/AvgU
1920,E0,2019-12-29,Man City,Sheffield United,2,0,H,0.8103746373028169,AvgH/AvgD/AvgA,0.04576030407275722,-2.0,1.88,AvgAHH/AvgAHA,2.5,1.38,3.0,AvgO/AvgU
1920,E0,2020-01-01,Arsenal,Man United,2,0,H,0.370741529888314,AvgH/AvgD/AvgA,0.04546393640218804,0.0,1.91,AvgAHH/AvgAHA,2.5,1.64,2.26,AvgO/AvgU
1920,E0,2020-01-01,Brighton,Chelsea,1,1,A,0.47722650187446414,AvgH/AvgD/AvgA,0.04250798280649026,-0.5,2.0,AvgAHH/AvgAHA,2.5,1.7,2.15,AvgO/AvgU
1920,E0,2020-01-01,Burnley,Aston Villa,1,2,H,0.5293096596779578,AvgH/AvgD/AvgA,0.04378633139143373,-0.75,2.05,AvgAHH/AvgAHA,2.5,1.87,1.94,AvgO/AvgU
1920,E0,2020-01-01,Man City,Everton,2,1,H,0.7540128685841423,AvgH/AvgD/AvgA,0.04428134798508587,-1.75,1.95,AvgAHH/AvgAHA,2.5,1.37,3.09,AvgO/AvgU
1920,E0,2020-01-01,Newcastle,Leicester,0,3,A,0.5728375480296667,AvgH/AvgD/AvgA,0.04532672006090199,-0.75,1.86,AvgAHH/AvgAHA,2.5,1.94,1.87,AvgO/AvgU
1920,E0,2020-01-01,Norwich,Crystal Palace,1,1,H,0.37813312501726104,AvgH/AvgD/AvgA,0.045285088361419756,0.0,1.84,AvgAHH/AvgAHA,2.5,1.88,1.94,AvgO/AvgU
1920,E0,2020-01-01,Southampton,Tottenham,1,0,A,0.4430903449206277,AvgH/AvgD/AvgA,0.04485003627396811,-0.25,1.87,AvgAHH/AvgAHA,2.5,1.66,2.23,AvgO/AvgU
1920,E0,2020-01-01,Watford,Wolves,2,1,A,0.4127788889405709,AvgH/AvgD/AvgA,0.04422608400566275,-0.25,1.99,AvgAHH/AvgAHA,2.5,2.0,1.82,AvgO/AvgU
1920,E0,2020-01-01,West Ham,Bournemouth,4,0,H,0.49074845807634615,AvgH/AvgD/AvgA,0.044976309921962,-0.5,1.94,AvgAHH/AvgAHA,2.5,1.67,2.22,AvgO/AvgU
1920,E0,2020-01-02,Liverpool,Sheffield United,2,0,H,0.7783335560459246,AvgH/AvgD/AvgA,0.044549761173768854,-1.75,1.89,AvgAHH/AvgAHA,2.5,1.54,2.47,AvgO/AvgU
1920,E0,2020-01-10,Sheffield United,West Ham,1,0,H,0.475825305616585,AvgH/AvgD/AvgA,0.04040180105385294,-0.5,2.02,AvgAHH/AvgAHA,2.5,2.03,1.8,AvgO/AvgU
1920,E0,2020-01-11,Chelsea,Burnley,3,0,H,0.7426203667464982,AvgH/AvgD/AvgA,0.04386283107992561,-1.5,1.86,AvgAHH/AvgAHA,2.5,1.66,2.24,AvgO/AvgU
1920,E0,2020-01-11,Crystal Palace,Arsenal,1,1,A,0.5236637375626109,AvgH/AvgD/AvgA,0.04350950473510484,-0.75,2.07,AvgAHH/AvgAHA,2.5,1.8,2.03,AvgO/AvgU
1920,E0,2020-01-11,Everton,Brighton,1,0,H,0.5050130761358848,AvgH/AvgD/AvgA,0.04218249852221145,-0.5,1.9,AvgAHH/AvgAHA,2.5,1.83,2.0,AvgO/AvgU
1920,E0,2020-01-11,Leicester,Southampton,1,2,H,0.5853681953467532,AvgH/AvgD/AvgA,0.04166249961663149,-1.0,2.1,AvgAHH/AvgAHA,2.5,1.64,2.28,AvgO/AvgU
1920,E0,2020-01-11,Man United,Norwich,4,0,H,0.7053375488190441,AvgH/AvgD/AvgA,0.04247125206671809,-1.5,2.05,AvgAHH/AvgAHA,2.5,1.58,2.39,AvgO/AvgU
1920,E0,2020-01-11,Tottenham,Liverpool,0,1,A,0.5639477331221541,AvgH/AvgD/AvgA,0.04306704250947346,-0.75,1.9,AvgAHH/AvgAHA,2.5,1.62,2.3,AvgO/AvgU
1920,E0,2020-01-11,Wolves,Newcastle,1,1,H,0.657804431818399,AvgH/AvgD/AvgA,0.041238814636635146,-1.0,1.77,AvgAHH/AvgAHA,2.5,2.01,1.82,AvgO/AvgU
1920,E0,2020-01-12,Aston Villa,Man City,1,6,A,0.8195771519500283,AvgH/AvgD/AvgA,0.042855883265237704,-2.25,1.93,AvgAHH/AvgAHA,2.5,1.27,3.74,AvgO/AvgU
1920,E0,2020-01-12,Bournemouth,Watford,0,3,H,0.3671649359962284,AvgH/AvgD/AvgA,0.043514031132981135,0.0,1.88,AvgAHH/AvgAHA,2.5,1.89,1.93,AvgO/AvgU
1920,E0,2020-01-18,Arsenal,Sheffield United,1,1,H,0.5188703871402283,AvgH/AvgD/AvgA,0.04176409742661935,-0.5,1.84,AvgAHH/AvgAHA,2.5,1.99,1.83,AvgO/AvgU
1920,E0,2020-01-18,Brighton,Aston Villa,1,1,H,0.5818610129564193,AvgH/AvgD/AvgA,0.04158998895840993,-0.75,1.82,AvgAHH/AvgAHA,2.5,1.65,2.26,AvgO/AvgU
1920,E0,2020-01-18,Man City,Crystal Palace,2,2,H,0.8709083034187092,AvgH/AvgD/AvgA,0.04384227997633716,-2.5,1.83,AvgAHH/AvgAHA,2.5,1.29,3.53,AvgO/AvgU
1920,E0,2020-01-18,Newcastle,Chelsea,1,0,A,0.629710021105328,AvgH/AvgD/AvgA,0.044758245529116225,-1.0,1.86,AvgAHH/AvgAHA,2.5,1.68,2.2,AvgO/AvgU
1920,E0,2020-01-18,Norwich,Bournemouth,1,0,H,0.4311236304828141,AvgH/AvgD/AvgA,0.044828950679396184,-0.25,1.93,AvgAHH/AvgAHA,2.5,1.79,2.04,AvgO/AvgU
1920,E0,2020-01-18,Southampton,Wolves,2,3,H,0.40115446310440517,AvgH/AvgD/AvgA,0.043014799344530896,-0.25,2.04,AvgAHH/AvgAHA,2.5,2.02,1.8,AvgO/AvgU
1920,E0,2020-01-18,Watford,Tottenham,0,0,A,0.4261209200338046,AvgH/AvgD/AvgA,0.04300076234038497,-0.25,1.95,AvgAHH/AvgAHA,2.5,1.81,2.02,AvgO/AvgU
1920,E0,2020-01-18,West Ham,Everton,1,1,A,0.39928887779926386,AvgH/AvgD/AvgA,0.043521845544967075,-0.25,2.07,AvgAHH/AvgAHA,2.5,1.84,1.97,AvgO/AvgU
1920,E0,2020-01-19,Burnley,Leicester,2,1,A,0.5127301033382919,AvgH/AvgD/AvgA,0.0429646217513846,-0.5,1.87,AvgAHH/AvgAHA,2.5,1.85,1.96,AvgO/AvgU
1920,E0,2020-01-19,Liverpool,Man United,2,0,H,0.6981096473452859,AvgH/AvgD/AvgA,0.04557645074090666,-1.25,1.83,AvgAHH/AvgAHA,2.5,1.66,2.23,AvgO/AvgU
1920,E0,2020-01-21,Aston Villa,Watford,2,1,A,0.38605827000202864,AvgH/AvgD/AvgA,0.04027411639362333,-0.0,1.8,AvgAHH/AvgAHA,2.5,1.89,1.93,AvgO/AvgU
1920,E0,2020-01-21,Bournemouth,Brighton,3,1,A,0.3879804453758671,AvgH/AvgD/AvgA,0.043501816703477525,-0.0,1.78,AvgAHH/AvgAHA,2.5,1.98,1.85,AvgO/AvgU
1920,E0,2020-01-21,Chelsea,Arsenal,2,2,H,0.5525066151118555,AvgH/AvgD/AvgA,0.040191425693264726,-0.75,1.94,AvgAHH/AvgAHA,2.5,1.68,2.2,AvgO/AvgU
1920,E0,2020-01-21,Crystal Palace,Southampton,0,2,A,0.35327040480140987,AvgH/AvgD/AvgA,0.040695891381564486,-0.0,1.93,AvgAHH/AvgAHA,2.5,2.21,1.68,AvgO/AvgU
1920,E0,2020-01-21,Everton,Newcastle,2,2,H,0.6005901727298469,AvgH/AvgD/AvgA,0.0406430680662051,-1.0,2.07,AvgAHH/AvgAHA,2.5,1.95,1.87,AvgO/AvgU
1920,E0,2020-01-21,Sheffield United,Man City,0,1,A,0.671292789600997,AvgH/AvgD/AvgA,0.04172234550046294,-1.25,1.96,AvgAHH/AvgAHA,2.5,1.6,2.36,AvgO/AvgU
1920,E0,2020-01-22,Leicester,West Ham,4,1,H,0.6261589241539767,AvgH/AvgD/AvgA,0.043816108067010084,-1.0,1.87,AvgAHH/AvgAHA,2.5,1.62,2.32,AvgO/AvgU
1920,E0,2020-01-22,Man United,Burnley,0,2,H,0.6800474651427858,AvgH/AvgD/AvgA,0.04289758363722074,-1.25,1.95,AvgAHH/AvgAHA,2.5,1.81,2.02,AvgO/AvgU
1920,E0,2020-01-22,Tottenham,Norwich,2,1,H,0.6758026711480629,AvgH/AvgD/AvgA,0.04205766295112201,-1.25,1.91,AvgAHH/AvgAHA,2.5,1.54,2.49,AvgO/AvgU
1920,E0,2020-01-23,Wolves,Liverpool,1,2,A,0.5849102608953768,AvgH/AvgD/AvgA,0.042478031805366134,-0.75,1.81,AvgAHH/AvgAHA,2.5,1.8,2.02,AvgO/AvgU
1920,E0,2020-01-29,West Ham,Liverpool,0,2,A,0.7186664360690196,AvgH/AvgD/AvgA,0.04621513056985305,-1.5,1.96,AvgAHH/AvgAHA,2.5,1.56,2.44,AvgO/AvgU
1920,E0,2020-02-01,Bournemouth,Aston Villa,2,1,H,0.44944683980079553,AvgH/AvgD/AvgA,0.04458086363050762,-0.25,1.85,AvgAHH/AvgAHA,2.5,1.78,2.04,AvgO/AvgU
1920,E0,2020-02-01,Crystal Palace,Sheffield United,0,1,A,0.37967684021543985,AvgH/AvgD/AvgA,0.045166190806440465,-0.0,1.76,AvgAHH/AvgAHA,2.5,2.63,1.48,AvgO/AvgU
1920,E0,2020-02-01,Leicester,Chelsea,2,2,H,0.3804566352372789,AvgH/AvgD/AvgA,0.04302398768235238,0.0,1.87,AvgAHH/AvgAHA,2.5,1.69,2.18,AvgO/AvgU
1920,E0,2020-02-01,Liverpool,Southampton,4,0,H,0.7475396193216268,AvgH/AvgD/AvgA,0.045095109084605456,-1.5,1.84,AvgAHH/AvgAHA,2.5,1.53,2.49,AvgO/AvgU
1920,E0,2020-02-01,Man United,Wolves,0,0,H,0.42935477974776093,AvgH/AvgD/AvgA,0.04442879042126502,-0.25,1.91,AvgAHH/AvgAHA,2.5,2.18,1.69,AvgO/AvgU
1920,E0,2020-02-01,Newcastle,Norwich,0,0,H,0.4278067322686045,AvgH/AvgD/AvgA,0.043528625791412034,-0.25,1.92,AvgAHH/AvgAHA,2.5,1.99,1.83,AvgO/AvgU
1920,E0,2020-02-01,Watford,Everton,2,3,A,0.3626363994916517,AvgH/AvgD/AvgA,0.04453904604962,-0.0,1.9,AvgAHH/AvgAHA,2.5,2.01,1.81,AvgO/AvgU
1920,E0,2020-02-01,West Ham,Brighton,3,3,H,0.3739814198294175,AvgH/AvgD/AvgA,0.044503762187367624,0.0,1.84,AvgAHH/AvgAHA,2.5,1.92,1.9,AvgO/AvgU
1920,E0,2020-02-02,Burnley,Arsenal,0,0,A,0.4737305452866718,AvgH/AvgD/AvgA,0.04500229059733174,-0.5,2.01,AvgAHH/AvgAHA,2.5,1.9,1.91,AvgO/AvgU
1920,E0,2020-02-02,Tottenham,Man City,2,0,A,0.6145686412787964,AvgH/AvgD/AvgA,0.043049706688243594,-1.0,1.9,AvgAHH/AvgAHA,2.5,1.49,2.61,AvgO/AvgU
1920,E0,2020-02-08,Brighton,Watford,1,1,H,0.44502845000766894,AvgH/AvgD/AvgA,0.045138303094447885,-0.25,1.85,AvgAHH/AvgAHA,2.5,1.97,1.85,AvgO/AvgU
1920,E0,2020-02-08,Everton,Crystal Palace,3,1,H,0.5871560107727452,AvgH/AvgD/AvgA,0.0448618787158892,-0.75,1.83,AvgAHH/AvgAHA,2.5,2.09,1.75,AvgO/AvgU
1920,E0,2020-02-09,Sheffield United,Bournemouth,2,1,H,0.5573764940913555,AvgH/AvgD/AvgA,0.04309269407747407,-0.75,1.95,AvgAHH/AvgAHA,2.5,2.28,1.63,AvgO/AvgU
1920,E0,2020-02-14,Wolves,Leicester,0,0,H,0.3771642655383925,AvgH/AvgD/AvgA,0.03975084221010183,0.0,1.82,AvgAHH/AvgAHA,2.5,2.03,1.8,AvgO/AvgU
1920,E0,2020-02-15,Norwich,Liverpool,0,1,A,0.7441901918406453,AvgH/AvgD/AvgA,0.041660864317875745,-1.5,1.87,AvgAHH/AvgAHA,2.5,1.51,2.56,AvgO/AvgU
1920,E0,2020-02-15,Southampton,Burnley,1,2,H,0.5359212140502022,AvgH/AvgD/AvgA,0.042427885351003836,-0.75,2.03,AvgAHH/AvgAHA,2.5,1.96,1.86,AvgO/AvgU
1920,E0,2020-02-16,Arsenal,Newcastle,4,0,H,0.6684033006083238,AvgH/AvgD/AvgA,0.046225682405002244,-1.25,1.99,AvgAHH/AvgAHA,2.5,1.72,2.13,AvgO/AvgU
1920,E0,2020-02-16,Aston Villa,Tottenham,2,3,A,0.5072738772928526,AvgH/AvgD/AvgA,0.04302735225428522,-0.5,1.88,AvgAHH/AvgAHA,2.5,1.69,2.18,AvgO/AvgU
1920,E0,2020-02-17,Chelsea,Man United,0,2,H,0.5143363878214602,AvgH/AvgD/AvgA,0.045297243851192714,-0.5,1.86,AvgAHH/AvgAHA,2.5,1.89,1.93,AvgO/AvgU
1920,E0,2020-02-19,Man City,West Ham,2,0,H,0.8457275805184564,AvgH/AvgD/AvgA,0.04638393331087176,-2.5,1.94,AvgAHH/AvgAHA,2.5,1.23,4.04,AvgO/AvgU
1920,E0,2020-02-22,Burnley,Bournemouth,3,0,H,0.4455277896656309,AvgH/AvgD/AvgA,0.043966930589981246,-0.25,1.83,AvgAHH/AvgAHA,2.5,2.23,1.66,AvgO/AvgU
1920,E0,2020-02-22,Chelsea,Tottenham,2,1,H,0.5538289267569225,AvgH/AvgD/AvgA,0.043706195459570774,-0.75,1.95,AvgAHH/AvgAHA,2.5,1.81,2.02,AvgO/AvgU
1920,E0,2020-02-22,Crystal Palace,Newcastle,1,0,H,0.48911376878258206,AvgH/AvgD/AvgA,0.043119442134220476,-0.5,1.96,AvgAHH/AvgAHA,2.5,2.51,1.53,AvgO/AvgU
1920,E0,2020-02-22,Leicester,Man City,0,1,A,0.55488718222074,AvgH/AvgD/AvgA,0.04171568672310144,-0.75,1.93,AvgAHH/AvgAHA,2.5,1.54,2.47,AvgO/AvgU
1920,E0,2020-02-22,Sheffield United,Brighton,1,1,H,0.4898160561290805,AvgH/AvgD/AvgA,0.04162384072236236,-0.5,1.95,AvgAHH/AvgAHA,2.5,2.23,1.66,AvgO/AvgU
1920,E0,2020-02-22,Southampton,Aston Villa,2,0,H,0.5850432009372407,AvgH/AvgD/AvgA,0.04224114831886738,-1.0,2.07,AvgAHH/AvgAHA,2.5,1.59,2.37,AvgO/AvgU
1920,E0,2020-02-23,Arsenal,Everton,3,2,H,0.46978128639834343,AvgH/AvgD/AvgA,0.04345594987306223,-0.5,2.03,AvgAHH/AvgAHA,2.5,1.73,2.11,AvgO/AvgU
1920,E0,2020-02-23,Man United,Watford,3,0,H,0.598594070689803,AvgH/AvgD/AvgA,0.044113249033301605,-1.0,2.06,AvgAHH/AvgAHA,2.5,1.91,1.91,AvgO/AvgU
1920,E0,2020-02-23,Wolves,Norwich,3,0,H,0.6297098496225365,AvgH/AvgD/AvgA,0.044758530038022215,-1.0,1.88,AvgAHH/AvgAHA,2.5,1.87,1.95,AvgO/AvgU
1920,E0,2020-02-24,Liverpool,West Ham,3,2,H,0.8183104084566891,AvgH/AvgD/AvgA,0.04447022287397884,-2.0,1.82,AvgAHH/AvgAHA,2.5,1.38,3.03,AvgO/AvgU
1920,E0,2020-02-28,Norwich,Leicester,1,0,A,0.5536404582047735,AvgH/AvgD/AvgA,0.038061137261745204,-0.75,1.93,AvgAHH/AvgAHA,2.5,1.72,2.13,AvgO/AvgU
1920,E0,2020-02-29,Bournemouth,Chelsea,2,2,A,0.5451368666278392,AvgH/AvgD/AvgA,0.042273698523698666,-0.75,1.99,AvgAHH/AvgAHA,2.5,1.8,2.03,AvgO/AvgU
1920,E0,2020-02-29,Brighton,Crystal Palace,0,1,H,0.46056686488128823,AvgH/AvgD/AvgA,0.04386413228652408,-0.5,2.08,AvgAHH/AvgAHA,2.5,2.31,1.62,AvgO/AvgU
1920,E0,2020-02-29,Newcastle,Burnley,0,0,H,0.3624213394199008,AvgH/AvgD/AvgA,0.04515887335490398,0.0,1.84,AvgAHH/AvgAHA,2.5,2.34,1.6,AvgO/AvgU
1920,E0,2020-02-29,Watford,Liverpool,3,0,A,0.6746644917327798,AvgH/AvgD/AvgA,0.043815645764865296,-1.25,1.97,AvgAHH/AvgAHA,2.5,1.64,2.26,AvgO/AvgU
1920,E0,2020-02-29,West Ham,Southampton,3,1,A,0.37575643631834366,AvgH/AvgD/AvgA,0.04364642848821321,-0.0,1.88,AvgAHH/AvgAHA,2.5,1.75,2.07,AvgO/AvgU
1920,E0,2020-03-01,Everton,Man United,1,1,H,0.37679105277575964,AvgH/AvgD/AvgA,0.044878280684331084,0.0,1.83,AvgAHH/AvgAHA,2.5,1.98,1.83,AvgO/AvgU
1920,E0,2020-03-01,Tottenham,Wolves,2,3,H,0.392269343443728,AvgH/AvgD/AvgA,0.04478229671435563,-0.25,2.08,AvgAHH/AvgAHA,2.5,2.22,1.66,AvgO/AvgU
1920,E0,2020-03-07,Arsenal,West Ham,1,0,H,0.6146751483235424,AvgH/AvgD/AvgA,0.042868973593558346,-1.0,1.93,AvgAHH/AvgAHA,2.5,1.6,2.35,AvgO/AvgU
1920,E0,2020-03-07,Burnley,Tottenham,1,1,A,0.35661785155225706,AvgH/AvgD/AvgA,0.04242457374974329,-0.0,1.92,AvgAHH/AvgAHA,2.5,2.06,1.77,AvgO/AvgU
1920,E0,2020-03-07,Crystal Palace,Watford,1,0,H,0.3735763369233395,AvgH/AvgD/AvgA,0.04156773303766781,0.0,1.8,AvgAHH/AvgAHA,2.5,2.28,1.63,AvgO/AvgU
1920,E0,2020-03-07,Liverpool,Bournemouth,2,1,H,0.7662257592709435,AvgH/AvgD/AvgA,0.04407870698734073,-1.75,1.94,AvgAHH/AvgAHA,2.5,1.47,2.68,AvgO/AvgU
1920,E0,2020-03-07,Sheffield United,Norwich,1,0,H,0.5780776276742766,AvgH/AvgD/AvgA,0.04209125161586491,-0.75,1.86,AvgAHH/AvgAHA,2.5,2.06,1.77,AvgO/AvgU
1920,E0,2020-03-07,Southampton,Newcastle,0,1,H,0.5748207180115923,AvgH/AvgD/AvgA,0.04172027285471813,-0.75,1.86,AvgAHH/AvgAHA,2.5,1.81,2.01,AvgO/AvgU
1920,E0,2020-03-07,Wolves,Brighton,0,0,H,0.5817957022483234,AvgH/AvgD/AvgA,0.04170691484744893,-0.75,1.83,AvgAHH/AvgAHA,2.5,1.99,1.82,AvgO/AvgU
1920,E0,2020-03-08,Chelsea,Everton,4,0,H,0.5140758873929008,AvgH/AvgD/AvgA,0.04023427552839309,-0.5,1.86,AvgAHH/AvgAHA,2.5,1.71,2.14,AvgO/AvgU
1920,E0,2020-03-08,Man United,Man City,2,0,A,0.5852832645973518,AvgH/AvgD/AvgA,0.04181365578675811,-0.75,1.8,AvgAHH/AvgAHA,2.5,1.66,2.22,AvgO/AvgU
1920,E0,2020-03-09,Leicester,Aston Villa,4,0,H,0.6939818759197584,AvgH/AvgD/AvgA,0.04417378364389246,-1.5,2.06,AvgAHH/AvgAHA,2.5,1.52,2.48,AvgO/AvgU
1920,E0,2020-06-17,Aston Villa,Sheffield United,0,0,A,0.4220191942117815,AvgH/AvgD/AvgA,0.04385923769183675,-0.25,1.94,AvgAHH/AvgAHA,2.5,2.08,1.76,AvgO/AvgU
1920,E0,2020-06-17,Man City,Arsenal,3,0,H,0.7082575799677666,AvgH/AvgD/AvgA,0.04586348482772662,-1.5,1.92,AvgAHH/AvgAHA,2.5,1.38,3.04,AvgO/AvgU
1920,E0,2020-06-19,Norwich,Southampton,0,3,A,0.3795120110677902,AvgH/AvgD/AvgA,0.04148724011120919,-0.0,1.85,AvgAHH/AvgAHA,2.5,1.92,1.91,AvgO/AvgU
1920,E0,2020-06-19,Tottenham,Man United,1,1,A,0.39734792821355425,AvgH/AvgD/AvgA,0.035673284104009495,-0.25,2.07,AvgAHH/AvgAHA,2.5,1.94,1.89,AvgO/AvgU
1920,E0,2020-06-20,Bournemouth,Crystal Palace,0,2,H,0.3821208355430317,AvgH/AvgD/AvgA,0.042618819609291814,-0.25,2.13,AvgAHH/AvgAHA,2.5,2.12,1.73,AvgO/AvgU
1920,E0,2020-06-20,Brighton,Arsenal,2,1,A,0.4007400830050812,AvgH/AvgD/AvgA,0.04409331530656724,-0.25,2.07,AvgAHH/AvgAHA,2.5,1.93,1.89,AvgO/AvgU
1920,E0,2020-06-20,Watford,Leicester,1,1,A,0.45957514901788216,AvgH/AvgD/AvgA,0.04111134064586652,-0.25,1.8,AvgAHH/AvgAHA,2.5,1.91,1.92,AvgO/AvgU
1920,E0,2020-06-20,West Ham,Wolves,0,2,A,0.446006090419302,AvgH/AvgD/AvgA,0.042847371506742116,-0.25,1.85,AvgAHH/AvgAHA,2.5,2.06,1.78,AvgO/AvgU
1920,E0,2020-06-21,Aston Villa,Chelsea,1,2,A,0.6269592476489029,AvgH/AvgD/AvgA,0.0424836601307188,-1.0,1.85,AvgAHH/AvgAHA,2.5,1.59,2.38,AvgO/AvgU
1920,E0,2020-06-21,Everton,Liverpool,0,0,A,0.6035712394969106,AvgH/AvgD/AvgA,0.042015882225087564,-1.0,2.0,AvgAHH/AvgAHA,2.5,1.66,2.23,AvgO/AvgU
1920,E0,2020-06-21,Newcastle,Sheffield United,3,0,A,0.4021272259844495,AvgH/AvgD/AvgA,0.044863516013558646,-0.25,2.02,AvgAHH/AvgAHA,2.5,2.46,1.55,AvgO/AvgU
1920,E0,2020-06-22,Man City,Burnley,5,0,H,0.8453782645708335,AvgH/AvgD/AvgA,0.04681630614391041,-2.5,2.04,AvgAHH/AvgAHA,2.5,1.32,3.35,AvgO/AvgU
1920,E0,2020-06-23,Leicester,Brighton,0,0,H,0.5868963492629328,AvgH/AvgD/AvgA,0.03895023086572569,-0.75,1.82,AvgAHH/AvgAHA,2.5,1.95,1.88,AvgO/AvgU
1920,E0,2020-06-23,Tottenham,West Ham,2,0,H,0.5757064715689111,AvgH/AvgD/AvgA,0.04011753346758273,-0.75,1.86,AvgAHH/AvgAHA,2.5,1.79,2.05,AvgO/AvgU
1920,E0,2020-06-24,Liverpool,Crystal Palace,4,0,H,0.7710025030146673,AvgH/AvgD/AvgA,0.045977943975473945,-1.5,1.82,AvgAHH/AvgAHA,2.5,1.69,2.19,AvgO/AvgU
1920,E0,2020-06-24,Man United,Sheffield United,3,0,H,0.6704059270702494,AvgH/AvgD/AvgA,0.043100412844981006,-1.25,2.03,AvgAHH/AvgAHA,2.5,2.0,1.83,AvgO/AvgU
1920,E0,2020-06-24,Newcastle,Aston Villa,1,1,H,0.41072561096606763,AvgH/AvgD/AvgA,0.044942262905734776,-0.25,2.01,AvgAHH/AvgAHA,2.5,2.09,1.76,AvgO/AvgU
1920,E0,2020-06-24,Norwich,Everton,0,1,A,0.4944521402806162,AvgH/AvgD/AvgA,0.04249506784060486,-0.5,1.93,AvgAHH/AvgAHA,2.5,1.82,2.01,AvgO/AvgU
1920,E0,2020-06-24,Wolves,Bournemouth,1,0,H,0.6058212058212058,AvgH/AvgD/AvgA,0.044716471334369956,-1.0,2.06,AvgAHH/AvgAHA,2.5,2.07,1.77,AvgO/AvgU
1920,E0,2020-06-25,Burnley,Watford,1,0,A,0.3858950142065747,AvgH/AvgD/AvgA,0.04491064047736271,-0.0,1.78,AvgAHH/AvgAHA,2.5,2.18,1.7,AvgO/AvgU
1920,E0,2020-06-25,Chelsea,Man City,2,1,A,0.5327528313698708,AvgH/AvgD/AvgA,0.04280169497560804,-0.75,2.02,AvgAHH/AvgAHA,2.5,1.63,2.29,AvgO/AvgU
1920,E0,2020-06-25,Southampton,Arsenal,0,2,H,0.36270870887453993,AvgH/AvgD/AvgA,0.04433080739426254,0.0,1.93,AvgAHH/AvgAHA,2.5,1.8,2.03,AvgO/AvgU
1920,E0,2020-06-27,Aston Villa,Wolves,0,1,A,0.5389954684165144,AvgH/AvgD/AvgA,0.04230515046715344,-0.75,2.01,AvgAHH/AvgAHA,2.5,2.08,1.76,AvgO/AvgU
1920,E0,2020-06-28,Watford,Southampton,1,3,H,0.38421052631578945,AvgH/AvgD/AvgA,0.04527699840457711,0.0,1.8,AvgAHH/AvgAHA,2.5,2.0,1.83,AvgO/AvgU
1920,E0,2020-06-29,Crystal Palace,Burnley,0,1,H,0.41732085248771345,AvgH/AvgD/AvgA,0.04639205087476461,-0.25,1.95,AvgAHH/AvgAHA,2.5,2.42,1.57,AvgO/AvgU
1920,E0,2020-06-30,Brighton,Man United,0,3,A,0.5976099047750246,AvgH/AvgD/AvgA,0.039336877550892435,-1.0,2.08,AvgAHH/AvgAHA,2.5,2.1,1.76,AvgO/AvgU
1920,E0,2020-07-01,Arsenal,Norwich,4,0,H,0.6639196452171869,AvgH/AvgD/AvgA,0.04597664709450178,-1.25,2.02,AvgAHH/AvgAHA,2.5,1.7,2.18,AvgO/AvgU
1920,E0,2020-07-01,Bournemouth,Newcastle,1,4,H,0.3988581135280517,AvgH/AvgD/AvgA,0.04464884261997715,-0.25,2.05,AvgAHH/AvgAHA,2.5,2.38,1.59,AvgO/AvgU
1920,E0,2020-07-01,Everton,Leicester,2,1,H,0.3773225647779382,AvgH/AvgD/AvgA,0.0434064223889592,0.0,1.81,AvgAHH/AvgAHA,2.5,2.08,1.76,AvgO/AvgU
1920,E0,2020-07-01,West Ham,Chelsea,3,2,A,0.6014996619719758,AvgH/AvgD/AvgA,0.045604606905606415,-1.0,2.02,AvgAHH/AvgAHA,2.5,1.72,2.14,AvgO/AvgU
1920,E0,2020-07-02,Man City,Liverpool,4,0,H,0.4627152574401153,AvgH/AvgD/AvgA,0.04403686645698168,-0.5,2.06,AvgAHH/AvgAHA,2.5,1.57,2.42,AvgO/AvgU
1920,E0,2020-07-02,Sheffield United,Tottenham,3,1,A,0.4845966143053225,AvgH/AvgD/AvgA,0.04220807603970478,-0.5,1.97,AvgAHH/AvgAHA,2.5,2.15,1.71,AvgO/AvgU
1920,E0,2020-07-04,Chelsea,Watford,3,0,H,0.6712114533013114,AvgH/AvgD/AvgA,0.04184857970052924,-1.25,1.99,AvgAHH/AvgAHA,2.5,1.73,2.13,AvgO/AvgU
1920,E0,2020-07-04,Leicester,Crystal Palace,3,0,H,0.571271504333204,AvgH/AvgD/AvgA,0.04195306561433587,-0.75,1.89,AvgAHH/AvgAHA,2.5,2.21,1.69,AvgO/AvgU
1920,E0,2020-07-04,Man United,Bournemouth,5,2,H,0.8169672876179812,AvgH/AvgD/AvgA,0.04618736595059114,-2.0,1.92,AvgAHH/AvgAHA,2.5,1.53,2.54,AvgO/AvgU
1920,E0,2020-07-04,Norwich,Brighton,0,1,A,0.4292759582120748,AvgH/AvgD/AvgA,0.04462056328811426,-0.25,1.92,AvgAHH/AvgAHA,2.5,2.08,1.77,AvgO/AvgU
1920,E0,2020-07-04,Wolves,Arsenal,0,2,H,0.42165382513450894,AvgH/AvgD/AvgA,0.04476375666864496,-0.25,1.96,AvgAHH/AvgAHA,2.5,2.1,1.75,AvgO/AvgU
1920,E0,2020-07-05,Burnley,Sheffield United,1,1,A,0.3483175954249235,AvgH/AvgD/AvgA,0.043979312020549166,-0.0,1.89,AvgAHH/AvgAHA,2.5,2.65,1.49,AvgO/AvgU
1920,E0,2020-07-05,Liverpool,Aston Villa,2,0,H,0.7100151215540305,AvgH/AvgD/AvgA,0.04327459832046987,-1.5,1.98,AvgAHH/AvgAHA,2.5,1.49,2.62,AvgO/AvgU
1920,E0,2020-07-05,Newcastle,West Ham,2,2,H,0.3594822482840275,AvgH/AvgD/AvgA,0.04578140205418291,0.0,1.91,AvgAHH/AvgAHA,2.5,2.0,1.82,AvgO/AvgU
1920,E0,2020-07-05,Southampton,Man City,1,0,A,0.7212428980843681,AvgH/AvgD/AvgA,0.04247778556312154,-1.5,1.94,AvgAHH/AvgAHA,2.5,1.54,2.47,AvgO/AvgU
1920,E0,2020-07-06,Tottenham,Everton,1,0,H,0.4495940120961005,AvgH/AvgD/AvgA,0.04423892543917041,-0.25,1.84,AvgAHH/AvgAHA,2.5,1.86,1.97,AvgO/AvgU
1920,E0,2020-07-07,Arsenal,Leicester,1,1,H,0.40333052620140725,AvgH/AvgD/AvgA,0.041746260031593874,-0.25,2.06,AvgAHH/AvgAHA,2.5,1.88,1.95,AvgO/AvgU
1920,E0,2020-07-07,Crystal Palace,Chelsea,2,3,A,0.6723095654578033,AvgH/AvgD/AvgA,0.04014688356325369,-1.25,1.99,AvgAHH/AvgAHA,2.5,1.83,2.0,AvgO/AvgU
1920,E0,2020-07-07,Watford,Norwich,2,1,H,0.5493588817079968,AvgH/AvgD/AvgA,0.04017353765530873,-0.75,2.0,AvgAHH/AvgAHA,2.5,2.05,1.8,AvgO/AvgU
1920,E0,2020-07-08,Brighton,Liverpool,1,3,A,0.6147674872432385,AvgH/AvgD/AvgA,0.04271233324350021,-1.0,1.96,AvgAHH/AvgAHA,2.5,1.73,2.12,AvgO/AvgU
1920,E0,2020-07-08,Man City,Newcastle,5,0,H,0.8514999654168526,AvgH/AvgD/AvgA,0.03929041474377337,-2.25,1.86,AvgAHH/AvgAHA,2.5,1.39,3.01,AvgO/AvgU
1920,E0,2020-07-08,Sheffield United,Wolves,1,0,A,0.44738540994189796,AvgH/AvgD/AvgA,0.044490296826745546,-0.25,1.81,AvgAHH/AvgAHA,2.5,2.69,1.47,AvgO/AvgU
1920,E0,2020-07-08,West Ham,Burnley,0,1,H,0.47395083719273245,AvgH/AvgD/AvgA,0.04451657450956836,-0.5,2.02,AvgAHH/AvgAHA,2.5,2.06,1.78,AvgO/AvgU
1920,E0,2020-07-09,Aston Villa,Man United,0,3,A,0.7102654801355326,AvgH/AvgD/AvgA,0.04290685871343891,-1.5,2.01,AvgAHH/AvgAHA,2.5,1.65,2.25,AvgO/AvgU
1920,E0,2020-07-09,Bournemouth,Tottenham,0,0,A,0.5701267200145081,AvgH/AvgD/AvgA,0.04404525229574929,-0.75,1.87,AvgAHH/AvgAHA,2.5,1.73,2.12,AvgO/AvgU
1920,E0,2020-07-09,Everton,Southampton,1,1,H,0.46262738801323855,AvgH/AvgD/AvgA,0.04423516626255042,-0.5,2.06,AvgAHH/AvgAHA,2.5,1.92,1.9,AvgO/AvgU
1920,E0,2020-07-11,Brighton,Man City,0,5,A,0.7327325832037181,AvgH/AvgD/AvgA,0.04179723424926651,-1.5,1.86,AvgAHH/AvgAHA,2.5,1.52,2.55,AvgO/AvgU
1920,E0,2020-07-11,Liverpool,Burnley,1,1,H,0.7641592349970118,AvgH/AvgD/AvgA,0.04690222058643112,-1.75,1.96,AvgAHH/AvgAHA,2.5,1.52,2.54,AvgO/AvgU
1920,E0,2020-07-11,Norwich,West Ham,0,4,A,0.48205297524754215,AvgH/AvgD/AvgA,0.04244261236230695,-0.5,2.0,AvgAHH/AvgAHA,2.5,1.83,2.01,AvgO/AvgU
1920,E0,2020-07-11,Sheffield United,Chelsea,3,0,A,0.5985457319138578,AvgH/AvgD/AvgA,0.044197572007663055,-1.0,2.06,AvgAHH/AvgAHA,2.5,1.98,1.85,AvgO/AvgU
1920,E0,2020-07-11,Watford,Newcastle,2,1,H,0.5263773651725184,AvgH/AvgD/AvgA,0.043833921829957045,-0.75,2.08,AvgAHH/AvgAHA,2.5,2.06,1.78,AvgO/AvgU
1920,E0,2020-07-12,Aston Villa,Crystal Palace,2,0,H,0.4183448897865108,AvgH/AvgD/AvgA,0.04383066070263264,-0.25,1.97,AvgAHH/AvgAHA,2.5,2.01,1.82,AvgO/AvgU
1920,E0,2020-07-12,Bournemouth,Leicester,4,1,A,0.5631374258607041,AvgH/AvgD/AvgA,0.04456792801256837,-0.75,1.91,AvgAHH/AvgAHA,2.5,1.89,1.92,AvgO/AvgU
1920,E0,2020-07-12,Tottenham,Arsenal,2,1,H,0.3680156575541385,AvgH/AvgD/AvgA,0.045106034812673945,0.0,1.9,AvgAHH/AvgAHA,2.5,1.77,2.08,AvgO/AvgU
1920,E0,2020-07-12,Wolves,Everton,3,0,H,0.46564432741057804,AvgH/AvgD/AvgA,0.042505759499682494,-0.5,2.04,AvgAHH/AvgAHA,2.5,2.49,1.55,AvgO/AvgU
1920,E0,2020-07-13,Man United,Southampton,2,2,H,0.7412622607956515,AvgH/AvgD/AvgA,0.045775347604422256,-1.5,1.93,AvgAHH/AvgAHA,2.5,1.61,2.33,AvgO/AvgU
1920,E0,2020-07-14,Chelsea,Norwich,1,0,H,0.8522395812177147,AvgH/AvgD/AvgA,0.03838846694720344,-2.5,2.03,AvgAHH/AvgAHA,2.5,1.36,3.17,AvgO/AvgU
1920,E0,2020-07-15,Arsenal,Liverpool,2,1,A,0.5071707953063886,AvgH/AvgD/AvgA,0.04323934658124884,-0.5,1.88,AvgAHH/AvgAHA,2.5,1.58,2.41,AvgO/AvgU
1920,E0,2020-07-15,Burnley,Wolves,1,1,A,0.5039408866995074,AvgH/AvgD/AvgA,0.0443998559448473,-0.5,1.9,AvgAHH/AvgAHA,2.5,2.52,1.53,AvgO/AvgU
1920,E0,2020-07-15,Man City,Bournemouth,2,1,H,0.8324534414441699,AvgH/AvgD/AvgA,0.0445812031033852,-2.25,1.86,AvgAHH/AvgAHA,2.5,1.29,3.65,AvgO/AvgU
1920,E0,2020-07-15,Newcastle,Tottenham,1,3,A,0.5355197044411701,AvgH/AvgD/AvgA,0.04320945288105049,-0.75,2.02,AvgAHH/AvgAHA,2.5,1.87,1.95,AvgO/AvgU
1920,E0,2020-07-16,Crystal Palace,Man United,0,2,A,0.7106335037698241,AvgH/AvgD/AvgA,0.0423667570009032,-1.5,2.03,AvgAHH/AvgAHA,2.5,1.77,2.08,AvgO/AvgU
1920,E0,2020-07-16,Everton,Aston Villa,1,1,H,0.4748488512696493,AvgH/AvgD/AvgA,0.042541228912807316,-0.5,2.02,AvgAHH/AvgAHA,2.5,1.87,1.95,AvgO/AvgU
1920,E0,2020-07-16,Leicester,Sheffield United,2,0,H,0.4742638206257702,AvgH/AvgD/AvgA,0.043827261158776665,-0.5,2.0,AvgAHH/AvgAHA,2.5,2.14,1.72,AvgO/AvgU
1920,E0,2020-07-16,Southampton,Brighton,1,1,H,0.4393337218702412,AvgH/AvgD/AvgA,0.0441165189358228,-0.25,1.87,AvgAHH/AvgAHA,2.5,2.13,1.73,AvgO/AvgU
1920,E0,2020-07-17,West Ham,Watford,3,1,H,0.39569946597245714,AvgH/AvgD/AvgA,0.04428531254229795,-0.25,2.04,AvgAHH/AvgAHA,2.5,2.03,1.8,AvgO/AvgU
1920,E0,2020-07-18,Norwich,Burnley,0,2,A,0.4249195752187899,AvgH/AvgD/AvgA,0.04594956402185324,-0.25,1.93,AvgAHH/AvgAHA,2.5,2.05,1.78,AvgO/AvgU
1920,E0,2020-07-19,Bournemouth,Southampton,0,2,H,0.400585846172871,AvgH/AvgD/AvgA,0.04449532063706818,-0.25,2.08,AvgAHH/AvgAHA,2.5,1.71,2.16,AvgO/AvgU
1920,E0,2020-07-19,Tottenham,Leicester,3,0,H,0.41248283939222363,AvgH/AvgD/AvgA,0.04497555193746283,-0.25,2.01,AvgAHH/AvgAHA,2.5,1.95,1.87,AvgO/AvgU
1920,E0,2020-07-20,Brighton,Newcastle,0,0,H,0.4949043997660027,AvgH/AvgD/AvgA,0.04693899522996303,-0.5,1.93,AvgAHH/AvgAHA,2.5,2.12,1.73,AvgO/AvgU
1920,E0,2020-07-20,Sheffield United,Everton,0,1,H,0.439357323064666,AvgH/AvgD/AvgA,0.048871769959621725,-0.25,1.87,AvgAHH/AvgAHA,2.5,2.32,1.62,AvgO/AvgU
1920,E0,2020-07-20,Wolves,Crystal Palace,2,0,H,0.6383621344123307,AvgH/AvgD/AvgA,0.04433930323952051,-1.0,1.9,AvgAHH/AvgAHA,2.5,2.29,1.64,AvgO/AvgU
1920,E0,2020-07-21,Aston Villa,Arsenal,1,0,A,0.4526042706046697,AvgH/AvgD/AvgA,0.047125889148006195,-0.25,1.85,AvgAHH/AvgAHA,2.5,1.66,2.25,AvgO/AvgU
1920,E0,2020-07-21,Watford,Man City,0,4,A,0.7184979891225073,AvgH/AvgD/AvgA,0.04646040856200817,-1.5,1.94,AvgAHH/AvgAHA,2.5,1.48,2.67,AvgO/AvgU
1920,E0,2020-07-22,Liverpool,Chelsea,5,3,H,0.4689226369722048,AvgH/AvgD/AvgA,0.04536663360192761,-0.5,2.05,AvgAHH/AvgAHA,2.5,1.6,2.34,AvgO/AvgU
1920,E0,2020-07-22,Man United,West Ham,1,1,H,0.7682711378522975,AvgH/AvgD/AvgA,0.04969661512687029,-1.75,1.92,AvgAHH/AvgAHA,2.5,1.47,2.68,AvgO/AvgU
1920,E0,2020-07-26,Arsenal,Watford,3,2,H,0.4962874810087077,AvgH/AvgD/AvgA,0.04402132806734205,-0.5,1.93,AvgAHH/AvgAHA,2.5,1.61,2.34,AvgO/AvgU
1920,E0,2020-07-26,Burnley,Brighton,1,2,H,0.4123324230387289,AvgH/AvgD/AvgA,0.04535675264648109,-0.25,2.0,AvgAHH/AvgAHA,2.5,1.91,1.91,AvgO/AvgU
1920,E0,2020-07-26,Chelsea,Wolves,2,0,H,0.5196560196560197,AvgH/AvgD/AvgA,0.04584232706341851,-0.5,1.84,AvgAHH/AvgAHA,2.5,1.9,1.92,AvgO/AvgU
1920,E0,2020-07-26,Crystal Palace,Tottenham,1,1,A,0.6173989568353044,AvgH/AvgD/AvgA,0.04496660251838103,-1.0,1.93,AvgAHH/AvgAHA,2.5,1.76,2.08,AvgO/AvgU
1920,E0,2020-07-26,Everton,Bournemouth,1,3,H,0.42657194359028733,AvgH/AvgD/AvgA,0.04654930577749372,-0.25,1.96,AvgAHH/AvgAHA,2.5,1.58,2.39,AvgO/AvgU
1920,E0,2020-07-26,Leicester,Man United,0,2,A,0.42581124406794013,AvgH/AvgD/AvgA,0.04841893596718094,-0.25,1.92,AvgAHH/AvgAHA,2.5,1.85,1.99,AvgO/AvgU
1920,E0,2020-07-26,Man City,Norwich,5,0,H,0.8938403852519641,AvgH/AvgD/AvgA,0.04557754904852329,-3.0,1.95,AvgAHH/AvgAHA,2.5,1.21,4.36,AvgO/AvgU
1920,E0,2020-07-26,Newcastle,Liverpool,1,3,A,0.6827002700270026,AvgH/AvgD/AvgA,0.04626546325734182,-1.5,2.08,AvgAHH/AvgAHA,2.5,1.54,2.49,AvgO/AvgU
1920,E0,2020-07-26,Southampton,Sheffield United,3,1,H,0.43841637791463023,AvgH/AvgD/AvgA,0.04630123197541147,-0.25,1.88,AvgAHH/AvgAHA,2.5,1.87,1.95,AvgO/AvgU
1920,E0,2020-07-26,West Ham,Aston Villa,1,1,A,0.4190769799207916,AvgH/AvgD/AvgA,0.046577388505013806,-0.25,1.97,AvgAHH/AvgAHA,2.5,1.66,2.24,AvgO/AvgU
2021,E0,2020-09-12,Crystal Palace,Southampton,1,0,A,0.4009931233258667,AvgH/AvgD/AvgA,0.043434456857215586,-0.25,2.03,AvgAHH/AvgAHA,2.5,2.24,1.67,AvgO/AvgU
2021,E0,2020-09-12,Fulham,Arsenal,0,3,A,0.6180142687277052,AvgH/AvgD/AvgA,0.04392620521652768,-1.0,1.95,AvgAHH/AvgAHA,2.5,1.76,2.1,AvgO/AvgU
2021,E0,2020-09-12,Liverpool,Leeds,4,3,H,0.7394161856230326,AvgH/AvgD/AvgA,0.040321789254065044,-1.5,1.9,AvgAHH/AvgAHA,2.5,1.52,2.53,AvgO/AvgU
2021,E0,2020-09-12,West Ham,Newcastle,0,2,H,0.44514261349610645,AvgH/AvgD/AvgA,0.04487026172756137,-0.5,2.12,AvgAHH/AvgAHA,2.5,1.97,1.86,AvgO/AvgU
2021,E0,2020-09-13,Tottenham,Everton,0,1,H,0.5031213092626962,AvgH/AvgD/AvgA,0.0461011684139927,-0.5,1.9,AvgAHH/AvgAHA,2.5,1.94,1.88,AvgO/AvgU
2021,E0,2020-09-13,West Brom,Leicester,0,3,A,0.4852332234034707,AvgH/AvgD/AvgA,0.04612419083243413,-0.5,1.97,AvgAHH/AvgAHA,2.5,1.92,1.9,AvgO/AvgU
2021,E0,2020-09-14,Brighton,Chelsea,1,3,A,0.580793834339062,AvgH/AvgD/AvgA,0.04350385666593293,-0.75,1.82,AvgAHH/AvgAHA,2.5,1.76,2.08,AvgO/AvgU
2021,E0,2020-09-14,Sheffield United,Wolves,0,2,A,0.3967316865819676,AvgH/AvgD/AvgA,0.045890140288480374,-0.25,2.02,AvgAHH/AvgAHA,2.5,2.68,1.48,AvgO/AvgU
2021,E0,2020-09-19,Arsenal,West Ham,2,1,H,0.625731570755481,AvgH/AvgD/AvgA,0.04452899899665952,-1.0,1.87,AvgAHH/AvgAHA,2.5,1.64,2.3,AvgO/AvgU
2021,E0,2020-09-19,Everton,West Brom,5,2,H,0.6223560039049789,AvgH/AvgD/AvgA,0.04337492572786683,-1.0,1.91,AvgAHH/AvgAHA,2.5,1.81,2.03,AvgO/AvgU
2021,E0,2020-09-19,Leeds,Fulham,4,3,H,0.5843578887645922,AvgH/AvgD/AvgA,0.04346344814490055,-0.75,1.82,AvgAHH/AvgAHA,2.5,1.93,1.91,AvgO/AvgU
2021,E0,2020-09-19,Man United,Crystal Palace,1,3,H,0.7272414395909359,AvgH/AvgD/AvgA,0.04171148168053285,-1.5,1.98,AvgAHH/AvgAHA,2.5,1.66,2.24,AvgO/AvgU
2021,E0,2020-09-20,Chelsea,Liverpool,0,2,A,0.4389651839697917,AvgH/AvgD/AvgA,0.04499311809166784,-0.25,1.91,AvgAHH/AvgAHA,2.5,1.61,2.35,AvgO/AvgU
2021,E0,2020-09-20,Leicester,Burnley,4,2,H,0.5887357780936745,AvgH/AvgD/AvgA,0.0420581784613796,-0.75,1.8,AvgAHH/AvgAHA,2.5,1.95,1.88,AvgO/AvgU
2021,E0,2020-09-20,Newcastle,Brighton,0,3,H,0.356996455354344,AvgH/AvgD/AvgA,0.04520457489654062,0.0,1.88,AvgAHH/AvgAHA,2.5,2.38,1.59,AvgO/AvgU
2021,E0,2020-09-20,Southampton,Tottenham,2,5,A,0.4045342110901194,AvgH/AvgD/AvgA,0.043029036117899544,-0.25,2.03,AvgAHH/AvgAHA,2.5,1.97,1.87,AvgO/AvgU
2021,E0,2020-09-21,Aston Villa,Sheffield United,1,0,H,0.35273563625105053,AvgH/AvgD/AvgA,0.04611967749771528,0.0,1.91,AvgAHH/AvgAHA,2.5,2.25,1.66,AvgO/AvgU
2021,E0,2020-09-21,Wolves,Man City,1,3,A,0.622638326980877,AvgH/AvgD/AvgA,0.04290182793484343,-1.0,1.91,AvgAHH/AvgAHA,2.5,1.7,2.18,AvgO/AvgU
2021,E0,2020-09-26,Brighton,Man United,2,3,A,0.5467511885895404,AvgH/AvgD/AvgA,0.04513457556935818,-0.75,1.98,AvgAHH/AvgAHA,2.5,1.86,1.97,AvgO/AvgU
2021,E0,2020-09-26,Burnley,Southampton,0,1,A,0.4148053605615826,AvgH/AvgD/AvgA,0.04362304362304359,-0.25,1.97,AvgAHH/AvgAHA,2.5,2.09,1.75,AvgO/AvgU
2021,E0,2020-09-26,Crystal Palace,Everton,1,2,A,0.4518589554440838,AvgH/AvgD/AvgA,0.04390564251175588,-0.25,1.82,AvgAHH/AvgAHA,2.5,2.16,1.71,AvgO/AvgU
2021,E0,2020-09-26,West Brom,Chelsea,3,3,A,0.693300437787864,AvgH/AvgD/AvgA,0.04520009171138728,-1.25,1.85,AvgAHH/AvgAHA,2.5,1.64,2.28,AvgO/AvgU
2021,E0,2020-09-27,Man City,Leicester,2,5,H,0.7403007249227166,AvgH/AvgD/AvgA,0.04713364765452366,-1.75,2.01,AvgAHH/AvgAHA,2.5,1.41,2.9,AvgO/AvgU
2021,E0,2020-09-27,Sheffield United,Leeds,0,1,A,0.3639901362421624,AvgH/AvgD/AvgA,0.04461110075016905,-0.0,1.89,AvgAHH/AvgAHA,2.5,2.0,1.83,AvgO/AvgU
2021,E0,2020-09-27,Tottenham,Newcastle,1,1,H,0.65012004614761,AvgH/AvgD/AvgA,0.04637922315209053,-1.25,2.07,AvgAHH/AvgAHA,2.5,1.75,2.1,AvgO/AvgU
2021,E0,2020-09-27,West Ham,Wolves,4,0,A,0.4617014127306463,AvgH/AvgD/AvgA,0.04632945474967887,-0.5,2.07,AvgAHH/AvgAHA,2.5,2.13,1.73,AvgO/AvgU
2021,E0,2020-09-28,Fulham,Aston Villa,0,3,A,0.3793598163616655,AvgH/AvgD/AvgA,0.046039616507723036,-0.0,1.8,AvgAHH/AvgAHA,2.5,2.07,1.76,AvgO/AvgU
2021,E0,2020-09-28,Liverpool,Arsenal,3,1,H,0.6431347913149319,AvgH/AvgD/AvgA,0.04354631200268777,-1.0,1.78,AvgAHH/AvgAHA,2.5,1.54,2.48,AvgO/AvgU
2021,E0,2020-10-03,Chelsea,Crystal Palace,4,0,H,0.6696600055852019,AvgH/AvgD/AvgA,0.04426230246436047,-1.25,1.96,AvgAHH/AvgAHA,2.5,1.62,2.33,AvgO/AvgU
2021,E0,2020-10-03,Everton,Brighton,4,2,H,0.5436904135183906,AvgH/AvgD/AvgA,0.04504660015050854,-0.75,1.99,AvgAHH/AvgAHA,2.5,1.83,2.0,AvgO/AvgU
2021,E0,2020-10-03,Leeds,Man City,1,1,A,0.6926829777898498,AvgH/AvgD/AvgA,0.04613178668187978,-1.5,2.01,AvgAHH/AvgAHA,2.5,1.37,3.11,AvgO/AvgU
2021,E0,2020-10-03,Newcastle,Burnley,3,1,H,0.3866863822782691,AvgH/AvgD/AvgA,0.04699394173078386,-0.25,2.1,AvgAHH/AvgAHA,2.5,2.31,1.62,AvgO/AvgU
2021,E0,2020-10-04,Arsenal,Sheffield United,2,1,H,0.6131139834360287,AvgH/AvgD/AvgA,0.045524418531753374,-1.0,2.0,AvgAHH/AvgAHA,2.5,1.93,1.89,AvgO/AvgU
2021,E0,2020-10-04,Aston Villa,Liverpool,7,2,A,0.7204159266702083,AvgH/AvgD/AvgA,0.043674454454857514,-1.5,1.95,AvgAHH/AvgAHA,2.5,1.53,2.5,AvgO/AvgU
2021,E0,2020-10-04,Leicester,West Ham,0,3,H,0.5703055574543715,AvgH/AvgD/AvgA,0.04371785871246492,-0.75,1.86,AvgAHH/AvgAHA,2.5,1.66,2.23,AvgO/AvgU
2021,E0,2020-10-04,Man United,Tottenham,1,6,H,0.49971330956121107,AvgH/AvgD/AvgA,0.0422642810748175,-0.5,1.92,AvgAHH/AvgAHA,2.5,1.79,2.04,AvgO/AvgU
2021,E0,2020-10-04,Southampton,West Brom,2,0,H,0.5434079647867409,AvgH/AvgD/AvgA,0.04558978704848338,-0.75,1.99,AvgAHH/AvgAHA,2.5,1.8,2.02,AvgO/AvgU
2021,E0,2020-10-04,Wolves,Fulham,1,0,H,0.6325025558780873,AvgH/AvgD/AvgA,0.047033959743849385,-1.0,1.91,AvgAHH/AvgAHA,2.5,2.12,1.73,AvgO/AvgU
2021,E0,2020-10-17,Chelsea,Southampton,3,3,H,0.6273634893189803,AvgH/AvgD/AvgA,0.04181193577478415,-1.0,1.87,AvgAHH/AvgAHA,2.5,1.58,2.4,AvgO/AvgU
2021,E0,2020-10-17,Everton,Liverpool,2,2,A,0.5190552574810554,AvgH/AvgD/AvgA,0.04139305545955141,-0.75,2.08,AvgAHH/AvgAHA,2.5,1.53,2.53,AvgO/AvgU
2021,E0,2020-10-17,Man City,Arsenal,1,0,H,0.6443797709715492,AvgH/AvgD/AvgA,0.04153011908709936,-1.25,2.03,AvgAHH/AvgAHA,2.5,1.43,2.8,AvgO/AvgU
2021,E0,2020-10-17,Newcastle,Man United,1,4,A,0.5642337202439504,AvgH/AvgD/AvgA,0.042538354253835564,-0.75,1.89,AvgAHH/AvgAHA,2.5,1.74,2.11,AvgO/AvgU
2021,E0,2020-10-18,Crystal Palace,Brighton,1,1,H,0.3577011420914949,AvgH/AvgD/AvgA,0.04314547663022683,0.0,1.9,AvgAHH/AvgAHA,2.5,2.19,1.69,AvgO/AvgU
2021,E0,2020-10-18,Leicester,Aston Villa,0,1,H,0.5073991669036586,AvgH/AvgD/AvgA,0.04276980257831431,-0.5,1.9,AvgAHH/AvgAHA,2.5,1.63,2.3,AvgO/AvgU
2021,E0,2020-10-18,Sheffield United,Fulham,1,1,H,0.45460469952477545,AvgH/AvgD/AvgA,0.042518147710592924,-0.25,1.8,AvgAHH/AvgAHA,2.5,2.25,1.65,AvgO/AvgU
2021,E0,2020-10-18,Tottenham,West Ham,3,3,H,0.5917140046333027,AvgH/AvgD/AvgA,0.04321335270715365,-1.0,2.06,AvgAHH/AvgAHA,2.5,1.59,2.37,AvgO/AvgU
2021,E0,2020-10-19,Leeds,Wolves,0,1,H,0.38334415532996535,AvgH/AvgD/AvgA,0.04344880295800535,-0.25,2.13,AvgAHH/AvgAHA,2.5,2.13,1.72,AvgO/AvgU
2021,E0,2020-10-19,West Brom,Burnley,0,0,H,0.3856641994546163,AvgH/AvgD/AvgA,0.04133706543345084,-0.25,2.12,AvgAHH/AvgAHA,2.5,2.12,1.73,AvgO/AvgU
2021,E0,2020-10-23,Aston Villa,Leeds,0,3,H,0.45531114295402597,AvgH/AvgD/AvgA,0.040900616256066336,-0.25,1.84,AvgAHH/AvgAHA,2.5,1.61,2.36,AvgO/AvgU
2021,E0,2020-10-24,Fulham,Crystal Palace,1,2,H,0.3494327312463843,AvgH/AvgD/AvgA,0.04444567155416257,0.0,1.92,AvgAHH/AvgAHA,2.5,2.27,1.65,AvgO/AvgU
2021,E0,2020-10-24,Liverpool,Sheffield United,2,1,H,0.7664209587304569,AvgH/AvgD/AvgA,0.04381279098260227,-1.75,1.93,AvgAHH/AvgAHA,2.5,1.49,2.61,AvgO/AvgU
2021,E0,2020-10-24,Man United,Chelsea,0,0,H,0.40263446931608987,AvgH/AvgD/AvgA,0.04354718546721359,-0.25,2.07,AvgAHH/AvgAHA,2.5,1.62,2.32,AvgO/AvgU
2021,E0,2020-10-24,West Ham,Man City,1,1,A,0.6806938856275971,AvgH/AvgD/AvgA,0.041907196657320345,-1.5,2.09,AvgAHH/AvgAHA,2.5,1.42,2.89,AvgO/AvgU
2021,E0,2020-10-25,Arsenal,Leicester,0,1,H,0.4979113317891906,AvgH/AvgD/AvgA,0.040616434986618266,-0.5,1.93,AvgAHH/AvgAHA,2.5,1.74,2.12,AvgO/AvgU
2021,E0,2020-10-25,Southampton,Everton,2,0,A,0.377977869726036,AvgH/AvgD/AvgA,0.04159745565774786,-0.0,1.86,AvgAHH/AvgAHA,2.5,1.79,2.05,AvgO/AvgU
2021,E0,2020-10-25,Wolves,Newcastle,1,1,H,0.5390864949978147,AvgH/AvgD/AvgA,0.04212915371079018,-0.75,2.04,AvgAHH/AvgAHA,2.5,2.25,1.66,AvgO/AvgU
2021,E0,2020-10-26,Brighton,West Brom,1,1,H,0.5479745813207187,AvgH/AvgD/AvgA,0.042801237333535136,-0.75,1.98,AvgAHH/AvgAHA,2.5,1.83,2.0,AvgO/AvgU
2021,E0,2020-10-26,Burnley,Tottenham,0,1,A,0.5874142625581897,AvgH/AvgD/AvgA,0.044402513898041285,-1.0,2.1,AvgAHH/AvgAHA,2.5,1.84,1.98,AvgO/AvgU
2021,E0,2020-10-30,Wolves,Crystal Palace,2,0,H,0.4683740375887942,AvgH/AvgD/AvgA,0.04148573341088024,-0.5,2.06,AvgAHH/AvgAHA,2.5,2.67,1.48,AvgO/AvgU
2021,E0,2020-10-31,Burnley,Chelsea,0,3,A,0.62229759469746,AvgH/AvgD/AvgA,0.04347285749407659,-1.0,1.89,AvgAHH/AvgAHA,2.5,1.66,2.23,AvgO/AvgU
2021,E0,2020-10-31,Liverpool,West Ham,2,1,H,0.6890193914412501,AvgH/AvgD/AvgA,0.04412803089156192,-1.5,2.05,AvgAHH/AvgAHA,2.5,1.4,2.95,AvgO/AvgU
2021,E0,2020-10-31,Sheffield United,Man City,0,1,A,0.7318774868390381,AvgH/AvgD/AvgA,0.04301442844332182,-1.5,1.9,AvgAHH/AvgAHA,2.5,1.51,2.58,AvgO/AvgU
2021,E0,2020-11-01,Aston Villa,Southampton,3,4,H,0.3893739203510901,AvgH/AvgD/AvgA,0.04399407303425562,0.0,1.83,AvgAHH/AvgAHA,2.5,1.65,2.27,AvgO/AvgU
2021,E0,2020-11-01,Man United,Arsenal,0,1,H,0.47009945322254276,AvgH/AvgD/AvgA,0.04274973108576696,-0.5,2.04,AvgAHH/AvgAHA,2.5,1.74,2.12,AvgO/AvgU
2021,E0,2020-11-01,Newcastle,Everton,2,1,A,0.4653509009741727,AvgH/AvgD/AvgA,0.043163110219970546,-0.25,1.77,AvgAHH/AvgAHA,2.5,1.82,2.01,AvgO/AvgU
2021,E0,2020-11-01,Tottenham,Brighton,2,1,H,0.5885760330424156,AvgH/AvgD/AvgA,0.04234100281675235,-1.0,2.09,AvgAHH/AvgAHA,2.5,1.65,2.26,AvgO/AvgU
2021,E0,2020-11-02,Fulham,West Brom,2,0,H,0.3928391722749859,AvgH/AvgD/AvgA,0.04326679847214132,-0.25,2.1,AvgAHH/AvgAHA,2.5,2.06,1.78,AvgO/AvgU
2021,E0,2020-11-02,Leeds,Leicester,1,4,H,0.37392613030664074,AvgH/AvgD/AvgA,0.044658204762703324,0.0,1.9,AvgAHH/AvgAHA,2.5,1.75,2.1,AvgO/AvgU
2021,E0,2020-11-06,Brighton,Burnley,0,0,H,0.5061135313705103,AvgH/AvgD/AvgA,0.03991645520416731,-0.5,1.89,AvgAHH/AvgAHA,2.5,2.11,1.74,AvgO/AvgU
2021,E0,2020-11-06,Southampton,Newcastle,2,0,H,0.47143487607306067,AvgH/AvgD/AvgA,0.03979595764019028,-0.5,2.03,AvgAHH/AvgAHA,2.5,1.83,2.0,AvgO/AvgU
2021,E0,2020-11-07,Chelsea,Sheffield United,4,1,H,0.6892551425858259,AvgH/AvgD/AvgA,0.04377089989150451,-1.25,1.9,AvgAHH/AvgAHA,2.5,1.69,2.19,AvgO/AvgU
2021,E0,2020-11-07,Crystal Palace,Leeds,4,1,A,0.3877730358951322,AvgH/AvgD/AvgA,0.04405995806430951,-0.0,1.78,AvgAHH/AvgAHA,2.5,1.94,1.88,AvgO/AvgU
2021,E0,2020-11-07,Everton,Man United,1,3,A,0.3969647881319806,AvgH/AvgD/AvgA,0.04095666127062558,-0.25,2.08,AvgAHH/AvgAHA,2.5,1.76,2.08,AvgO/AvgU
2021,E0,2020-11-07,West Ham,Fulham,1,0,H,0.5230996338632766,AvgH/AvgD/AvgA,0.044634811529078444,-0.75,2.09,AvgAHH/AvgAHA,2.5,1.82,2.0,AvgO/AvgU
2021,E0,2020-11-08,Arsenal,Aston Villa,0,3,H,0.5637804730209495,AvgH/AvgD/AvgA,0.04337649540371524,-0.75,1.89,AvgAHH/AvgAHA,2.5,1.68,2.22,AvgO/AvgU
2021,E0,2020-11-08,Leicester,Wolves,1,0,H,0.40264594117003144,AvgH/AvgD/AvgA,0.043517453586996435,-0.25,2.03,AvgAHH/AvgAHA,2.5,2.34,1.6,AvgO/AvgU
2021,E0,2020-11-08,Man City,Liverpool,1,1,H,0.48177264481038584,AvgH/AvgD/AvgA,0.04304918144916092,-0.5,2.0,AvgAHH/AvgAHA,2.5,1.44,2.79,AvgO/AvgU
2021,E0,2020-11-08,West Brom,Tottenham,0,1,A,0.6308047928197997,AvgH/AvgD/AvgA,0.042945051037436066,-1.0,1.85,AvgAHH/AvgAHA,2.5,1.7,2.17,AvgO/AvgU
2021,E0,2020-11-21,Aston Villa,Brighton,1,2,H,0.43689276463868437,AvgH/AvgD/AvgA,0.04515579456629637,-0.25,1.9,AvgAHH/AvgAHA,2.5,1.75,2.09,AvgO/AvgU
2021,E0,2020-11-21,Man United,West Brom,1,0,H,0.7161116158792283,AvgH/AvgD/AvgA,0.042112207327014595,-1.5,2.02,AvgAHH/AvgAHA,2.5,1.64,2.28,AvgO/AvgU
2021,E0,2020-11-21,Newcastle,Chelsea,0,2,A,0.6389211903377557,AvgH/AvgD/AvgA,0.04342550653898902,-1.0,1.81,AvgAHH/AvgAHA,2.5,1.66,2.24,AvgO/AvgU
2021,E0,2020-11-21,Tottenham,Man City,2,0,A,0.5289340329019185,AvgH/AvgD/AvgA,0.04452758468607132,-0.75,2.05,AvgAHH/AvgAHA,2.5,1.6,2.37,AvgO/AvgU
2021,E0,2020-11-22,Fulham,Everton,2,3,A,0.5038342235316802,AvgH/AvgD/AvgA,0.044620958426398794,-0.5,1.91,AvgAHH/AvgAHA,2.5,1.75,2.1,AvgO/AvgU
2021,E0,2020-11-22,Leeds,Arsenal,0,0,A,0.43414694492658,AvgH/AvgD/AvgA,0.042247775944449506,-0.25,1.92,AvgAHH/AvgAHA,2.5,1.66,2.24,AvgO/AvgU
2021,E0,2020-11-22,Liverpool,Leicester,3,0,H,0.504521502405628,AvgH/AvgD/AvgA,0.0431979350020526,-0.5,1.89,AvgAHH/AvgAHA,2.5,1.59,2.39,AvgO/AvgU
2021,E0,2020-11-22,Sheffield United,West Ham,0,1,A,0.39377575671450904,AvgH/AvgD/AvgA,0.04506848562343957,-0.25,2.08,AvgAHH/AvgAHA,2.5,2.11,1.74,AvgO/AvgU
2021,E0,2020-11-23,Burnley,Crystal Palace,1,0,H,0.3438561005562378,AvgH/AvgD/AvgA,0.0423631818318726,0.0,1.93,AvgAHH/AvgAHA,2.5,2.44,1.56,AvgO/AvgU
2021,E0,2020-11-23,Wolves,Southampton,1,1,H,0.41265594725459054,AvgH/AvgD/AvgA,0.044537188004445394,-0.25,1.99,AvgAHH/AvgAHA,2.5,2.23,1.67,AvgO/AvgU
2021,E0,2020-11-27,Crystal Palace,Newcastle,0,2,H,0.4455041023604808,AvgH/AvgD/AvgA,0.044022437964931216,-0.25,1.83,AvgAHH/AvgAHA,2.5,2.34,1.61,AvgO/AvgU
2021,E0,2020-11-28,Brighton,Liverpool,1,1,A,0.5913149587500331,AvgH/AvgD/AvgA,0.043917359916187504,-1.0,2.04,AvgAHH/AvgAHA,2.5,1.58,2.4,AvgO/AvgU
2021,E0,2020-11-28,Everton,Leeds,0,1,H,0.47419499967864254,AvgH/AvgD/AvgA,0.04397875406949758,-0.5,2.02,AvgAHH/AvgAHA,2.5,1.62,2.31,AvgO/AvgU
2021,E0,2020-11-28,Man City,Burnley,5,0,H,0.820454843993279,AvgH/AvgD/AvgA,0.041740274871064464,-2.25,2.04,AvgAHH/AvgAHA,2.5,1.45,2.74,AvgO/AvgU
2021,E0,2020-11-28,West Brom,Sheffield United,1,0,H,0.3680880880880881,AvgH/AvgD/AvgA,0.04490038407149255,0.0,1.84,AvgAHH/AvgAHA,2.5,2.28,1.63,AvgO/AvgU
2021,E0,2020-11-29,Arsenal,Wolves,1,2,H,0.4500509007214624,AvgH/AvgD/AvgA,0.04317882115668037,-0.25,1.81,AvgAHH/AvgAHA,2.5,2.31,1.62,AvgO/AvgU
2021,E0,2020-11-29,Chelsea,Tottenham,0,0,H,0.45631018045874866,AvgH/AvgD/AvgA,0.04356750426155509,-0.25,1.81,AvgAHH/AvgAHA,2.5,1.76,2.08,AvgO/AvgU
2021,E0,2020-11-29,Southampton,Man United,2,3,A,0.47926234720553945,AvgH/AvgD/AvgA,0.04326993955476932,-0.5,2.0,AvgAHH/AvgAHA,2.5,1.81,2.01,AvgO/AvgU
2021,E0,2020-11-30,Leicester,Fulham,1,2,H,0.6232745063777738,AvgH/AvgD/AvgA,0.041837332838174035,-1.0,1.9,AvgAHH/AvgAHA,2.5,1.73,2.12,AvgO/AvgU
2021,E0,2020-11-30,West Ham,Aston Villa,2,1,H,0.4131166070131059,AvgH/AvgD/AvgA,0.04337244119781025,-0.25,2.01,AvgAHH/AvgAHA,2.5,1.71,2.15,AvgO/AvgU
2021,E0,2020-12-05,Burnley,Everton,1,1,A,0.4871141515835537,AvgH/AvgD/AvgA,0.042084717817727935,-0.5,1.95,AvgAHH/AvgAHA,2.5,2.01,1.81,AvgO/AvgU
2021,E0,2020-12-05,Chelsea,Leeds,3,1,H,0.6223445208018479,AvgH/AvgD/AvgA,0.0433941774147959,-1.0,1.86,AvgAHH/AvgAHA,2.5,1.5,2.59,AvgO/AvgU
2021,E0,2020-12-05,Man City,Fulham,2,0,H,0.8574330729989618,AvgH/AvgD/AvgA,0.041314093162142296,-2.5,1.96,AvgAHH/AvgAHA,2.5,1.3,3.48,AvgO/AvgU
2021,E0,2020-12-05,West Ham,Man United,1,3,A,0.46717444664153074,AvgH/AvgD/AvgA,0.04416001678935966,-0.5,2.04,AvgAHH/AvgAHA,2.5,1.74,2.11,AvgO/AvgU
2021,E0,2020-12-06,Liverpool,Wolves,4,0,H,0.6296041524762669,AvgH/AvgD/AvgA,0.04493392277444497,-1.0,1.87,AvgAHH/AvgAHA,2.5,1.75,2.1,AvgO/AvgU
2021,E0,2020-12-06,Sheffield United,Leicester,1,2,A,0.47694982102963723,AvgH/AvgD/AvgA,0.043112746613297004,-0.5,2.0,AvgAHH/AvgAHA,2.5,2.01,1.82,AvgO/AvgU
2021,E0,2020-12-06,Tottenham,Arsenal,2,0,H,0.47661270555135193,AvgH/AvgD/AvgA,0.04385055626122325,-0.5,2.0,AvgAHH/AvgAHA,2.5,1.92,1.9,AvgO/AvgU
2021,E0,2020-12-06,West Brom,Crystal Palace,1,5,A,0.3712788360294821,AvgH/AvgD/AvgA,0.04395096518248165,-0.0,1.83,AvgAHH/AvgAHA,2.5,2.21,1.67,AvgO/AvgU
2021,E0,2020-12-07,Brighton,Southampton,1,2,H,0.3800664451827242,AvgH/AvgD/AvgA,0.04409479409479422,0.0,1.82,AvgAHH/AvgAHA,2.5,1.94,1.88,AvgO/AvgU
2021,E0,2020-12-11,Leeds,West Ham,1,2,H,0.4395110888228558,AvgH/AvgD/AvgA,0.04369516036297272,-0.25,1.9,AvgAHH/AvgAHA,2.5,1.58,2.4,AvgO/AvgU
2021,E0,2020-12-12,Everton,Chelsea,1,0,A,0.5476051116964199,AvgH/AvgD/AvgA,0.04350481619565061,-0.75,1.95,AvgAHH/AvgAHA,2.5,1.6,2.34,AvgO/AvgU
2021,E0,2020-12-12,Man United,Man City,0,0,A,0.5510781728094051,AvgH/AvgD/AvgA,0.04288769186459862,-0.75,1.94,AvgAHH/AvgAHA,2.5,1.65,2.27,AvgO/AvgU
2021,E0,2020-12-12,Newcastle,West Brom,2,1,H,0.38122030259050876,AvgH/AvgD/AvgA,0.045081733041757444,0.0,1.8,AvgAHH/AvgAHA,2.5,2.19,1.69,AvgO/AvgU
2021,E0,2020-12-12,Wolves,Aston Villa,0,1,H,0.40907018343797136,AvgH/AvgD/AvgA,0.044687304654722926,-0.25,2.0,AvgAHH/AvgAHA,2.5,2.05,1.79,AvgO/AvgU
2021,E0,2020-12-13,Arsenal,Burnley,0,1,H,0.6231289387736326,AvgH/AvgD/AvgA,0.04208071387058854,-1.0,1.92,AvgAHH/AvgAHA,2.5,1.9,1.92,AvgO/AvgU
2021,E0,2020-12-13,Crystal Palace,Tottenham,1,1,A,0.5425917221930383,AvgH/AvgD/AvgA,0.04716270990156346,-0.75,1.98,AvgAHH/AvgAHA,2.5,1.9,1.91,AvgO/AvgU
2021,E0,2020-12-13,Fulham,Liverpool,1,1,A,0.7165803637323669,AvgH/AvgD/AvgA,0.04143051426837463,-1.5,1.9,AvgAHH/AvgAHA,2.5,1.42,2.84,AvgO/AvgU
2021,E0,2020-12-13,Leicester,Brighton,3,0,H,0.4713522677883183,AvgH/AvgD/AvgA,0.045101235536332496,-0.5,2.02,AvgAHH/AvgAHA,2.5,1.91,1.91,AvgO/AvgU
2021,E0,2020-12-13,Southampton,Sheffield United,3,0,H,0.5566190351760564,AvgH/AvgD/AvgA,0.044512156601536734,-0.75,1.94,AvgAHH/AvgAHA,2.5,1.99,1.83,AvgO/AvgU
2021,E0,2020-12-15,Man City,West Brom,1,1,H,0.8608538801761872,AvgH/AvgD/AvgA,0.037176184504628784,-2.5,1.96,AvgAHH/AvgAHA,2.5,1.35,3.22,AvgO/AvgU
2021,E0,2020-12-15,Wolves,Chelsea,2,1,A,0.5707452109400952,AvgH/AvgD/AvgA,0.04291386739392333,-0.75,1.88,AvgAHH/AvgAHA,2.5,2.06,1.78,AvgO/AvgU
2021,E0,2020-12-16,Arsenal,Southampton,1,1,H,0.42485501433544554,AvgH/AvgD/AvgA,0.04610850630924168,-0.25,1.94,AvgAHH/AvgAHA,2.5,1.8,2.03,AvgO/AvgU
2021,E0,2020-12-16,Fulham,Brighton,0,0,A,0.38011812754257945,AvgH/AvgD/AvgA,0.04811200948937655,-0.0,1.79,AvgAHH/AvgAHA,2.5,2.05,1.77,AvgO/AvgU
2021,E0,2020-12-16,Leeds,Newcastle,5,2,H,0.542174583810597,AvgH/AvgD/AvgA,0.047968376142668134,-0.75,1.99,AvgAHH/AvgAHA,2.5,1.74,2.1,AvgO/AvgU
2021,E0,2020-12-16,Leicester,Everton,0,2,H,0.4342260208926875,AvgH/AvgD/AvgA,0.04679460160170512,-0.25,1.91,AvgAHH/AvgAHA,2.5,1.69,2.17,AvgO/AvgU
2021,E0,2020-12-16,Liverpool,Tottenham,2,1,H,0.5349599005986672,AvgH/AvgD/AvgA,0.04430110976898671,-0.75,2.01,AvgAHH/AvgAHA,2.5,1.66,2.24,AvgO/AvgU
2021,E0,2020-12-16,West Ham,Crystal Palace,1,1,H,0.45567010309278355,AvgH/AvgD/AvgA,0.045033397974574285,-0.25,1.81,AvgAHH/AvgAHA,2.5,1.97,1.84,AvgO/AvgU
2021,E0,2020-12-17,Aston Villa,Burnley,0,0,H,0.5491519274376417,AvgH/AvgD/AvgA,0.046545800831085504,-0.75,1.97,AvgAHH/AvgAHA,2.5,1.85,1.96,AvgO/AvgU
2021,E0,2020-12-17,Sheffield United,Man United,2,3,A,0.655278925536302,AvgH/AvgD/AvgA,0.04525184643889535,-1.25,2.06,AvgAHH/AvgAHA,2.5,1.83,1.99,AvgO/AvgU
2021,E0,2020-12-19,Crystal Palace,Liverpool,0,7,A,0.6302252272831103,AvgH/AvgD/AvgA,0.04390416054634594,-1.0,1.85,AvgAHH/AvgAHA,2.5,1.62,2.32,AvgO/AvgU
2021,E0,2020-12-19,Everton,Arsenal,2,1,H,0.395346465526033,AvgH/AvgD/AvgA,0.04521774324211747,-0.25,2.08,AvgAHH/AvgAHA,2.5,1.84,1.98,AvgO/AvgU
2021,E0,2020-12-19,Newcastle,Fulham,1,1,H,0.3713605471969295,AvgH/AvgD/AvgA,0.04372126266624288,0.0,1.83,AvgAHH/AvgAHA,2.5,2.14,1.72,AvgO/AvgU
2021,E0,2020-12-19,Southampton,Man City,0,1,A,0.6459741803243393,AvgH/AvgD/AvgA,0.04597938471228602,-1.25,2.05,AvgAHH/AvgAHA,2.5,1.57,2.43,AvgO/AvgU
2021,E0,2020-12-20,Brighton,Sheffield United,1,1,H,0.5664005652901738,AvgH/AvgD/AvgA,0.0446952432475376,-0.75,1.9,AvgAHH/AvgAHA,2.5,2.22,1.67,AvgO/AvgU
2021,E0,2020-12-20,Man United,Leeds,6,2,H,0.5601921902789945,AvgH/AvgD/AvgA,0.04391909024325957,-0.75,1.89,AvgAHH/AvgAHA,2.5,1.5,2.6,AvgO/AvgU
2021,E0,2020-12-20,Tottenham,Leicester,0,2,H,0.46034437395854644,AvgH/AvgD/AvgA,0.044368646530963174,-0.5,2.07,AvgAHH/AvgAHA,2.5,1.78,2.05,AvgO/AvgU
2021,E0,2020-12-20,West Brom,Aston Villa,0,3,A,0.48143276761251236,AvgH/AvgD/AvgA,0.043785543111440894,-0.5,1.99,AvgAHH/AvgAHA,2.5,1.75,2.1,AvgO/AvgU
2021,E0,2020-12-21,Burnley,Wolves,2,1,A,0.4291498129474544,AvgH/AvgD/AvgA,0.044927621414223795,-0.25,1.89,AvgAHH/AvgAHA,2.5,2.56,1.51,AvgO/AvgU
2021,E0,2020-12-21,Chelsea,West Ham,3,0,H,0.6415610164450857,AvgH/AvgD/AvgA,0.04610617290329344,-1.0,1.79,AvgAHH/AvgAHA,2.5,1.55,2.44,AvgO/AvgU
2021,E0,2020-12-26,Arsenal,Chelsea,3,1,A,0.49677742596259694,AvgH/AvgD/AvgA,0.04299166577854496,-0.5,1.91,AvgAHH/AvgAHA,2.5,1.91,1.91,AvgO/AvgU
2021,E0,2020-12-26,Aston Villa,Crystal Palace,3,0,H,0.4931307748209157,AvgH/AvgD/AvgA,0.045288478929282006,-0.5,1.94,AvgAHH/AvgAHA,2.5,1.77,2.06,AvgO/AvgU
2021,E0,2020-12-26,Fulham,Southampton,0,0,A,0.41218961625282163,AvgH/AvgD/AvgA,0.04571892586018067,-0.25,1.97,AvgAHH/AvgAHA,2.5,1.96,1.85,AvgO/AvgU
2021,E0,2020-12-26,Leicester,Man United,2,2,A,0.4124927136774408,AvgH/AvgD/AvgA,0.04495053722495368,-0.25,2.0,AvgAHH/AvgAHA,2.5,1.68,2.2,AvgO/AvgU
2021,E0,2020-12-26,Man City,Newcastle,2,0,H,0.8558634262842484,AvgH/AvgD/AvgA,0.04322385492449832,-2.5,1.99,AvgAHH/AvgAHA,2.5,1.36,3.14,AvgO/AvgU
2021,E0,2020-12-26,Sheffield United,Everton,0,1,A,0.5046353626292713,AvgH/AvgD/AvgA,0.04296255960234863,-0.5,1.89,AvgAHH/AvgAHA,2.5,1.95,1.87,AvgO/AvgU
2021,E0,2020-12-27,Leeds,Burnley,1,0,H,0.5468702290076336,AvgH/AvgD/AvgA,0.04490707505782865,-0.75,1.96,AvgAHH/AvgAHA,2.5,1.6,2.37,AvgO/AvgU
2021,E0,2020-12-27,Liverpool,West Brom,1,1,H,0.8476805872485585,AvgH/AvgD/AvgA,0.04397312563783062,-2.5,2.02,AvgAHH/AvgAHA,2.5,1.36,3.13,AvgO/AvgU
2021,E0,2020-12-27,West Ham,Brighton,2,2,H,0.4038913641288829,AvgH/AvgD/AvgA,0.044689155907279066,-0.25,2.04,AvgAHH/AvgAHA,2.5,1.94,1.88,AvgO/AvgU
2021,E0,2020-12-27,Wolves,Tottenham,1,1,A,0.4434153919694072,AvgH/AvgD/AvgA,0.04408410566610277,-0.25,1.84,AvgAHH/AvgAHA,2.5,2.2,1.68,AvgO/AvgU
2021,E0,2020-12-28,Chelsea,Aston Villa,1,1,H,0.5674219024118076,AvgH/AvgD/AvgA,0.04281483287178767,-0.75,1.87,AvgAHH/AvgAHA,2.5,1.55,2.45,AvgO/AvgU
2021,E0,2020-12-28,Crystal Palace,Leicester,1,1,A,0.47651228481586105,AvgH/AvgD/AvgA,0.04407053850290432,-0.5,2.01,AvgAHH/AvgAHA,2.5,1.88,1.94,AvgO/AvgU
2021,E0,2020-12-29,Brighton,Arsenal,0,1,A,0.4186386435670985,AvgH/AvgD/AvgA,0.043098217084284185,-0.25,1.97,AvgAHH/AvgAHA,2.5,2.04,1.79,AvgO/AvgU
2021,E0,2020-12-29,Burnley,Sheffield United,1,0,H,0.3978473957332308,AvgH/AvgD/AvgA,0.04295708300759715,-0.25,2.05,AvgAHH/AvgAHA,2.5,2.43,1.57,AvgO/AvgU
2021,E0,2020-12-29,Man United,Wolves,1,0,H,0.6164204361340806,AvgH/AvgD/AvgA,0.04662540776349022,-1.0,1.96,AvgAHH/AvgAHA,2.5,1.92,1.9,AvgO/AvgU
2021,E0,2020-12-29,Southampton,West Ham,0,0,H,0.4372601623255341,AvgH/AvgD/AvgA,0.044277626705590656,-0.25,1.9,AvgAHH/AvgAHA,2.5,1.9,1.92,AvgO/AvgU
2021,E0,2020-12-29,West Brom,Leeds,0,5,A,0.4720113495097284,AvgH/AvgD/AvgA,0.04364193350454748,-0.5,2.04,AvgAHH/AvgAHA,2.5,1.61,2.32,AvgO/AvgU
2021,E0,2020-12-30,Newcastle,Liverpool,0,0,A,0.7412698352020122,AvgH/AvgD/AvgA,0.04576466171506244,-1.5,1.83,AvgAHH/AvgAHA,2.5,1.5,2.6,AvgO/AvgU
2021,E0,2021-01-01,Everton,West Ham,0,1,H,0.4465709728867624,AvgH/AvgD/AvgA,0.04152823920265769,-0.25,1.85,AvgAHH/AvgAHA,2.5,1.96,1.86,AvgO/AvgU
2021,E0,2021-01-01,Man United,Aston Villa,2,1,H,0.5512815877950905,AvgH/AvgD/AvgA,0.04250288128937041,-0.75,1.95,AvgAHH/AvgAHA,2.5,1.54,2.48,AvgO/AvgU
2021,E0,2021-01-02,Brighton,Wolves,3,3,H,0.36,AvgH/AvgD/AvgA,0.044277360066833804,0.0,1.86,AvgAHH/AvgAHA,2.5,2.43,1.56,AvgO/AvgU
2021,E0,2021-01-02,Crystal Palace,Sheffield United,2,0,H,0.4755955622470663,AvgH/AvgD/AvgA,0.04608301107842028,-0.5,2.0,AvgAHH/AvgAHA,2.5,2.25,1.65,AvgO/AvgU
2021,E0,2021-01-02,Tottenham,Leeds,3,0,H,0.5324305060584462,AvgH/AvgD/AvgA,0.04343299122415578,-0.75,2.02,AvgAHH/AvgAHA,2.5,1.44,2.79,AvgO/AvgU
2021,E0,2021-01-02,West Brom,Arsenal,0,4,A,0.5952228702326932,AvgH/AvgD/AvgA,0.04350495164868873,-1.0,2.07,AvgAHH/AvgAHA,2.5,1.84,1.98,AvgO/AvgU
2021,E0,2021-01-03,Chelsea,Man City,1,3,A,0.4244107653308883,AvgH/AvgD/AvgA,0.05187852876568089,-0.25,1.96,AvgAHH/AvgAHA,2.5,1.72,2.12,AvgO/AvgU
2021,E0,2021-01-03,Newcastle,Leicester,1,2,A,0.5739119535395457,AvgH/AvgD/AvgA,0.043369791335632346,-0.75,1.86,AvgAHH/AvgAHA,2.5,1.86,1.96,AvgO/AvgU
2021,E0,2021-01-04,Southampton,Liverpool,1,0,A,0.5791815766758571,AvgH/AvgD/AvgA,0.04640864016949209,-0.75,1.83,AvgAHH/AvgAHA,2.5,1.63,2.29,AvgO/AvgU
2021,E0,2021-01-12,Burnley,Man United,0,1,A,0.6529664460698943,AvgH/AvgD/AvgA,0.041817865126135834,-1.25,2.06,AvgAHH/AvgAHA,2.5,1.71,2.17,AvgO/AvgU
2021,E0,2021-01-12,Sheffield United,Newcastle,1,0,H,0.38518275238506006,AvgH/AvgD/AvgA,0.0426386519543136,-0.25,2.12,AvgAHH/AvgAHA,2.5,2.5,1.54,AvgO/AvgU
2021,E0,2021-01-12,Wolves,Everton,1,2,H,0.38347474427087463,AvgH/AvgD/AvgA,0.043093465674110876,-0.25,2.13,AvgAHH/AvgAHA,2.5,2.39,1.59,AvgO/AvgU
2021,E0,2021-01-13,Man City,Brighton,1,0,H,0.8113378223440555,AvgH/AvgD/AvgA,0.04451882283785813,-2.0,1.92,AvgAHH/AvgAHA,2.5,1.48,2.64,AvgO/AvgU
2021,E0,2021-01-13,Tottenham,Fulham,1,1,H,0.6846637473395797,AvgH/AvgD/AvgA,0.0432649852737752,-1.25,1.92,AvgAHH/AvgAHA,2.5,1.68,2.21,AvgO/AvgU
2021,E0,2021-01-14,Arsenal,Crystal Palace,0,0,H,0.6167597501505473,AvgH/AvgD/AvgA,0.04604960061855645,-1.0,1.95,AvgAHH/AvgAHA,2.5,1.87,1.95,AvgO/AvgU
2021,E0,2021-01-16,Fulham,Chelsea,0,1,A,0.6195008583741108,AvgH/AvgD/AvgA,0.0414211402641409,-1.0,1.94,AvgAHH/AvgAHA,2.5,1.77,2.07,AvgO/AvgU
2021,E0,2021-01-16,Leeds,Brighton,0,1,H,0.4418069041325342,AvgH/AvgD/AvgA,0.04305634153086246,-0.25,1.89,AvgAHH/AvgAHA,2.5,1.62,2.32,AvgO/AvgU
2021,E0,2021-01-16,Leicester,Southampton,2,0,H,0.5327979585709997,AvgH/AvgD/AvgA,0.04271337121034269,-0.75,2.04,AvgAHH/AvgAHA,2.5,1.88,1.94,AvgO/AvgU
2021,E0,2021-01-16,West Ham,Burnley,1,0,H,0.5209568640930893,AvgH/AvgD/AvgA,0.04323082836365422,-0.5,1.84,AvgAHH/AvgAHA,2.5,2.1,1.74,AvgO/AvgU
2021,E0,2021-01-16,Wolves,West Brom,2,3,H,0.595723011793166,AvgH/AvgD/AvgA,0.042628873027337866,-1.0,2.11,AvgAHH/AvgAHA,2.5,2.28,1.64,AvgO/AvgU
2021,E0,2021-01-17,Liverpool,Man United,0,0,H,0.48715212729351814,AvgH/AvgD/AvgA,0.04200348260436226,-0.5,1.96,AvgAHH/AvgAHA,2.5,1.68,2.21,AvgO/AvgU
2021,E0,2021-01-17,Man City,Crystal Palace,4,0,H,0.8188367411802099,AvgH/AvgD/AvgA,0.043798857228796395,-2.0,1.87,AvgAHH/AvgAHA,2.5,1.49,2.62,AvgO/AvgU
2021,E0,2021-01-17,Sheffield United,Tottenham,1,3,A,0.5816642377018941,AvgH/AvgD/AvgA,0.041942355705243184,-0.75,1.84,AvgAHH/AvgAHA,2.5,2.04,1.79,AvgO/AvgU
2021,E0,2021-01-18,Arsenal,Newcastle,3,0,H,0.6651829284628957,AvgH/AvgD/AvgA,0.043990178835716875,-1.25,2.02,AvgAHH/AvgAHA,2.5,1.79,2.05,AvgO/AvgU
2021,E0,2021-01-19,Leicester,Chelsea,2,0,A,0.38627548250256827,AvgH/AvgD/AvgA,0.03968914387451705,-0.0,1.81,AvgAHH/AvgAHA,2.5,1.89,1.94,AvgO/AvgU
2021,E0,2021-01-19,West Ham,West Brom,2,1,H,0.6072764066693063,AvgH/AvgD/AvgA,0.04221304410022397,-1.0,2.0,AvgAHH/AvgAHA,2.5,1.89,1.93,AvgO/AvgU
2021,E0,2021-01-20,Fulham,Man United,1,2,A,0.6188780898809735,AvgH/AvgD/AvgA,0.04246910800584658,-1.0,1.92,AvgAHH/AvgAHA,2.5,1.73,2.13,AvgO/AvgU
2021,E0,2021-01-20,Man City,Aston Villa,2,0,H,0.762588357127646,AvgH/AvgD/AvgA,0.0490587648272891,-1.75,1.92,AvgAHH/AvgAHA,2.5,1.48,2.65,AvgO/AvgU
2021,E0,2021-01-21,Liverpool,Burnley,0,1,H,0.7994859199177472,AvgH/AvgD/AvgA,0.04233647219086545,-2.0,2.03,AvgAHH/AvgAHA,2.5,1.52,2.53,AvgO/AvgU
2021,E0,2021-01-23,Aston Villa,Newcastle,2,0,H,0.6383231466549868,AvgH/AvgD/AvgA,0.044403089814631924,-1.0,1.83,AvgAHH/AvgAHA,2.5,1.69,2.2,AvgO/AvgU
2021,E0,2021-01-26,Crystal Palace,West Ham,2,3,A,0.4020559591298359,AvgH/AvgD/AvgA,0.04067613559705263,-0.25,2.05,AvgAHH/AvgAHA,2.5,2.2,1.69,AvgO/AvgU
2021,E0,2021-01-26,Newcastle,Leeds,1,2,A,0.49804941482444737,AvgH/AvgD/AvgA,0.0403279265141574,-0.5,1.93,AvgAHH/AvgAHA,2.5,1.67,2.23,AvgO/AvgU
2021,E0,2021-01-26,Southampton,Arsenal,1,3,A,0.4588398990581439,AvgH/AvgD/AvgA,0.04277962858870721,-0.25,1.82,AvgAHH/AvgAHA,2.5,1.78,2.05,AvgO/AvgU
2021,E0,2021-01-26,West Brom,Man City,0,5,A,0.8014799303562186,AvgH/AvgD/AvgA,0.03974323220165665,-2.0,2.02,AvgAHH/AvgAHA,2.5,1.57,2.42,AvgO/AvgU
2021,E0,2021-01-27,Brighton,Fulham,0,0,H,0.46539021612191644,AvgH/AvgD/AvgA,0.04307498608160576,-0.5,2.06,AvgAHH/AvgAHA,2.5,2.17,1.71,AvgO/AvgU
2021,E0,2021-01-27,Burnley,Aston Villa,3,2,A,0.4790635867567644,AvgH/AvgD/AvgA,0.043702785646836606,-0.5,2.0,AvgAHH/AvgAHA,2.5,1.9,1.92,AvgO/AvgU
2021,E0,2021-01-27,Chelsea,Wolves,0,0,H,0.5917137417192491,AvgH/AvgD/AvgA,0.04321381623441689,-0.75,1.8,AvgAHH/AvgAHA,2.5,1.94,1.89,AvgO/AvgU
2021,E0,2021-01-27,Everton,Leicester,1,1,A,0.3669269098351172,AvgH/AvgD/AvgA,0.04419096060377914,-0.0,1.86,AvgAHH/AvgAHA,2.5,2.03,1.8,AvgO/AvgU
2021,E0,2021-01-27,Man United,Sheffield United,1,2,H,0.7483669142047561,AvgH/AvgD/AvgA,0.043939790991677885,-1.5,1.88,AvgAHH/AvgAHA,2.5,1.66,2.24,AvgO/AvgU
2021,E0,2021-01-28,Tottenham,Liverpool,1,3,A,0.4316746194046807,AvgH/AvgD/AvgA,0.04349533236784531,-0.25,1.92,AvgAHH/AvgAHA,2.5,1.8,2.04,AvgO/AvgU
2021,E0,2021-01-30,Arsenal,Man United,0,0,A,0.3822837957903179,AvgH/AvgD/AvgA,0.042174371211165296,-0.0,1.81,AvgAHH/AvgAHA,2.5,1.82,2.01,AvgO/AvgU
2021,E0,2021-01-30,Crystal Palace,Wolves,1,0,A,0.36714867600809836,AvgH/AvgD/AvgA,0.0435602454512356,-0.0,1.81,AvgAHH/AvgAHA,2.5,2.46,1.56,AvgO/AvgU
2021,E0,2021-01-30,Everton,Newcastle,0,2,H,0.603820919975717,AvgH/AvgD/AvgA,0.04158500774593188,-1.0,2.05,AvgAHH/AvgAHA,2.5,1.99,1.84,AvgO/AvgU
2021,E0,2021-01-30,Man City,Sheffield United,1,0,H,0.8466363196350164,AvgH/AvgD/AvgA,0.04526079461591315,-2.25,1.96,AvgAHH/AvgAHA,2.5,1.49,2.63,AvgO/AvgU
2021,E0,2021-01-30,Southampton,Aston Villa,0,1,A,0.3977777691684843,AvgH/AvgD/AvgA,0.04313964101987544,-0.25,2.09,AvgAHH/AvgAHA,2.5,1.7,2.18,AvgO/AvgU
2021,E0,2021-01-30,West Brom,Fulham,2,2,A,0.4125464579344521,AvgH/AvgD/AvgA,0.04481440688337246,-0.25,1.98,AvgAHH/AvgAHA,2.5,2.18,1.7,AvgO/AvgU
2021,E0,2021-01-31,Brighton,Tottenham,1,0,A,0.4077289274712966,AvgH/AvgD/AvgA,0.043663783025485126,-0.25,2.03,AvgAHH/AvgAHA,2.5,2.04,1.8,AvgO/AvgU
2021,E0,2021-01-31,Chelsea,Burnley,2,0,H,0.7146949669327974,AvgH/AvgD/AvgA,0.04417785383199613,-1.5,1.99,AvgAHH/AvgAHA,2.5,1.74,2.11,AvgO/AvgU
2021,E0,2021-01-31,Leicester,Leeds,1,3,H,0.5275489482355645,AvgH/AvgD/AvgA,0.04151577078911206,-0.75,2.04,AvgAHH/AvgAHA,2.5,1.61,2.34,AvgO/AvgU
2021,E0,2021-01-31,West Ham,Liverpool,1,3,A,0.5414777100779938,AvgH/AvgD/AvgA,0.043388750630291906,-0.75,1.99,AvgAHH/AvgAHA,2.5,1.65,2.27,AvgO/AvgU
2021,E0,2021-02-02,Man United,Southampton,9,0,H,0.6649441378853785,AvgH/AvgD/AvgA,0.04436509005535605,-1.25,1.96,AvgAHH/AvgAHA,2.5,1.58,2.42,AvgO/AvgU
2021,E0,2021-02-02,Newcastle,Crystal Palace,1,2,A,0.3651366498966313,AvgH/AvgD/AvgA,0.04133106602629555,-0.0,1.84,AvgAHH/AvgAHA,2.5,2.26,1.65,AvgO/AvgU
2021,E0,2021-02-02,Sheffield United,West Brom,2,1,H,0.4683848247158637,AvgH/AvgD/AvgA,0.041461747495123547,-0.5,2.05,AvgAHH/AvgAHA,2.5,2.28,1.64,AvgO/AvgU
2021,E0,2021-02-02,Wolves,Arsenal,2,1,A,0.4429932749980526,AvgH/AvgD/AvgA,0.04026295453262452,-0.25,1.85,AvgAHH/AvgAHA,2.5,2.27,1.64,AvgO/AvgU
2021,E0,2021-02-03,Aston Villa,West Ham,1,3,H,0.43327959334635735,AvgH/AvgD/AvgA,0.04433417758747904,-0.25,1.9,AvgAHH/AvgAHA,2.5,1.7,2.17,AvgO/AvgU
2021,E0,2021-02-03,Burnley,Man City,0,2,A,0.7863610886426872,AvgH/AvgD/AvgA,0.04236100054537406,-1.75,1.85,AvgAHH/AvgAHA,2.5,1.63,2.29,AvgO/AvgU
2021,E0,2021-02-03,Fulham,Leicester,0,2,A,0.48615198169616886,AvgH/AvgD/AvgA,0.044147164487367885,-0.5,1.97,AvgAHH/AvgAHA,2.5,2.0,1.83,AvgO/AvgU
2021,E0,2021-02-03,Leeds,Everton,1,2,H,0.38780394000256396,AvgH/AvgD/AvgA,0.043976756895417246,0.0,1.83,AvgAHH/AvgAHA,2.5,1.65,2.26,AvgO/AvgU
2021,E0,2021-02-03,Liverpool,Brighton,0,1,H,0.7030720118067921,AvgH/AvgD/AvgA,0.045830448800629364,-1.5,2.05,AvgAHH/AvgAHA,2.5,1.63,2.3,AvgO/AvgU
2021,E0,2021-02-04,Tottenham,Chelsea,0,1,A,0.4443600625418807,AvgH/AvgD/AvgA,0.04186447430641649,-0.25,1.86,AvgAHH/AvgAHA,2.5,1.96,1.86,AvgO/AvgU
2021,E0,2021-02-06,Aston Villa,Arsenal,1,0,A,0.37424327111558964,AvgH/AvgD/AvgA,0.043772941689980804,-0.0,1.86,AvgAHH/AvgAHA,2.5,1.69,2.19,AvgO/AvgU
2021,E0,2021-02-06,Burnley,Brighton,1,1,A,0.43095512956830817,AvgH/AvgD/AvgA,0.04523747263820921,-0.25,1.89,AvgAHH/AvgAHA,2.5,2.43,1.57,AvgO/AvgU
2021,E0,2021-02-06,Fulham,West Ham,0,0,A,0.455545229244114,AvgH/AvgD/AvgA,0.04531986204886573,-0.25,1.82,AvgAHH/AvgAHA,2.5,1.99,1.83,AvgO/AvgU
2021,E0,2021-02-06,Man United,Everton,3,3,H,0.6147674872432385,AvgH/AvgD/AvgA,0.04271233324350021,-1.0,1.95,AvgAHH/AvgAHA,2.5,1.69,2.2,AvgO/AvgU
2021,E0,2021-02-06,Newcastle,Southampton,3,2,A,0.3873808910636106,AvgH/AvgD/AvgA,0.04511685768377549,-0.0,1.77,AvgAHH/AvgAHA,2.5,1.99,1.83,AvgO/AvgU
2021,E0,2021-02-07,Liverpool,Man City,1,4,A,0.45185442376380985,AvgH/AvgD/AvgA,0.043916111915969225,-0.25,1.84,AvgAHH/AvgAHA,2.5,1.7,2.17,AvgO/AvgU
2021,E0,2021-02-07,Sheffield United,Chelsea,1,2,A,0.6476567841638315,AvgH/AvgD/AvgA,0.043261943975493766,-1.0,1.8,AvgAHH/AvgAHA,2.5,1.88,1.94,AvgO/AvgU
2021,E0,2021-02-07,Tottenham,West Brom,2,0,H,0.6554534179469603,AvgH/AvgD/AvgA,0.044973583316854526,-1.25,2.04,AvgAHH/AvgAHA,2.5,1.75,2.1,AvgO/AvgU
2021,E0,2021-02-07,Wolves,Leicester,0,0,A,0.44354042655020787,AvgH/AvgD/AvgA,0.04378977709838239,-0.25,1.85,AvgAHH/AvgAHA,2.5,2.22,1.67,AvgO/AvgU
2021,E0,2021-02-08,Leeds,Crystal Palace,2,0,H,0.5141284890273817,AvgH/AvgD/AvgA,0.0457199320334043,-0.5,1.86,AvgAHH/AvgAHA,2.5,1.65,2.26,AvgO/AvgU
2021,E0,2021-02-13,Brighton,Aston Villa,0,0,A,0.37353449780273823,AvgH/AvgD/AvgA,0.045753477383733365,-0.0,1.86,AvgAHH/AvgAHA,2.5,1.78,2.06,AvgO/AvgU
2021,E0,2021-02-13,Crystal Palace,Burnley,0,3,H,0.39530569064611887,AvgH/AvgD/AvgA,0.045325555067176504,-0.25,2.07,AvgAHH/AvgAHA,2.5,2.4,1.58,AvgO/AvgU
2021,E0,2021-02-13,Leicester,Liverpool,3,1,A,0.447733721055626,AvgH/AvgD/AvgA,0.04367774337933472,-0.25,1.85,AvgAHH/AvgAHA,2.5,1.73,2.13,AvgO/AvgU
2021,E0,2021-02-13,Man City,Tottenham,3,0,H,0.7178926847908672,AvgH/AvgD/AvgA,0.04734275077221883,-1.5,1.97,AvgAHH/AvgAHA,2.5,1.62,2.33,AvgO/AvgU
2021,E0,2021-02-14,Arsenal,Leeds,4,2,H,0.5060214959480105,AvgH/AvgD/AvgA,0.045608799897484786,-0.5,1.9,AvgAHH/AvgAHA,2.5,1.59,2.38,AvgO/AvgU
2021,E0,2021-02-14,Everton,Fulham,0,2,H,0.49538674800904464,AvgH/AvgD/AvgA,0.04591961151218937,-0.5,1.94,AvgAHH/AvgAHA,2.5,1.99,1.84,AvgO/AvgU
2021,E0,2021-02-14,Southampton,Wolves,1,2,H,0.3953295597186368,AvgH/AvgD/AvgA,0.04526244075946706,-0.25,2.07,AvgAHH/AvgAHA,2.5,2.29,1.63,AvgO/AvgU
2021,E0,2021-02-14,West Brom,Man United,1,1,A,0.7216753849239825,AvgH/AvgD/AvgA,0.0418530477207828,-1.5,1.91,AvgAHH/AvgAHA,2.5,1.54,2.48,AvgO/AvgU
2021,E0,2021-02-15,Chelsea,Newcastle,2,0,H,0.7700832706173678,AvgH/AvgD/AvgA,0.04722650611108836,-1.75,1.92,AvgAHH/AvgAHA,2.5,1.6,2.36,AvgO/AvgU
2021,E0,2021-02-15,West Ham,Sheffield United,3,0,H,0.5537647992009166,AvgH/AvgD/AvgA,0.04382705963800837,-0.75,1.95,AvgAHH/AvgAHA,2.5,2.03,1.79,AvgO/AvgU
2021,E0,2021-02-17,Burnley,Fulham,1,1,A,0.35143930819763247,AvgH/AvgD/AvgA,0.04611820660875665,-0.0,1.91,AvgAHH/AvgAHA,2.5,2.29,1.63,AvgO/AvgU
2021,E0,2021-02-17,Everton,Man City,1,3,A,0.7087204452570278,AvgH/AvgD/AvgA,0.04518043143527528,-1.5,2.04,AvgAHH/AvgAHA,2.5,1.64,2.27,AvgO/AvgU
2021,E0,2021-02-19,Wolves,Leeds,1,0,H,0.40305343511450387,AvgH/AvgD/AvgA,0.04246243952126294,-0.25,2.05,AvgAHH/AvgAHA,2.5,1.88,1.94,AvgO/AvgU
2021,E0,2021-02-20,Burnley,West Brom,0,0,H,0.4691607250236234,AvgH/AvgD/AvgA,0.04483613458200275,-0.5,2.03,AvgAHH/AvgAHA,2.5,2.2,1.68,AvgO/AvgU
2021,E0,2021-02-20,Fulham,Sheffield United,1,0,H,0.4349578295733101,AvgH/AvgD/AvgA,0.045033388619213355,-0.25,1.88,AvgAHH/AvgAHA,2.5,2.36,1.6,AvgO/AvgU
2021,E0,2021-02-20,Liverpool,Everton,0,2,H,0.6507212697855921,AvgH/AvgD/AvgA,0.045412437598177924,-1.25,2.03,AvgAHH/AvgAHA,2.5,1.6,2.36,AvgO/AvgU
2021,E0,2021-02-20,Southampton,Chelsea,1,1,A,0.5507496122695157,AvgH/AvgD/AvgA,0.04350984707896366,-0.75,1.96,AvgAHH/AvgAHA,2.5,1.88,1.95,AvgO/AvgU
2021,E0,2021-02-21,Arsenal,Man City,0,1,A,0.6269841815917488,AvgH/AvgD/AvgA,0.04244220258081133,-1.0,1.88,AvgAHH/AvgAHA,2.5,1.76,2.08,AvgO/AvgU
2021,E0,2021-02-21,Aston Villa,Leicester,1,2,A,0.39256989659134434,AvgH/AvgD/AvgA,0.043982407037185034,-0.0,1.78,AvgAHH/AvgAHA,2.5,1.76,2.07,AvgO/AvgU
2021,E0,2021-02-21,Man United,Newcastle,3,1,H,0.7392790300268532,AvgH/AvgD/AvgA,0.04051479615596287,-1.5,1.86,AvgAHH/AvgAHA,2.5,1.56,2.43,AvgO/AvgU
2021,E0,2021-02-21,West Ham,Tottenham,2,1,H,0.36234171539261756,AvgH/AvgD/AvgA,0.04538854538854542,0.0,1.9,AvgAHH/AvgAHA,2.5,1.98,1.84,AvgO/AvgU
2021,E0,2021-02-22,Brighton,Crystal Palace,1,2,H,0.550192791964966,AvgH/AvgD/AvgA,0.04456592683743521,-0.75,1.99,AvgAHH/AvgAHA,2.5,2.21,1.67,AvgO/AvgU
2021,E0,2021-02-23,Leeds,Southampton,3,0,H,0.4099944398109536,AvgH/AvgD/AvgA,0.04233225101168814,-0.25,2.03,AvgAHH/AvgAHA,2.5,1.66,2.24,AvgO/AvgU
2021,E0,2021-02-27,Leeds,Aston Villa,0,1,H,0.4293561704595858,AvgH/AvgD/AvgA,0.04442540745027501,-0.25,1.94,AvgAHH/AvgAHA,2.5,1.61,2.34,AvgO/AvgU
2021,E0,2021-02-27,Man City,West Ham,2,1,H,0.7777294208362703,AvgH/AvgD/AvgA,0.04536116070689,-1.75,1.9,AvgAHH/AvgAHA,2.5,1.53,2.51,AvgO/AvgU
2021,E0,2021-02-27,Newcastle,Wolves,1,1,A,0.42010771992818674,AvgH/AvgD/AvgA,0.04400959664117554,-0.25,1.94,AvgAHH/AvgAHA,2.5,2.35,1.6,AvgO/AvgU
2021,E0,2021-02-27,West Brom,Brighton,1,0,A,0.4894289720396997,AvgH/AvgD/AvgA,0.04244764977106463,-0.5,1.96,AvgAHH/AvgAHA,2.5,2.14,1.72,AvgO/AvgU
2021,E0,2021-02-28,Chelsea,Man United,0,0,H,0.4223719356334525,AvgH/AvgD/AvgA,0.04298746482895566,-0.25,1.95,AvgAHH/AvgAHA,2.5,1.93,1.89,AvgO/AvgU
2021,E0,2021-02-28,Crystal Palace,Fulham,0,0,A,0.4236393782859594,AvgH/AvgD/AvgA,0.04446824064480426,-0.25,1.92,AvgAHH/AvgAHA,2.5,2.34,1.6,AvgO/AvgU
2021,E0,2021-02-28,Leicester,Arsenal,1,3,H,0.3816780612022982,AvgH/AvgD/AvgA,0.04382833335245717,0.0,1.8,AvgAHH/AvgAHA,2.5,1.97,1.86,AvgO/AvgU
2021,E0,2021-02-28,Sheffield United,Liverpool,0,2,A,0.6793787314858272,AvgH/AvgD/AvgA,0.04392414022873159,-1.25,1.94,AvgAHH/AvgAHA,2.5,1.66,2.24,AvgO/AvgU
2021,E0,2021-02-28,Tottenham,Burnley,4,0,H,0.6186602408752074,AvgH/AvgD/AvgA,0.04283619294797836,-1.0,1.96,AvgAHH/AvgAHA,2.5,1.87,1.96,AvgO/AvgU
2021,E0,2021-03-01,Everton,Southampton,1,0,H,0.43659138183843504,AvgH/AvgD/AvgA,0.04587727463476865,-0.25,1.89,AvgAHH/AvgAHA,2.5,1.96,1.86,AvgO/AvgU
2021,E0,2021-03-02,Man City,Wolves,4,1,H,0.7872309945756274,AvgH/AvgD/AvgA,0.041209170872904544,-1.75,1.95,AvgAHH/AvgAHA,2.5,1.72,2.14,AvgO/AvgU
2021,E0,2021-03-03,Burnley,Leicester,1,1,A,0.4678176721598315,AvgH/AvgD/AvgA,0.04272434984482665,-0.5,2.07,AvgAHH/AvgAHA,2.5,2.1,1.75,AvgO/AvgU
2021,E0,2021-03-03,Crystal Palace,Man United,0,0,A,0.6651060313963094,AvgH/AvgD/AvgA,0.04411088106740291,-1.25,2.02,AvgAHH/AvgAHA,2.5,1.77,2.07,AvgO/AvgU
2021,E0,2021-03-03,Sheffield United,Aston Villa,1,0,A,0.4636704958967372,AvgH/AvgD/AvgA,0.041885976603526665,-0.5,2.07,AvgAHH/AvgAHA,2.5,2.16,1.71,AvgO/AvgU
2021,E0,2021-03-04,Fulham,Tottenham,0,1,A,0.48894444309604146,AvgH/AvgD/AvgA,0.04348068341260536,-0.5,1.96,AvgAHH/AvgAHA,2.5,2.01,1.81,AvgO/AvgU
2021,E0,2021-03-04,Liverpool,Chelsea,0,1,H,0.42398774782462934,AvgH/AvgD/AvgA,0.04361005330091117,-0.25,1.97,AvgAHH/AvgAHA,2.5,1.78,2.05,AvgO/AvgU
2021,E0,2021-03-04,West Brom,Everton,0,1,A,0.5217267128980396,AvgH/AvgD/AvgA,0.04169145921377515,-0.75,2.08,AvgAHH/AvgAHA,2.5,1.95,1.87,AvgO/AvgU
2021,E0,2021-03-06,Aston Villa,Wolves,0,0,H,0.395733887864896,AvgH/AvgD/AvgA,0.04419447807548549,-0.25,2.07,AvgAHH/AvgAHA,2.5,2.13,1.73,AvgO/AvgU
2021,E0,2021-03-06,Brighton,Leicester,1,2,H,0.37412799031631255,AvgH/AvgD/AvgA,0.04409456151553859,0.0,1.8,AvgAHH/AvgAHA,2.5,2.2,1.68,AvgO/AvgU
2021,E0,2021-03-06,Burnley,Arsenal,1,1,A,0.582915766738661,AvgH/AvgD/AvgA,0.04604495598477776,-0.75,1.83,AvgAHH/AvgAHA,2.5,1.93,1.9,AvgO/AvgU
2021,E0,2021-03-06,Sheffield United,Southampton,0,2,A,0.4578360111982329,AvgH/AvgD/AvgA,0.045066110613052324,-0.25,1.8,AvgAHH/AvgAHA,2.5,2.23,1.66,AvgO/AvgU
2021,E0,2021-03-07,Liverpool,Fulham,0,1,H,0.6936785273140217,AvgH/AvgD/AvgA,0.04463040533382956,-1.25,1.88,AvgAHH/AvgAHA,2.5,1.69,2.18,AvgO/AvgU
2021,E0,2021-03-07,Man City,Man United,0,2,H,0.6380075727901814,AvgH/AvgD/AvgA,0.04491967666018626,-1.0,1.83,AvgAHH/AvgAHA,2.5,1.72,2.14,AvgO/AvgU
2021,E0,2021-03-07,Tottenham,Crystal Palace,4,1,H,0.6515184055667712,AvgH/AvgD/AvgA,0.04413337064783707,-1.0,1.8,AvgAHH/AvgAHA,2.5,1.84,1.98,AvgO/AvgU
2021,E0,2021-03-07,West Brom,Newcastle,0,0,H,0.3908532126410656,AvgH/AvgD/AvgA,0.044287860775378274,-0.25,2.09,AvgAHH/AvgAHA,2.5,2.25,1.65,AvgO/AvgU
2021,E0,2021-03-08,Chelsea,Everton,2,0,H,0.6169720260335346,AvgH/AvgD/AvgA,0.04568969596607575,-1.0,1.97,AvgAHH/AvgAHA,2.5,1.93,1.89,AvgO/AvgU
2021,E0,2021-03-08,West Ham,Leeds,2,0,H,0.4574107284236575,AvgH/AvgD/AvgA,0.046037772595419746,-0.25,1.83,AvgAHH/AvgAHA,2.5,1.66,2.24,AvgO/AvgU
2021,E0,2021-03-10,Man City,Southampton,5,2,H,0.7933358450513078,AvgH/AvgD/AvgA,0.041735711485829,-2.0,2.02,AvgAHH/AvgAHA,2.5,1.51,2.59,AvgO/AvgU
2021,E0,2021-03-12,Newcastle,Aston Villa,1,1,A,0.4592153347583259,AvgH/AvgD/AvgA,0.041927094558673605,-0.5,2.11,AvgAHH/AvgAHA,2.5,2.26,1.65,AvgO/AvgU
2021,E0,2021-03-13,Crystal Palace,West Brom,1,0,H,0.42778726008598694,AvgH/AvgD/AvgA,0.04357612552285328,-0.25,1.92,AvgAHH/AvgAHA,2.5,2.37,1.6,AvgO/AvgU
2021,E0,2021-03-13,Everton,Burnley,1,2,H,0.5091594436339392,AvgH/AvgD/AvgA,0.04469218879782222,-0.5,1.89,AvgAHH/AvgAHA,2.5,2.09,1.76,AvgO/AvgU
2021,E0,2021-03-13,Fulham,Man City,0,3,A,0.7085810029121954,AvgH/AvgD/AvgA,0.04538611350907251,-1.5,2.07,AvgAHH/AvgAHA,2.5,1.78,2.06,AvgO/AvgU
2021,E0,2021-03-13,Leeds,Chelsea,0,0,A,0.5445429603241044,AvgH/AvgD/AvgA,0.04341045533605703,-0.75,1.98,AvgAHH/AvgAHA,2.5,1.77,2.07,AvgO/AvgU
2021,E0,2021-03-14,Arsenal,Tottenham,2,1,H,0.37393403312635975,AvgH/AvgD/AvgA,0.04463612668280459,0.0,1.84,AvgAHH/AvgAHA,2.5,1.91,1.92,AvgO/AvgU
2021,E0,2021-03-14,Leicester,Sheffield United,5,0,H,0.6222311719693919,AvgH/AvgD/AvgA,0.04358424746774259,-1.0,1.97,AvgAHH/AvgAHA,2.5,2.01,1.82,AvgO/AvgU
2021,E0,2021-03-14,Man United,West Ham,1,0,H,0.5149800266311585,AvgH/AvgD/AvgA,0.04399079731148037,-0.5,1.86,AvgAHH/AvgAHA,2.5,1.89,1.94,AvgO/AvgU
2021,E0,2021-03-14,Southampton,Brighton,1,2,A,0.36772969540086653,AvgH/AvgD/AvgA,0.04591875343684371,-0.0,1.81,AvgAHH/AvgAHA,2.5,2.34,1.61,AvgO/AvgU
2021,E0,2021-03-15,Wolves,Liverpool,0,1,A,0.5445162149563827,AvgH/AvgD/AvgA,0.04346170522641124,-0.75,1.98,AvgAHH/AvgAHA,2.5,1.96,1.86,AvgO/AvgU
2021,E0,2021-03-19,Fulham,Leeds,1,2,H,0.39441926178842646,AvgH/AvgD/AvgA,0.04336342976475627,-0.25,2.11,AvgAHH/AvgAHA,2.5,2.05,1.79,AvgO/AvgU
2021,E0,2021-03-20,Brighton,Newcastle,3,0,H,0.576384757491311,AvgH/AvgD/AvgA,0.04515192451684191,-0.75,1.89,AvgAHH/AvgAHA,2.5,2.26,1.65,AvgO/AvgU
2021,E0,2021-03-21,Aston Villa,Tottenham,0,2,A,0.3951333564253551,AvgH/AvgD/AvgA,0.04578146536188488,-0.25,2.09,AvgAHH/AvgAHA,2.5,1.85,1.97,AvgO/AvgU
2021,E0,2021-03-21,West Ham,Arsenal,3,3,A,0.3828109903024424,AvgH/AvgD/AvgA,0.04490207996373696,-0.0,1.82,AvgAHH/AvgAHA,2.5,1.95,1.87,AvgO/AvgU
2021,E0,2021-04-03,Arsenal,Liverpool,0,3,A,0.4242904250215138,AvgH/AvgD/AvgA,0.04286557040206285,-0.25,1.97,AvgAHH/AvgAHA,2.5,1.78,2.06,AvgO/AvgU
2021,E0,2021-04-03,Chelsea,West Brom,2,5,H,0.7848550544223145,AvgH/AvgD/AvgA,0.04436115500441451,-1.75,1.98,AvgAHH/AvgAHA,2.5,1.73,2.12,AvgO/AvgU
2021,E0,2021-04-03,Leeds,Sheffield United,2,1,H,0.6311345265588915,AvgH/AvgD/AvgA,0.04240016851734829,-1.0,1.89,AvgAHH/AvgAHA,2.5,1.81,2.02,AvgO/AvgU
2021,E0,2021-04-03,Leicester,Man City,0,2,A,0.6095258470836787,AvgH/AvgD/AvgA,0.04498058319714371,-1.0,2.01,AvgAHH/AvgAHA,2.5,1.91,1.92,AvgO/AvgU
2021,E0,2021-04-04,Aston Villa,Fulham,3,1,H,0.4202111288932661,AvgH/AvgD/AvgA,0.04375267828633356,-0.25,1.96,AvgAHH/AvgAHA,2.5,2.2,1.68,AvgO/AvgU
2021,E0,2021-04-04,Man United,Brighton,2,1,H,0.582287264583509,AvgH/AvgD/AvgA,0.047174023284047184,-0.75,1.84,AvgAHH/AvgAHA,2.5,1.92,1.9,AvgO/AvgU
2021,E0,2021-04-04,Newcastle,Tottenham,2,2,A,0.5905446648358309,AvgH/AvgD/AvgA,0.04527902354157476,-1.0,2.09,AvgAHH/AvgAHA,2.5,1.88,1.94,AvgO/AvgU
2021,E0,2021-04-04,Southampton,Burnley,3,2,H,0.4558189655172413,AvgH/AvgD/AvgA,0.04469210852189587,-0.25,1.8,AvgAHH/AvgAHA,2.5,2.14,1.71,AvgO/AvgU
2021,E0,2021-04-05,Everton,Crystal Palace,1,1,H,0.5299894554915676,AvgH/AvgD/AvgA,0.04823888437605861,-0.5,1.81,AvgAHH/AvgAHA,2.5,2.31,1.62,AvgO/AvgU
2021,E0,2021-04-05,Wolves,West Ham,2,3,A,0.370527169049635,AvgH/AvgD/AvgA,0.04606876796363757,-0.0,1.81,AvgAHH/AvgAHA,2.5,2.4,1.58,AvgO/AvgU
2021,E0,2021-04-09,Fulham,Wolves,0,1,H,0.3742106117536198,AvgH/AvgD/AvgA,0.039802309566639105,-0.25,2.16,AvgAHH/AvgAHA,2.5,2.61,1.5,AvgO/AvgU
2021,E0,2021-04-10,Crystal Palace,Chelsea,1,4,A,0.6216905055154496,AvgH/AvgD/AvgA,0.04449182284401543,-1.0,1.96,AvgAHH/AvgAHA,2.5,2.08,1.76,AvgO/AvgU
2021,E0,2021-04-10,Liverpool,Aston Villa,2,1,H,0.6323503554860264,AvgH/AvgD/AvgA,0.04039593104434247,-1.0,1.85,AvgAHH/AvgAHA,2.5,1.62,2.33,AvgO/AvgU
2021,E0,2021-04-10,Man City,Leeds,1,2,H,0.7376927809466209,AvgH/AvgD/AvgA,0.04275219860993906,-1.5,1.88,AvgAHH/AvgAHA,2.5,1.47,2.69,AvgO/AvgU
2021,E0,2021-04-11,Burnley,Newcastle,1,2,H,0.40979147778785135,AvgH/AvgD/AvgA,0.04284849860071094,-0.25,1.99,AvgAHH/AvgAHA,2.5,2.39,1.59,AvgO/AvgU
2021,E0,2021-04-11,Sheffield United,Arsenal,0,3,A,0.6027580894823769,AvgH/AvgD/AvgA,0.0434216123920661,-1.0,2.05,AvgAHH/AvgAHA,2.5,2.01,1.82,AvgO/AvgU
2021,E0,2021-04-11,Tottenham,Man United,1,3,A,0.3858868777042529,AvgH/AvgD/AvgA,0.0407361558705448,-0.0,1.82,AvgAHH/AvgAHA,2.5,1.86,1.96,AvgO/AvgU
2021,E0,2021-04-11,West Ham,Leicester,3,2,A,0.39782276322941146,AvgH/AvgD/AvgA,0.04302166112304251,-0.25,2.09,AvgAHH/AvgAHA,2.5,1.96,1.87,AvgO/AvgU
2021,E0,2021-04-12,Brighton,Everton,0,0,H,0.4165997467337925,AvgH/AvgD/AvgA,0.043645878578698616,-0.25,1.96,AvgAHH/AvgAHA,2.5,2.21,1.68,AvgO/AvgU
2021,E0,2021-04-12,West Brom,Southampton,3,0,A,0.43771638654672446,AvgH/AvgD/AvgA,0.043189194191768365,-0.25,1.88,AvgAHH/AvgAHA,2.5,2.03,1.8,AvgO/AvgU
2021,E0,2021-04-16,Everton,Tottenham,2,2,A,0.44250467024874435,AvgH/AvgD/AvgA,0.04141159194661692,-0.25,1.88,AvgAHH/AvgAHA,2.5,1.87,1.96,AvgO/AvgU
2021,E0,2021-04-17,Newcastle,West Ham,3,2,A,0.4602437820946255,AvgH/AvgD/AvgA,0.0445969059727247,-0.5,2.08,AvgAHH/AvgAHA,2.5,1.89,1.94,AvgO/AvgU
2021,E0,2021-04-17,Wolves,Sheffield United,1,0,H,0.5659520523324891,AvgH/AvgD/AvgA,0.0455231567633505,-0.75,1.93,AvgAHH/AvgAHA,2.5,2.33,1.61,AvgO/AvgU
2021,E0,2021-04-18,Arsenal,Fulham,1,1,H,0.5473916392199643,AvgH/AvgD/AvgA,0.043911763509687285,-0.75,1.99,AvgAHH/AvgAHA,2.5,2.04,1.79,AvgO/AvgU
2021,E0,2021-04-18,Man United,Burnley,3,1,H,0.7060481707363154,AvgH/AvgD/AvgA,0.041422027735364964,-1.5,2.08,AvgAHH/AvgAHA,2.5,1.76,2.09,AvgO/AvgU
2021,E0,2021-04-19,Leeds,Liverpool,1,1,A,0.5708371822505046,AvgH/AvgD/AvgA,0.04274583672246246,-0.75,1.85,AvgAHH/AvgAHA,2.5,1.52,2.53,AvgO/AvgU
2021,E0,2021-04-20,Chelsea,Brighton,0,0,H,0.5968829637848239,AvgH/AvgD/AvgA,0.04060268110830689,-0.75,1.8,AvgAHH/AvgAHA,2.5,2.16,1.71,AvgO/AvgU
2021,E0,2021-04-21,Aston Villa,Man City,1,2,A,0.6935904321513251,AvgH/AvgD/AvgA,0.044763087218195,-1.25,1.84,AvgAHH/AvgAHA,2.5,1.68,2.21,AvgO/AvgU
2021,E0,2021-04-21,Tottenham,Southampton,2,1,H,0.5313005474186325,AvgH/AvgD/AvgA,0.04565214219102165,-0.75,2.05,AvgAHH/AvgAHA,2.5,1.75,2.1,AvgO/AvgU
2021,E0,2021-04-22,Leicester,West Brom,3,0,H,0.6033609679587721,AvgH/AvgD/AvgA,0.04237902517591752,-1.0,2.05,AvgAHH/AvgAHA,2.5,1.93,1.9,AvgO/AvgU
2021,E0,2021-04-23,Arsenal,Everton,0,1,H,0.46689813157706345,AvgH/AvgD/AvgA,0.03970622363426646,-0.5,2.06,AvgAHH/AvgAHA,2.5,2.0,1.84,AvgO/AvgU
2021,E0,2021-04-24,Liverpool,Newcastle,1,1,H,0.7709050540836242,AvgH/AvgD/AvgA,0.046110164450609226,-1.75,1.9,AvgAHH/AvgAHA,2.5,1.54,2.5,AvgO/AvgU
2021,E0,2021-04-24,Sheffield United,Brighton,1,0,A,0.5508979949714604,AvgH/AvgD/AvgA,0.04322878087064774,-0.75,1.98,AvgAHH/AvgAHA,2.5,2.35,1.6,AvgO/AvgU
2021,E0,2021-04-24,West Ham,Chelsea,0,1,A,0.5418827338326886,AvgH/AvgD/AvgA,0.04260888221411707,-0.75,2.0,AvgAHH/AvgAHA,2.5,2.0,1.84,AvgO/AvgU
2021,E0,2021-04-25,Aston Villa,West Brom,2,2,H,0.5099571865849089,AvgH/AvgD/AvgA,0.04305794213659242,-0.5,1.88,AvgAHH/AvgAHA,2.5,1.94,1.88,AvgO/AvgU
2021,E0,2021-04-25,Leeds,Man United,0,0,A,0.5266579973992197,AvgH/AvgD/AvgA,0.04327770994437663,-0.75,2.05,AvgAHH/AvgAHA,2.5,1.59,2.4,AvgO/AvgU
2021,E0,2021-04-25,Wolves,Burnley,0,4,H,0.46320254200915384,AvgH/AvgD/AvgA,0.042938549827877814,-0.5,2.08,AvgAHH/AvgAHA,2.5,2.31,1.62,AvgO/AvgU
2021,E0,2021-04-26,Leicester,Crystal Palace,2,1,H,0.6511553216165582,AvgH/AvgD/AvgA,0.04471557900301559,-1.0,1.82,AvgAHH/AvgAHA,2.5,2.04,1.79,AvgO/AvgU
2021,E0,2021-04-30,Southampton,Leicester,1,1,A,0.4957760488343258,AvgH/AvgD/AvgA,0.03971121383886489,-0.5,1.95,AvgAHH/AvgAHA,2.5,1.86,1.97,AvgO/AvgU
2021,E0,2021-05-01,Brighton,Leeds,2,0,H,0.443296883604365,AvgH/AvgD/AvgA,0.04436322493110412,-0.25,1.87,AvgAHH/AvgAHA,2.5,1.91,1.92,AvgO/AvgU
2021,E0,2021-05-01,Chelsea,Fulham,2,0,H,0.6486776976948527,AvgH/AvgD/AvgA,0.041620018811750814,-1.0,1.83,AvgAHH/AvgAHA,2.5,2.03,1.8,AvgO/AvgU
2021,E0,2021-05-01,Crystal Palace,Man City,0,2,A,0.7176825795320699,AvgH/AvgD/AvgA,0.039831086889396294,-1.5,2.0,AvgAHH/AvgAHA,2.5,1.72,2.15,AvgO/AvgU
2021,E0,2021-05-01,Everton,Aston Villa,1,2,H,0.47496088749822213,AvgH/AvgD/AvgA,0.04229530890024735,-0.5,2.02,AvgAHH/AvgAHA,2.5,1.91,1.92,AvgO/AvgU
2021,E0,2021-05-02,Newcastle,Arsenal,0,2,A,0.46785453262431015,AvgH/AvgD/AvgA,0.0426421975919824,-0.5,2.06,AvgAHH/AvgAHA,2.5,1.78,2.06,AvgO/AvgU
2021,E0,2021-05-02,Tottenham,Sheffield United,4,0,H,0.7458666190781117,AvgH/AvgD/AvgA,0.03931960302466542,-1.5,1.89,AvgAHH/AvgAHA,2.5,1.69,2.19,AvgO/AvgU
2021,E0,2021-05-03,Burnley,West Ham,1,2,A,0.4236393782859594,AvgH/AvgD/AvgA,0.04446824064480426,-0.25,1.96,AvgAHH/AvgAHA,2.5,1.9,1.92,AvgO/AvgU
2021,E0,2021-05-03,West Brom,Wolves,1,1,A,0.3710058391184969,AvgH/AvgD/AvgA,0.0447191347331064,-0.0,1.82,AvgAHH/AvgAHA,2.5,2.2,1.69,AvgO/AvgU
2021,E0,2021-05-07,Leicester,Newcastle,2,4,H,0.676962315332159,AvgH/AvgD/AvgA,0.040272606263378474,-1.25,1.98,AvgAHH/AvgAHA,2.5,1.73,2.13,AvgO/AvgU
2021,E0,2021-05-08,Leeds,Tottenham,3,1,A,0.4702701156003205,AvgH/AvgD/AvgA,0.04237131420867701,-0.5,2.05,AvgAHH/AvgAHA,2.5,1.64,2.29,AvgO/AvgU
2021,E0,2021-05-08,Liverpool,Southampton,2,0,H,0.7444357132579992,AvgH/AvgD/AvgA,0.041317315442862546,-1.75,2.04,AvgAHH/AvgAHA,2.5,1.47,2.69,AvgO/AvgU
2021,E0,2021-05-08,Man City,Chelsea,1,2,H,0.4956094205244415,AvgH/AvgD/AvgA,0.04006077402710018,-0.5,1.93,AvgAHH/AvgAHA,2.5,2.22,1.68,AvgO/AvgU
2021,E0,2021-05-08,Sheffield United,Crystal Palace,0,2,A,0.38111652037951743,AvgH/AvgD/AvgA,0.04121804121804118,-0.0,1.79,AvgAHH/AvgAHA,2.5,2.29,1.63,AvgO/AvgU
2021,E0,2021-05-09,Arsenal,West Brom,3,1,H,0.651803912633854,AvgH/AvgD/AvgA,0.043676013073697506,-1.0,1.79,AvgAHH/AvgAHA,2.5,1.76,2.09,AvgO/AvgU
2021,E0,2021-05-09,Aston Villa,Man United,1,3,A,0.5282019143117593,AvgH/AvgD/AvgA,0.04022824333470432,-0.75,2.06,AvgAHH/AvgAHA,2.5,1.73,2.13,AvgO/AvgU
2021,E0,2021-05-09,West Ham,Everton,0,1,H,0.4228593242985303,AvgH/AvgD/AvgA,0.04178531499101812,-0.25,1.96,AvgAHH/AvgAHA,2.5,1.9,1.92,AvgO/AvgU
2021,E0,2021-05-09,Wolves,Brighton,2,1,A,0.4227452629968834,AvgH/AvgD/AvgA,0.042066400078103694,-0.25,1.94,AvgAHH/AvgAHA,2.5,2.34,1.61,AvgO/AvgU
2021,E0,2021-05-10,Fulham,Burnley,0,2,H,0.433313988112172,AvgH/AvgD/AvgA,0.04425128243418186,-0.25,1.91,AvgAHH/AvgAHA,2.5,2.04,1.79,AvgO/AvgU
2021,E0,2021-05-11,Man United,Leicester,1,2,H,0.37941252355300503,AvgH/AvgD/AvgA,0.037658914668307286,0.0,1.82,AvgAHH/AvgAHA,2.5,1.95,1.88,AvgO/AvgU
2021,E0,2021-05-11,Southampton,Crystal Palace,3,1,H,0.45876288659793807,AvgH/AvgD/AvgA,0.03798822899946508,-0.25,1.81,AvgAHH/AvgAHA,2.5,1.93,1.91,AvgO/AvgU
2021,E0,2021-05-12,Chelsea,Arsenal,0,1,H,0.5560136100240382,AvgH/AvgD/AvgA,0.03960527523046542,-0.75,1.96,AvgAHH/AvgAHA,2.5,2.04,1.8,AvgO/AvgU
2021,E0,2021-05-13,Aston Villa,Everton,0,0,A,0.367879721951373,AvgH/AvgD/AvgA,0.04148649569424134,-0.0,1.9,AvgAHH/AvgAHA,2.5,1.84,2.0,AvgO/AvgU
2021,E0,2021-05-13,Man United,Liverpool,2,4,A,0.4401697649008838,AvgH/AvgD/AvgA,0.04213336059910322,-0.25,1.9,AvgAHH/AvgAHA,2.5,1.69,2.19,AvgO/AvgU
2021,E0,2021-05-14,Newcastle,Man City,3,4,A,0.7419982488568926,AvgH/AvgD/AvgA,0.036701596554749916,-1.5,1.86,AvgAHH/AvgAHA,2.5,1.54,2.51,AvgO/AvgU
2021,E0,2021-05-15,Brighton,West Ham,1,1,A,0.4021188160921762,AvgH/AvgD/AvgA,0.04051346292906022,-0.25,2.06,AvgAHH/AvgAHA,2.5,2.02,1.81,AvgO/AvgU
2021,E0,2021-05-15,Burnley,Leeds,0,4,A,0.43050962371464085,AvgH/AvgD/AvgA,0.041627105578435186,-0.25,1.94,AvgAHH/AvgAHA,2.5,1.67,2.24,AvgO/AvgU
2021,E0,2021-05-15,Southampton,Fulham,3,1,H,0.4748787322721518,AvgH/AvgD/AvgA,0.04247562863435084,-0.5,2.02,AvgAHH/AvgAHA,2.5,1.97,1.86,AvgO/AvgU
2021,E0,2021-05-16,Crystal Palace,Aston Villa,3,2,A,0.4115821332870665,AvgH/AvgD/AvgA,0.04276768752952531,-0.25,2.02,AvgAHH/AvgAHA,2.5,1.94,1.89,AvgO/AvgU
2021,E0,2021-05-16,Everton,Sheffield United,0,1,H,0.6831306648749182,AvgH/AvgD/AvgA,0.045606281510581326,-1.25,1.95,AvgAHH/AvgAHA,2.5,1.84,1.98,AvgO/AvgU
2021,E0,2021-05-16,Tottenham,Wolves,2,0,H,0.6228871980799673,AvgH/AvgD/AvgA,0.042485142337577164,-1.0,1.94,AvgAHH/AvgAHA,2.5,1.85,1.98,AvgO/AvgU
2021,E0,2021-05-16,West Brom,Liverpool,1,2,A,0.7802403586035989,AvgH/AvgD/AvgA,0.04199702196429134,-2.0,2.07,AvgAHH/AvgAHA,2.5,1.43,2.83,AvgO/AvgU
2021,E0,2021-05-18,Brighton,Man City,3,2,A,0.646472684208886,AvgH/AvgD/AvgA,0.03815823311794975,-1.0,1.81,AvgAHH/AvgAHA,2.5,1.78,2.07,AvgO/AvgU
2021,E0,2021-05-18,Chelsea,Leicester,2,1,H,0.5605664555448322,AvgH/AvgD/AvgA,0.037156867105315516,-0.75,1.94,AvgAHH/AvgAHA,2.5,2.14,1.73,AvgO/AvgU
2021,E0,2021-05-18,Man United,Fulham,1,1,H,0.7289169907973206,AvgH/AvgD/AvgA,0.03931691418948646,-1.5,1.93,AvgAHH/AvgAHA,2.5,1.59,2.41,AvgO/AvgU
2021,E0,2021-05-18,Southampton,Leeds,0,2,A,0.3782735208535402,AvgH/AvgD/AvgA,0.04078336361800927,-0.0,1.92,AvgAHH/AvgAHA,2.5,1.5,2.6,AvgO/AvgU
2021,E0,2021-05-19,Burnley,Liverpool,0,3,A,0.7674991146621519,AvgH/AvgD/AvgA,0.04234647925575108,-2.0,2.06,AvgAHH/AvgAHA,2.5,1.35,3.23,AvgO/AvgU
2021,E0,2021-05-19,Crystal Palace,Arsenal,1,3,A,0.6265175652318777,AvgH/AvgD/AvgA,0.043218590367743115,-1.0,1.88,AvgAHH/AvgAHA,2.5,1.74,2.13,AvgO/AvgU
2021,E0,2021-05-19,Everton,Wolves,1,0,H,0.5080651303567467,AvgH/AvgD/AvgA,0.041402956996895446,-0.5,1.88,AvgAHH/AvgAHA,2.5,2.1,1.76,AvgO/AvgU
2021,E0,2021-05-19,Newcastle,Sheffield United,1,0,H,0.5478431077316871,AvgH/AvgD/AvgA,0.04305149296217037,-0.75,1.97,AvgAHH/AvgAHA,2.5,1.81,2.03,AvgO/AvgU
2021,E0,2021-05-19,Tottenham,Aston Villa,1,2,H,0.6287051482059283,AvgH/AvgD/AvgA,0.03958870562286121,-1.0,1.85,AvgAHH/AvgAHA,2.5,1.54,2.51,AvgO/AvgU
2021,E0,2021-05-19,West Brom,West Ham,1,3,A,0.5920097878245395,AvgH/AvgD/AvgA,0.04269213670540739,-1.0,2.04,AvgAHH/AvgAHA,2.5,1.62,2.33,AvgO/AvgU
2021,E0,2021-05-23,Arsenal,Brighton,2,0,H,0.5926369089598009,AvgH/AvgD/AvgA,0.04158877262765093,-1.0,2.07,AvgAHH/AvgAHA,2.5,1.71,2.17,AvgO/AvgU
2021,E0,2021-05-23,Aston Villa,Chelsea,2,1,A,0.6444005174467504,AvgH/AvgD/AvgA,0.041496587024039355,-1.0,1.8,AvgAHH/AvgAHA,2.5,1.68,2.22,AvgO/AvgU
2021,E0,2021-05-23,Fulham,Newcastle,0,2,H,0.45912111764044006,AvgH/AvgD/AvgA,0.04214091039968948,-0.5,2.07,AvgAHH/AvgAHA,2.5,1.65,2.27,AvgO/AvgU
2021,E0,2021-05-23,Leeds,West Brom,3,1,H,0.6670266677743624,AvgH/AvgD/AvgA,0.04110446852382332,-1.25,1.91,AvgAHH/AvgAHA,2.5,1.41,2.91,AvgO/AvgU
2021,E0,2021-05-23,Leicester,Tottenham,2,4,H,0.4716813598021184,AvgH/AvgD/AvgA,0.03925259763714539,-0.5,2.04,AvgAHH/AvgAHA,2.5,1.6,2.37,AvgO/AvgU
2021,E0,2021-05-23,Liverpool,Crystal Palace,2,0,H,0.8285310239185,AvgH/AvgD/AvgA,0.040478799985213865,-2.25,1.98,AvgAHH/AvgAHA,2.5,1.37,3.1,AvgO/AvgU
2021,E0,2021-05-23,Man City,Everton,5,0,H,0.6656315965988676,AvgH/AvgD/AvgA,0.04328647857583667,-1.25,2.0,AvgAHH/AvgAHA,2.5,1.62,2.31,AvgO/AvgU
2021,E0,2021-05-23,Sheffield United,Burnley,1,0,A,0.39800941243692545,AvgH/AvgD/AvgA,0.04253252905634941,-0.25,2.11,AvgAHH/AvgAHA,2.5,1.74,2.12,AvgO/AvgU
2021,E0,2021-05-23,West Ham,Southampton,3,0,H,0.5582399024252943,AvgH/AvgD/AvgA,0.041479382450654745,-0.75,1.92,AvgAHH/AvgAHA,2.5,1.63,2.31,AvgO/AvgU
2021,E0,2021-05-23,Wolves,Man United,1,2,H,0.37914833639431084,AvgH/AvgD/AvgA,0.0424862225558702,0.0,1.88,AvgAHH/AvgAHA,2.5,1.74,2.13,AvgO/AvgU
2122,E0,2021-08-13,Brentford,Arsenal,2,0,A,0.4781465864010874,AvgH/AvgD/AvgA,0.03535091336034091,-0.5,2.03,AvgAHH/AvgAHA,2.5,2.16,1.73,AvgO/AvgU
2122,E0,2021-08-14,Burnley,Brighton,1,2,A,0.38663936644661745,AvgH/AvgD/AvgA,0.03871064499651822,-0.25,2.12,AvgAHH/AvgAHA,2.5,2.46,1.57,AvgO/AvgU
2122,E0,2021-08-14,Chelsea,Crystal Palace,3,0,H,0.7626163408585874,AvgH/AvgD/AvgA,0.04069471256971258,-1.5,1.83,AvgAHH/AvgAHA,2.5,1.79,2.06,AvgO/AvgU
2122,E0,2021-08-14,Everton,Southampton,3,1,H,0.48883084653853925,AvgH/AvgD/AvgA,0.03842508465338712,-0.5,1.96,AvgAHH/AvgAHA,2.5,2.07,1.79,AvgO/AvgU
2122,E0,2021-08-14,Leicester,Wolves,1,0,H,0.562610512779296,AvgH/AvgD/AvgA,0.039431913116123596,-0.75,1.94,AvgAHH/AvgAHA,2.5,2.04,1.81,AvgO/AvgU
2122,E0,2021-08-14,Man United,Leeds,5,1,H,0.6211038707986047,AvgH/AvgD/AvgA,0.03873332731454937,-1.0,1.93,AvgAHH/AvgAHA,2.5,1.65,2.29,AvgO/AvgU
2122,E0,2021-08-14,Norwich,Liverpool,0,3,A,0.7223318036755012,AvgH/AvgD/AvgA,0.040906264160414985,-1.5,1.95,AvgAHH/AvgAHA,2.5,1.52,2.59,AvgO/AvgU
2122,E0,2021-08-14,Watford,Aston Villa,3,2,A,0.39891817742513763,AvgH/AvgD/AvgA,0.040157563173385924,-0.25,2.07,AvgAHH/AvgAHA,2.5,2.03,1.82,AvgO/AvgU
2122,E0,2021-08-15,Newcastle,West Ham,2,4,A,0.42550934590060846,AvgH/AvgD/AvgA,0.03987816100647956,-0.25,1.96,AvgAHH/AvgAHA,2.5,1.95,1.9,AvgO/AvgU
2122,E0,2021-08-15,Tottenham,Man City,1,0,A,0.5886768174994639,AvgH/AvgD/AvgA,0.03580789906259718,-1.0,2.11,AvgAHH/AvgAHA,2.5,1.85,2.01,AvgO/AvgU
2122,E0,2021-08-21,Aston Villa,Newcastle,2,0,H,0.5283957195506416,AvgH/AvgD/AvgA,0.03984670791393485,-0.75,2.04,AvgAHH/AvgAHA,2.5,1.77,2.09,AvgO/AvgU
2122,E0,2021-08-21,Brighton,Watford,2,0,H,0.5528021219677047,AvgH/AvgD/AvgA,0.03963537917051663,-0.75,1.97,AvgAHH/AvgAHA,2.5,2.24,1.67,AvgO/AvgU
2122,E0,2021-08-21,Crystal Palace,Brentford,0,0,H,0.36754507628294036,AvgH/AvgD/AvgA,0.042434757464035355,0.0,1.83,AvgAHH/AvgAHA,2.5,2.32,1.62,AvgO/AvgU
2122,E0,2021-08-21,Leeds,Everton,2,2,H,0.40565065916640625,AvgH/AvgD/AvgA,0.04015836961071795,-0.25,2.04,AvgAHH/AvgAHA,2.5,1.7,2.2,AvgO/AvgU
2122,E0,2021-08-21,Liverpool,Burnley,2,0,H,0.7951839756150664,AvgH/AvgD/AvgA,0.039314556549618684,-2.0,2.07,AvgAHH/AvgAHA,2.5,1.54,2.5,AvgO/AvgU
2122,E0,2021-08-21,Man City,Norwich,5,0,H,0.8709233538186322,AvgH/AvgD/AvgA,0.034420419375401634,-2.5,1.93,AvgAHH/AvgAHA,2.5,1.34,3.29,AvgO/AvgU
2122,E0,2021-08-22,Arsenal,Chelsea,0,2,A,0.5405740243650631,AvgH/AvgD/AvgA,0.03926146556681909,-0.75,2.02,AvgAHH/AvgAHA,2.5,2.07,1.79,AvgO/AvgU
2122,E0,2021-08-22,Southampton,Man United,1,1,A,0.5958384000751531,AvgH/AvgD/AvgA,0.04242696063902329,-1.0,2.04,AvgAHH/AvgAHA,2.5,1.72,2.16,AvgO/AvgU
2122,E0,2021-08-22,Wolves,Tottenham,0,1,A,0.3951314164755689,AvgH/AvgD/AvgA,0.04148295120517331,-0.25,2.08,AvgAHH/AvgAHA,2.5,2.24,1.67,AvgO/AvgU
2122,E0,2021-08-23,West Ham,Leicester,4,1,H,0.37199864727764625,AvgH/AvgD/AvgA,0.04193093727977448,0.0,1.88,AvgAHH/AvgAHA,2.5,1.8,2.04,AvgO/AvgU
2122,E0,2021-08-28,Aston Villa,Brentford,1,1,H,0.4805249432152772,AvgH/AvgD/AvgA,0.040528711484593805,-0.5,2.0,AvgAHH/AvgAHA,2.5,1.97,1.88,AvgO/AvgU
2122,E0,2021-08-28,Brighton,Everton,0,2,H,0.40954546330372454,AvgH/AvgD/AvgA,0.03903462013944159,-0.25,2.0,AvgAHH/AvgAHA,2.5,2.23,1.68,AvgO/AvgU
2122,E0,2021-08-28,Liverpool,Chelsea,1,1,H,0.38488060023115955,AvgH/AvgD/AvgA,0.03928335114775794,0.0,1.79,AvgAHH/AvgAHA,2.5,2.02,1.83,AvgO/AvgU
2122,E0,2021-08-28,Man City,Arsenal,5,0,H,0.7635726795096323,AvgH/AvgD/AvgA,0.039391291684869545,-1.75,2.0,AvgAHH/AvgAHA,2.5,1.57,2.45,AvgO/AvgU
2122,E0,2021-08-28,Newcastle,Southampton,2,2,H,0.3817024363985302,AvgH/AvgD/AvgA,0.03961976394375677,0.0,1.84,AvgAHH/AvgAHA,2.5,1.83,2.03,AvgO/AvgU
2122,E0,2021-08-28,Norwich,Leicester,1,2,A,0.5068425554312783,AvgH/AvgD/AvgA,0.038420676862533476,-0.5,1.9,AvgAHH/AvgAHA,2.5,1.8,2.06,AvgO/AvgU
2122,E0,2021-08-28,West Ham,Crystal Palace,2,2,H,0.6081884566909436,AvgH/AvgD/AvgA,0.040650123234224456,-1.0,2.02,AvgAHH/AvgAHA,2.5,1.89,1.96,AvgO/AvgU
2122,E0,2021-08-29,Burnley,Leeds,1,1,A,0.4127497883717456,AvgH/AvgD/AvgA,0.039817733279309486,-0.25,2.01,AvgAHH/AvgAHA,2.5,1.77,2.09,AvgO/AvgU
2122,E0,2021-08-29,Tottenham,Watford,1,0,H,0.6700392201443756,AvgH/AvgD/AvgA,0.03642357576443089,-1.25,2.04,AvgAHH/AvgAHA,2.5,1.85,2.0,AvgO/AvgU
2122,E0,2021-08-29,Wolves,Man United,0,1,A,0.5280777337544735,AvgH/AvgD/AvgA,0.040472859069670575,-0.75,2.07,AvgAHH/AvgAHA,2.5,2.01,1.83,AvgO/AvgU
2122,E0,2021-09-11,Arsenal,Norwich,1,0,H,0.6342015855039639,AvgH/AvgD/AvgA,0.0373590225563909,-1.0,1.84,AvgAHH/AvgAHA,2.5,1.71,2.17,AvgO/AvgU
2122,E0,2021-09-11,Brentford,Brighton,0,1,A,0.357494307415487,AvgH/AvgD/AvgA,0.03986889912587843,-0.0,1.89,AvgAHH/AvgAHA,2.5,2.46,1.57,AvgO/AvgU
2122,E0,2021-09-11,Chelsea,Aston Villa,3,0,H,0.7389107243121841,AvgH/AvgD/AvgA,0.04103343465045595,-1.5,1.94,AvgAHH/AvgAHA,2.5,1.78,2.07,AvgO/AvgU
2122,E0,2021-09-11,Crystal Palace,Tottenham,3,0,A,0.4936604143100741,AvgH/AvgD/AvgA,0.038812304886176374,-0.5,1.96,AvgAHH/AvgAHA,2.5,2.1,1.77,AvgO/AvgU
2122,E0,2021-09-11,Leicester,Man City,0,1,A,0.6024645594349546,AvgH/AvgD/AvgA,0.03740542113577794,-1.0,2.04,AvgAHH/AvgAHA,2.5,1.74,2.14,AvgO/AvgU
2122,E0,2021-09-11,Man United,Newcastle,4,1,H,0.8023700942792089,AvgH/AvgD/AvgA,0.03858972221782464,-2.0,1.98,AvgAHH/AvgAHA,2.5,1.44,2.79,AvgO/AvgU
2122,E0,2021-09-11,Southampton,West Ham,0,0,A,0.3893256086497767,AvgH/AvgD/AvgA,0.03989640188127885,-0.0,1.8,AvgAHH/AvgAHA,2.5,1.72,2.15,AvgO/AvgU
2122,E0,2021-09-11,Watford,Wolves,0,2,A,0.4125650984029962,AvgH/AvgD/AvgA,0.04028322079972213,-0.25,1.99,AvgAHH/AvgAHA,2.5,2.3,1.64,AvgO/AvgU
2122,E0,2021-09-12,Leeds,Liverpool,0,3,A,0.5406444548340265,AvgH/AvgD/AvgA,0.03912607959968106,-0.75,1.99,AvgAHH/AvgAHA,2.5,1.57,2.44,AvgO/AvgU
2122,E0,2021-09-13,Everton,Burnley,3,1,H,0.5491489669720596,AvgH/AvgD/AvgA,0.04057114880750623,-0.75,1.97,AvgAHH/AvgAHA,2.5,1.99,1.85,AvgO/AvgU
2122,E0,2021-09-17,Newcastle,Leeds,1,1,A,0.4136106376759881,AvgH/AvgD/AvgA,0.03765355690013772,-0.25,2.03,AvgAHH/AvgAHA,2.5,1.65,2.29,AvgO/AvgU
2122,E0,2021-09-18,Aston Villa,Everton,3,0,H,0.40022421524663676,AvgH/AvgD/AvgA,0.041083099906629394,-0.25,2.06,AvgAHH/AvgAHA,2.5,2.0,1.84,AvgO/AvgU
2122,E0,2021-09-18,Burnley,Arsenal,0,1,A,0.4736163459631026,AvgH/AvgD/AvgA,0.04010522786475135,-0.5,2.03,AvgAHH/AvgAHA,2.5,2.03,1.82,AvgO/AvgU
2122,E0,2021-09-18,Liverpool,Crystal Palace,3,0,H,0.7903531642569329,AvgH/AvgD/AvgA,0.037096032781968935,-1.75,1.85,AvgAHH/AvgAHA,2.5,1.5,2.6,AvgO/AvgU
2122,E0,2021-09-18,Man City,Southampton,0,0,H,0.834774421592121,AvgH/AvgD/AvgA,0.04167688287912408,-2.25,2.0,AvgAHH/AvgAHA,2.5,1.4,2.99,AvgO/AvgU
2122,E0,2021-09-18,Norwich,Watford,1,3,H,0.44027457042229795,AvgH/AvgD/AvgA,0.0418852851080842,-0.25,1.88,AvgAHH/AvgAHA,2.5,2.11,1.76,AvgO/AvgU
2122,E0,2021-09-18,Wolves,Brentford,0,2,H,0.5064792634708072,AvgH/AvgD/AvgA,0.03916552450132116,-0.5,1.9,AvgAHH/AvgAHA,2.5,2.49,1.56,AvgO/AvgU
2122,E0,2021-09-19,Brighton,Leicester,2,1,A,0.3523696936277913,AvgH/AvgD/AvgA,0.03953425315654413,-0.0,1.95,AvgAHH/AvgAHA,2.5,2.17,1.71,AvgO/AvgU
2122,E0,2021-09-19,Tottenham,Chelsea,0,3,A,0.5524445820981373,AvgH/AvgD/AvgA,0.04030822692739866,-0.75,1.97,AvgAHH/AvgAHA,2.5,2.09,1.77,AvgO/AvgU
2122,E0,2021-09-19,West Ham,Man United,1,2,A,0.540222612627001,AvgH/AvgD/AvgA,0.039937499241418095,-0.75,2.0,AvgAHH/AvgAHA,2.5,1.69,2.21,AvgO/AvgU
2122,E0,2021-09-25,Brentford,Liverpool,3,3,A,0.6465504371049883,AvgH/AvgD/AvgA,0.038033386231141275,-1.0,1.8,AvgAHH/AvgAHA,2.5,1.75,2.12,AvgO/AvgU
2122,E0,2021-09-25,Chelsea,Man City,0,1,H,0.36109478966508396,AvgH/AvgD/AvgA,0.041111254949829146,0.0,1.9,AvgAHH/AvgAHA,2.5,2.13,1.75,AvgO/AvgU
2122,E0,2021-09-25,Everton,Norwich,2,0,H,0.5897027083835312,AvgH/AvgD/AvgA,0.040349524927619784,-1.0,2.11,AvgAHH/AvgAHA,2.5,1.89,1.95,AvgO/AvgU
2122,E0,2021-09-25,Leeds,West Ham,1,2,A,0.4206509895297235,AvgH/AvgD/AvgA,0.03810815516117394,-0.25,1.99,AvgAHH/AvgAHA,2.5,1.61,2.37,AvgO/AvgU
2122,E0,2021-09-25,Leicester,Burnley,2,2,H,0.6051816204100469,AvgH/AvgD/AvgA,0.03924309066743392,-1.0,2.04,AvgAHH/AvgAHA,2.5,1.86,1.98,AvgO/AvgU
2122,E0,2021-09-25,Man United,Aston Villa,0,1,H,0.6876812995552117,AvgH/AvgD/AvgA,0.03868712839466504,-1.25,1.88,AvgAHH/AvgAHA,2.5,1.6,2.39,AvgO/AvgU
2122,E0,2021-09-25,Watford,Newcastle,1,1,H,0.4242095644689798,AvgH/AvgD/AvgA,0.03846935868285217,-0.25,1.95,AvgAHH/AvgAHA,2.5,2.04,1.81,AvgO/AvgU
2122,E0,2021-09-26,Arsenal,Tottenham,3,1,H,0.4220444329414273,AvgH/AvgD/AvgA,0.039218757540014915,-0.25,1.95,AvgAHH/AvgAHA,2.5,2.07,1.79,AvgO/AvgU
2122,E0,2021-09-26,Southampton,Wolves,0,1,H,0.3630690524931993,AvgH/AvgD/AvgA,0.03935735633404369,0.0,1.88,AvgAHH/AvgAHA,2.5,2.12,1.75,AvgO/AvgU
2122,E0,2021-09-27,Crystal Palace,Brighton,1,1,A,0.3785189694291384,AvgH/AvgD/AvgA,0.04010847328294487,-0.0,1.78,AvgAHH/AvgAHA,2.5,2.31,1.63,AvgO/AvgU
2122,E0,2021-10-02,Brighton,Arsenal,0,0,A,0.3851976780671477,AvgH/AvgD/AvgA,0.03842785867019671,-0.25,2.12,AvgAHH/AvgAHA,2.5,2.06,1.8,AvgO/AvgU
2122,E0,2021-10-02,Burnley,Norwich,0,0,H,0.5115205262038385,AvgH/AvgD/AvgA,0.03987008608341891,-0.5,1.88,AvgAHH/AvgAHA,2.5,1.9,1.94,AvgO/AvgU
2122,E0,2021-10-02,Chelsea,Southampton,3,1,H,0.6962134196458721,AvgH/AvgD/AvgA,0.04082693713086738,-1.25,1.9,AvgAHH/AvgAHA,2.5,1.79,2.06,AvgO/AvgU
2122,E0,2021-10-02,Leeds,Watford,1,0,H,0.5460268885811224,AvgH/AvgD/AvgA,0.040574795974364086,-0.75,1.96,AvgAHH/AvgAHA,2.5,1.69,2.22,AvgO/AvgU
2122,E0,2021-10-02,Man United,Everton,1,1,H,0.6433639554858467,AvgH/AvgD/AvgA,0.036220106802878904,-1.0,1.83,AvgAHH/AvgAHA,2.5,1.81,2.05,AvgO/AvgU
2122,E0,2021-10-02,Wolves,Newcastle,2,1,H,0.5684552624576066,AvgH/AvgD/AvgA,0.04091916358235692,-0.75,1.9,AvgAHH/AvgAHA,2.5,1.93,1.91,AvgO/AvgU
2122,E0,2021-10-03,Crystal Palace,Leicester,2,2,A,0.40800929506046024,AvgH/AvgD/AvgA,0.038527353884260096,-0.25,2.04,AvgAHH/AvgAHA,2.5,2.02,1.83,AvgO/AvgU
2122,E0,2021-10-03,Liverpool,Man City,2,2,A,0.3958332527772514,AvgH/AvgD/AvgA,0.03963633893192253,-0.25,2.1,AvgAHH/AvgAHA,2.5,1.73,2.14,AvgO/AvgU
2122,E0,2021-10-03,Tottenham,Aston Villa,2,1,H,0.4532514509182422,AvgH/AvgD/AvgA,0.04069851790200296,-0.25,1.84,AvgAHH/AvgAHA,2.5,1.89,1.95,AvgO/AvgU
2122,E0,2021-10-03,West Ham,Brentford,1,2,H,0.52840603628271,AvgH/AvgD/AvgA,0.03982640568583529,-0.5,1.83,AvgAHH/AvgAHA,2.5,1.92,1.92,AvgO/AvgU
2122,E0,2021-10-16,Aston Villa,Wolves,2,3,H,0.4266447593619498,AvgH/AvgD/AvgA,0.041720154043645596,-0.25,1.93,AvgAHH/AvgAHA,2.5,2.12,1.76,AvgO/AvgU
2122,E0,2021-10-16,Brentford,Chelsea,0,1,A,0.5995764373676367,AvgH/AvgD/AvgA,0.042402537938252216,-1.0,2.08,AvgAHH/AvgAHA,2.5,2.04,1.81,AvgO/AvgU
2122,E0,2021-10-16,Leicester,Man United,4,2,A,0.45731482529172796,AvgH/AvgD/AvgA,0.041274959513300624,-0.5,2.09,AvgAHH/AvgAHA,2.5,1.77,2.11,AvgO/AvgU
2122,E0,2021-10-16,Man City,Burnley,2,0,H,0.8555043511075027,AvgH/AvgD/AvgA,0.043661720365635315,-2.25,1.85,AvgAHH/AvgAHA,2.5,1.39,3.04,AvgO/AvgU
2122,E0,2021-10-16,Norwich,Brighton,0,0,A,0.450835077292003,AvgH/AvgD/AvgA,0.0413643297126054,-0.25,1.83,AvgAHH/AvgAHA,2.5,2.13,1.75,AvgO/AvgU
2122,E0,2021-10-16,Southampton,Leeds,1,0,H,0.3998511258606786,AvgH/AvgD/AvgA,0.042054504085220934,-0.25,2.07,AvgAHH/AvgAHA,2.5,1.72,2.17,AvgO/AvgU
2122,E0,2021-10-16,Watford,Liverpool,0,5,A,0.7082041528801813,AvgH/AvgD/AvgA,0.038251632183609496,-1.5,2.02,AvgAHH/AvgAHA,2.5,1.58,2.43,AvgO/AvgU
2122,E0,2021-10-17,Everton,West Ham,0,1,H,0.3810669007293467,AvgH/AvgD/AvgA,0.0413536207576386,0.0,1.81,AvgAHH/AvgAHA,2.5,1.89,1.96,AvgO/AvgU
2122,E0,2021-10-17,Newcastle,Tottenham,2,3,A,0.45887547062324946,AvgH/AvgD/AvgA,0.04269879336036353,-0.25,1.82,AvgAHH/AvgAHA,2.5,1.79,2.07,AvgO/AvgU
2122,E0,2021-10-18,Arsenal,Crystal Palace,2,2,H,0.5819393987783943,AvgH/AvgD/AvgA,0.04144968931962145,-0.75,1.84,AvgAHH/AvgAHA,2.5,1.93,1.91,AvgO/AvgU
2122,E0,2021-10-22,Arsenal,Aston Villa,3,1,H,0.5041162906331446,AvgH/AvgD/AvgA,0.03857030441630571,-0.5,1.9,AvgAHH/AvgAHA,2.5,1.78,2.08,AvgO/AvgU
2122,E0,2021-10-23,Brighton,Man City,1,4,A,0.6748228843835496,AvgH/AvgD/AvgA,0.04357064410461664,-1.25,2.0,AvgAHH/AvgAHA,2.5,1.83,2.02,AvgO/AvgU
2122,E0,2021-10-23,Chelsea,Norwich,7,0,H,0.8081051804534699,AvgH/AvgD/AvgA,0.03988460262341742,-2.0,2.08,AvgAHH/AvgAHA,2.5,1.66,2.27,AvgO/AvgU
2122,E0,2021-10-23,Crystal Palace,Newcastle,1,1,H,0.4869880850146547,AvgH/AvgD/AvgA,0.04235448221016358,-0.5,1.98,AvgAHH/AvgAHA,2.5,1.95,1.89,AvgO/AvgU
2122,E0,2021-10-23,Everton,Watford,2,5,H,0.5757609513692099,AvgH/AvgD/AvgA,0.04001911519976553,-0.75,1.86,AvgAHH/AvgAHA,2.5,2.01,1.84,AvgO/AvgU
2122,E0,2021-10-23,Leeds,Wolves,1,1,H,0.3726118057344403,AvgH/AvgD/AvgA,0.04426390247836953,0.0,1.86,AvgAHH/AvgAHA,2.5,1.9,1.95,AvgO/AvgU
2122,E0,2021-10-23,Southampton,Burnley,2,2,H,0.48036101234931516,AvgH/AvgD/AvgA,0.04088380852275231,-0.5,1.99,AvgAHH/AvgAHA,2.5,2.01,1.84,AvgO/AvgU
2122,E0,2021-10-24,Brentford,Leicester,1,2,H,0.3646011680459943,AvgH/AvgD/AvgA,0.042860446443121925,0.0,1.91,AvgAHH/AvgAHA,2.5,1.9,1.94,AvgO/AvgU
2122,E0,2021-10-24,Man United,Liverpool,0,5,A,0.4233613064186891,AvgH/AvgD/AvgA,0.04055006369799541,-0.25,1.99,AvgAHH/AvgAHA,2.5,1.59,2.42,AvgO/AvgU
2122,E0,2021-10-24,West Ham,Tottenham,1,0,H,0.40748412522934535,AvgH/AvgD/AvgA,0.04429077980427776,-0.25,2.04,AvgAHH/AvgAHA,2.5,1.78,2.08,AvgO/AvgU
2122,E0,2021-10-30,Burnley,Brentford,3,1,H,0.3599942446963278,AvgH/AvgD/AvgA,0.044294055148529354,0.0,1.89,AvgAHH/AvgAHA,2.5,2.17,1.71,AvgO/AvgU
2122,E0,2021-10-30,Leicester,Arsenal,0,2,H,0.3887355720625949,AvgH/AvgD/AvgA,0.04147479338461646,0.0,1.81,AvgAHH/AvgAHA,2.5,1.81,2.05,AvgO/AvgU
2122,E0,2021-10-30,Liverpool,Brighton,2,2,H,0.7731214199781818,AvgH/AvgD/AvgA,0.04311120098830612,-1.75,1.87,AvgAHH/AvgAHA,2.5,1.52,2.57,AvgO/AvgU
2122,E0,2021-10-30,Man City,Crystal Palace,0,2,H,0.8298662170485916,AvgH/AvgD/AvgA,0.03880474684603796,-2.25,2.04,AvgAHH/AvgAHA,2.5,1.44,2.8,AvgO/AvgU
2122,E0,2021-10-30,Newcastle,Chelsea,0,3,A,0.693978725320799,AvgH/AvgD/AvgA,0.04417852409589207,-1.25,1.88,AvgAHH/AvgAHA,2.5,1.74,2.12,AvgO/AvgU
2122,E0,2021-10-30,Tottenham,Man United,0,3,A,0.4044098031710684,AvgH/AvgD/AvgA,0.043349901415614234,-0.25,2.05,AvgAHH/AvgAHA,2.5,1.76,2.1,AvgO/AvgU
2122,E0,2021-10-30,Watford,Southampton,0,1,A,0.40807423765519546,AvgH/AvgD/AvgA,0.04278064045094787,-0.25,2.02,AvgAHH/AvgAHA,2.5,1.89,1.95,AvgO/AvgU
2122,E0,2021-10-31,Aston Villa,West Ham,1,4,A,0.38686268230000703,AvgH/AvgD/AvgA,0.0422969826252626,-0.0,1.83,AvgAHH/AvgAHA,2.5,1.81,2.03,AvgO/AvgU
2122,E0,2021-10-31,Norwich,Leeds,1,2,A,0.4546522556390978,AvgH/AvgD/AvgA,0.04240910148548194,-0.25,1.83,AvgAHH/AvgAHA,2.5,1.76,2.09,AvgO/AvgU
2122,E0,2021-11-01,Wolves,Everton,2,1,H,0.4266768994627782,AvgH/AvgD/AvgA,0.04629187094652232,-0.25,1.93,AvgAHH/AvgAHA,2.5,2.27,1.65,AvgO/AvgU
2122,E0,2021-11-05,Southampton,Aston Villa,1,0,H,0.47600333620774965,AvgH/AvgD/AvgA,0.040012679101124604,-0.5,2.01,AvgAHH/AvgAHA,2.5,1.72,2.18,AvgO/AvgU
2122,E0,2021-11-06,Brentford,Norwich,1,2,H,0.5893270018351668,AvgH/AvgD/AvgA,0.04101276643511209,-0.75,1.82,AvgAHH/AvgAHA,2.5,2.03,1.82,AvgO/AvgU
2122,E0,2021-11-06,Brighton,Newcastle,1,1,H,0.592675114886506,AvgH/AvgD/AvgA,0.04152162814443505,-1.0,2.09,AvgAHH/AvgAHA,2.5,1.95,1.9,AvgO/AvgU
2122,E0,2021-11-06,Chelsea,Burnley,1,1,H,0.7617070740617735,AvgH/AvgD/AvgA,0.04193701316003473,-1.75,2.05,AvgAHH/AvgAHA,2.5,1.7,2.2,AvgO/AvgU
2122,E0,2021-11-06,Crystal Palace,Wolves,2,0,H,0.3838271946829134,AvgH/AvgD/AvgA,0.042135642135642026,-0.25,2.13,AvgAHH/AvgAHA,2.5,2.37,1.61,AvgO/AvgU
2122,E0,2021-11-06,Man United,Man City,0,2,A,0.5595107879254573,AvgH/AvgD/AvgA,0.03911374254801259,-0.75,1.91,AvgAHH/AvgAHA,2.5,1.62,2.35,AvgO/AvgU
2122,E0,2021-11-07,Arsenal,Watford,1,0,H,0.6886301498207091,AvgH/AvgD/AvgA,0.0447182142968372,-1.25,1.86,AvgAHH/AvgAHA,2.5,1.6,2.38,AvgO/AvgU
2122,E0,2021-11-07,Everton,Tottenham,0,0,A,0.3954672256457943,AvgH/AvgD/AvgA,0.04489857489727056,-0.25,2.08,AvgAHH/AvgAHA,2.5,2.02,1.82,AvgO/AvgU
2122,E0,2021-11-07,Leeds,Leicester,1,1,A,0.38342907092907086,AvgH/AvgD/AvgA,0.043217716984204735,-0.0,1.85,AvgAHH/AvgAHA,2.5,1.66,2.25,AvgO/AvgU
2122,E0,2021-11-07,West Ham,Liverpool,3,2,A,0.5576563234394261,AvgH/AvgD/AvgA,0.042569275017576125,-0.75,1.92,AvgAHH/AvgAHA,2.5,1.49,2.63,AvgO/AvgU
2122,E0,2021-11-20,Aston Villa,Brighton,2,0,H,0.39471382227992885,AvgH/AvgD/AvgA,0.04258480579128632,-0.25,2.08,AvgAHH/AvgAHA,2.5,2.08,1.77,AvgO/AvgU
2122,E0,2021-11-20,Burnley,Crystal Palace,3,3,A,0.35579052853012866,AvgH/AvgD/AvgA,0.040978723915094495,-0.0,1.92,AvgAHH/AvgAHA,2.5,2.18,1.7,AvgO/AvgU
2122,E0,2021-11-20,Leicester,Chelsea,0,3,A,0.5393679110230152,AvgH/AvgD/AvgA,0.04158542124508502,-0.75,2.03,AvgAHH/AvgAHA,2.5,2.0,1.84,AvgO/AvgU
2122,E0,2021-11-20,Liverpool,Arsenal,4,0,H,0.6484043754500943,AvgH/AvgD/AvgA,0.04205909345792236,-1.25,2.04,AvgAHH/AvgAHA,2.5,1.49,2.64,AvgO/AvgU
2122,E0,2021-11-20,Newcastle,Brentford,3,3,H,0.363112026620187,AvgH/AvgD/AvgA,0.04317084265591853,0.0,1.92,AvgAHH/AvgAHA,2.5,1.97,1.87,AvgO/AvgU
2122,E0,2021-11-20,Norwich,Southampton,2,1,A,0.45757191571216216,AvgH/AvgD/AvgA,0.040689910894850634,-0.25,1.81,AvgAHH/AvgAHA,2.5,1.99,1.85,AvgO/AvgU
2122,E0,2021-11-20,Watford,Man United,4,1,A,0.6394932342796499,AvgH/AvgD/AvgA,0.04249213428759102,-1.25,2.12,AvgAHH/AvgAHA,2.5,1.65,2.27,AvgO/AvgU
2122,E0,2021-11-20,Wolves,West Ham,1,0,A,0.38861626730993987,AvgH/AvgD/AvgA,0.04179452496322811,-0.25,2.11,AvgAHH/AvgAHA,2.5,2.06,1.79,AvgO/AvgU
2122,E0,2021-11-21,Man City,Everton,3,0,H,0.8129646085119179,AvgH/AvgD/AvgA,0.04242868415866674,-2.0,1.96,AvgAHH/AvgAHA,2.5,1.49,2.61,AvgO/AvgU
2122,E0,2021-11-21,Tottenham,Leeds,2,1,H,0.5541862874786125,AvgH/AvgD/AvgA,0.043033173395205626,-0.75,1.95,AvgAHH/AvgAHA,2.5,1.76,2.09,AvgO/AvgU
2122,E0,2021-11-27,Arsenal,Newcastle,2,0,H,0.6533528947352062,AvgH/AvgD/AvgA,0.041201645122030284,-1.25,2.04,AvgAHH/AvgAHA,2.5,1.62,2.33,AvgO/AvgU
2122,E0,2021-11-27,Brighton,Leeds,0,0,H,0.4558508022656492,AvgH/AvgD/AvgA,0.039668345286606455,-0.25,1.81,AvgAHH/AvgAHA,2.5,1.93,1.91,AvgO/AvgU
2122,E0,2021-11-27,Crystal Palace,Aston Villa,1,2,H,0.4289350869749681,AvgH/AvgD/AvgA,0.040783524092129486,-0.25,1.93,AvgAHH/AvgAHA,2.5,2.02,1.83,AvgO/AvgU
2122,E0,2021-11-27,Liverpool,Southampton,4,0,H,0.742246802364255,AvgH/AvgD/AvgA,0.044388195382468965,-1.75,2.04,AvgAHH/AvgAHA,2.5,1.41,2.91,AvgO/AvgU
2122,E0,2021-11-27,Norwich,Wolves,0,0,A,0.4423300000372991,AvgH/AvgD/AvgA,0.041822831480339495,-0.25,1.87,AvgAHH/AvgAHA,2.5,2.3,1.64,AvgO/AvgU
2122,E0,2021-11-28,Brentford,Everton,1,0,H,0.425561233277832,AvgH/AvgD/AvgA,0.0443724890567847,-0.25,1.93,AvgAHH/AvgAHA,2.5,2.17,1.71,AvgO/AvgU
2122,E0,2021-11-28,Chelsea,Man United,1,1,H,0.5971121329778668,AvgH/AvgD/AvgA,0.04020330205781164,-1.0,2.06,AvgAHH/AvgAHA,2.5,1.81,2.03,AvgO/AvgU
2122,E0,2021-11-28,Leicester,Watford,4,2,H,0.5873173461618143,AvgH/AvgD/AvgA,0.04457485637808878,-1.0,2.1,AvgAHH/AvgAHA,2.5,1.66,2.24,AvgO/AvgU
2122,E0,2021-11-28,Man City,West Ham,2,1,H,0.738968405777983,AvgH/AvgD/AvgA,0.040952174972793465,-1.5,1.84,AvgAHH/AvgAHA,2.5,1.5,2.59,AvgO/AvgU
2122,E0,2021-11-30,Leeds,Crystal Palace,1,0,H,0.3972074094863879,AvgH/AvgD/AvgA,0.04032082641708312,-0.25,2.06,AvgAHH/AvgAHA,2.5,1.92,1.92,AvgO/AvgU
2122,E0,2021-11-30,Newcastle,Norwich,1,1,H,0.48328982542232873,AvgH/AvgD/AvgA,0.0397747611900241,-0.5,2.0,AvgAHH/AvgAHA,2.5,1.83,2.01,AvgO/AvgU
2122,E0,2021-12-01,Aston Villa,Man City,1,2,A,0.7043850806451613,AvgH/AvgD/AvgA,0.04388087972219301,-1.5,2.03,AvgAHH/AvgAHA,2.5,1.63,2.3,AvgO/AvgU
2122,E0,2021-12-01,Everton,Liverpool,1,4,A,0.6817990043034343,AvgH/AvgD/AvgA,0.040218383540481684,-1.25,1.89,AvgAHH/AvgAHA,2.5,1.59,2.37,AvgO/AvgU
2122,E0,2021-12-01,Southampton,Leicester,2,2,H,0.39442445832405637,AvgH/AvgD/AvgA,0.04334968346905055,-0.25,2.1,AvgAHH/AvgAHA,2.5,1.78,2.07,AvgO/AvgU
2122,E0,2021-12-01,Watford,Chelsea,1,2,A,0.7307608384627747,AvgH/AvgD/AvgA,0.044608219881832056,-1.5,1.93,AvgAHH/AvgAHA,2.5,1.71,2.17,AvgO/AvgU
2122,E0,2021-12-01,West Ham,Brighton,1,1,H,0.4762476016218199,AvgH/AvgD/AvgA,0.04465079953517859,-0.5,2.02,AvgAHH/AvgAHA,2.5,2.03,1.82,AvgO/AvgU
2122,E0,2021-12-01,Wolves,Burnley,0,0,H,0.49192252995160685,AvgH/AvgD/AvgA,0.04248226417066503,-0.5,1.96,AvgAHH/AvgAHA,2.5,2.22,1.67,AvgO/AvgU
2122,E0,2021-12-02,Man United,Arsenal,3,2,H,0.47532467532467537,AvgH/AvgD/AvgA,0.041497592382188975,-0.5,2.02,AvgAHH/AvgAHA,2.5,1.8,2.05,AvgO/AvgU
2122,E0,2021-12-02,Tottenham,Brentford,2,0,H,0.5829784215451691,AvgH/AvgD/AvgA,0.045932533737411685,-0.75,1.83,AvgAHH/AvgAHA,2.5,1.9,1.94,AvgO/AvgU
2122,E0,2021-12-04,Newcastle,Burnley,1,0,H,0.41221306321770357,AvgH/AvgD/AvgA,0.04117163586724182,-0.25,2.0,AvgAHH/AvgAHA,2.5,1.94,1.9,AvgO/AvgU
2122,E0,2021-12-04,Southampton,Brighton,1,1,H,0.39160976761574934,AvgH/AvgD/AvgA,0.04227039021819157,-0.25,2.08,AvgAHH/AvgAHA,2.5,2.17,1.72,AvgO/AvgU
2122,E0,2021-12-04,Watford,Man City,1,3,A,0.8007624970066481,AvgH/AvgD/AvgA,0.040674777413326924,-2.0,1.93,AvgAHH/AvgAHA,2.5,1.44,2.8,AvgO/AvgU
2122,E0,2021-12-04,West Ham,Chelsea,3,2,A,0.5283207393992382,AvgH/AvgD/AvgA,0.03999428467513555,-0.75,2.08,AvgAHH/AvgAHA,2.5,2.06,1.8,AvgO/AvgU
2122,E0,2021-12-04,Wolves,Liverpool,0,1,A,0.6729266053196344,AvgH/AvgD/AvgA,0.039193121170379985,-1.25,1.96,AvgAHH/AvgAHA,2.5,1.7,2.21,AvgO/AvgU
2122,E0,2021-12-05,Aston Villa,Leicester,2,1,H,0.4060195057153843,AvgH/AvgD/AvgA,0.04361688932342034,-0.25,2.03,AvgAHH/AvgAHA,2.5,1.87,1.97,AvgO/AvgU
2122,E0,2021-12-05,Leeds,Brentford,2,2,H,0.4945287463365198,AvgH/AvgD/AvgA,0.042333577864465344,-0.5,1.94,AvgAHH/AvgAHA,2.5,1.92,1.92,AvgO/AvgU
2122,E0,2021-12-05,Man United,Crystal Palace,1,0,H,0.612556923616129,AvgH/AvgD/AvgA,0.039809772125583676,-1.0,1.99,AvgAHH/AvgAHA,2.5,1.77,2.09,AvgO/AvgU
2122,E0,2021-12-05,Tottenham,Norwich,3,0,H,0.6799476128362671,AvgH/AvgD/AvgA,0.043050736214305996,-1.25,1.95,AvgAHH/AvgAHA,2.5,1.84,2.0,AvgO/AvgU
2122,E0,2021-12-06,Everton,Arsenal,2,1,A,0.4439137961912721,AvgH/AvgD/AvgA,0.04291186021955262,-0.25,1.87,AvgAHH/AvgAHA,2.5,2.04,1.81,AvgO/AvgU
2122,E0,2021-12-10,Brentford,Watford,2,1,H,0.42098389533868374,AvgH/AvgD/AvgA,0.037287239589322674,-0.25,1.95,AvgAHH/AvgAHA,2.5,1.99,1.85,AvgO/AvgU
2122,E0,2021-12-11,Arsenal,Southampton,3,0,H,0.5772151898734177,AvgH/AvgD/AvgA,0.0373988864376511,-0.75,1.84,AvgAHH/AvgAHA,2.5,1.79,2.06,AvgO/AvgU
2122,E0,2021-12-11,Chelsea,Leeds,3,2,H,0.7536823629020314,AvgH/AvgD/AvgA,0.036577261794770166,-1.5,1.81,AvgAHH/AvgAHA,2.5,1.59,2.4,AvgO/AvgU
2122,E0,2021-12-11,Liverpool,Aston Villa,1,0,H,0.7795751538823611,AvgH/AvgD/AvgA,0.04288614899081922,-2.0,2.07,AvgAHH/AvgAHA,2.5,1.4,2.97,AvgO/AvgU
2122,E0,2021-12-11,Man City,Wolves,1,0,H,0.8333085082157675,AvgH/AvgD/AvgA,0.03451357692609447,-2.0,1.81,AvgAHH/AvgAHA,2.5,1.55,2.49,AvgO/AvgU
2122,E0,2021-12-11,Norwich,Man United,0,1,A,0.6637664889138367,AvgH/AvgD/AvgA,0.0390026973828097,-1.25,2.01,AvgAHH/AvgAHA,2.5,1.71,2.18,AvgO/AvgU
2122,E0,2021-12-12,Burnley,West Ham,0,0,A,0.46925139896225043,AvgH/AvgD/AvgA,0.03953846302336261,-0.5,2.05,AvgAHH/AvgAHA,2.5,1.84,2.0,AvgO/AvgU
2122,E0,2021-12-12,Crystal Palace,Everton,3,1,H,0.41964152609428573,AvgH/AvgD/AvgA,0.040605363276915885,-0.25,1.95,AvgAHH/AvgAHA,2.5,2.31,1.63,AvgO/AvgU
2122,E0,2021-12-12,Leicester,Newcastle,4,0,H,0.5493959396810993,AvgH/AvgD/AvgA,0.04010337564609778,-0.75,1.96,AvgAHH/AvgAHA,2.5,1.6,2.37,AvgO/AvgU
2122,E0,2021-12-14,Man City,Leeds,7,0,H,0.8364875555285097,AvgH/AvgD/AvgA,0.03954351937955081,-2.25,1.97,AvgAHH/AvgAHA,2.5,1.36,3.21,AvgO/AvgU
2122,E0,2021-12-14,Norwich,Aston Villa,0,2,A,0.41981894538937437,AvgH/AvgD/AvgA,0.040165594009602845,-0.25,1.95,AvgAHH/AvgAHA,2.5,2.14,1.74,AvgO/AvgU
2122,E0,2021-12-15,Arsenal,West Ham,2,0,H,0.4368010539395482,AvgH/AvgD/AvgA,0.040623529741670605,-0.25,1.91,AvgAHH/AvgAHA,2.5,1.83,2.02,AvgO/AvgU
2122,E0,2021-12-15,Brighton,Wolves,0,1,H,0.41294595501587295,AvgH/AvgD/AvgA,0.04380362011792194,-0.25,1.99,AvgAHH/AvgAHA,2.5,2.52,1.54,AvgO/AvgU
2122,E0,2021-12-15,Crystal Palace,Southampton,2,2,H,0.4485841035120148,AvgH/AvgD/AvgA,0.0416992398252749,-0.25,1.83,AvgAHH/AvgAHA,2.5,2.1,1.76,AvgO/AvgU
2122,E0,2021-12-16,Chelsea,Everton,1,1,H,0.7725489826054547,AvgH/AvgD/AvgA,0.04388411746195442,-1.75,2.03,AvgAHH/AvgAHA,2.5,1.71,2.16,AvgO/AvgU
2122,E0,2021-12-16,Liverpool,Newcastle,3,1,H,0.8547664296942821,AvgH/AvgD/AvgA,0.04456271542681467,-2.5,1.98,AvgAHH/AvgAHA,2.5,1.33,3.34,AvgO/AvgU
2122,E0,2021-12-18,Leeds,Arsenal,1,4,A,0.5009283263893385,AvgH/AvgD/AvgA,0.045179882714708075,-0.5,1.91,AvgAHH/AvgAHA,2.5,1.75,2.11,AvgO/AvgU
2122,E0,2021-12-19,Newcastle,Man City,0,4,A,0.8160166937046052,AvgH/AvgD/AvgA,0.038529767413582494,-2.0,1.85,AvgAHH/AvgAHA,2.5,1.46,2.75,AvgO/AvgU
2122,E0,2021-12-19,Tottenham,Liverpool,2,2,A,0.6023069052122414,AvgH/AvgD/AvgA,0.04420323288247818,-1.0,2.01,AvgAHH/AvgAHA,2.5,1.64,2.3,AvgO/AvgU
2122,E0,2021-12-19,Wolves,Chelsea,0,0,A,0.6067440048480651,AvgH/AvgD/AvgA,0.04312755848910399,-1.0,2.04,AvgAHH/AvgAHA,2.5,2.13,1.74,AvgO/AvgU
2122,E0,2021-12-26,Aston Villa,Chelsea,1,3,A,0.5653916772954715,AvgH/AvgD/AvgA,0.04040317135803484,-0.75,1.91,AvgAHH/AvgAHA,2.5,2.03,1.82,AvgO/AvgU
2122,E0,2021-12-26,Brighton,Brentford,2,0,H,0.49137709137709146,AvgH/AvgD/AvgA,0.0436394407059677,-0.5,1.95,AvgAHH/AvgAHA,2.5,2.19,1.69,AvgO/AvgU
2122,E0,2021-12-26,Man City,Leicester,6,3,H,0.8127976806792298,AvgH/AvgD/AvgA,0.0426427723199827,-2.0,1.82,AvgAHH/AvgAHA,2.5,1.39,3.01,AvgO/AvgU
2122,E0,2021-12-26,Norwich,Arsenal,0,5,A,0.6750399563546624,AvgH/AvgD/AvgA,0.043235064062904005,-1.25,1.96,AvgAHH/AvgAHA,2.5,1.78,2.07,AvgO/AvgU
2122,E0,2021-12-26,Tottenham,Crystal Palace,3,0,H,0.5584966912223749,AvgH/AvgD/AvgA,0.041000525114511355,-0.75,1.92,AvgAHH/AvgAHA,2.5,1.93,1.9,AvgO/AvgU
2122,E0,2021-12-26,West Ham,Southampton,2,3,H,0.51828890266584,AvgH/AvgD/AvgA,0.04293288503814807,-0.5,1.85,AvgAHH/AvgAHA,2.5,1.75,2.11,AvgO/AvgU
2122,E0,2021-12-27,Newcastle,Man United,1,1,A,0.6470957613814756,AvgH/AvgD/AvgA,0.04416643717953761,-1.25,2.06,AvgAHH/AvgAHA,2.5,1.61,2.33,AvgO/AvgU
2122,E0,2021-12-28,Crystal Palace,Norwich,3,0,H,0.5730749309392265,AvgH/AvgD/AvgA,0.03867411241064933,-0.75,1.89,AvgAHH/AvgAHA,2.5,2.14,1.73,AvgO/AvgU
2122,E0,2021-12-28,Leicester,Liverpool,1,0,A,0.7072495707659585,AvgH/AvgD/AvgA,0.039652971228710365,-1.5,1.93,AvgAHH/AvgAHA,2.5,1.32,3.41,AvgO/AvgU
2122,E0,2021-12-28,Southampton,Tottenham,1,1,A,0.469004891049986,AvgH/AvgD/AvgA,0.04008484209345031,-0.5,2.05,AvgAHH/AvgAHA,2.5,1.9,1.93,AvgO/AvgU
2122,E0,2021-12-28,Watford,West Ham,1,4,A,0.43758757415854277,AvgH/AvgD/AvgA,0.03875311226448974,-0.25,1.91,AvgAHH/AvgAHA,2.5,1.73,2.14,AvgO/AvgU
2122,E0,2021-12-29,Brentford,Man City,0,1,A,0.8237108418944735,AvgH/AvgD/AvgA,0.03762244131096604,-2.0,1.83,AvgAHH/AvgAHA,2.5,1.49,2.63,AvgO/AvgU
2122,E0,2021-12-29,Chelsea,Brighton,1,1,H,0.6699743731617112,AvgH/AvgD/AvgA,0.043772310275977944,-1.25,2.01,AvgAHH/AvgAHA,2.5,1.89,1.94,AvgO/AvgU
2122,E0,2021-12-30,Man United,Burnley,3,1,H,0.6953398818653527,AvgH/AvgD/AvgA,0.042134501497989696,-1.25,1.87,AvgAHH/AvgAHA,2.5,1.69,2.2,AvgO/AvgU
2122,E0,2022-01-01,Arsenal,Man City,1,2,A,0.6289102178735049,AvgH/AvgD/AvgA,0.039249725424703064,-1.0,1.87,AvgAHH/AvgAHA,2.5,1.58,2.4,AvgO/AvgU
2122,E0,2022-01-01,Crystal Palace,West Ham,2,3,A,0.41195396275560725,AvgH/AvgD/AvgA,0.0418264858659414,-0.25,2.01,AvgAHH/AvgAHA,2.5,1.87,1.97,AvgO/AvgU
2122,E0,2022-01-01,Watford,Tottenham,0,1,A,0.5906672843746505,AvgH/AvgD/AvgA,0.045062028906532214,-0.75,1.79,AvgAHH/AvgAHA,2.5,1.77,2.07,AvgO/AvgU
2122,E0,2022-01-02,Brentford,Aston Villa,2,1,A,0.39110655979834186,AvgH/AvgD/AvgA,0.04361140226483329,-0.25,2.1,AvgAHH/AvgAHA,2.5,2.07,1.77,AvgO/AvgU
2122,E0,2022-01-02,Chelsea,Liverpool,2,2,A,0.415378244064053,AvgH/AvgD/AvgA,0.04218369422756263,-0.25,1.99,AvgAHH/AvgAHA,2.5,1.79,2.05,AvgO/AvgU
2122,E0,2022-01-02,Everton,Brighton,2,3,A,0.3522147737113898,AvgH/AvgD/AvgA,0.043814985241888316,-0.0,1.92,AvgAHH/AvgAHA,2.5,2.23,1.67,AvgO/AvgU
2122,E0,2022-01-02,Leeds,Burnley,3,1,H,0.4706343387353678,AvgH/AvgD/AvgA,0.046695484996076786,-0.5,2.03,AvgAHH/AvgAHA,2.5,1.87,1.96,AvgO/AvgU
2122,E0,2022-01-03,Man United,Wolves,0,1,H,0.6132412271790555,AvgH/AvgD/AvgA,0.045307478713385585,-1.0,1.99,AvgAHH/AvgAHA,2.5,1.95,1.88,AvgO/AvgU
2122,E0,2022-01-11,Southampton,Brentford,4,1,H,0.45624675602789,AvgH/AvgD/AvgA,0.03876606907891822,-0.25,1.82,AvgAHH/AvgAHA,2.5,2.03,1.82,AvgO/AvgU
2122,E0,2022-01-12,West Ham,Norwich,2,0,H,0.7327345319690717,AvgH/AvgD/AvgA,0.04179446350724891,-1.5,1.91,AvgAHH/AvgAHA,2.5,1.66,2.24,AvgO/AvgU
2122,E0,2022-01-14,Brighton,Crystal Palace,1,1,H,0.45927846496537006,AvgH/AvgD/AvgA,0.036823000674288675,-0.25,1.79,AvgAHH/AvgAHA,2.5,2.18,1.71,AvgO/AvgU
2122,E0,2022-01-15,Aston Villa,Man United,2,2,A,0.3964829008286971,AvgH/AvgD/AvgA,0.04222184520992345,-0.25,2.11,AvgAHH/AvgAHA,2.5,1.87,1.97,AvgO/AvgU
2122,E0,2022-01-15,Man City,Chelsea,1,0,H,0.5591451292246521,AvgH/AvgD/AvgA,0.03979328165374674,-0.75,1.93,AvgAHH/AvgAHA,2.5,1.83,2.01,AvgO/AvgU
2122,E0,2022-01-15,Newcastle,Watford,1,1,H,0.46525856950458344,AvgH/AvgD/AvgA,0.04337012797160589,-0.5,2.06,AvgAHH/AvgAHA,2.5,1.79,2.05,AvgO/AvgU
2122,E0,2022-01-15,Norwich,Everton,2,1,A,0.46790000071900556,AvgH/AvgD/AvgA,0.042540879032245904,-0.5,2.04,AvgAHH/AvgAHA,2.5,2.07,1.77,AvgO/AvgU
2122,E0,2022-01-15,Wolves,Southampton,3,1,H,0.4138164787083256,AvgH/AvgD/AvgA,0.041607826019975924,-0.25,1.97,AvgAHH/AvgAHA,2.5,2.4,1.59,AvgO/AvgU
2122,E0,2022-01-16,Liverpool,Brentford,3,0,H,0.7401630349584575,AvgH/AvgD/AvgA,0.03927206966495311,-1.5,1.9,AvgAHH/AvgAHA,2.5,1.65,2.26,AvgO/AvgU
2122,E0,2022-01-16,West Ham,Leeds,2,3,H,0.5802990924263686,AvgH/AvgD/AvgA,0.04439351012341319,-1.0,2.12,AvgAHH/AvgAHA,2.5,1.62,2.31,AvgO/AvgU
2122,E0,2022-01-18,Brighton,Chelsea,1,1,A,0.5423611679442761,AvgH/AvgD/AvgA,0.041689163613712665,-0.75,2.0,AvgAHH/AvgAHA,2.5,2.1,1.75,AvgO/AvgU
2122,E0,2022-01-19,Brentford,Man United,1,3,A,0.5239683507336207,AvgH/AvgD/AvgA,0.04290285217914169,-0.5,1.83,AvgAHH/AvgAHA,2.5,1.89,1.94,AvgO/AvgU
2122,E0,2022-01-19,Leicester,Tottenham,2,3,A,0.4054534676941316,AvgH/AvgD/AvgA,0.045073842799088215,-0.25,2.03,AvgAHH/AvgAHA,2.5,1.78,2.06,AvgO/AvgU
2122,E0,2022-01-21,Watford,Norwich,0,3,H,0.46332415938733995,AvgH/AvgD/AvgA,0.04266479019443459,-0.5,2.07,AvgAHH/AvgAHA,2.5,1.9,1.93,AvgO/AvgU
2122,E0,2022-01-22,Brentford,Wolves,1,2,A,0.37667715157013754,AvgH/AvgD/AvgA,0.0451942353298469,-0.0,1.76,AvgAHH/AvgAHA,2.5,2.51,1.54,AvgO/AvgU
2122,E0,2022-01-22,Everton,Aston Villa,0,1,A,0.36025866153803265,AvgH/AvgD/AvgA,0.043527581041578944,-0.0,1.89,AvgAHH/AvgAHA,2.5,2.02,1.82,AvgO/AvgU
2122,E0,2022-01-22,Leeds,Newcastle,0,1,H,0.4775454342913524,AvgH/AvgD/AvgA,0.041811735775932446,-0.5,2.01,AvgAHH/AvgAHA,2.5,1.66,2.24,AvgO/AvgU
2122,E0,2022-01-22,Man United,West Ham,1,0,H,0.5012783550019039,AvgH/AvgD/AvgA,0.04445006292381248,-0.5,1.92,AvgAHH/AvgAHA,2.5,1.69,2.2,AvgO/AvgU
2122,E0,2022-01-22,Southampton,Man City,1,1,A,0.7483556449740772,AvgH/AvgD/AvgA,0.04395551132251052,-1.75,2.01,AvgAHH/AvgAHA,2.5,1.47,2.67,AvgO/AvgU
2122,E0,2022-01-23,Arsenal,Burnley,0,0,H,0.7027760746909221,AvgH/AvgD/AvgA,0.04627084519124813,-1.25,1.82,AvgAHH/AvgAHA,2.5,1.76,2.09,AvgO/AvgU
2122,E0,2022-01-23,Chelsea,Tottenham,2,0,H,0.566801944099966,AvgH/AvgD/AvgA,0.04395544597320744,-0.75,1.89,AvgAHH/AvgAHA,2.5,1.91,1.92,AvgO/AvgU
2122,E0,2022-01-23,Crystal Palace,Liverpool,1,3,A,0.6056793502140427,AvgH/AvgD/AvgA,0.04496115342449247,-1.0,1.99,AvgAHH/AvgAHA,2.5,1.71,2.15,AvgO/AvgU
2122,E0,2022-01-23,Leicester,Brighton,1,1,H,0.3748981902699696,AvgH/AvgD/AvgA,0.0460356249324656,0.0,1.85,AvgAHH/AvgAHA,2.5,1.95,1.88,AvgO/AvgU
2122,E0,2022-02-05,Burnley,Watford,0,0,H,0.4337509211495947,AvgH/AvgD/AvgA,0.04319937023660714,-0.25,1.88,AvgAHH/AvgAHA,2.5,2.09,1.76,AvgO/AvgU
2122,E0,2022-02-08,Burnley,Man United,1,1,A,0.5980111233694266,AvgH/AvgD/AvgA,0.03863956396453028,-1.0,2.05,AvgAHH/AvgAHA,2.5,1.83,2.0,AvgO/AvgU
2122,E0,2022-02-08,Newcastle,Everton,3,1,H,0.3815975162291843,AvgH/AvgD/AvgA,0.0399056072132995,0.0,1.82,AvgAHH/AvgAHA,2.5,1.89,1.94,AvgO/AvgU
2122,E0,2022-02-08,West Ham,Watford,1,0,H,0.6221689744948505,AvgH/AvgD/AvgA,0.03695509864727331,-1.0,1.93,AvgAHH/AvgAHA,2.5,1.77,2.08,AvgO/AvgU
2122,E0,2022-02-09,Aston Villa,Leeds,3,3,H,0.5327421555252387,AvgH/AvgD/AvgA,0.04282259211836692,-0.75,2.03,AvgAHH/AvgAHA,2.5,1.7,2.19,AvgO/AvgU
2122,E0,2022-02-09,Man City,Brentford,2,0,H,0.8631725887483089,AvgH/AvgD/AvgA,0.04370888585248278,-2.5,1.97,AvgAHH/AvgAHA,2.5,1.36,3.15,AvgO/AvgU
2122,E0,2022-02-09,Norwich,Crystal Palace,1,1,A,0.4402054292002935,AvgH/AvgD/AvgA,0.0420489296636084,-0.25,1.86,AvgAHH/AvgAHA,2.5,2.11,1.74,AvgO/AvgU
2122,E0,2022-02-09,Tottenham,Southampton,2,3,H,0.5956355463723197,AvgH/AvgD/AvgA,0.042781976672211286,-1.0,2.07,AvgAHH/AvgAHA,2.5,1.77,2.07,AvgO/AvgU
2122,E0,2022-02-10,Liverpool,Leicester,2,0,H,0.762152616414165,AvgH/AvgD/AvgA,0.041327913279132655,-1.75,1.86,AvgAHH/AvgAHA,2.5,1.33,3.33,AvgO/AvgU
2122,E0,2022-02-10,Wolves,Arsenal,0,1,A,0.43607765019825984,AvgH/AvgD/AvgA,0.04234980705568936,-0.25,1.87,AvgAHH/AvgAHA,2.5,2.31,1.63,AvgO/AvgU
2122,E0,2022-02-12,Brentford,Crystal Palace,0,0,H,0.3607763480931169,AvgH/AvgD/AvgA,0.042030198517973405,0.0,1.84,AvgAHH/AvgAHA,2.5,2.33,1.62,AvgO/AvgU
2122,E0,2022-02-12,Everton,Leeds,3,0,H,0.41437339140764207,AvgH/AvgD/AvgA,0.04020791801901247,-0.25,2.03,AvgAHH/AvgAHA,2.5,1.65,2.27,AvgO/AvgU
2122,E0,2022-02-12,Man United,Southampton,1,1,H,0.5959413384792632,AvgH/AvgD/AvgA,0.04224689968201134,-1.0,2.05,AvgAHH/AvgAHA,2.5,1.69,2.2,AvgO/AvgU
2122,E0,2022-02-12,Norwich,Man City,0,4,A,0.8240411848467305,AvgH/AvgD/AvgA,0.037206477561952056,-2.25,2.01,AvgAHH/AvgAHA,2.5,1.42,2.86,AvgO/AvgU
2122,E0,2022-02-12,Watford,Brighton,0,2,A,0.44786561440395634,AvgH/AvgD/AvgA,0.04337038744995536,-0.25,1.83,AvgAHH/AvgAHA,2.5,2.32,1.63,AvgO/AvgU
2122,E0,2022-02-13,Burnley,Liverpool,0,1,A,0.7436693398064579,AvgH/AvgD/AvgA,0.04239042401742532,-1.75,2.05,AvgAHH/AvgAHA,2.5,1.6,2.36,AvgO/AvgU
2122,E0,2022-02-13,Leicester,West Ham,2,2,A,0.39940498326515433,AvgH/AvgD/AvgA,0.043218497827436364,-0.25,2.08,AvgAHH/AvgAHA,2.5,1.67,2.23,AvgO/AvgU
2122,E0,2022-02-13,Newcastle,Aston Villa,1,0,A,0.36877285912473196,AvgH/AvgD/AvgA,0.04296011785751874,-0.0,1.9,AvgAHH/AvgAHA,2.5,1.82,2.02,AvgO/AvgU
2122,E0,2022-02-13,Tottenham,Wolves,0,2,H,0.5719435462728305,AvgH/AvgD/AvgA,0.040728755691130214,-0.75,1.88,AvgAHH/AvgAHA,2.5,2.18,1.71,AvgO/AvgU
2122,E0,2022-02-15,Man United,Brighton,2,0,H,0.5415865646196815,AvgH/AvgD/AvgA,0.037318481494274636,-0.75,2.01,AvgAHH/AvgAHA,2.5,1.89,1.94,AvgO/AvgU
2122,E0,2022-02-19,Arsenal,Brentford,2,1,H,0.6589966369869866,AvgH/AvgD/AvgA,0.03935508681941968,-1.25,2.07,AvgAHH/AvgAHA,2.5,1.96,1.88,AvgO/AvgU
2122,E0,2022-02-19,Aston Villa,Watford,0,1,H,0.5768263468180177,AvgH/AvgD/AvgA,0.03809820496721583,-0.75,1.86,AvgAHH/AvgAHA,2.5,1.97,1.87,AvgO/AvgU
2122,E0,2022-02-19,Brighton,Burnley,0,3,H,0.5757188789210057,AvgH/AvgD/AvgA,0.040095117832226634,-0.75,1.86,AvgAHH/AvgAHA,2.5,2.22,1.67,AvgO/AvgU
2122,E0,2022-02-19,Crystal Palace,Chelsea,0,1,A,0.5819885476314419,AvgH/AvgD/AvgA,0.04136173903615781,-0.75,1.83,AvgAHH/AvgAHA,2.5,2.01,1.83,AvgO/AvgU
2122,E0,2022-02-19,Liverpool,Norwich,3,1,H,0.8610224188635478,AvgH/AvgD/AvgA,0.036973165037460065,-2.5,1.94,AvgAHH/AvgAHA,2.5,1.34,3.25,AvgO/AvgU
2122,E0,2022-02-19,Man City,Tottenham,2,3,H,0.7469569780259124,AvgH/AvgD/AvgA,0.03780247223652067,-1.5,1.86,AvgAHH/AvgAHA,2.5,1.6,2.36,AvgO/AvgU
2122,E0,2022-02-19,Southampton,Everton,2,0,H,0.461835048557762,AvgH/AvgD/AvgA,0.04099771611227254,-0.5,2.08,AvgAHH/AvgAHA,2.5,1.8,2.04,AvgO/AvgU
2122,E0,2022-02-19,West Ham,Newcastle,1,1,H,0.5657825061377749,AvgH/AvgD/AvgA,0.039684486063633395,-0.75,1.88,AvgAHH/AvgAHA,2.5,1.8,2.03,AvgO/AvgU
2122,E0,2022-02-20,Leeds,Man United,2,4,A,0.5055199024638595,AvgH/AvgD/AvgA,0.04113762268996224,-0.5,1.91,AvgAHH/AvgAHA,2.5,1.63,2.3,AvgO/AvgU
2122,E0,2022-02-20,Wolves,Leicester,2,1,H,0.41913635439171437,AvgH/AvgD/AvgA,0.041859571788211536,-0.25,1.96,AvgAHH/AvgAHA,2.5,2.15,1.72,AvgO/AvgU
2122,E0,2022-02-23,Burnley,Tottenham,1,0,A,0.5378859861110685,AvgH/AvgD/AvgA,0.038620139402064435,-0.75,2.03,AvgAHH/AvgAHA,2.5,2.01,1.82,AvgO/AvgU
2122,E0,2022-02-23,Liverpool,Leeds,6,0,H,0.8315987608508458,AvgH/AvgD/AvgA,0.03664051234903254,-2.25,1.88,AvgAHH/AvgAHA,2.5,1.27,3.8,AvgO/AvgU
2122,E0,2022-02-23,Watford,Crystal Palace,1,4,A,0.4014869888475836,AvgH/AvgD/AvgA,0.037808641975308754,-0.25,2.04,AvgAHH/AvgAHA,2.5,2.2,1.69,AvgO/AvgU
2122,E0,2022-02-24,Arsenal,Wolves,2,1,H,0.5823333815237819,AvgH/AvgD/AvgA,0.04074508741837457,-0.75,1.85,AvgAHH/AvgAHA,2.5,2.23,1.67,AvgO/AvgU
2122,E0,2022-02-25,Southampton,Norwich,2,0,H,0.6250034490687515,AvgH/AvgD/AvgA,0.03895530547579362,-1.0,1.91,AvgAHH/AvgAHA,2.5,1.75,2.11,AvgO/AvgU
2122,E0,2022-02-26,Brentford,Newcastle,0,2,H,0.381112077829629,AvgH/AvgD/AvgA,0.041230178495660796,0.0,1.77,AvgAHH/AvgAHA,2.5,2.28,1.65,AvgO/AvgU
2122,E0,2022-02-26,Brighton,Aston Villa,0,2,H,0.4241309615450247,AvgH/AvgD/AvgA,0.03866181510653055,-0.25,1.92,AvgAHH/AvgAHA,2.5,2.15,1.72,AvgO/AvgU
2122,E0,2022-02-26,Crystal Palace,Burnley,1,1,H,0.4887130603823133,AvgH/AvgD/AvgA,0.03867535850355641,-0.5,1.97,AvgAHH/AvgAHA,2.5,2.28,1.65,AvgO/AvgU
2122,E0,2022-02-26,Everton,Man City,0,1,A,0.7525499173922344,AvgH/AvgD/AvgA,0.03813711482052673,-1.75,1.99,AvgAHH/AvgAHA,2.5,1.54,2.48,AvgO/AvgU
2122,E0,2022-02-26,Leeds,Tottenham,0,4,A,0.5178032589016295,AvgH/AvgD/AvgA,0.03829861894378017,-0.5,1.85,AvgAHH/AvgAHA,2.5,1.63,2.32,AvgO/AvgU
2122,E0,2022-02-26,Man United,Watford,0,0,H,0.7170753330378181,AvgH/AvgD/AvgA,0.0407116551547313,-1.5,1.98,AvgAHH/AvgAHA,2.5,1.64,2.28,AvgO/AvgU
2122,E0,2022-02-27,West Ham,Wolves,1,0,H,0.45586102380289284,AvgH/AvgD/AvgA,0.03964503333810132,-0.5,2.11,AvgAHH/AvgAHA,2.5,2.29,1.64,AvgO/AvgU
2122,E0,2022-03-01,Burnley,Leicester,0,2,A,0.382902063544055,AvgH/AvgD/AvgA,0.03636264885195595,-0.0,1.79,AvgAHH/AvgAHA,2.5,1.98,1.86,AvgO/AvgU
2122,E0,2022-03-05,Aston Villa,Southampton,4,0,H,0.4074188181650133,AvgH/AvgD/AvgA,0.04003250381945511,-0.25,2.03,AvgAHH/AvgAHA,2.5,1.83,2.0,AvgO/AvgU
2122,E0,2022-03-05,Burnley,Chelsea,0,4,A,0.639771243861503,AvgH/AvgD/AvgA,0.04203912423889111,-1.0,1.87,AvgAHH/AvgAHA,2.5,2.07,1.77,AvgO/AvgU
2122,E0,2022-03-05,Leicester,Leeds,1,0,H,0.5342805593143888,AvgH/AvgD/AvgA,0.03981989587730417,-0.75,2.01,AvgAHH/AvgAHA,2.5,1.54,2.5,AvgO/AvgU
2122,E0,2022-03-05,Liverpool,West Ham,1,0,H,0.7393735734212528,AvgH/AvgD/AvgA,0.040381745957405846,-1.5,1.85,AvgAHH/AvgAHA,2.5,1.5,2.61,AvgO/AvgU
2122,E0,2022-03-05,Newcastle,Brighton,2,1,A,0.3511107932307374,AvgH/AvgD/AvgA,0.0394539577989963,-0.0,1.93,AvgAHH/AvgAHA,2.5,2.26,1.66,AvgO/AvgU
2122,E0,2022-03-05,Norwich,Brentford,1,3,A,0.36944637709969186,AvgH/AvgD/AvgA,0.041058752923159636,-0.0,1.83,AvgAHH/AvgAHA,2.5,2.28,1.64,AvgO/AvgU
2122,E0,2022-03-05,Wolves,Crystal Palace,0,2,H,0.4062439776450183,AvgH/AvgD/AvgA,0.038639220490156,-0.25,2.0,AvgAHH/AvgAHA,2.5,2.54,1.53,AvgO/AvgU
2122,E0,2022-03-06,Man City,Man United,4,1,H,0.6818685366874977,AvgH/AvgD/AvgA,0.040112309040394756,-1.25,1.89,AvgAHH/AvgAHA,2.5,1.6,2.35,AvgO/AvgU
2122,E0,2022-03-06,Watford,Arsenal,2,3,A,0.6044194998677677,AvgH/AvgD/AvgA,0.04055348602693609,-1.0,2.04,AvgAHH/AvgAHA,2.5,2.02,1.82,AvgO/AvgU
2122,E0,2022-03-07,Tottenham,Everton,5,0,H,0.5963676330156213,AvgH/AvgD/AvgA,0.04150188245727704,-1.0,2.04,AvgAHH/AvgAHA,2.5,1.78,2.06,AvgO/AvgU
2122,E0,2022-03-10,Leeds,Aston Villa,0,3,A,0.3785950791324509,AvgH/AvgD/AvgA,0.039899378258530405,-0.0,1.87,AvgAHH/AvgAHA,2.5,1.69,2.19,AvgO/AvgU
2122,E0,2022-03-10,Norwich,Chelsea,1,3,A,0.7467297388618043,AvgH/AvgD/AvgA,0.038118288460285754,-1.5,1.89,AvgAHH/AvgAHA,2.5,1.72,2.15,AvgO/AvgU
2122,E0,2022-03-10,Southampton,Newcastle,1,2,H,0.48085613199285393,AvgH/AvgD/AvgA,0.03981204924601145,-0.5,1.99,AvgAHH/AvgAHA,2.5,1.79,2.04,AvgO/AvgU
2122,E0,2022-03-10,Wolves,Watford,4,0,H,0.5274169645192224,AvgH/AvgD/AvgA,0.04177640541276895,-0.75,2.08,AvgAHH/AvgAHA,2.5,2.33,1.62,AvgO/AvgU
2122,E0,2022-03-12,Brentford,Burnley,2,0,H,0.4378563072180646,AvgH/AvgD/AvgA,0.03811558050499486,-0.25,1.86,AvgAHH/AvgAHA,2.5,2.37,1.6,AvgO/AvgU
2122,E0,2022-03-12,Brighton,Liverpool,0,2,A,0.6293044135779341,AvgH/AvgD/AvgA,0.03859874035491373,-1.0,1.88,AvgAHH/AvgAHA,2.5,1.69,2.21,AvgO/AvgU
2122,E0,2022-03-12,Man United,Tottenham,3,2,H,0.4411088372093024,AvgH/AvgD/AvgA,0.03991477303506974,-0.25,1.89,AvgAHH/AvgAHA,2.5,1.74,2.13,AvgO/AvgU
2122,E0,2022-03-13,Arsenal,Leicester,2,0,H,0.6284313386968682,AvgH/AvgD/AvgA,0.04004165768871659,-1.0,1.86,AvgAHH/AvgAHA,2.5,1.63,2.31,AvgO/AvgU
2122,E0,2022-03-13,Chelsea,Newcastle,1,0,H,0.7236681189843274,AvgH/AvgD/AvgA,0.03898414138153283,-1.5,2.0,AvgAHH/AvgAHA,2.5,1.71,2.16,AvgO/AvgU
2122,E0,2022-03-13,Everton,Wolves,0,1,H,0.41623045684111226,AvgH/AvgD/AvgA,0.04004987089564205,-0.25,1.97,AvgAHH/AvgAHA,2.5,2.3,1.63,AvgO/AvgU
2122,E0,2022-03-13,Leeds,Norwich,2,1,H,0.6018256415974617,AvgH/AvgD/AvgA,0.03850676475170656,-1.0,1.99,AvgAHH/AvgAHA,2.5,1.67,2.23,AvgO/AvgU
2122,E0,2022-03-13,Southampton,Watford,1,2,H,0.5973339415076402,AvgH/AvgD/AvgA,0.03981704246487361,-1.0,2.06,AvgAHH/AvgAHA,2.5,1.81,2.02,AvgO/AvgU
2122,E0,2022-03-13,West Ham,Aston Villa,2,1,H,0.41270073385951617,AvgH/AvgD/AvgA,0.03994132829024277,-0.25,2.0,AvgAHH/AvgAHA,2.5,1.95,1.87,AvgO/AvgU
2122,E0,2022-03-14,Crystal Palace,Man City,0,0,A,0.7275798707841858,AvgH/AvgD/AvgA,0.04122693328395988,-1.5,1.93,AvgAHH/AvgAHA,2.5,1.68,2.22,AvgO/AvgU
2122,E0,2022-03-16,Arsenal,Liverpool,0,2,A,0.5024245581693583,AvgH/AvgD/AvgA,0.03663987929063328,-0.5,1.91,AvgAHH/AvgAHA,2.5,1.72,2.15,AvgO/AvgU
2122,E0,2022-03-16,Brighton,Tottenham,0,2,A,0.4184376575558035,AvgH/AvgD/AvgA,0.0390618550809303,-0.25,1.97,AvgAHH/AvgAHA,2.5,2.09,1.76,AvgO/AvgU
2122,E0,2022-03-17,Everton,Newcastle,1,0,H,0.40596915780651993,AvgH/AvgD/AvgA,0.03934232479585109,-0.25,2.03,AvgAHH/AvgAHA,2.5,1.98,1.85,AvgO/AvgU
2122,E0,2022-03-18,Wolves,Leeds,2,3,H,0.45160915111553757,AvgH/AvgD/AvgA,0.03472154732006083,-0.25,1.84,AvgAHH/AvgAHA,2.5,1.95,1.88,AvgO/AvgU
2122,E0,2022-03-19,Aston Villa,Arsenal,0,1,A,0.39991288896426525,AvgH/AvgD/AvgA,0.03757035791156227,-0.25,2.06,AvgAHH/AvgAHA,2.5,1.87,1.96,AvgO/AvgU
2122,E0,2022-03-20,Leicester,Brentford,2,1,H,0.4391721635514543,AvgH/AvgD/AvgA,0.03973120899478744,-0.25,1.88,AvgAHH/AvgAHA,2.5,1.9,1.93,AvgO/AvgU
2122,E0,2022-03-20,Tottenham,West Ham,3,1,H,0.5505083536476604,AvgH/AvgD/AvgA,0.03800163547436464,-0.75,1.95,AvgAHH/AvgAHA,2.5,1.73,2.13,AvgO/AvgU
2122,E0,2022-04-02,Brighton,Norwich,0,0,H,0.6394633180534945,AvgH/AvgD/AvgA,0.04254090554557255,-1.0,1.88,AvgAHH/AvgAHA,2.5,2.05,1.79,AvgO/AvgU
2122,E0,2022-04-02,Burnley,Man City,0,2,A,0.782761745343253,AvgH/AvgD/AvgA,0.038640601585332,-1.75,1.9,AvgAHH/AvgAHA,2.5,1.59,2.39,AvgO/AvgU
2122,E0,2022-04-02,Chelsea,Brentford,1,4,H,0.7117421341921663,AvgH/AvgD/AvgA,0.04074313596944501,-1.25,1.85,AvgAHH/AvgAHA,2.5,1.89,1.93,AvgO/AvgU
2122,E0,2022-04-02,Leeds,Southampton,1,1,H,0.3973751058425064,AvgH/AvgD/AvgA,0.0398818003955248,-0.25,2.08,AvgAHH/AvgAHA,2.5,1.63,2.31,AvgO/AvgU
2122,E0,2022-04-02,Liverpool,Watford,2,0,H,0.8528683927663167,AvgH/AvgD/AvgA,0.03762287325714575,-2.25,1.85,AvgAHH/AvgAHA,2.5,1.35,3.22,AvgO/AvgU
2122,E0,2022-04-02,Man United,Leicester,1,1,H,0.6330656077971302,AvgH/AvgD/AvgA,0.03922046741943963,-1.0,1.83,AvgAHH/AvgAHA,2.5,1.56,2.43,AvgO/AvgU
2122,E0,2022-04-02,Wolves,Aston Villa,2,1,A,0.3709268998525197,AvgH/AvgD/AvgA,0.04090694488293889,-0.0,1.79,AvgAHH/AvgAHA,2.5,2.38,1.6,AvgO/AvgU
2122,E0,2022-04-03,Tottenham,Newcastle,5,1,H,0.6330608858368493,AvgH/AvgD/AvgA,0.039228218897820355,-1.0,1.86,AvgAHH/AvgAHA,2.5,1.8,2.04,AvgO/AvgU
2122,E0,2022-04-03,West Ham,Everton,2,1,H,0.5357725218579659,AvgH/AvgD/AvgA,0.04271718889158782,-0.75,2.03,AvgAHH/AvgAHA,2.5,1.94,1.89,AvgO/AvgU
2122,E0,2022-04-04,Crystal Palace,Arsenal,3,0,A,0.48194263659490716,AvgH/AvgD/AvgA,0.04268127502579322,-0.5,1.99,AvgAHH/AvgAHA,2.5,2.13,1.73,AvgO/AvgU
2122,E0,2022-04-06,Burnley,Everton,3,2,H,0.37373296397132943,AvgH/AvgD/AvgA,0.04113122436694816,0.0,1.79,AvgAHH/AvgAHA,2.5,2.25,1.66,AvgO/AvgU
2122,E0,2022-04-08,Newcastle,Wolves,1,0,H,0.4165130893648195,AvgH/AvgD/AvgA,0.03934412616084648,-0.25,1.96,AvgAHH/AvgAHA,2.5,2.4,1.59,AvgO/AvgU
2122,E0,2022-04-09,Arsenal,Brighton,1,2,H,0.5828762222752206,AvgH/AvgD/AvgA,0.03977582700986959,-0.75,1.84,AvgAHH/AvgAHA,2.5,2.01,1.81,AvgO/AvgU
2122,E0,2022-04-09,Aston Villa,Tottenham,0,4,A,0.423715969156736,AvgH/AvgD/AvgA,0.03967909266662151,-0.25,1.96,AvgAHH/AvgAHA,2.5,1.85,1.98,AvgO/AvgU
2122,E0,2022-04-09,Everton,Man United,1,0,A,0.5346062052505967,AvgH/AvgD/AvgA,0.03918650793650791,-0.75,2.03,AvgAHH/AvgAHA,2.5,1.84,2.0,AvgO/AvgU
2122,E0,2022-04-09,Southampton,Chelsea,0,6,A,0.4980179251457308,AvgH/AvgD/AvgA,0.04039370646004237,-0.5,1.93,AvgAHH/AvgAHA,2.5,1.94,1.9,AvgO/AvgU
2122,E0,2022-04-09,Watford,Leeds,0,3,A,0.37203469292076885,AvgH/AvgD/AvgA,0.04182998682693162,-0.0,1.9,AvgAHH/AvgAHA,2.5,1.77,2.08,AvgO/AvgU
2122,E0,2022-04-10,Brentford,West Ham,2,0,H,0.35739344009428925,AvgH/AvgD/AvgA,0.04016238182165477,0.0,1.93,AvgAHH/AvgAHA,2.5,2.07,1.77,AvgO/AvgU
2122,E0,2022-04-10,Leicester,Crystal Palace,2,1,H,0.3985165258091854,AvgH/AvgD/AvgA,0.041205903553361845,-0.25,2.07,AvgAHH/AvgAHA,2.5,1.95,1.88,AvgO/AvgU
2122,E0,2022-04-10,Man City,Liverpool,2,2,H,0.4664554415610542,AvgH/AvgD/AvgA,0.040692957893910364,-0.5,2.06,AvgAHH/AvgAHA,2.5,1.7,2.18,AvgO/AvgU
2122,E0,2022-04-10,Norwich,Burnley,2,0,A,0.37531047104448995,AvgH/AvgD/AvgA,0.040804960524788214,-0.0,1.82,AvgAHH/AvgAHA,2.5,2.31,1.62,AvgO/AvgU
2122,E0,2022-04-16,Man United,Norwich,3,2,H,0.7759027746548547,AvgH/AvgD/AvgA,0.03937199253084289,-1.75,1.91,AvgAHH/AvgAHA,2.5,1.51,2.57,AvgO/AvgU
2122,E0,2022-04-16,Southampton,Arsenal,1,0,A,0.49263721552878187,AvgH/AvgD/AvgA,0.04096989966555187,-0.5,1.96,AvgAHH/AvgAHA,2.5,1.88,1.95,AvgO/AvgU
2122,E0,2022-04-16,Tottenham,Brighton,0,1,H,0.623102409290835,AvgH/AvgD/AvgA,0.042125081958338084,-1.0,1.93,AvgAHH/AvgAHA,2.5,1.87,1.95,AvgO/AvgU
2122,E0,2022-04-16,Watford,Brentford,1,2,A,0.37102604871180306,AvgH/AvgD/AvgA,0.04062878453122343,-0.0,1.83,AvgAHH/AvgAHA,2.5,2.12,1.74,AvgO/AvgU
2122,E0,2022-04-17,Newcastle,Leicester,2,1,H,0.4267319729546786,AvgH/AvgD/AvgA,0.041507251887233254,-0.25,1.93,AvgAHH/AvgAHA,2.5,1.93,1.9,AvgO/AvgU
2122,E0,2022-04-17,West Ham,Burnley,1,1,H,0.5584888167806235,AvgH/AvgD/AvgA,0.04101520275487203,-0.75,1.92,AvgAHH/AvgAHA,2.5,1.94,1.88,AvgO/AvgU
2122,E0,2022-04-19,Liverpool,Man United,4,0,H,0.6848613665636611,AvgH/AvgD/AvgA,0.035567039961076574,-1.5,2.09,AvgAHH/AvgAHA,2.5,1.5,2.6,AvgO/AvgU
2122,E0,2022-04-20,Chelsea,Arsenal,2,4,H,0.5142414437406005,AvgH/AvgD/AvgA,0.03989937955782352,-0.5,1.87,AvgAHH/AvgAHA,2.5,2.04,1.8,AvgO/AvgU
2122,E0,2022-04-20,Everton,Leicester,1,1,H,0.41511487996333013,AvgH/AvgD/AvgA,0.03834987268270629,-0.25,1.98,AvgAHH/AvgAHA,2.5,1.91,1.92,AvgO/AvgU
2122,E0,2022-04-20,Man City,Brighton,3,0,H,0.8030348681147114,AvgH/AvgD/AvgA,0.03772994974645849,-2.0,2.06,AvgAHH/AvgAHA,2.5,1.63,2.3,AvgO/AvgU
2122,E0,2022-04-20,Newcastle,Crystal Palace,1,0,H,0.4102073686329777,AvgH/AvgD/AvgA,0.04179120130040381,-0.25,1.99,AvgAHH/AvgAHA,2.5,2.21,1.69,AvgO/AvgU
2122,E0,2022-04-21,Burnley,Southampton,2,0,A,0.3688610363193848,AvgH/AvgD/AvgA,0.03871573499662695,-0.0,1.89,AvgAHH/AvgAHA,2.5,1.95,1.88,AvgO/AvgU
2122,E0,2022-04-23,Arsenal,Man United,3,1,H,0.45615389095992537,AvgH/AvgD/AvgA,0.03897754394193287,-0.25,1.83,AvgAHH/AvgAHA,2.5,1.81,2.03,AvgO/AvgU
2122,E0,2022-04-23,Brentford,Tottenham,0,0,A,0.5137551064463057,AvgH/AvgD/AvgA,0.040883782134551794,-0.5,1.87,AvgAHH/AvgAHA,2.5,1.86,1.97,AvgO/AvgU
2122,E0,2022-04-23,Leicester,Aston Villa,0,0,A,0.37871749944141964,AvgH/AvgD/AvgA,0.03956323112149396,-0.0,1.83,AvgAHH/AvgAHA,2.5,1.83,2.01,AvgO/AvgU
2122,E0,2022-04-23,Man City,Watford,5,1,H,0.8647001740577008,AvgH/AvgD/AvgA,0.04186506251447142,-2.5,1.99,AvgAHH/AvgAHA,2.5,1.38,3.03,AvgO/AvgU
2122,E0,2022-04-23,Norwich,Newcastle,0,3,A,0.44077345553115416,AvgH/AvgD/AvgA,0.04070603747564583,-0.25,1.87,AvgAHH/AvgAHA,2.5,1.95,1.88,AvgO/AvgU
2122,E0,2022-04-24,Brighton,Southampton,2,2,H,0.44285581585449685,AvgH/AvgD/AvgA,0.04058584439809221,-0.25,1.85,AvgAHH/AvgAHA,2.5,2.02,1.82,AvgO/AvgU
2122,E0,2022-04-24,Burnley,Wolves,1,0,H,0.35474389091184644,AvgH/AvgD/AvgA,0.04019744804737879,0.0,1.88,AvgAHH/AvgAHA,2.5,2.39,1.59,AvgO/AvgU
2122,E0,2022-04-24,Chelsea,West Ham,1,0,H,0.6292565601931328,AvgH/AvgD/AvgA,0.03867772318691021,-1.0,1.89,AvgAHH/AvgAHA,2.5,1.81,2.03,AvgO/AvgU
2122,E0,2022-04-24,Liverpool,Everton,2,0,H,0.8077598461409816,AvgH/AvgD/AvgA,0.04032917514832035,-2.0,1.94,AvgAHH/AvgAHA,2.5,1.44,2.77,AvgO/AvgU
2122,E0,2022-04-25,Crystal Palace,Leeds,0,0,H,0.4611222495933746,AvgH/AvgD/AvgA,0.0426068817828269,-0.5,2.08,AvgAHH/AvgAHA,2.5,1.83,2.0,AvgO/AvgU
2122,E0,2022-04-28,Man United,Chelsea,1,1,A,0.42734471469192165,AvgH/AvgD/AvgA,0.04001390251158288,-0.25,1.96,AvgAHH/AvgAHA,2.5,1.82,2.02,AvgO/AvgU
2122,E0,2022-04-30,Aston Villa,Norwich,2,0,H,0.6886694212099835,AvgH/AvgD/AvgA,0.03719679179412849,-1.25,1.88,AvgAHH/AvgAHA,2.5,1.69,2.19,AvgO/AvgU
2122,E0,2022-04-30,Leeds,Man City,0,4,A,0.7357688279020143,AvgH/AvgD/AvgA,0.03749812397272989,-1.5,1.85,AvgAHH/AvgAHA,2.5,1.47,2.68,AvgO/AvgU
2122,E0,2022-04-30,Newcastle,Liverpool,0,1,A,0.6802418020692677,AvgH/AvgD/AvgA,0.042599640302331654,-1.25,1.92,AvgAHH/AvgAHA,2.5,1.69,2.19,AvgO/AvgU
2122,E0,2022-04-30,Southampton,Crystal Palace,1,2,H,0.39915419774996413,AvgH/AvgD/AvgA,0.039542516839626174,-0.25,2.07,AvgAHH/AvgAHA,2.5,2.0,1.84,AvgO/AvgU
2122,E0,2022-04-30,Watford,Burnley,1,2,H,0.3591679063105436,AvgH/AvgD/AvgA,0.03888549561995003,0.0,1.91,AvgAHH/AvgAHA,2.5,2.07,1.78,AvgO/AvgU
2122,E0,2022-04-30,Wolves,Brighton,0,3,H,0.3494427505624443,AvgH/AvgD/AvgA,0.04061784956498338,0.0,1.9,AvgAHH/AvgAHA,2.5,2.49,1.54,AvgO/AvgU
2122,E0,2022-05-01,Everton,Chelsea,1,0,A,0.5424321403597991,AvgH/AvgD/AvgA,0.04155286786229073,-0.75,2.0,AvgAHH/AvgAHA,2.5,1.98,1.85,AvgO/AvgU
2122,E0,2022-05-01,Tottenham,Leicester,3,1,H,0.6594670585979934,AvgH/AvgD/AvgA,0.03861367739195076,-1.25,1.99,AvgAHH/AvgAHA,2.5,1.59,2.39,AvgO/AvgU
2122,E0,2022-05-01,West Ham,Arsenal,1,2,A,0.5375133348543804,AvgH/AvgD/AvgA,0.03934020172437824,-0.75,2.01,AvgAHH/AvgAHA,2.5,1.86,1.97,AvgO/AvgU
2122,E0,2022-05-02,Man United,Brentford,3,0,H,0.5447176347919681,AvgH/AvgD/AvgA,0.04307586516601636,-0.75,1.97,AvgAHH/AvgAHA,2.5,1.75,2.09,AvgO/AvgU
2122,E0,2022-05-07,Brentford,Southampton,3,0,H,0.4343778152198086,AvgH/AvgD/AvgA,0.04169382488797724,-0.25,1.9,AvgAHH/AvgAHA,2.5,1.93,1.9,AvgO/AvgU
2122,E0,2022-05-07,Brighton,Man United,4,0,A,0.3761559610097475,AvgH/AvgD/AvgA,0.03846553156146193,-0.0,1.86,AvgAHH/AvgAHA,2.5,1.93,1.9,AvgO/AvgU
2122,E0,2022-05-07,Burnley,Aston Villa,1,3,A,0.39081754805999575,AvgH/AvgD/AvgA,0.04013769867428407,-0.25,2.1,AvgAHH/AvgAHA,2.5,2.04,1.79,AvgO/AvgU
2122,E0,2022-05-07,Chelsea,Wolves,2,2,H,0.7061550370583473,AvgH/AvgD/AvgA,0.04126442361736471,-1.25,1.85,AvgAHH/AvgAHA,2.5,1.89,1.94,AvgO/AvgU
2122,E0,2022-05-07,Crystal Palace,Watford,1,0,H,0.5683603024436571,AvgH/AvgD/AvgA,0.041093077379413145,-0.75,1.89,AvgAHH/AvgAHA,2.5,1.95,1.88,AvgO/AvgU
2122,E0,2022-05-07,Liverpool,Tottenham,1,1,H,0.659138695734643,AvgH/AvgD/AvgA,0.03913108315682279,-1.25,2.01,AvgAHH/AvgAHA,2.5,1.55,2.47,AvgO/AvgU
2122,E0,2022-05-08,Arsenal,Leeds,2,1,H,0.658244812565064,AvgH/AvgD/AvgA,0.040542202194131516,-1.25,2.01,AvgAHH/AvgAHA,2.5,1.58,2.41,AvgO/AvgU
2122,E0,2022-05-08,Leicester,Everton,1,2,H,0.36851686934043676,AvgH/AvgD/AvgA,0.03968581719975495,0.0,1.88,AvgAHH/AvgAHA,2.5,1.98,1.85,AvgO/AvgU
2122,E0,2022-05-08,Man City,Newcastle,5,0,H,0.817382618629942,AvgH/AvgD/AvgA,0.036794284345209594,-2.0,1.86,AvgAHH/AvgAHA,2.5,1.48,2.68,AvgO/AvgU
2122,E0,2022-05-08,Norwich,West Ham,0,4,A,0.5343153259886004,AvgH/AvgD/AvgA,0.039752237178778405,-0.75,2.03,AvgAHH/AvgAHA,2.5,1.83,2.01,AvgO/AvgU
2122,E0,2022-05-10,Aston Villa,Liverpool,1,2,A,0.6698706204019504,AvgH/AvgD/AvgA,0.036684433223461266,-1.25,1.94,AvgAHH/AvgAHA,2.5,1.63,2.31,AvgO/AvgU
2122,E0,2022-05-11,Leeds,Chelsea,0,3,A,0.5760962740414625,AvgH/AvgD/AvgA,0.03941376153820464,-0.75,1.84,AvgAHH/AvgAHA,2.5,1.64,2.28,AvgO/AvgU
2122,E0,2022-05-11,Leicester,Norwich,3,0,H,0.6671088459121691,AvgH/AvgD/AvgA,0.040976219547648185,-1.25,1.95,AvgAHH/AvgAHA,2.5,1.61,2.34,AvgO/AvgU
2122,E0,2022-05-11,Watford,Everton,0,0,A,0.5135792115211993,AvgH/AvgD/AvgA,0.041240272761111196,-0.5,1.87,AvgAHH/AvgAHA,2.5,1.91,1.92,AvgO/AvgU
2122,E0,2022-05-11,Wolves,Man City,1,5,A,0.7619088016967125,AvgH/AvgD/AvgA,0.041661143542893964,-1.75,1.99,AvgAHH/AvgAHA,2.5,1.66,2.24,AvgO/AvgU
2122,E0,2022-05-12,Tottenham,Arsenal,3,0,H,0.4527402700555997,AvgH/AvgD/AvgA,0.04187355180403829,-0.25,1.83,AvgAHH/AvgAHA,2.5,1.78,2.05,AvgO/AvgU
2122,E0,2022-05-15,Aston Villa,Crystal Palace,1,1,H,0.4655981616703942,AvgH/AvgD/AvgA,0.042609127712865735,-0.5,2.05,AvgAHH/AvgAHA,2.5,1.89,1.94,AvgO/AvgU
2122,E0,2022-05-15,Everton,Brentford,2,3,H,0.4573623606270188,AvgH/AvgD/AvgA,0.04116673601571641,-0.25,1.82,AvgAHH/AvgAHA,2.5,1.99,1.84,AvgO/AvgU
2122,E0,2022-05-15,Leeds,Brighton,1,1,A,0.3677815475282046,AvgH/AvgD/AvgA,0.04176450674900911,-0.0,1.91,AvgAHH/AvgAHA,2.5,1.84,1.99,AvgO/AvgU
2122,E0,2022-05-15,Tottenham,Burnley,1,0,H,0.715772932626203,AvgH/AvgD/AvgA,0.04260530497894721,-1.5,1.99,AvgAHH/AvgAHA,2.5,1.58,2.39,AvgO/AvgU
2122,E0,2022-05-15,Watford,Leicester,1,5,A,0.4756609746942129,AvgH/AvgD/AvgA,0.04076123812500354,-0.5,2.02,AvgAHH/AvgAHA,2.5,1.77,2.08,AvgO/AvgU
2122,E0,2022-05-15,West Ham,Man City,2,2,A,0.6955702734386742,AvgH/AvgD/AvgA,0.04178931853577694,-1.5,2.06,AvgAHH/AvgAHA,2.5,1.54,2.47,AvgO/AvgU
2122,E0,2022-05-15,Wolves,Norwich,1,1,H,0.6578269620895144,AvgH/AvgD/AvgA,0.04120315268578545,-1.25,2.04,AvgAHH/AvgAHA,2.5,1.83,2.0,AvgO/AvgU
2122,E0,2022-05-16,Newcastle,Arsenal,2,0,A,0.5089121081745543,AvgH/AvgD/AvgA,0.0451999177716107,-0.5,1.89,AvgAHH/AvgAHA,2.5,1.85,1.97,AvgO/AvgU
2122,E0,2022-05-17,Southampton,Liverpool,1,2,A,0.7040431094445821,AvgH/AvgD/AvgA,0.03676464907824695,-1.5,1.97,AvgAHH/AvgAHA,2.5,1.44,2.79,AvgO/AvgU
2122,E0,2022-05-19,Aston Villa,Burnley,1,1,H,0.4695063268579577,AvgH/AvgD/AvgA,0.03897402472354505,-0.5,2.04,AvgAHH/AvgAHA,2.5,1.95,1.87,AvgO/AvgU
2122,E0,2022-05-19,Chelsea,Leicester,1,1,H,0.6942456144933973,AvgH/AvgD/AvgA,0.04377711004800622,-1.25,1.83,AvgAHH/AvgAHA,2.5,1.63,2.3,AvgO/AvgU
2122,E0,2022-05-19,Everton,Crystal Palace,3,2,H,0.4924386890771209,AvgH/AvgD/AvgA,0.041389566245474185,-0.5,1.95,AvgAHH/AvgAHA,2.5,2.04,1.79,AvgO/AvgU
2122,E0,2022-05-22,Arsenal,Everton,5,1,H,0.702409035334297,AvgH/AvgD/AvgA,0.03917656319992591,-1.5,2.03,AvgAHH/AvgAHA,2.5,1.57,2.42,AvgO/AvgU
2122,E0,2022-05-22,Brentford,Leeds,1,2,H,0.3992403685506491,AvgH/AvgD/AvgA,0.03931814521271049,0.0,1.79,AvgAHH/AvgAHA,2.5,1.6,2.36,AvgO/AvgU
2122,E0,2022-05-22,Brighton,West Ham,3,1,H,0.4004787843042016,AvgH/AvgD/AvgA,0.04042132316844249,-0.25,2.07,AvgAHH/AvgAHA,2.5,1.76,2.08,AvgO/AvgU
2122,E0,2022-05-22,Burnley,Newcastle,1,2,H,0.4286493943574428,AvgH/AvgD/AvgA,0.04147720095995955,-0.25,1.94,AvgAHH/AvgAHA,2.5,1.92,1.91,AvgO/AvgU
2122,E0,2022-05-22,Chelsea,Watford,2,1,H,0.8232803086664169,AvgH/AvgD/AvgA,0.03816506444243051,-2.0,1.83,AvgAHH/AvgAHA,2.5,1.44,2.78,AvgO/AvgU
2122,E0,2022-05-22,Crystal Palace,Man United,1,0,A,0.4272480795300497,AvgH/AvgD/AvgA,0.040249133321581754,-0.25,1.95,AvgAHH/AvgAHA,2.5,1.74,2.12,AvgO/AvgU
2122,E0,2022-05-22,Leicester,Southampton,4,1,H,0.5118891704235085,AvgH/AvgD/AvgA,0.03912120894635196,-0.5,1.87,AvgAHH/AvgAHA,2.5,1.58,2.39,AvgO/AvgU
2122,E0,2022-05-22,Liverpool,Wolves,3,1,H,0.8305159028299524,AvgH/AvgD/AvgA,0.03799212342566016,-2.0,1.78,AvgAHH/AvgAHA,2.5,1.43,2.82,AvgO/AvgU
2122,E0,2022-05-22,Man City,Aston Villa,3,2,H,0.8295961532473655,AvgH/AvgD/AvgA,0.039142915673806566,-2.0,1.82,AvgAHH/AvgAHA,2.5,1.43,2.81,AvgO/AvgU
2122,E0,2022-05-22,Norwich,Tottenham,0,5,A,0.7645555862752763,AvgH/AvgD/AvgA,0.038055058255818786,-1.75,1.9,AvgAHH/AvgAHA,2.5,1.44,2.79,AvgO/AvgU
2223,E0,2022-08-05,Crystal Palace,Arsenal,0,2,A,0.512315318976026,AvgH/AvgD/AvgA,0.03825685845226978,-0.5,1.87,AvgAHH/AvgAHA,2.5,2.09,1.76,AvgO/AvgU
2223,E0,2022-08-06,Bournemouth,Aston Villa,2,0,A,0.47176503972758227,AvgH/AvgD/AvgA,0.03906825888250043,-0.5,2.04,AvgAHH/AvgAHA,2.5,2.03,1.8,AvgO/AvgU
2223,E0,2022-08-06,Everton,Chelsea,0,1,A,0.5897658102715522,AvgH/AvgD/AvgA,0.04023821291515439,-0.75,1.8,AvgAHH/AvgAHA,2.5,1.99,1.84,AvgO/AvgU
2223,E0,2022-08-06,Fulham,Liverpool,2,2,A,0.7529895006494852,AvgH/AvgD/AvgA,0.037531066935380775,-1.75,1.99,AvgAHH/AvgAHA,2.5,1.48,2.63,AvgO/AvgU
2223,E0,2022-08-06,Leeds,Wolves,2,1,H,0.41043357291908183,AvgH/AvgD/AvgA,0.04121703376024932,-0.25,2.01,AvgAHH/AvgAHA,2.5,2.03,1.81,AvgO/AvgU
2223,E0,2022-08-06,Newcastle,Nott'm Forest,2,0,H,0.5749458764216777,AvgH/AvgD/AvgA,0.04149350359094717,-0.75,1.86,AvgAHH/AvgAHA,2.5,2.03,1.81,AvgO/AvgU
2223,E0,2022-08-06,Tottenham,Southampton,4,1,H,0.7064781599493564,AvgH/AvgD/AvgA,0.04078817907091148,-1.5,2.03,AvgAHH/AvgAHA,2.5,1.61,2.34,AvgO/AvgU
2223,E0,2022-08-07,Leicester,Brentford,2,2,H,0.47340928312024283,AvgH/AvgD/AvgA,0.04056015587954542,-0.5,2.02,AvgAHH/AvgAHA,2.5,1.77,2.08,AvgO/AvgU
2223,E0,2022-08-07,Man United,Brighton,1,2,H,0.5919957582405014,AvgH/AvgD/AvgA,0.04271684724894431,-1.0,2.09,AvgAHH/AvgAHA,2.5,1.89,1.93,AvgO/AvgU
2223,E0,2022-08-07,West Ham,Man City,0,2,A,0.7014512396641127,AvgH/AvgD/AvgA,0.040595505467768245,-1.5,2.04,AvgAHH/AvgAHA,2.5,1.54,2.47,AvgO/AvgU
2223,E0,2022-08-13,Arsenal,Leicester,4,2,H,0.6206116580414434,AvgH/AvgD/AvgA,0.039557156174945485,-1.0,1.91,AvgAHH/AvgAHA,2.5,1.69,2.21,AvgO/AvgU
2223,E0,2022-08-13,Aston Villa,Everton,2,1,H,0.5305173226274335,AvgH/AvgD/AvgA,0.03568823488995143,-0.5,1.81,AvgAHH/AvgAHA,2.5,2.08,1.77,AvgO/AvgU
2223,E0,2022-08-13,Brentford,Man United,4,0,A,0.4754603617710201,AvgH/AvgD/AvgA,0.04120037074490979,-0.5,2.03,AvgAHH/AvgAHA,2.5,1.82,2.02,AvgO/AvgU
2223,E0,2022-08-13,Brighton,Newcastle,0,0,H,0.39403183542571085,AvgH/AvgD/AvgA,0.04010901842736847,-0.25,2.07,AvgAHH/AvgAHA,2.5,2.13,1.73,AvgO/AvgU
2223,E0,2022-08-13,Man City,Bournemouth,4,0,H,0.8987958827212377,AvgH/AvgD/AvgA,0.03981277308787701,-2.75,1.87,AvgAHH/AvgAHA,2.5,1.33,3.35,AvgO/AvgU
2223,E0,2022-08-13,Southampton,Leeds,2,2,H,0.4150487103394085,AvgH/AvgD/AvgA,0.03851541282019588,-0.25,2.0,AvgAHH/AvgAHA,2.5,1.73,2.13,AvgO/AvgU
2223,E0,2022-08-13,Wolves,Fulham,0,0,H,0.40102468560782495,AvgH/AvgD/AvgA,0.039005032907471815,-0.25,2.04,AvgAHH/AvgAHA,2.5,2.11,1.75,AvgO/AvgU
2223,E0,2022-08-14,Chelsea,Tottenham,2,2,H,0.42032819583645786,AvgH/AvgD/AvgA,0.03890537687680706,-0.25,1.96,AvgAHH/AvgAHA,2.5,1.94,1.89,AvgO/AvgU
2223,E0,2022-08-14,Nott'm Forest,West Ham,1,0,A,0.5067693142059696,AvgH/AvgD/AvgA,0.03857075541036048,-0.5,1.89,AvgAHH/AvgAHA,2.5,1.9,1.93,AvgO/AvgU
2223,E0,2022-08-15,Liverpool,Crystal Palace,1,1,H,0.8008541164762863,AvgH/AvgD/AvgA,0.04055572193342005,-2.0,2.0,AvgAHH/AvgAHA,2.5,1.55,2.46,AvgO/AvgU
2223,E0,2022-08-20,Bournemouth,Arsenal,0,3,A,0.670608312894592,AvgH/AvgD/AvgA,0.04278561099587397,-1.25,1.97,AvgAHH/AvgAHA,2.5,1.76,2.09,AvgO/AvgU
2223,E0,2022-08-20,Crystal Palace,Aston Villa,3,1,H,0.3805899143672693,AvgH/AvgD/AvgA,0.04265873015873001,0.0,1.78,AvgAHH/AvgAHA,2.5,2.19,1.69,AvgO/AvgU
2223,E0,2022-08-20,Everton,Nott'm Forest,1,1,H,0.487207939684943,AvgH/AvgD/AvgA,0.04188411528396352,-0.5,1.98,AvgAHH/AvgAHA,2.5,2.06,1.78,AvgO/AvgU
2223,E0,2022-08-20,Fulham,Brentford,3,2,H,0.3903560204512407,AvgH/AvgD/AvgA,0.04136747928402129,-0.25,2.11,AvgAHH/AvgAHA,2.5,1.93,1.9,AvgO/AvgU
2223,E0,2022-08-20,Leicester,Southampton,1,2,H,0.5188493841806621,AvgH/AvgD/AvgA,0.04180626790977482,-0.5,1.84,AvgAHH/AvgAHA,2.5,1.63,2.29,AvgO/AvgU
2223,E0,2022-08-20,Tottenham,Wolves,1,0,H,0.6820956220631721,AvgH/AvgD/AvgA,0.03976603164643122,-1.25,1.91,AvgAHH/AvgAHA,2.5,1.73,2.14,AvgO/AvgU
2223,E0,2022-08-21,Leeds,Chelsea,3,0,A,0.6206284743632451,AvgH/AvgD/AvgA,0.039528988715037405,-1.0,1.9,AvgAHH/AvgAHA,2.5,1.68,2.21,AvgO/AvgU
2223,E0,2022-08-21,Newcastle,Man City,3,3,A,0.7012042929744565,AvgH/AvgD/AvgA,0.04096197729048967,-1.25,1.83,AvgAHH/AvgAHA,2.5,1.65,2.26,AvgO/AvgU
2223,E0,2022-08-21,West Ham,Brighton,0,2,H,0.4133588640873399,AvgH/AvgD/AvgA,0.04276095230304788,-0.25,2.0,AvgAHH/AvgAHA,2.5,1.96,1.85,AvgO/AvgU
2223,E0,2022-08-22,Man United,Liverpool,2,1,A,0.5981540200295105,AvgH/AvgD/AvgA,0.04488138350915882,-1.0,1.99,AvgAHH/AvgAHA,2.5,1.5,2.58,AvgO/AvgU
2223,E0,2022-08-27,Arsenal,Fulham,2,1,H,0.7306736779974781,AvgH/AvgD/AvgA,0.036818186268881004,-1.5,1.86,AvgAHH/AvgAHA,2.5,1.49,2.62,AvgO/AvgU
2223,E0,2022-08-27,Brentford,Everton,1,1,H,0.46727246100377556,AvgH/AvgD/AvgA,0.03887332063414961,-0.5,2.05,AvgAHH/AvgAHA,2.5,2.04,1.8,AvgO/AvgU
2223,E0,2022-08-27,Brighton,Leeds,1,0,H,0.5038198054824656,AvgH/AvgD/AvgA,0.03918147664463967,-0.5,1.9,AvgAHH/AvgAHA,2.5,1.82,2.01,AvgO/AvgU
2223,E0,2022-08-27,Chelsea,Leicester,2,1,H,0.6771112239418767,AvgH/AvgD/AvgA,0.040043832109223576,-1.25,1.92,AvgAHH/AvgAHA,2.5,1.64,2.28,AvgO/AvgU
2223,E0,2022-08-27,Liverpool,Bournemouth,9,0,H,0.8675608569379166,AvgH/AvgD/AvgA,0.03842963141589739,-2.5,1.89,AvgAHH/AvgAHA,2.5,1.36,3.16,AvgO/AvgU
2223,E0,2022-08-27,Man City,Crystal Palace,4,2,H,0.8094280926099756,AvgH/AvgD/AvgA,0.03818503722071709,-2.0,1.9,AvgAHH/AvgAHA,2.5,1.45,2.77,AvgO/AvgU
2223,E0,2022-08-27,Southampton,Man United,0,1,A,0.5362230979084571,AvgH/AvgD/AvgA,0.03605301174549336,-0.75,2.01,AvgAHH/AvgAHA,2.5,1.59,2.39,AvgO/AvgU
2223,E0,2022-08-28,Aston Villa,West Ham,0,1,H,0.4177415895581838,AvgH/AvgD/AvgA,0.04079320700505673,-0.25,1.97,AvgAHH/AvgAHA,2.5,1.88,1.95,AvgO/AvgU
2223,E0,2022-08-28,Nott'm Forest,Tottenham,0,2,A,0.6532262504052311,AvgH/AvgD/AvgA,0.04140350823551309,-1.25,2.06,AvgAHH/AvgAHA,2.5,1.74,2.12,AvgO/AvgU
2223,E0,2022-08-28,Wolves,Newcastle,1,1,A,0.35586694188631307,AvgH/AvgD/AvgA,0.04075520026440271,-0.0,1.91,AvgAHH/AvgAHA,2.5,2.11,1.75,AvgO/AvgU
2223,E0,2022-08-30,Crystal Palace,Brentford,1,1,H,0.4590206520327315,AvgH/AvgD/AvgA,0.03740534131026485,-0.5,2.08,AvgAHH/AvgAHA,2.5,2.09,1.77,AvgO/AvgU
2223,E0,2022-08-30,Fulham,Brighton,2,1,A,0.4129877910616285,AvgH/AvgD/AvgA,0.03921849179356918,-0.25,1.99,AvgAHH/AvgAHA,2.5,2.01,1.83,AvgO/AvgU
2223,E0,2022-08-30,Leeds,Everton,1,1,H,0.4508694573009593,AvgH/AvgD/AvgA,0.036419105484557734,-0.25,1.84,AvgAHH/AvgAHA,2.5,1.84,1.99,AvgO/AvgU
2223,E0,2022-08-30,Southampton,Chelsea,2,1,A,0.5838643586558472,AvgH/AvgD/AvgA,0.03801610267127509,-0.75,1.82,AvgAHH/AvgAHA,2.5,1.75,2.11,AvgO/AvgU
2223,E0,2022-08-31,Arsenal,Aston Villa,2,1,H,0.6546667986369357,AvgH/AvgD/AvgA,0.03911197308296965,-1.25,2.04,AvgAHH/AvgAHA,2.5,1.75,2.11,AvgO/AvgU
2223,E0,2022-08-31,Bournemouth,Wolves,0,0,A,0.4442566183862679,AvgH/AvgD/AvgA,0.04210707010881354,-0.25,1.86,AvgAHH/AvgAHA,2.5,2.11,1.75,AvgO/AvgU
2223,E0,2022-08-31,Liverpool,Newcastle,2,1,H,0.7340976804487428,AvgH/AvgD/AvgA,0.039859951824564366,-1.5,1.86,AvgAHH/AvgAHA,2.5,1.49,2.61,AvgO/AvgU
2223,E0,2022-08-31,Man City,Nott'm Forest,6,0,H,0.8936853169469599,AvgH/AvgD/AvgA,0.03607601956481443,-3.0,2.01,AvgAHH/AvgAHA,2.5,1.24,4.07,AvgO/AvgU
2223,E0,2022-08-31,West Ham,Tottenham,1,1,A,0.4782052772288737,AvgH/AvgD/AvgA,0.04037421061924218,-0.5,2.01,AvgAHH/AvgAHA,2.5,1.75,2.1,AvgO/AvgU
2223,E0,2022-09-01,Leicester,Man United,0,1,A,0.4650416107382551,AvgH/AvgD/AvgA,0.03881411100547272,-0.5,2.06,AvgAHH/AvgAHA,2.5,1.63,2.3,AvgO/AvgU
2223,E0,2022-09-03,Aston Villa,Man City,1,1,A,0.7188279292648511,AvgH/AvgD/AvgA,0.038174264430196114,-1.5,1.95,AvgAHH/AvgAHA,2.5,1.52,2.54,AvgO/AvgU
2223,E0,2022-09-03,Brentford,Leeds,5,2,H,0.4432410988057588,AvgH/AvgD/AvgA,0.039681325421284,-0.25,1.88,AvgAHH/AvgAHA,2.5,1.75,2.1,AvgO/AvgU
2223,E0,2022-09-03,Chelsea,West Ham,2,1,H,0.6207596793185873,AvgH/AvgD/AvgA,0.03930927187600064,-1.0,1.9,AvgAHH/AvgAHA,2.5,1.74,2.12,AvgO/AvgU
2223,E0,2022-09-03,Everton,Liverpool,0,0,A,0.6864077432600885,AvgH/AvgD/AvgA,0.04061430148386669,-1.25,1.86,AvgAHH/AvgAHA,2.5,1.58,2.4,AvgO/AvgU
2223,E0,2022-09-03,Newcastle,Crystal Palace,0,0,H,0.46980247264459296,AvgH/AvgD/AvgA,0.038319094624702954,-0.5,2.04,AvgAHH/AvgAHA,2.5,2.05,1.79,AvgO/AvgU
2223,E0,2022-09-03,Nott'm Forest,Bournemouth,2,3,H,0.47587033544270324,AvgH/AvgD/AvgA,0.04030335173120081,-0.5,2.02,AvgAHH/AvgAHA,2.5,2.1,1.75,AvgO/AvgU
2223,E0,2022-09-03,Tottenham,Fulham,2,1,H,0.6450199815554873,AvgH/AvgD/AvgA,0.04049635482429026,-1.25,2.05,AvgAHH/AvgAHA,2.5,1.62,2.32,AvgO/AvgU
2223,E0,2022-09-03,Wolves,Southampton,1,0,H,0.4289091267255618,AvgH/AvgD/AvgA,0.040846518787695185,-0.25,1.91,AvgAHH/AvgAHA,2.5,2.02,1.81,AvgO/AvgU
2223,E0,2022-09-04,Brighton,Leicester,5,2,H,0.5150480717992771,AvgH/AvgD/AvgA,0.03827077037806026,-0.5,1.86,AvgAHH/AvgAHA,2.5,1.97,1.86,AvgO/AvgU
2223,E0,2022-09-04,Man United,Arsenal,3,1,H,0.36863106558237757,AvgH/AvgD/AvgA,0.03936373850317021,0.0,1.91,AvgAHH/AvgAHA,2.5,1.7,2.18,AvgO/AvgU
2223,E0,2022-09-16,Aston Villa,Southampton,1,0,H,0.4573623606270188,AvgH/AvgD/AvgA,0.04116673601571641,-0.25,1.81,AvgAHH/AvgAHA,2.5,1.84,1.99,AvgO/AvgU
2223,E0,2022-09-16,Nott'm Forest,Fulham,2,3,A,0.3744654832501754,AvgH/AvgD/AvgA,0.039094591545578705,-0.0,1.86,AvgAHH/AvgAHA,2.5,1.88,1.94,AvgO/AvgU
2223,E0,2022-09-17,Newcastle,Bournemouth,1,1,H,0.6545459949472432,AvgH/AvgD/AvgA,0.039303752669616054,-1.25,2.05,AvgAHH/AvgAHA,2.5,1.82,2.01,AvgO/AvgU
2223,E0,2022-09-17,Tottenham,Leicester,6,2,H,0.6464095713934389,AvgH/AvgD/AvgA,0.038259594687875875,-1.25,2.04,AvgAHH/AvgAHA,2.5,1.59,2.39,AvgO/AvgU
2223,E0,2022-09-17,Wolves,Man City,0,3,A,0.7195086053783794,AvgH/AvgD/AvgA,0.03719212131447103,-1.5,1.95,AvgAHH/AvgAHA,2.5,1.58,2.39,AvgO/AvgU
2223,E0,2022-09-18,Brentford,Arsenal,0,3,A,0.5308290000031572,AvgH/AvgD/AvgA,0.04079880308351247,-0.75,2.04,AvgAHH/AvgAHA,2.5,1.68,2.21,AvgO/AvgU
2223,E0,2022-09-18,Everton,West Ham,1,0,A,0.38420980149127465,AvgH/AvgD/AvgA,0.041097854472835316,-0.25,2.13,AvgAHH/AvgAHA,2.5,2.03,1.8,AvgO/AvgU
2223,E0,2022-10-01,Arsenal,Tottenham,3,1,H,0.46299226188763914,AvgH/AvgD/AvgA,0.038395822878581454,-0.5,2.06,AvgAHH/AvgAHA,2.5,1.71,2.16,AvgO/AvgU
2223,E0,2022-10-01,Bournemouth,Brentford,0,0,A,0.43474859326572984,AvgH/AvgD/AvgA,0.04080540982045777,-0.25,1.9,AvgAHH/AvgAHA,2.5,1.99,1.84,AvgO/AvgU
2223,E0,2022-10-01,Crystal Palace,Chelsea,1,2,A,0.506302625184715,AvgH/AvgD/AvgA,0.039528067391844335,-0.5,1.89,AvgAHH/AvgAHA,2.5,2.04,1.79,AvgO/AvgU
2223,E0,2022-10-01,Fulham,Newcastle,1,4,A,0.40574924585509614,AvgH/AvgD/AvgA,0.0399056377315572,-0.25,2.03,AvgAHH/AvgAHA,2.5,1.88,1.94,AvgO/AvgU
2223,E0,2022-10-01,Liverpool,Brighton,3,3,H,0.7026931577206359,AvgH/AvgD/AvgA,0.03875638929938363,-1.5,2.01,AvgAHH/AvgAHA,2.5,1.56,2.46,AvgO/AvgU
2223,E0,2022-10-01,Southampton,Everton,1,2,H,0.4388165450267284,AvgH/AvgD/AvgA,0.04057381094962409,-0.25,1.87,AvgAHH/AvgAHA,2.5,2.0,1.83,AvgO/AvgU
2223,E0,2022-10-01,West Ham,Wolves,2,0,H,0.49044934595807566,AvgH/AvgD/AvgA,0.040278850073675265,-0.5,1.95,AvgAHH/AvgAHA,2.5,2.16,1.71,AvgO/AvgU
2223,E0,2022-10-02,Leeds,Aston Villa,0,0,H,0.4063456872427345,AvgH/AvgD/AvgA,0.04277915790011466,-0.25,2.02,AvgAHH/AvgAHA,2.5,1.82,2.01,AvgO/AvgU
2223,E0,2022-10-02,Man City,Man United,6,3,H,0.7114439503861456,AvgH/AvgD/AvgA,0.04117933723196865,-1.5,1.92,AvgAHH/AvgAHA,2.5,1.44,2.79,AvgO/AvgU
2223,E0,2022-10-03,Leicester,Nott'm Forest,4,0,H,0.5453571134133941,AvgH/AvgD/AvgA,0.04185276804324434,-0.75,1.96,AvgAHH/AvgAHA,2.5,1.67,2.22,AvgO/AvgU
2223,E0,2022-10-08,Bournemouth,Leicester,2,1,A,0.46129172771551896,AvgH/AvgD/AvgA,0.037237112165612984,-0.5,2.08,AvgAHH/AvgAHA,2.5,1.84,1.99,AvgO/AvgU
2223,E0,2022-10-08,Brighton,Tottenham,0,1,A,0.37337138312554086,AvgH/AvgD/AvgA,0.03810017784486219,-0.0,1.87,AvgAHH/AvgAHA,2.5,1.86,1.98,AvgO/AvgU
2223,E0,2022-10-08,Chelsea,Wolves,3,0,H,0.6872085611728002,AvgH/AvgD/AvgA,0.03940165277729357,-1.25,1.91,AvgAHH/AvgAHA,2.5,1.84,1.99,AvgO/AvgU
2223,E0,2022-10-08,Man City,Southampton,4,0,H,0.8608126637399286,AvgH/AvgD/AvgA,0.037225845374988076,-2.5,1.88,AvgAHH/AvgAHA,2.5,1.25,3.9,AvgO/AvgU
2223,E0,2022-10-08,Newcastle,Brentford,5,1,H,0.5347185888332461,AvgH/AvgD/AvgA,0.03896809865498718,-0.75,2.02,AvgAHH/AvgAHA,2.5,1.77,2.08,AvgO/AvgU
2223,E0,2022-10-09,Arsenal,Liverpool,3,2,H,0.37337378752355993,AvgH/AvgD/AvgA,0.038093492838858545,0.0,1.92,AvgAHH/AvgAHA,2.5,1.6,2.38,AvgO/AvgU
2223,E0,2022-10-09,Crystal Palace,Leeds,2,1,H,0.4647584934566129,AvgH/AvgD/AvgA,0.039446926180192854,-0.5,2.07,AvgAHH/AvgAHA,2.5,1.85,1.99,AvgO/AvgU
2223,E0,2022-10-09,Everton,Man United,1,2,A,0.4606432118666734,AvgH/AvgD/AvgA,0.03869738486457308,-0.5,2.09,AvgAHH/AvgAHA,2.5,1.85,1.99,AvgO/AvgU
2223,E0,2022-10-09,West Ham,Fulham,3,1,H,0.5414885454346158,AvgH/AvgD/AvgA,0.037506254833280295,-0.75,1.99,AvgAHH/AvgAHA,2.5,1.8,2.04,AvgO/AvgU
2223,E0,2022-10-10,Nott'm Forest,Aston Villa,1,1,A,0.438358372920502,AvgH/AvgD/AvgA,0.04166141854217553,-0.25,1.88,AvgAHH/AvgAHA,2.5,2.01,1.83,AvgO/AvgU
2223,E0,2022-10-14,Brentford,Brighton,2,0,A,0.41926689802334327,AvgH/AvgD/AvgA,0.03700676286503568,-0.25,1.97,AvgAHH/AvgAHA,2.5,1.93,1.89,AvgO/AvgU
2223,E0,2022-10-15,Fulham,Bournemouth,2,2,H,0.5087267922953899,AvgH/AvgD/AvgA,0.040048484006931284,-0.5,1.89,AvgAHH/AvgAHA,2.5,1.9,1.92,AvgO/AvgU
2223,E0,2022-10-15,Leicester,Crystal Palace,0,0,H,0.41627194843622767,AvgH/AvgD/AvgA,0.039946204702651755,-0.25,1.99,AvgAHH/AvgAHA,2.5,1.85,1.98,AvgO/AvgU
2223,E0,2022-10-15,Tottenham,Everton,2,0,H,0.6470187457417351,AvgH/AvgD/AvgA,0.03728206333176165,-1.25,2.09,AvgAHH/AvgAHA,2.5,1.76,2.08,AvgO/AvgU
2223,E0,2022-10-15,Wolves,Nott'm Forest,1,0,H,0.5596828369427956,AvgH/AvgD/AvgA,0.038794314317401435,-0.75,1.93,AvgAHH/AvgAHA,2.5,2.02,1.82,AvgO/AvgU
2223,E0,2022-10-16,Aston Villa,Chelsea,0,2,A,0.5279535599031867,AvgH/AvgD/AvgA,0.04071757665826636,-0.75,2.07,AvgAHH/AvgAHA,2.5,1.98,1.83,AvgO/AvgU
2223,E0,2022-10-16,Leeds,Arsenal,0,1,A,0.6167802575045521,AvgH/AvgD/AvgA,0.03930959726107952,-1.0,1.92,AvgAHH/AvgAHA,2.5,1.62,2.31,AvgO/AvgU
2223,E0,2022-10-16,Liverpool,Man City,1,0,A,0.504760258490014,AvgH/AvgD/AvgA,0.03724530728768061,-0.5,1.91,AvgAHH/AvgAHA,2.5,1.46,2.7,AvgO/AvgU
2223,E0,2022-10-16,Man United,Newcastle,0,0,H,0.4814530481208779,AvgH/AvgD/AvgA,0.03852286728999066,-0.5,1.99,AvgAHH/AvgAHA,2.5,1.7,2.18,AvgO/AvgU
2223,E0,2022-10-16,Southampton,West Ham,1,1,A,0.39404602497430946,AvgH/AvgD/AvgA,0.040071564230321766,-0.25,2.09,AvgAHH/AvgAHA,2.5,1.93,1.9,AvgO/AvgU
2223,E0,2022-10-18,Brighton,Nott'm Forest,0,0,H,0.6867789639795808,AvgH/AvgD/AvgA,0.04005182416587716,-1.25,1.92,AvgAHH/AvgAHA,2.5,1.76,2.09,AvgO/AvgU
2223,E0,2022-10-18,Crystal Palace,Wolves,2,1,H,0.4202178489981307,AvgH/AvgD/AvgA,0.039178187572337375,-0.25,1.94,AvgAHH/AvgAHA,2.5,2.43,1.57,AvgO/AvgU
2223,E0,2022-10-19,Bournemouth,Southampton,0,1,A,0.3575542493516132,AvgH/AvgD/AvgA,0.0396945710197405,-0.0,1.92,AvgAHH/AvgAHA,2.5,2.05,1.78,AvgO/AvgU
2223,E0,2022-10-19,Brentford,Chelsea,0,0,A,0.5533622930431861,AvgH/AvgD/AvgA,0.03858295171786952,-0.75,1.95,AvgAHH/AvgAHA,2.5,1.84,1.99,AvgO/AvgU
2223,E0,2022-10-19,Liverpool,West Ham,1,0,H,0.6691999447284788,AvgH/AvgD/AvgA,0.03772340376717809,-1.25,1.93,AvgAHH/AvgAHA,2.5,1.52,2.54,AvgO/AvgU
2223,E0,2022-10-19,Man United,Tottenham,2,0,H,0.39324903615432316,AvgH/AvgD/AvgA,0.0379256597743991,-0.25,2.1,AvgAHH/AvgAHA,2.5,1.73,2.13,AvgO/AvgU
2223,E0,2022-10-19,Newcastle,Everton,1,0,H,0.5864055116230967,AvgH/AvgD/AvgA,0.03981986095807222,-1.0,2.11,AvgAHH/AvgAHA,2.5,1.88,1.94,AvgO/AvgU
2223,E0,2022-10-20,Fulham,Aston Villa,3,0,A,0.38381146103668373,AvgH/AvgD/AvgA,0.038026257542927766,-0.0,1.81,AvgAHH/AvgAHA,2.5,1.94,1.88,AvgO/AvgU
2223,E0,2022-10-20,Leicester,Leeds,2,0,H,0.41429804526670383,AvgH/AvgD/AvgA,0.04039709499749833,-0.25,2.01,AvgAHH/AvgAHA,2.5,1.72,2.14,AvgO/AvgU
2223,E0,2022-10-22,Chelsea,Man United,1,1,H,0.45022428755717137,AvgH/AvgD/AvgA,0.037904290240738714,-0.25,1.82,AvgAHH/AvgAHA,2.5,1.87,1.96,AvgO/AvgU
2223,E0,2022-10-22,Everton,Crystal Palace,3,0,H,0.3727251128534093,AvgH/AvgD/AvgA,0.03990014586767554,0.0,1.8,AvgAHH/AvgAHA,2.5,2.22,1.67,AvgO/AvgU
2223,E0,2022-10-22,Man City,Brighton,3,1,H,0.7945251348545899,AvgH/AvgD/AvgA,0.04017638302026505,-2.0,2.03,AvgAHH/AvgAHA,2.5,1.47,2.68,AvgO/AvgU
2223,E0,2022-10-22,Nott'm Forest,Liverpool,1,0,A,0.7604794321896091,AvgH/AvgD/AvgA,0.04361901197732054,-1.75,1.96,AvgAHH/AvgAHA,2.5,1.5,2.61,AvgO/AvgU
2223,E0,2022-10-23,Aston Villa,Brentford,4,0,H,0.44951717843789557,AvgH/AvgD/AvgA,0.03953695662985224,-0.25,1.83,AvgAHH/AvgAHA,2.5,1.9,1.92,AvgO/AvgU
2223,E0,2022-10-23,Leeds,Fulham,2,3,H,0.4666623576219819,AvgH/AvgD/AvgA,0.04023151915996159,-0.5,2.05,AvgAHH/AvgAHA,2.5,1.73,2.13,AvgO/AvgU
2223,E0,2022-10-23,Southampton,Arsenal,1,1,A,0.6085020562332961,AvgH/AvgD/AvgA,0.04011381049862672,-1.0,1.96,AvgAHH/AvgAHA,2.5,1.67,2.22,AvgO/AvgU
2223,E0,2022-10-23,Tottenham,Newcastle,1,2,H,0.459586941263324,AvgH/AvgD/AvgA,0.04108462744024877,-0.5,2.08,AvgAHH/AvgAHA,2.5,1.87,1.96,AvgO/AvgU
2223,E0,2022-10-23,Wolves,Leicester,0,4,H,0.41834879207860276,AvgH/AvgD/AvgA,0.03928257216997477,-0.25,1.96,AvgAHH/AvgAHA,2.5,1.95,1.88,AvgO/AvgU
2223,E0,2022-10-24,West Ham,Bournemouth,2,0,H,0.6162962962962963,AvgH/AvgD/AvgA,0.046836228287841175,-1.0,1.97,AvgAHH/AvgAHA,2.5,1.93,1.89,AvgO/AvgU
2223,E0,2022-10-29,Bournemouth,Tottenham,2,3,A,0.5670227679218833,AvgH/AvgD/AvgA,0.04354888340723484,-0.75,1.88,AvgAHH/AvgAHA,2.5,1.9,1.91,AvgO/AvgU
2223,E0,2022-10-29,Brentford,Wolves,1,1,H,0.43544546821971447,AvgH/AvgD/AvgA,0.043863095886217174,-0.25,1.88,AvgAHH/AvgAHA,2.5,1.96,1.86,AvgO/AvgU
2223,E0,2022-10-29,Brighton,Chelsea,4,1,A,0.3973084065185557,AvgH/AvgD/AvgA,0.04437196024122003,-0.25,2.05,AvgAHH/AvgAHA,2.5,2.04,1.78,AvgO/AvgU
2223,E0,2022-10-29,Crystal Palace,Southampton,1,0,H,0.4925891307250635,AvgH/AvgD/AvgA,0.04107151545481713,-0.5,1.95,AvgAHH/AvgAHA,2.5,2.03,1.8,AvgO/AvgU
2223,E0,2022-10-29,Fulham,Everton,0,0,H,0.407037467964948,AvgH/AvgD/AvgA,0.04100690208649649,-0.25,2.02,AvgAHH/AvgAHA,2.5,1.84,1.97,AvgO/AvgU
2223,E0,2022-10-29,Leicester,Man City,0,1,A,0.7432937992517711,AvgH/AvgD/AvgA,0.042917079666146885,-1.75,2.01,AvgAHH/AvgAHA,2.5,1.44,2.75,AvgO/AvgU
2223,E0,2022-10-29,Liverpool,Leeds,1,2,H,0.7374144896167384,AvgH/AvgD/AvgA,0.04314572070663658,-1.75,1.97,AvgAHH/AvgAHA,2.5,1.35,3.13,AvgO/AvgU
2223,E0,2022-10-29,Newcastle,Aston Villa,4,0,H,0.5247738909891372,AvgH/AvgD/AvgA,0.041301971791514624,-0.75,2.06,AvgAHH/AvgAHA,2.5,1.91,1.9,AvgO/AvgU
2223,E0,2022-10-30,Arsenal,Nott'm Forest,5,0,H,0.7978391623969704,AvgH/AvgD/AvgA,0.04448787751873051,-2.0,2.01,AvgAHH/AvgAHA,2.5,1.5,2.57,AvgO/AvgU
2223,E0,2022-10-30,Man United,West Ham,1,0,H,0.563888246182323,AvgH/AvgD/AvgA,0.043177080033429016,-0.75,1.9,AvgAHH/AvgAHA,2.5,1.81,2.01,AvgO/AvgU
2223,E0,2022-11-05,Everton,Leicester,0,2,H,0.3949899587781418,AvgH/AvgD/AvgA,0.041855937345486316,-0.25,2.08,AvgAHH/AvgAHA,2.5,2.02,1.81,AvgO/AvgU
2223,E0,2022-11-05,Leeds,Bournemouth,4,3,H,0.5522992040359743,AvgH/AvgD/AvgA,0.04058206037307022,-0.75,1.94,AvgAHH/AvgAHA,2.5,1.79,2.05,AvgO/AvgU
2223,E0,2022-11-05,Man City,Fulham,2,1,H,0.8524515961918773,AvgH/AvgD/AvgA,0.03813020723489369,-2.5,1.96,AvgAHH/AvgAHA,2.5,1.27,3.79,AvgO/AvgU
2223,E0,2022-11-05,Nott'm Forest,Brentford,2,2,A,0.37096577378023576,AvgH/AvgD/AvgA,0.040797867053676606,-0.0,1.87,AvgAHH/AvgAHA,2.5,1.99,1.84,AvgO/AvgU
2223,E0,2022-11-05,Wolves,Brighton,2,3,A,0.4285519047890211,AvgH/AvgD/AvgA,0.04171412246633488,-0.25,1.92,AvgAHH/AvgAHA,2.5,2.1,1.75,AvgO/AvgU
2223,E0,2022-11-06,Aston Villa,Man United,3,1,A,0.44611730067917965,AvgH/AvgD/AvgA,0.0425874055134452,-0.25,1.86,AvgAHH/AvgAHA,2.5,1.88,1.94,AvgO/AvgU
2223,E0,2022-11-06,Chelsea,Arsenal,0,1,H,0.3636750319013186,AvgH/AvgD/AvgA,0.04155590997696246,0.0,1.92,AvgAHH/AvgAHA,2.5,1.89,1.94,AvgO/AvgU
2223,E0,2022-11-06,Southampton,Newcastle,1,4,A,0.4994500794329708,AvgH/AvgD/AvgA,0.04281359595465295,-0.5,1.92,AvgAHH/AvgAHA,2.5,1.9,1.92,AvgO/AvgU
2223,E0,2022-11-06,Tottenham,Liverpool,1,2,A,0.4450195196971488,AvgH/AvgD/AvgA,0.04032057577614845,-0.25,1.87,AvgAHH/AvgAHA,2.5,1.68,2.19,AvgO/AvgU
2223,E0,2022-11-06,West Ham,Crystal Palace,1,2,H,0.49505226007872954,AvgH/AvgD/AvgA,0.04123131857593698,-0.5,1.94,AvgAHH/AvgAHA,2.5,2.1,1.75,AvgO/AvgU
2223,E0,2022-11-12,Bournemouth,Everton,3,0,A,0.3691275167785234,AvgH/AvgD/AvgA,0.04195804195804209,-0.0,1.84,AvgAHH/AvgAHA,2.5,2.15,1.72,AvgO/AvgU
2223,E0,2022-11-12,Liverpool,Southampton,3,1,H,0.7683090234704253,AvgH/AvgD/AvgA,0.04124769534324568,-1.75,1.86,AvgAHH/AvgAHA,2.5,1.41,2.91,AvgO/AvgU
2223,E0,2022-11-12,Man City,Brentford,1,2,H,0.8422018457239938,AvgH/AvgD/AvgA,0.04154720974526804,-2.25,1.87,AvgAHH/AvgAHA,2.5,1.34,3.24,AvgO/AvgU
2223,E0,2022-11-12,Newcastle,Chelsea,1,0,H,0.41211252739802534,AvgH/AvgD/AvgA,0.04142563213495665,-0.25,2.0,AvgAHH/AvgAHA,2.5,1.93,1.9,AvgO/AvgU
2223,E0,2022-11-12,Nott'm Forest,Crystal Palace,1,0,A,0.39543726235741444,AvgH/AvgD/AvgA,0.04067742956631837,-0.25,2.05,AvgAHH/AvgAHA,2.5,2.18,1.69,AvgO/AvgU
2223,E0,2022-11-12,Tottenham,Leeds,4,3,H,0.5846676687798184,AvgH/AvgD/AvgA,0.0429105800112326,-1.0,2.08,AvgAHH/AvgAHA,2.5,1.61,2.33,AvgO/AvgU
2223,E0,2022-11-12,West Ham,Leicester,0,2,H,0.45955942522339704,AvgH/AvgD/AvgA,0.041146962199593684,-0.25,1.8,AvgAHH/AvgAHA,2.5,1.93,1.89,AvgO/AvgU
2223,E0,2022-11-12,Wolves,Arsenal,0,2,A,0.6188569606349431,AvgH/AvgD/AvgA,0.04250470037639942,-1.0,1.93,AvgAHH/AvgAHA,2.5,1.78,2.05,AvgO/AvgU
2223,E0,2022-11-13,Brighton,Aston Villa,1,2,H,0.5146275325120344,AvgH/AvgD/AvgA,0.04470587878929333,-0.5,1.87,AvgAHH/AvgAHA,2.5,1.91,1.91,AvgO/AvgU
2223,E0,2022-11-13,Fulham,Man United,1,2,A,0.5074881497563049,AvgH/AvgD/AvgA,0.04258696356674063,-0.5,1.89,AvgAHH/AvgAHA,2.5,1.63,2.28,AvgO/AvgU
2223,E0,2022-12-26,Arsenal,West Ham,3,1,H,0.6346955112213922,AvgH/AvgD/AvgA,0.0434163215597958,-1.0,1.87,AvgAHH/AvgAHA,2.5,1.77,2.07,AvgO/AvgU
2223,E0,2022-12-26,Aston Villa,Liverpool,1,3,A,0.5490900433657094,AvgH/AvgD/AvgA,0.04068281392599182,-0.75,1.95,AvgAHH/AvgAHA,2.5,1.65,2.27,AvgO/AvgU
2223,E0,2022-12-26,Brentford,Tottenham,2,2,A,0.4931248822753815,AvgH/AvgD/AvgA,0.03994045170515759,-0.5,1.95,AvgAHH/AvgAHA,2.5,1.8,2.01,AvgO/AvgU
2223,E0,2022-12-26,Crystal Palace,Fulham,0,3,H,0.46268216585784966,AvgH/AvgD/AvgA,0.04411153722323147,-0.5,2.06,AvgAHH/AvgAHA,2.5,1.97,1.85,AvgO/AvgU
2223,E0,2022-12-26,Everton,Wolves,1,2,H,0.4084324030797277,AvgH/AvgD/AvgA,0.04186619789456669,-0.25,2.0,AvgAHH/AvgAHA,2.5,2.2,1.68,AvgO/AvgU
2223,E0,2022-12-26,Leicester,Newcastle,0,3,A,0.4335775363469346,AvgH/AvgD/AvgA,0.04361653879766214,-0.25,1.92,AvgAHH/AvgAHA,2.5,1.83,2.0,AvgO/AvgU
2223,E0,2022-12-26,Southampton,Brighton,1,3,A,0.4454564117877606,AvgH/AvgD/AvgA,0.044134211028875825,-0.25,1.85,AvgAHH/AvgAHA,2.5,1.89,1.89,AvgO/AvgU
2223,E0,2022-12-27,Chelsea,Bournemouth,2,0,H,0.7259208193815244,AvgH/AvgD/AvgA,0.04360659916215481,-1.5,1.96,AvgAHH/AvgAHA,2.5,1.66,2.23,AvgO/AvgU
2223,E0,2022-12-27,Man United,Nott'm Forest,3,0,H,0.7332931521854577,AvgH/AvgD/AvgA,0.04100082804658811,-1.5,1.92,AvgAHH/AvgAHA,2.5,1.64,2.27,AvgO/AvgU
2223,E0,2022-12-28,Leeds,Man City,1,3,A,0.7383075527945131,AvgH/AvgD/AvgA,0.04188392265419871,-1.75,2.02,AvgAHH/AvgAHA,2.5,1.43,2.83,AvgO/AvgU
2223,E0,2022-12-30,Liverpool,Leicester,2,1,H,0.7404974764395504,AvgH/AvgD/AvgA,0.03880268833510914,-1.75,2.01,AvgAHH/AvgAHA,2.5,1.44,2.8,AvgO/AvgU
2223,E0,2022-12-30,West Ham,Brentford,0,2,H,0.46734426745441937,AvgH/AvgD/AvgA,0.038713699962584336,-0.5,2.05,AvgAHH/AvgAHA,2.5,1.93,1.89,AvgO/AvgU
2223,E0,2022-12-31,Bournemouth,Crystal Palace,0,2,A,0.3764911156215504,AvgH/AvgD/AvgA,0.0416098719824638,-0.0,1.81,AvgAHH/AvgAHA,2.5,2.13,1.73,AvgO/AvgU
2223,E0,2022-12-31,Brighton,Arsenal,2,4,A,0.45285294117647057,AvgH/AvgD/AvgA,0.04161433065250386,-0.25,1.83,AvgAHH/AvgAHA,2.5,1.84,2.0,AvgO/AvgU
2223,E0,2022-12-31,Fulham,Southampton,2,1,H,0.4758199372827966,AvgH/AvgD/AvgA,0.04041353915834267,-0.5,2.01,AvgAHH/AvgAHA,2.5,1.74,2.11,AvgO/AvgU
2223,E0,2022-12-31,Man City,Everton,1,1,H,0.843595115012032,AvgH/AvgD/AvgA,0.03982700568818398,-2.5,2.07,AvgAHH/AvgAHA,2.5,1.38,3.04,AvgO/AvgU
2223,E0,2022-12-31,Newcastle,Leeds,0,0,H,0.653933618329016,AvgH/AvgD/AvgA,0.04027700943380719,-1.25,2.01,AvgAHH/AvgAHA,2.5,1.64,2.29,AvgO/AvgU
2223,E0,2022-12-31,Wolves,Man United,0,1,A,0.5007736501486754,AvgH/AvgD/AvgA,0.040057385564720605,-0.5,1.92,AvgAHH/AvgAHA,2.5,1.97,1.86,AvgO/AvgU
2223,E0,2023-01-01,Nott'm Forest,Chelsea,1,1,A,0.5682001523460447,AvgH/AvgD/AvgA,0.04138651474875821,-0.75,1.88,AvgAHH/AvgAHA,2.5,1.96,1.85,AvgO/AvgU
2223,E0,2023-01-01,Tottenham,Aston Villa,0,2,H,0.5701663615378493,AvgH/AvgD/AvgA,0.04397266375487785,-0.75,1.86,AvgAHH/AvgAHA,2.5,1.77,2.06,AvgO/AvgU
2223,E0,2023-01-02,Brentford,Liverpool,3,1,A,0.6168122270742358,AvgH/AvgD/AvgA,0.03925572952121614,-1.0,1.9,AvgAHH/AvgAHA,2.5,1.6,2.37,AvgO/AvgU
2223,E0,2023-01-03,Arsenal,Newcastle,0,0,H,0.529163689923554,AvgH/AvgD/AvgA,0.03833758799649711,-0.75,2.04,AvgAHH/AvgAHA,2.5,1.8,2.04,AvgO/AvgU
2223,E0,2023-01-03,Everton,Brighton,1,4,A,0.45168718967957694,AvgH/AvgD/AvgA,0.03939978552007428,-0.25,1.82,AvgAHH/AvgAHA,2.5,1.99,1.84,AvgO/AvgU
2223,E0,2023-01-03,Leicester,Fulham,0,1,H,0.4310305307656177,AvgH/AvgD/AvgA,0.04036828313998608,-0.25,1.93,AvgAHH/AvgAHA,2.5,1.74,2.11,AvgO/AvgU
2223,E0,2023-01-03,Man United,Bournemouth,3,0,H,0.7466415272213056,AvgH/AvgD/AvgA,0.03824093649675042,-1.75,2.03,AvgAHH/AvgAHA,2.5,1.54,2.48,AvgO/AvgU
2223,E0,2023-01-04,Aston Villa,Wolves,1,1,H,0.4824003444666543,AvgH/AvgD/AvgA,0.04169196514495077,-0.5,1.97,AvgAHH/AvgAHA,2.5,2.05,1.78,AvgO/AvgU
2223,E0,2023-01-04,Crystal Palace,Tottenham,0,4,A,0.4376369592228623,AvgH/AvgD/AvgA,0.04337852401008102,-0.25,1.89,AvgAHH/AvgAHA,2.5,1.88,1.93,AvgO/AvgU
2223,E0,2023-01-04,Leeds,West Ham,2,2,H,0.3658986247420901,AvgH/AvgD/AvgA,0.04312878896992389,0.0,1.92,AvgAHH/AvgAHA,2.5,1.79,2.04,AvgO/AvgU
2223,E0,2023-01-04,Southampton,Nott'm Forest,0,1,H,0.47211704696452306,AvgH/AvgD/AvgA,0.04340828319092793,-0.5,2.03,AvgAHH/AvgAHA,2.5,2.02,1.8,AvgO/AvgU
2223,E0,2023-01-05,Chelsea,Man City,0,1,A,0.5770360953939808,AvgH/AvgD/AvgA,0.043972194049510804,-0.75,1.83,AvgAHH/AvgAHA,2.5,1.79,2.04,AvgO/AvgU
2223,E0,2023-01-12,Fulham,Chelsea,2,1,A,0.4415734842072437,AvgH/AvgD/AvgA,0.038820519655537566,-0.25,1.87,AvgAHH/AvgAHA,2.5,1.82,2.01,AvgO/AvgU
2223,E0,2023-01-13,Aston Villa,Leeds,2,1,H,0.4957803326810176,AvgH/AvgD/AvgA,0.03970223009515772,-0.5,1.94,AvgAHH/AvgAHA,2.5,1.79,2.06,AvgO/AvgU
2223,E0,2023-01-14,Brentford,Bournemouth,2,0,H,0.579676963918734,AvgH/AvgD/AvgA,0.03921610836802181,-0.75,1.82,AvgAHH/AvgAHA,2.5,1.81,2.02,AvgO/AvgU
2223,E0,2023-01-14,Brighton,Liverpool,3,0,A,0.45365604724065034,AvgH/AvgD/AvgA,0.03977036364143527,-0.25,1.85,AvgAHH/AvgAHA,2.5,1.58,2.4,AvgO/AvgU
2223,E0,2023-01-14,Everton,Southampton,1,2,H,0.4270898555344316,AvgH/AvgD/AvgA,0.04063451445901589,-0.25,1.93,AvgAHH/AvgAHA,2.5,2.1,1.76,AvgO/AvgU
2223,E0,2023-01-14,Man United,Man City,2,1,A,0.5238757681533052,AvgH/AvgD/AvgA,0.037418208491223126,-0.5,1.83,AvgAHH/AvgAHA,2.5,1.7,2.19,AvgO/AvgU
2223,E0,2023-01-14,Nott'm Forest,Leicester,2,0,A,0.36315086782376504,AvgH/AvgD/AvgA,0.039123196448390685,-0.0,1.92,AvgAHH/AvgAHA,2.5,1.99,1.85,AvgO/AvgU
2223,E0,2023-01-14,Wolves,West Ham,1,0,H,0.35618798645356775,AvgH/AvgD/AvgA,0.03981713156025091,0.0,1.91,AvgAHH/AvgAHA,2.5,2.22,1.68,AvgO/AvgU
2223,E0,2023-01-15,Chelsea,Crystal Palace,1,0,H,0.5794194781286809,AvgH/AvgD/AvgA,0.03967792125281333,-0.75,1.85,AvgAHH/AvgAHA,2.5,1.98,1.85,AvgO/AvgU
2223,E0,2023-01-15,Newcastle,Fulham,1,0,H,0.6311546525920034,AvgH/AvgD/AvgA,0.04236692883477389,-1.0,1.86,AvgAHH/AvgAHA,2.5,1.74,2.12,AvgO/AvgU
2223,E0,2023-01-15,Tottenham,Arsenal,0,2,A,0.43987164239391424,AvgH/AvgD/AvgA,0.0428396653028289,-0.25,1.89,AvgAHH/AvgAHA,2.5,1.79,2.04,AvgO/AvgU
2223,E0,2023-01-18,Crystal Palace,Man United,1,1,A,0.5344943067649028,AvgH/AvgD/AvgA,0.03940406571985533,-0.75,2.02,AvgAHH/AvgAHA,2.5,1.93,1.9,AvgO/AvgU
2223,E0,2023-01-19,Man City,Tottenham,4,2,H,0.7026370279655486,AvgH/AvgD/AvgA,0.03883936975644198,-1.5,2.0,AvgAHH/AvgAHA,2.5,1.53,2.51,AvgO/AvgU
2223,E0,2023-01-21,Bournemouth,Nott'm Forest,1,1,H,0.3486842105263158,AvgH/AvgD/AvgA,0.039103089964451776,0.0,1.92,AvgAHH/AvgAHA,2.5,2.28,1.65,AvgO/AvgU
2223,E0,2023-01-21,Crystal Palace,Newcastle,0,0,A,0.5121868740733033,AvgH/AvgD/AvgA,0.038517229828296085,-0.5,1.88,AvgAHH/AvgAHA,2.5,2.14,1.73,AvgO/AvgU
2223,E0,2023-01-21,Leicester,Brighton,2,2,A,0.4624372389845619,AvgH/AvgD/AvgA,0.0396421184092417,-0.5,2.07,AvgAHH/AvgAHA,2.5,1.83,2.01,AvgO/AvgU
2223,E0,2023-01-21,Liverpool,Chelsea,0,0,H,0.510725310159061,AvgH/AvgD/AvgA,0.03597867302825741,-0.5,1.88,AvgAHH/AvgAHA,2.5,1.71,2.18,AvgO/AvgU
2223,E0,2023-01-21,Southampton,Aston Villa,0,1,A,0.38066337663556515,AvgH/AvgD/AvgA,0.03833712738395034,-0.0,1.82,AvgAHH/AvgAHA,2.5,2.03,1.8,AvgO/AvgU
2223,E0,2023-01-21,West Ham,Everton,2,0,H,0.5355378369123905,AvgH/AvgD/AvgA,0.03737871960378358,-0.75,2.03,AvgAHH/AvgAHA,2.5,2.08,1.77,AvgO/AvgU
2223,E0,2023-01-22,Arsenal,Man United,3,2,H,0.5160630726278951,AvgH/AvgD/AvgA,0.041799805330790196,-0.5,1.86,AvgAHH/AvgAHA,2.5,1.7,2.17,AvgO/AvgU
2223,E0,2023-01-22,Leeds,Brentford,0,0,H,0.4045257083576477,AvgH/AvgD/AvgA,0.038668392505263105,-0.25,2.05,AvgAHH/AvgAHA,2.5,1.68,2.21,AvgO/AvgU
2223,E0,2023-01-22,Man City,Wolves,3,0,H,0.8040990010726441,AvgH/AvgD/AvgA,0.036356632978888914,-2.0,1.95,AvgAHH/AvgAHA,2.5,1.49,2.62,AvgO/AvgU
2223,E0,2023-01-23,Fulham,Tottenham,0,1,A,0.44976473844450604,AvgH/AvgD/AvgA,0.04384254243409158,-0.25,1.86,AvgAHH/AvgAHA,2.5,1.73,2.13,AvgO/AvgU
2223,E0,2023-02-03,Chelsea,Fulham,0,0,H,0.5880852399827322,AvgH/AvgD/AvgA,0.03684985798806939,-1.0,2.09,AvgAHH/AvgAHA,2.5,1.88,1.95,AvgO/AvgU
2223,E0,2023-02-04,Aston Villa,Leicester,2,4,H,0.483960217312065,AvgH/AvgD/AvgA,0.03833444328347024,-0.5,1.98,AvgAHH/AvgAHA,2.5,1.91,1.92,AvgO/AvgU
2223,E0,2023-02-04,Brentford,Southampton,3,0,H,0.5080882864901247,AvgH/AvgD/AvgA,0.04135549503720526,-0.5,1.89,AvgAHH/AvgAHA,2.5,1.99,1.84,AvgO/AvgU
2223,E0,2023-02-04,Brighton,Bournemouth,1,0,H,0.7113997113997114,AvgH/AvgD/AvgA,0.041244083840432655,-1.5,2.03,AvgAHH/AvgAHA,2.5,1.71,2.18,AvgO/AvgU
2223,E0,2023-02-04,Everton,Arsenal,1,0,A,0.6810249648106579,AvgH/AvgD/AvgA,0.04140067516204704,-1.25,1.94,AvgAHH/AvgAHA,2.5,1.84,1.99,AvgO/AvgU
2223,E0,2023-02-04,Man United,Crystal Palace,2,1,H,0.6859076100576392,AvgH/AvgD/AvgA,0.04137307096751752,-1.25,1.92,AvgAHH/AvgAHA,2.5,1.85,1.99,AvgO/AvgU
2223,E0,2023-02-04,Newcastle,West Ham,1,1,H,0.5945578847285734,AvgH/AvgD/AvgA,0.03822347070392551,-0.75,1.78,AvgAHH/AvgAHA,2.5,2.06,1.78,AvgO/AvgU
2223,E0,2023-02-04,Wolves,Liverpool,3,0,A,0.5112544016701571,AvgH/AvgD/AvgA,0.04041137226275371,-0.5,1.89,AvgAHH/AvgAHA,2.5,1.79,2.05,AvgO/AvgU
2223,E0,2023-02-05,Nott'm Forest,Leeds,1,0,H,0.3644515367635238,AvgH/AvgD/AvgA,0.0393367583291524,0.0,1.9,AvgAHH/AvgAHA,2.5,1.91,1.93,AvgO/AvgU
2223,E0,2023-02-05,Tottenham,Man City,1,0,A,0.5507496720091568,AvgH/AvgD/AvgA,0.0375468211246992,-0.75,1.94,AvgAHH/AvgAHA,2.5,1.64,2.27,AvgO/AvgU
2223,E0,2023-02-08,Man United,Leeds,2,2,H,0.6539715664536324,AvgH/AvgD/AvgA,0.040216645094415915,-1.25,2.02,AvgAHH/AvgAHA,2.5,1.6,2.37,AvgO/AvgU
2223,E0,2023-02-11,Arsenal,Brentford,1,1,H,0.6666566495875468,AvgH/AvgD/AvgA,0.034498302597709474,-1.25,1.97,AvgAHH/AvgAHA,2.5,1.73,2.14,AvgO/AvgU
2223,E0,2023-02-11,Bournemouth,Newcastle,1,1,A,0.6125964878311401,AvgH/AvgD/AvgA,0.03974261657015332,-1.0,1.99,AvgAHH/AvgAHA,2.5,2.02,1.83,AvgO/AvgU
2223,E0,2023-02-11,Crystal Palace,Brighton,1,1,A,0.4724492067024896,AvgH/AvgD/AvgA,0.037563554932707355,-0.5,2.04,AvgAHH/AvgAHA,2.5,2.05,1.79,AvgO/AvgU
2223,E0,2023-02-11,Fulham,Nott'm Forest,2,0,H,0.5001298329482733,AvgH/AvgD/AvgA,0.03600041607495097,-0.5,1.91,AvgAHH/AvgAHA,2.5,2.06,1.78,AvgO/AvgU
2223,E0,2023-02-11,Leicester,Tottenham,4,1,A,0.451776593991982,AvgH/AvgD/AvgA,0.03919409353785519,-0.25,1.85,AvgAHH/AvgAHA,2.5,1.75,2.11,AvgO/AvgU
2223,E0,2023-02-11,Southampton,Wolves,1,2,A,0.37921507509209407,AvgH/AvgD/AvgA,0.03819919950693618,-0.0,1.78,AvgAHH/AvgAHA,2.5,2.29,1.64,AvgO/AvgU
2223,E0,2023-02-11,West Ham,Chelsea,1,1,A,0.4241571649040849,AvgH/AvgD/AvgA,0.038597649201212114,-0.25,1.94,AvgAHH/AvgAHA,2.5,2.24,1.67,AvgO/AvgU
2223,E0,2023-02-12,Leeds,Man United,0,2,A,0.5009742383074548,AvgH/AvgD/AvgA,0.039640950586546486,-0.5,1.92,AvgAHH/AvgAHA,2.5,1.65,2.27,AvgO/AvgU
2223,E0,2023-02-12,Man City,Aston Villa,3,1,H,0.7723130724823098,AvgH/AvgD/AvgA,0.03584935760403618,-1.75,1.89,AvgAHH/AvgAHA,2.5,1.49,2.62,AvgO/AvgU
2223,E0,2023-02-13,Liverpool,Everton,2,0,H,0.6269981870696014,AvgH/AvgD/AvgA,0.04241891718464608,-1.0,1.87,AvgAHH/AvgAHA,2.5,1.78,2.06,AvgO/AvgU
2223,E0,2023-02-15,Arsenal,Man City,1,3,A,0.39755151899370295,AvgH/AvgD/AvgA,0.039420353723797597,-0.25,2.08,AvgAHH/AvgAHA,2.5,1.85,1.99,AvgO/AvgU
2223,E0,2023-02-18,Aston Villa,Arsenal,2,4,A,0.5232022513044005,AvgH/AvgD/AvgA,0.03875367415681885,-0.5,1.85,AvgAHH/AvgAHA,2.5,1.98,1.86,AvgO/AvgU
2223,E0,2023-02-18,Brentford,Crystal Palace,1,1,H,0.5179596052329584,AvgH/AvgD/AvgA,0.037985208055641984,-0.5,1.86,AvgAHH/AvgAHA,2.5,2.14,1.72,AvgO/AvgU
2223,E0,2023-02-18,Brighton,Fulham,0,1,H,0.5761689956103246,AvgH/AvgD/AvgA,0.03928257121034617,-0.75,1.84,AvgAHH/AvgAHA,2.5,1.75,2.11,AvgO/AvgU
2223,E0,2023-02-18,Chelsea,Southampton,0,1,H,0.6961787118290388,AvgH/AvgD/AvgA,0.040878827299405174,-1.25,1.88,AvgAHH/AvgAHA,2.5,1.93,1.9,AvgO/AvgU
2223,E0,2023-02-18,Everton,Leeds,1,0,H,0.3877958849413618,AvgH/AvgD/AvgA,0.039788770612107616,-0.25,2.12,AvgAHH/AvgAHA,2.5,2.08,1.77,AvgO/AvgU
2223,E0,2023-02-18,Newcastle,Liverpool,0,2,H,0.3749898021421329,AvgH/AvgD/AvgA,0.03764170690240731,0.0,1.88,AvgAHH/AvgAHA,2.5,1.79,2.04,AvgO/AvgU
2223,E0,2023-02-18,Nott'm Forest,Man City,1,1,A,0.7331565263288219,AvgH/AvgD/AvgA,0.0411948215865523,-1.5,1.9,AvgAHH/AvgAHA,2.5,1.64,2.28,AvgO/AvgU
2223,E0,2023-02-18,Wolves,Bournemouth,0,1,H,0.5731505284204513,AvgH/AvgD/AvgA,0.038537113240591614,-0.75,1.87,AvgAHH/AvgAHA,2.5,2.08,1.76,AvgO/AvgU
2223,E0,2023-02-19,Man United,Leicester,3,0,H,0.5933503836317134,AvgH/AvgD/AvgA,0.04033631332481913,-1.0,2.04,AvgAHH/AvgAHA,2.5,1.62,2.32,AvgO/AvgU
2223,E0,2023-02-19,Tottenham,West Ham,2,0,H,0.525331865096162,AvgH/AvgD/AvgA,0.04019596704202688,-0.5,1.82,AvgAHH/AvgAHA,2.5,1.84,1.99,AvgO/AvgU
2223,E0,2023-02-24,Fulham,Wolves,1,1,H,0.3794365798859334,AvgH/AvgD/AvgA,0.037593126946088073,0.0,1.79,AvgAHH/AvgAHA,2.5,2.23,1.67,AvgO/AvgU
2223,E0,2023-02-25,Bournemouth,Man City,1,4,A,0.7401495518808775,AvgH/AvgD/AvgA,0.03929100176577838,-1.5,1.82,AvgAHH/AvgAHA,2.5,1.56,2.45,AvgO/AvgU
2223,E0,2023-02-25,Crystal Palace,Liverpool,0,0,A,0.5515838887694403,AvgH/AvgD/AvgA,0.04193152733362071,-0.75,1.96,AvgAHH/AvgAHA,2.5,1.82,2.02,AvgO/AvgU
2223,E0,2023-02-25,Everton,Aston Villa,0,2,H,0.3782682969266541,AvgH/AvgD/AvgA,0.0407977369510113,0.0,1.78,AvgAHH/AvgAHA,2.5,2.27,1.65,AvgO/AvgU
2223,E0,2023-02-25,Leeds,Southampton,1,0,H,0.48332735872368415,AvgH/AvgD/AvgA,0.039694016372357366,-0.5,1.99,AvgAHH/AvgAHA,2.5,2.01,1.82,AvgO/AvgU
2223,E0,2023-02-25,Leicester,Arsenal,0,1,A,0.5619192573465126,AvgH/AvgD/AvgA,0.040710589629797234,-0.75,1.9,AvgAHH/AvgAHA,2.5,1.67,2.23,AvgO/AvgU
2223,E0,2023-02-25,West Ham,Nott'm Forest,4,0,H,0.5401832354331444,AvgH/AvgD/AvgA,0.040013306519060876,-0.75,2.02,AvgAHH/AvgAHA,2.5,2.17,1.71,AvgO/AvgU
2223,E0,2023-02-26,Tottenham,Chelsea,2,0,H,0.3794180869932928,AvgH/AvgD/AvgA,0.03764369938572387,0.0,1.81,AvgAHH/AvgAHA,2.5,2.04,1.81,AvgO/AvgU
2223,E0,2023-03-01,Arsenal,Everton,4,0,H,0.7064104413037208,AvgH/AvgD/AvgA,0.04088795217980001,-1.25,1.82,AvgAHH/AvgAHA,2.5,1.82,2.02,AvgO/AvgU
2223,E0,2023-03-01,Liverpool,Wolves,2,0,H,0.6450046947757047,AvgH/AvgD/AvgA,0.04052101485974369,-1.0,1.8,AvgAHH/AvgAHA,2.5,1.73,2.14,AvgO/AvgU
2223,E0,2023-03-04,Arsenal,Bournemouth,3,2,H,0.7892039065010175,AvgH/AvgD/AvgA,0.03860627702871655,-1.75,1.82,AvgAHH/AvgAHA,2.5,1.58,2.41,AvgO/AvgU
2223,E0,2023-03-04,Aston Villa,Crystal Palace,1,0,H,0.4636070482552113,AvgH/AvgD/AvgA,0.04202856547960865,-0.5,2.07,AvgAHH/AvgAHA,2.5,2.28,1.64,AvgO/AvgU
2223,E0,2023-03-04,Brighton,West Ham,4,0,H,0.5378255490161765,AvgH/AvgD/AvgA,0.03873685231024937,-0.75,2.0,AvgAHH/AvgAHA,2.5,1.93,1.9,AvgO/AvgU
2223,E0,2023-03-04,Chelsea,Leeds,1,0,H,0.586489058039962,AvgH/AvgD/AvgA,0.03967173675630331,-0.75,1.8,AvgAHH/AvgAHA,2.5,1.9,1.93,AvgO/AvgU
2223,E0,2023-03-04,Man City,Newcastle,2,0,H,0.6487713898599936,AvgH/AvgD/AvgA,0.04146959350579271,-1.25,2.06,AvgAHH/AvgAHA,2.5,1.71,2.17,AvgO/AvgU
2223,E0,2023-03-04,Southampton,Leicester,1,0,A,0.3635502123323249,AvgH/AvgD/AvgA,0.041913512738166236,-0.0,1.88,AvgAHH/AvgAHA,2.5,2.03,1.81,AvgO/AvgU
2223,E0,2023-03-04,Wolves,Tottenham,1,0,A,0.42347834364588294,AvgH/AvgD/AvgA,0.04026248560565859,-0.25,1.94,AvgAHH/AvgAHA,2.5,2.09,1.76,AvgO/AvgU
2223,E0,2023-03-05,Liverpool,Man United,7,0,H,0.4009174311926606,AvgH/AvgD/AvgA,0.039282990083905345,-0.25,2.08,AvgAHH/AvgAHA,2.5,1.65,2.27,AvgO/AvgU
2223,E0,2023-03-05,Nott'm Forest,Everton,2,2,H,0.3586880224618722,AvgH/AvgD/AvgA,0.040275406458191165,0.0,1.85,AvgAHH/AvgAHA,2.5,2.47,1.54,AvgO/AvgU
2223,E0,2023-03-06,Brentford,Fulham,3,2,H,0.47915008049820423,AvgH/AvgD/AvgA,0.04351438171546729,-0.5,2.0,AvgAHH/AvgAHA,2.5,1.89,1.93,AvgO/AvgU
2223,E0,2023-03-11,Bournemouth,Liverpool,1,0,A,0.6706224573680993,AvgH/AvgD/AvgA,0.04276361702104281,-1.25,1.95,AvgAHH/AvgAHA,2.5,1.62,2.31,AvgO/AvgU
2223,E0,2023-03-11,Crystal Palace,Man City,0,1,A,0.7062639466400029,AvgH/AvgD/AvgA,0.04110385521611959,-1.5,2.06,AvgAHH/AvgAHA,2.5,1.75,2.05,AvgO/AvgU
2223,E0,2023-03-11,Everton,Brentford,1,0,H,0.3535119038088986,AvgH/AvgD/AvgA,0.04382253061661068,0.0,1.92,AvgAHH/AvgAHA,2.5,2.25,1.66,AvgO/AvgU
2223,E0,2023-03-11,Leeds,Brighton,2,2,A,0.48785114668974466,AvgH/AvgD/AvgA,0.040510443897333825,-0.5,1.98,AvgAHH/AvgAHA,2.5,1.85,1.98,AvgO/AvgU
2223,E0,2023-03-11,Leicester,Chelsea,1,3,A,0.47984852963948366,AvgH/AvgD/AvgA,0.0419954821486197,-0.5,2.01,AvgAHH/AvgAHA,2.5,1.98,1.85,AvgO/AvgU
2223,E0,2023-03-11,Tottenham,Nott'm Forest,3,1,H,0.6652573529411764,AvgH/AvgD/AvgA,0.043873384298916296,-1.25,2.01,AvgAHH/AvgAHA,2.5,1.82,2.01,AvgO/AvgU
2223,E0,2023-03-12,Fulham,Arsenal,0,3,A,0.6030277607721318,AvgH/AvgD/AvgA,0.042954998961845625,-1.0,2.02,AvgAHH/AvgAHA,2.5,1.81,2.02,AvgO/AvgU
2223,E0,2023-03-12,Man United,Southampton,0,0,H,0.7142402695713131,AvgH/AvgD/AvgA,0.04484259500563881,-1.5,1.99,AvgAHH/AvgAHA,2.5,1.63,2.28,AvgO/AvgU
2223,E0,2023-03-12,Newcastle,Wolves,2,1,H,0.5735188492582207,AvgH/AvgD/AvgA,0.044084943300575885,-0.75,1.86,AvgAHH/AvgAHA,2.5,2.15,1.72,AvgO/AvgU
2223,E0,2023-03-12,West Ham,Aston Villa,1,1,H,0.43003140772698445,AvgH/AvgD/AvgA,0.04278544593710065,-0.25,1.91,AvgAHH/AvgAHA,2.5,2.03,1.8,AvgO/AvgU
2223,E0,2023-03-15,Brighton,Crystal Palace,1,0,H,0.6572716407183756,AvgH/AvgD/AvgA,0.04208285344657203,-1.25,2.04,AvgAHH/AvgAHA,2.5,1.89,1.92,AvgO/AvgU
2223,E0,2023-03-15,Southampton,Brentford,0,2,A,0.38888031804426515,AvgH/AvgD/AvgA,0.04531920536636469,-0.25,2.11,AvgAHH/AvgAHA,2.5,2.06,1.77,AvgO/AvgU
2223,E0,2023-03-17,Nott'm Forest,Newcastle,1,2,A,0.5762644225194885,AvgH/AvgD/AvgA,0.03911047048775629,-0.75,1.86,AvgAHH/AvgAHA,2.5,2.04,1.8,AvgO/AvgU
2223,E0,2023-03-18,Aston Villa,Bournemouth,3,0,H,0.5582093368549206,AvgH/AvgD/AvgA,0.04153641018067544,-0.75,1.92,AvgAHH/AvgAHA,2.5,1.92,1.9,AvgO/AvgU
2223,E0,2023-03-18,Brentford,Leicester,1,1,H,0.4917580046603954,AvgH/AvgD/AvgA,0.042831042831042776,-0.5,1.95,AvgAHH/AvgAHA,2.5,1.85,1.98,AvgO/AvgU
2223,E0,2023-03-18,Chelsea,Everton,2,2,H,0.64433098135681,AvgH/AvgD/AvgA,0.04160898515860589,-1.0,1.84,AvgAHH/AvgAHA,2.5,2.08,1.76,AvgO/AvgU
2223,E0,2023-03-18,Southampton,Tottenham,3,3,A,0.5280700871053824,AvgH/AvgD/AvgA,0.04048792549936708,-0.5,1.81,AvgAHH/AvgAHA,2.5,2.0,1.83,AvgO/AvgU
2223,E0,2023-03-18,Wolves,Leeds,2,4,H,0.4211405739193607,AvgH/AvgD/AvgA,0.041449146412693816,-0.25,1.94,AvgAHH/AvgAHA,2.5,2.27,1.65,AvgO/AvgU
2223,E0,2023-03-19,Arsenal,Crystal Palace,4,1,H,0.7629591002762749,AvgH/AvgD/AvgA,0.04022718041295392,-1.5,1.81,AvgAHH/AvgAHA,2.5,1.73,2.14,AvgO/AvgU
2223,E0,2023-04-01,Arsenal,Leeds,4,1,H,0.7440575763470142,AvgH/AvgD/AvgA,0.04184652249018539,-1.5,1.83,AvgAHH/AvgAHA,2.5,1.53,2.51,AvgO/AvgU
2223,E0,2023-04-01,Bournemouth,Fulham,2,1,H,0.3748300825087724,AvgH/AvgD/AvgA,0.04213887366112856,0.0,1.83,AvgAHH/AvgAHA,2.5,2.04,1.8,AvgO/AvgU
2223,E0,2023-04-01,Brighton,Brentford,3,3,H,0.574710399401971,AvgH/AvgD/AvgA,0.04192023640546516,-0.75,1.84,AvgAHH/AvgAHA,2.5,1.76,2.09,AvgO/AvgU
2223,E0,2023-04-01,Chelsea,Aston Villa,0,2,H,0.5715091023642935,AvgH/AvgD/AvgA,0.04151988616740576,-0.75,1.86,AvgAHH/AvgAHA,2.5,1.93,1.89,AvgO/AvgU
2223,E0,2023-04-01,Crystal Palace,Leicester,2,1,H,0.3776583091488653,AvgH/AvgD/AvgA,0.042478817131985425,0.0,1.79,AvgAHH/AvgAHA,2.5,2.17,1.7,AvgO/AvgU
2223,E0,2023-04-01,Man City,Liverpool,4,1,H,0.5860055487450804,AvgH/AvgD/AvgA,0.040529563016521886,-1.0,2.07,AvgAHH/AvgAHA,2.5,1.65,2.27,AvgO/AvgU
2223,E0,2023-04-01,Nott'm Forest,Wolves,1,1,A,0.3682396848929041,AvgH/AvgD/AvgA,0.04046841818131908,-0.0,1.81,AvgAHH/AvgAHA,2.5,2.38,1.59,AvgO/AvgU
2223,E0,2023-04-02,Newcastle,Man United,2,0,H,0.3979719486673862,AvgH/AvgD/AvgA,0.042630669637705676,-0.25,2.06,AvgAHH/AvgAHA,2.5,1.9,1.91,AvgO/AvgU
2223,E0,2023-04-02,West Ham,Southampton,1,0,H,0.5458561350299994,AvgH/AvgD/AvgA,0.04090030636111086,-0.75,1.96,AvgAHH/AvgAHA,2.5,2.05,1.79,AvgO/AvgU
2223,E0,2023-04-03,Everton,Tottenham,1,1,A,0.4336829514786539,AvgH/AvgD/AvgA,0.043362867366662394,-0.25,1.89,AvgAHH/AvgAHA,2.5,2.06,1.74,AvgO/AvgU
2223,E0,2023-04-04,Bournemouth,Brighton,0,2,A,0.6133926443720709,AvgH/AvgD/AvgA,0.03839307660963698,-1.0,1.94,AvgAHH/AvgAHA,2.5,1.8,2.04,AvgO/AvgU
2223,E0,2023-04-04,Chelsea,Liverpool,0,0,H,0.4280337032036147,AvgH/AvgD/AvgA,0.03833983426539467,-0.25,1.93,AvgAHH/AvgAHA,2.5,1.91,1.92,AvgO/AvgU
2223,E0,2023-04-04,Leeds,Nott'm Forest,2,1,H,0.5573292915205496,AvgH/AvgD/AvgA,0.03715108980524828,-0.75,1.92,AvgAHH/AvgAHA,2.5,1.96,1.88,AvgO/AvgU
2223,E0,2023-04-04,Leicester,Aston Villa,1,2,H,0.3729493255559606,AvgH/AvgD/AvgA,0.03927497025771598,0.0,1.86,AvgAHH/AvgAHA,2.5,1.94,1.89,AvgO/AvgU
2223,E0,2023-04-05,Man United,Brentford,1,0,H,0.5810145680294824,AvgH/AvgD/AvgA,0.04310741831494447,-0.75,1.81,AvgAHH/AvgAHA,2.5,1.71,2.16,AvgO/AvgU
2223,E0,2023-04-05,West Ham,Newcastle,1,5,A,0.4465155443777983,AvgH/AvgD/AvgA,0.04165753001474681,-0.25,1.83,AvgAHH/AvgAHA,2.5,2.14,1.73,AvgO/AvgU
2223,E0,2023-04-08,Aston Villa,Nott'm Forest,2,0,H,0.5924241119314756,AvgH/AvgD/AvgA,0.04196290830357663,-1.0,2.06,AvgAHH/AvgAHA,2.5,1.91,1.91,AvgO/AvgU
2223,E0,2023-04-08,Brentford,Newcastle,1,2,A,0.455545229244114,AvgH/AvgD/AvgA,0.04531986204886573,-0.25,1.81,AvgAHH/AvgAHA,2.5,2.0,1.83,AvgO/AvgU
2223,E0,2023-04-08,Fulham,West Ham,0,1,A,0.3604392449580133,AvgH/AvgD/AvgA,0.04300476400080244,-0.0,1.89,AvgAHH/AvgAHA,2.5,2.17,1.7,AvgO/AvgU
2223,E0,2023-04-08,Leicester,Bournemouth,0,1,H,0.5094769673704415,AvgH/AvgD/AvgA,0.04404110035118647,-0.5,1.88,AvgAHH/AvgAHA,2.5,1.85,1.97,AvgO/AvgU
2223,E0,2023-04-08,Man United,Everton,2,0,H,0.6387851226246548,AvgH/AvgD/AvgA,0.0436477667598949,-1.0,1.82,AvgAHH/AvgAHA,2.5,1.83,1.99,AvgO/AvgU
2223,E0,2023-04-08,Southampton,Man City,1,4,A,0.7679908379370645,AvgH/AvgD/AvgA,0.04167909365809219,-1.75,1.94,AvgAHH/AvgAHA,2.5,1.6,2.35,AvgO/AvgU
2223,E0,2023-04-08,Tottenham,Brighton,2,1,H,0.3744232964764392,AvgH/AvgD/AvgA,0.04327108830040527,0.0,1.87,AvgAHH/AvgAHA,2.5,1.81,2.01,AvgO/AvgU
2223,E0,2023-04-08,Wolves,Chelsea,1,0,A,0.4918901706197163,AvgH/AvgD/AvgA,0.04255084458066549,-0.5,1.94,AvgAHH/AvgAHA,2.5,2.16,1.7,AvgO/AvgU
2223,E0,2023-04-09,Leeds,Crystal Palace,1,5,H,0.4532039582554356,AvgH/AvgD/AvgA,0.04574031328733508,-0.25,1.81,AvgAHH/AvgAHA,2.5,2.14,1.72,AvgO/AvgU
2223,E0,2023-04-09,Liverpool,Arsenal,2,2,A,0.3973116598937168,AvgH/AvgD/AvgA,0.044363408431300044,-0.25,2.08,AvgAHH/AvgAHA,2.5,1.64,2.28,AvgO/AvgU
2223,E0,2023-04-15,Aston Villa,Newcastle,3,0,A,0.45190903400792826,AvgH/AvgD/AvgA,0.03888953914313831,-0.25,1.81,AvgAHH/AvgAHA,2.5,2.01,1.83,AvgO/AvgU
2223,E0,2023-04-15,Chelsea,Brighton,1,2,H,0.3601046651422645,AvgH/AvgD/AvgA,0.04006382438291478,0.0,1.92,AvgAHH/AvgAHA,2.5,1.91,1.91,AvgO/AvgU
2223,E0,2023-04-15,Everton,Fulham,1,3,H,0.46334081811969147,AvgH/AvgD/AvgA,0.04262730272734139,-0.5,2.06,AvgAHH/AvgAHA,2.5,2.21,1.69,AvgO/AvgU
2223,E0,2023-04-15,Man City,Leicester,3,1,H,0.8308367196575556,AvgH/AvgD/AvgA,0.037591316224635296,-2.25,1.92,AvgAHH/AvgAHA,2.5,1.34,3.24,AvgO/AvgU
2223,E0,2023-04-15,Southampton,Crystal Palace,0,2,A,0.3586987629980602,AvgH/AvgD/AvgA,0.040244257436223174,-0.0,1.87,AvgAHH/AvgAHA,2.5,2.28,1.64,AvgO/AvgU
2223,E0,2023-04-15,Tottenham,Bournemouth,2,3,H,0.6515540200041061,AvgH/AvgD/AvgA,0.04407629752518494,-1.25,2.03,AvgAHH/AvgAHA,2.5,1.69,2.2,AvgO/AvgU
2223,E0,2023-04-15,Wolves,Brentford,2,0,H,0.38165233008791005,AvgH/AvgD/AvgA,0.03975625337854427,0.0,1.77,AvgAHH/AvgAHA,2.5,2.24,1.67,AvgO/AvgU
2223,E0,2023-04-16,Nott'm Forest,Man United,0,2,A,0.5666468244883007,AvgH/AvgD/AvgA,0.044241228856613635,-0.75,1.88,AvgAHH/AvgAHA,2.5,1.78,2.05,AvgO/AvgU
2223,E0,2023-04-16,West Ham,Arsenal,2,2,A,0.6107837720220428,AvgH/AvgD/AvgA,0.042828418722704376,-1.0,1.97,AvgAHH/AvgAHA,2.5,1.8,2.04,AvgO/AvgU
2223,E0,2023-04-17,Leeds,Liverpool,1,6,A,0.5532032872154802,AvgH/AvgD/AvgA,0.04488656419673909,-0.75,1.9,AvgAHH/AvgAHA,2.5,1.57,2.4,AvgO/AvgU
2223,E0,2023-04-21,Arsenal,Southampton,3,3,H,0.8008632291073097,AvgH/AvgD/AvgA,0.040543881958742034,-2.0,2.0,AvgAHH/AvgAHA,2.5,1.51,2.58,AvgO/AvgU
2223,E0,2023-04-22,Brentford,Aston Villa,1,1,H,0.3788788986335541,AvgH/AvgD/AvgA,0.043227581218066025,0.0,1.82,AvgAHH/AvgAHA,2.5,1.97,1.85,AvgO/AvgU
2223,E0,2023-04-22,Crystal Palace,Everton,0,0,H,0.4545155789573619,AvgH/AvgD/AvgA,0.04272256272553254,-0.25,1.79,AvgAHH/AvgAHA,2.5,2.34,1.6,AvgO/AvgU
2223,E0,2023-04-22,Fulham,Leeds,2,1,H,0.40281030444964866,AvgH/AvgD/AvgA,0.043091655266757956,-0.25,2.05,AvgAHH/AvgAHA,2.5,1.88,1.94,AvgO/AvgU
2223,E0,2023-04-22,Leicester,Wolves,2,1,H,0.3917705980555828,AvgH/AvgD/AvgA,0.04184251531865568,-0.25,2.07,AvgAHH/AvgAHA,2.5,2.14,1.72,AvgO/AvgU
2223,E0,2023-04-22,Liverpool,Nott'm Forest,3,2,H,0.8143821632714828,AvgH/AvgD/AvgA,0.04061418009733009,-2.0,1.84,AvgAHH/AvgAHA,2.5,1.45,2.78,AvgO/AvgU
2223,E0,2023-04-23,Bournemouth,West Ham,0,4,A,0.3669269098351172,AvgH/AvgD/AvgA,0.04419096060377914,-0.0,1.85,AvgAHH/AvgAHA,2.5,2.12,1.73,AvgO/AvgU
2223,E0,2023-04-23,Newcastle,Tottenham,6,1,H,0.5197632355650956,AvgH/AvgD/AvgA,0.039974556786140036,-0.5,1.84,AvgAHH/AvgAHA,2.5,1.83,2.0,AvgO/AvgU
2223,E0,2023-04-25,Aston Villa,Fulham,1,0,H,0.5343487895873656,AvgH/AvgD/AvgA,0.039687122683605525,-0.75,2.02,AvgAHH/AvgAHA,2.5,1.81,2.03,AvgO/AvgU
2223,E0,2023-04-25,Leeds,Leicester,1,1,H,0.40571349455418126,AvgH/AvgD/AvgA,0.03999727377491458,-0.25,2.05,AvgAHH/AvgAHA,2.5,1.75,2.11,AvgO/AvgU
2223,E0,2023-04-25,Wolves,Crystal Palace,2,0,H,0.38195904291754257,AvgH/AvgD/AvgA,0.03892132987427033,-0.25,2.13,AvgAHH/AvgAHA,2.5,2.46,1.56,AvgO/AvgU
2223,E0,2023-04-26,Chelsea,Brentford,0,2,H,0.5617263885812581,AvgH/AvgD/AvgA,0.0410679176287827,-0.75,1.9,AvgAHH/AvgAHA,2.5,1.95,1.87,AvgO/AvgU
2223,E0,2023-04-26,Man City,Arsenal,4,1,H,0.6168563536710581,AvgH/AvgD/AvgA,0.03918138673735916,-1.0,1.9,AvgAHH/AvgAHA,2.5,1.6,2.35,AvgO/AvgU
2223,E0,2023-04-26,Nott'm Forest,Brighton,3,1,A,0.6224710236131723,AvgH/AvgD/AvgA,0.043182131726313244,-1.0,1.89,AvgAHH/AvgAHA,2.5,1.74,2.11,AvgO/AvgU
2223,E0,2023-04-26,West Ham,Liverpool,1,2,A,0.5097374879948777,AvgH/AvgD/AvgA,0.043507503655227264,-0.5,1.88,AvgAHH/AvgAHA,2.5,1.68,2.21,AvgO/AvgU
2223,E0,2023-04-27,Everton,Newcastle,1,4,A,0.542275570951859,AvgH/AvgD/AvgA,0.04185359193063354,-0.75,1.98,AvgAHH/AvgAHA,2.5,2.04,1.79,AvgO/AvgU
2223,E0,2023-04-27,Southampton,Bournemouth,0,1,H,0.41654297665632173,AvgH/AvgD/AvgA,0.0437881156603428,-0.25,1.98,AvgAHH/AvgAHA,2.5,2.01,1.82,AvgO/AvgU
2223,E0,2023-04-27,Tottenham,Man United,2,2,A,0.3932293577273131,AvgH/AvgD/AvgA,0.042231607381596925,-0.0,1.81,AvgAHH/AvgAHA,2.5,1.65,2.25,AvgO/AvgU
2223,E0,2023-04-29,Brentford,Nott'm Forest,2,1,H,0.5781505683973254,AvgH/AvgD/AvgA,0.04195977913528548,-0.75,1.83,AvgAHH/AvgAHA,2.5,1.95,1.87,AvgO/AvgU
2223,E0,2023-04-29,Brighton,Wolves,6,0,H,0.6364368609301222,AvgH/AvgD/AvgA,0.040561438665400074,-1.0,1.83,AvgAHH/AvgAHA,2.5,1.8,2.02,AvgO/AvgU
2223,E0,2023-04-29,Crystal Palace,West Ham,4,3,H,0.35588319632957366,AvgH/AvgD/AvgA,0.04070766529639824,0.0,1.89,AvgAHH/AvgAHA,2.5,2.3,1.63,AvgO/AvgU
2223,E0,2023-04-30,Bournemouth,Leeds,4,1,H,0.36770182439689847,AvgH/AvgD/AvgA,0.04199037652460191,0.0,1.89,AvgAHH/AvgAHA,2.5,1.8,2.02,AvgO/AvgU
2223,E0,2023-04-30,Fulham,Man City,1,2,A,0.76613994556129,AvgH/AvgD/AvgA,0.04419565202791187,-1.75,1.93,AvgAHH/AvgAHA,2.5,1.54,2.48,AvgO/AvgU
2223,E0,2023-04-30,Liverpool,Tottenham,4,3,H,0.6252012485625102,AvgH/AvgD/AvgA,0.03862660358350922,-1.0,1.83,AvgAHH/AvgAHA,2.5,1.5,2.61,AvgO/AvgU
2223,E0,2023-04-30,Man United,Aston Villa,1,0,H,0.5373535829842735,AvgH/AvgD/AvgA,0.04548991687923798,-0.75,1.99,AvgAHH/AvgAHA,2.5,1.66,2.24,AvgO/AvgU
2223,E0,2023-04-30,Newcastle,Southampton,3,1,H,0.727224294086308,AvgH/AvgD/AvgA,0.04173604173604173,-1.5,1.93,AvgAHH/AvgAHA,2.5,1.71,2.15,AvgO/AvgU
2223,E0,2023-05-01,Leicester,Everton,2,2,H,0.46957992609112553,AvgH/AvgD/AvgA,0.043903393639203925,-0.5,2.03,AvgAHH/AvgAHA,2.5,2.02,1.8,AvgO/AvgU
2223,E0,2023-05-02,Arsenal,Chelsea,3,1,H,0.6048512736400505,AvgH/AvgD/AvgA,0.039810685732873496,-1.0,1.98,AvgAHH/AvgAHA,2.5,1.75,2.1,AvgO/AvgU
2223,E0,2023-05-03,Liverpool,Fulham,1,0,H,0.7606813711295942,AvgH/AvgD/AvgA,0.04334196126328238,-1.75,1.91,AvgAHH/AvgAHA,2.5,1.44,2.78,AvgO/AvgU
2223,E0,2023-05-03,Man City,West Ham,3,0,H,0.7977948403983443,AvgH/AvgD/AvgA,0.044545904705581396,-2.0,1.98,AvgAHH/AvgAHA,2.5,1.45,2.76,AvgO/AvgU
2223,E0,2023-05-04,Brighton,Man United,1,0,H,0.4736163459631027,AvgH/AvgD/AvgA,0.040105227864751125,-0.5,2.01,AvgAHH/AvgAHA,2.5,1.56,2.45,AvgO/AvgU
2223,E0,2023-05-06,Bournemouth,Chelsea,1,3,A,0.44250467024874435,AvgH/AvgD/AvgA,0.04141159194661692,-0.25,1.86,AvgAHH/AvgAHA,2.5,1.95,1.88,AvgO/AvgU
2223,E0,2023-05-06,Liverpool,Brentford,1,0,H,0.6486407658720287,AvgH/AvgD/AvgA,0.04167932579337874,-1.25,2.01,AvgAHH/AvgAHA,2.5,1.5,2.62,AvgO/AvgU
2223,E0,2023-05-06,Man City,Leeds,2,1,H,0.8247284288833424,AvgH/AvgD/AvgA,0.036342176124684045,-2.25,1.94,AvgAHH/AvgAHA,2.5,1.31,3.47,AvgO/AvgU
2223,E0,2023-05-06,Tottenham,Crystal Palace,1,0,H,0.5272621550297446,AvgH/AvgD/AvgA,0.042082281478277306,-0.75,2.04,AvgAHH/AvgAHA,2.5,1.76,2.09,AvgO/AvgU
2223,E0,2023-05-06,Wolves,Aston Villa,1,0,A,0.3828160711189572,AvgH/AvgD/AvgA,0.04072531055831852,-0.25,2.11,AvgAHH/AvgAHA,2.5,2.19,1.69,AvgO/AvgU
2223,E0,2023-05-07,Newcastle,Arsenal,0,2,H,0.38664086077440624,AvgH/AvgD/AvgA,0.03870663048501988,0.0,1.84,AvgAHH/AvgAHA,2.5,1.64,2.29,AvgO/AvgU
2223,E0,2023-05-07,West Ham,Man United,1,0,A,0.4624141187666265,AvgH/AvgD/AvgA,0.03969409941798885,-0.25,1.8,AvgAHH/AvgAHA,2.5,1.67,2.23,AvgO/AvgU
2223,E0,2023-05-08,Brighton,Everton,1,5,H,0.7071620418868787,AvgH/AvgD/AvgA,0.047483740451150336,-1.5,2.0,AvgAHH/AvgAHA,2.5,1.59,2.38,AvgO/AvgU
2223,E0,2023-05-08,Fulham,Leicester,5,3,A,0.3689592133129249,AvgH/AvgD/AvgA,0.042433338801547205,-0.0,1.9,AvgAHH/AvgAHA,2.5,1.83,2.01,AvgO/AvgU
2223,E0,2023-05-08,Nott'm Forest,Southampton,4,3,H,0.4503042896334475,AvgH/AvgD/AvgA,0.04259181820648883,-0.25,1.83,AvgAHH/AvgAHA,2.5,2.0,1.83,AvgO/AvgU
2223,E0,2023-05-13,Aston Villa,Tottenham,2,1,H,0.41702030049317584,AvgH/AvgD/AvgA,0.04259338977376004,-0.25,1.98,AvgAHH/AvgAHA,2.5,1.75,2.1,AvgO/AvgU
2223,E0,2023-05-13,Chelsea,Nott'm Forest,2,2,H,0.6372553270833514,AvgH/AvgD/AvgA,0.039224981704261586,-1.0,1.84,AvgAHH/AvgAHA,2.5,1.84,1.99,AvgO/AvgU
2223,E0,2023-05-13,Crystal Palace,Bournemouth,2,0,H,0.5107594351461672,AvgH/AvgD/AvgA,0.04141961364805713,-0.5,1.87,AvgAHH/AvgAHA,2.5,1.9,1.92,AvgO/AvgU
2223,E0,2023-05-13,Leeds,Newcastle,2,2,A,0.5626598465473145,AvgH/AvgD/AvgA,0.039340776182881454,-0.75,1.88,AvgAHH/AvgAHA,2.5,1.63,2.3,AvgO/AvgU
2223,E0,2023-05-13,Man United,Wolves,2,0,H,0.6966394453909877,AvgH/AvgD/AvgA,0.04019042555466945,-1.5,2.06,AvgAHH/AvgAHA,2.5,1.65,2.25,AvgO/AvgU
2223,E0,2023-05-13,Southampton,Fulham,0,2,A,0.38171988006327373,AvgH/AvgD/AvgA,0.043713977998610876,-0.0,1.82,AvgAHH/AvgAHA,2.5,1.88,1.94,AvgO/AvgU
2223,E0,2023-05-14,Arsenal,Brighton,0,3,H,0.5426342519818259,AvgH/AvgD/AvgA,0.04116492711070441,-0.75,1.95,AvgAHH/AvgAHA,2.5,1.53,2.51,AvgO/AvgU
2223,E0,2023-05-14,Brentford,West Ham,2,0,H,0.46817531781564187,AvgH/AvgD/AvgA,0.04192779816912173,-0.5,2.04,AvgAHH/AvgAHA,2.5,1.95,1.87,AvgO/AvgU
2223,E0,2023-05-14,Everton,Man City,0,3,A,0.7069459291409248,AvgH/AvgD/AvgA,0.040099514457325514,-1.5,2.02,AvgAHH/AvgAHA,2.5,1.64,2.27,AvgO/AvgU
2223,E0,2023-05-15,Leicester,Liverpool,0,3,A,0.6032964743466083,AvgH/AvgD/AvgA,0.04249045760000092,-1.0,1.94,AvgAHH/AvgAHA,2.5,1.49,2.63,AvgO/AvgU
2223,E0,2023-05-18,Newcastle,Brighton,4,1,H,0.4757119046273801,AvgH/AvgD/AvgA,0.0406498137528466,-0.5,2.01,AvgAHH/AvgAHA,2.5,1.6,2.36,AvgO/AvgU
2223,E0,2023-05-20,Bournemouth,Man United,0,1,A,0.638676962847579,AvgH/AvgD/AvgA,0.03691176314932498,-1.0,1.79,AvgAHH/AvgAHA,2.5,1.55,2.46,AvgO/AvgU
2223,E0,2023-05-20,Fulham,Crystal Palace,2,2,H,0.39284950106012567,AvgH/AvgD/AvgA,0.03898124906528255,-0.25,2.08,AvgAHH/AvgAHA,2.5,2.02,1.82,AvgO/AvgU
2223,E0,2023-05-20,Liverpool,Aston Villa,1,1,H,0.6457998075819611,AvgH/AvgD/AvgA,0.03923991880740574,-1.25,2.02,AvgAHH/AvgAHA,2.5,1.54,2.47,AvgO/AvgU
2223,E0,2023-05-20,Nott'm Forest,Arsenal,1,0,A,0.6048169717769797,AvgH/AvgD/AvgA,0.03986965802602338,-1.0,1.96,AvgAHH/AvgAHA,2.5,1.57,2.41,AvgO/AvgU
2223,E0,2023-05-20,Tottenham,Brentford,1,3,H,0.5195490696400142,AvgH/AvgD/AvgA,0.0404032499087541,-0.75,2.07,AvgAHH/AvgAHA,2.5,1.75,2.1,AvgO/AvgU
2223,E0,2023-05-20,Wolves,Everton,1,1,A,0.3656931401255562,AvgH/AvgD/AvgA,0.039746429893606106,-0.0,1.88,AvgAHH/AvgAHA,2.5,2.07,1.78,AvgO/AvgU
2223,E0,2023-05-21,Brighton,Southampton,3,1,H,0.7831117027338746,AvgH/AvgD/AvgA,0.03817645329913533,-2.0,2.01,AvgAHH/AvgAHA,2.5,1.41,2.91,AvgO/AvgU
2223,E0,2023-05-21,Man City,Chelsea,1,0,H,0.765506895999301,AvgH/AvgD/AvgA,0.03676504783768575,-1.75,1.92,AvgAHH/AvgAHA,2.5,1.52,2.54,AvgO/AvgU
2223,E0,2023-05-21,West Ham,Leeds,3,1,H,0.39202183758297654,AvgH/AvgD/AvgA,0.04117481776695486,0.0,1.8,AvgAHH/AvgAHA,2.5,1.8,2.03,AvgO/AvgU
2223,E0,2023-05-22,Newcastle,Leicester,0,0,H,0.6962884761975432,AvgH/AvgD/AvgA,0.04071474098881156,-1.5,2.0,AvgAHH/AvgAHA,2.5,1.51,2.57,AvgO/AvgU
2223,E0,2023-05-24,Brighton,Man City,1,1,A,0.5305520104632125,AvgH/AvgD/AvgA,0.041342181255596744,-0.75,1.99,AvgAHH/AvgAHA,2.5,1.52,2.55,AvgO/AvgU
2223,E0,2023-05-25,Man United,Chelsea,4,1,H,0.5906423288365098,AvgH/AvgD/AvgA,0.038694489986601965,-1.0,2.03,AvgAHH/AvgAHA,2.5,1.6,2.38,AvgO/AvgU
2223,E0,2023-05-28,Arsenal,Wolves,5,0,H,0.6987561447316474,AvgH/AvgD/AvgA,0.04460907113681789,-1.5,1.99,AvgAHH/AvgAHA,2.5,1.46,2.71,AvgO/AvgU
2223,E0,2023-05-28,Aston Villa,Brighton,2,1,H,0.469238056959118,AvgH/AvgD/AvgA,0.04466394223876957,-0.5,2.03,AvgAHH/AvgAHA,2.5,1.53,2.52,AvgO/AvgU
2223,E0,2023-05-28,Brentford,Man City,1,0,A,0.5132698404320244,AvgH/AvgD/AvgA,0.041867875655147824,-0.5,1.86,AvgAHH/AvgAHA,2.5,1.61,2.33,AvgO/AvgU
2223,E0,2023-05-28,Chelsea,Newcastle,1,1,A,0.4027200604457877,AvgH/AvgD/AvgA,0.0433253977012944,-0.25,2.04,AvgAHH/AvgAHA,2.5,1.7,2.19,AvgO/AvgU
2223,E0,2023-05-28,Crystal Palace,Nott'm Forest,1,1,H,0.5676894090386374,AvgH/AvgD/AvgA,0.04232343762306878,-0.75,1.85,AvgAHH/AvgAHA,2.5,1.65,2.27,AvgO/AvgU
2223,E0,2023-05-28,Everton,Bournemouth,1,0,H,0.6453052636953298,AvgH/AvgD/AvgA,0.04003636318420534,-1.25,2.06,AvgAHH/AvgAHA,2.5,1.68,2.22,AvgO/AvgU
2223,E0,2023-05-28,Leeds,Tottenham,1,4,A,0.40440262332477894,AvgH/AvgD/AvgA,0.04336842526161866,-0.25,2.05,AvgAHH/AvgAHA,2.5,1.5,2.6,AvgO/AvgU
2223,E0,2023-05-28,Leicester,West Ham,2,1,H,0.4934848139947161,AvgH/AvgD/AvgA,0.044538561081825856,-0.5,1.93,AvgAHH/AvgAHA,2.5,1.68,2.21,AvgO/AvgU
2223,E0,2023-05-28,Man United,Fulham,2,1,H,0.6254071661237786,AvgH/AvgD/AvgA,0.04507080610021785,-1.0,1.84,AvgAHH/AvgAHA,2.5,1.49,2.63,AvgO/AvgU
2223,E0,2023-05-28,Southampton,Liverpool,4,4,A,0.6739637096464036,AvgH/AvgD/AvgA,0.04490099694262373,-1.5,2.07,AvgAHH/AvgAHA,2.5,1.39,3.01,AvgO/AvgU
2324,E0,2023-08-11,Burnley,Man City,0,3,A,0.713264800869096,AvgH/AvgD/AvgA,0.03852137360229446,-1.5,2.03,AvgAHH/AvgAHA,2.5,1.65,2.27,AvgO/AvgU
2324,E0,2023-08-12,Arsenal,Nott'm Forest,2,1,H,0.8131711684052801,AvgH/AvgD/AvgA,0.04216388879183164,-2.0,1.87,AvgAHH/AvgAHA,2.5,1.42,2.85,AvgO/AvgU
2324,E0,2023-08-12,Bournemouth,West Ham,1,1,A,0.363787897848786,AvgH/AvgD/AvgA,0.041232765102394264,-0.0,1.92,AvgAHH/AvgAHA,2.5,1.88,1.94,AvgO/AvgU
2324,E0,2023-08-12,Brighton,Luton,4,1,H,0.7249846590342229,AvgH/AvgD/AvgA,0.03709739217064967,-1.5,1.93,AvgAHH/AvgAHA,2.5,1.61,2.34,AvgO/AvgU
2324,E0,2023-08-12,Everton,Fulham,0,1,H,0.42884421577467774,AvgH/AvgD/AvgA,0.04100406396324763,-0.25,1.92,AvgAHH/AvgAHA,2.5,1.97,1.86,AvgO/AvgU
2324,E0,2023-08-12,Newcastle,Aston Villa,5,1,H,0.5448442240444482,AvgH/AvgD/AvgA,0.0428335166410172,-0.75,1.97,AvgAHH/AvgAHA,2.5,1.76,2.09,AvgO/AvgU
2324,E0,2023-08-12,Sheffield United,Crystal Palace,0,1,A,0.39741472849931586,AvgH/AvgD/AvgA,0.04409255515756216,-0.25,2.05,AvgAHH/AvgAHA,2.5,2.21,1.68,AvgO/AvgU
2324,E0,2023-08-13,Brentford,Tottenham,2,2,A,0.38395731870328825,AvgH/AvgD/AvgA,0.04178245996427821,-0.0,1.86,AvgAHH/AvgAHA,2.5,1.7,2.18,AvgO/AvgU
2324,E0,2023-08-13,Chelsea,Liverpool,1,1,A,0.4017119323840543,AvgH/AvgD/AvgA,0.04156737231540775,-0.25,2.04,AvgAHH/AvgAHA,2.5,1.67,2.24,AvgO/AvgU
2324,E0,2023-08-14,Man United,Wolves,1,0,H,0.7326794589079418,AvgH/AvgD/AvgA,0.04187277170802606,-1.5,1.89,AvgAHH/AvgAHA,2.5,1.6,2.38,AvgO/AvgU
2324,E0,2023-08-18,Nott'm Forest,Sheffield United,2,1,H,0.49325798974740725,AvgH/AvgD/AvgA,0.0396598199719449,-0.5,1.96,AvgAHH/AvgAHA,2.5,2.24,1.67,AvgO/AvgU
2324,E0,2023-08-19,Fulham,Brentford,0,3,A,0.364904749127985,AvgH/AvgD/AvgA,0.04199284276448223,-0.0,1.9,AvgAHH/AvgAHA,2.5,1.93,1.9,AvgO/AvgU
2324,E0,2023-08-19,Liverpool,Bournemouth,3,1,H,0.7792038561774949,AvgH/AvgD/AvgA,0.043383093699815634,-2.0,2.02,AvgAHH/AvgAHA,2.5,1.35,3.21,AvgO/AvgU
2324,E0,2023-08-19,Man City,Newcastle,1,0,H,0.5650811628114213,AvgH/AvgD/AvgA,0.04097487729201266,-0.75,1.88,AvgAHH/AvgAHA,2.5,1.72,2.15,AvgO/AvgU
2324,E0,2023-08-19,Tottenham,Man United,2,0,A,0.40543164194104675,AvgH/AvgD/AvgA,0.04072027099304698,-0.25,2.05,AvgAHH/AvgAHA,2.5,1.57,2.44,AvgO/AvgU
2324,E0,2023-08-19,Wolves,Brighton,1,4,A,0.5079847604571863,AvgH/AvgD/AvgA,0.04156772070157899,-0.5,1.87,AvgAHH/AvgAHA,2.5,1.74,2.12,AvgO/AvgU
2324,E0,2023-08-20,Aston Villa,Everton,4,0,H,0.5634492895639392,AvgH/AvgD/AvgA,0.04398976982097191,-0.75,1.89,AvgAHH/AvgAHA,2.5,1.89,1.94,AvgO/AvgU
2324,E0,2023-08-20,West Ham,Chelsea,3,1,A,0.46974697469746973,AvgH/AvgD/AvgA,0.043532166965146724,-0.5,2.06,AvgAHH/AvgAHA,2.5,1.92,1.91,AvgO/AvgU
2324,E0,2023-08-21,Crystal Palace,Arsenal,0,1,A,0.5986492612192302,AvgH/AvgD/AvgA,0.04401699039451401,-1.0,2.05,AvgAHH/AvgAHA,2.5,1.92,1.9,AvgO/AvgU
2324,E0,2023-08-25,Chelsea,Luton,3,0,H,0.7463786266901711,AvgH/AvgD/AvgA,0.0386066410920991,-1.5,1.89,AvgAHH/AvgAHA,2.5,1.66,2.27,AvgO/AvgU
2324,E0,2023-08-26,Arsenal,Fulham,2,2,H,0.7802398493579612,AvgH/AvgD/AvgA,0.04199770205316189,-1.75,1.84,AvgAHH/AvgAHA,2.5,1.48,2.67,AvgO/AvgU
2324,E0,2023-08-26,Bournemouth,Tottenham,0,2,A,0.49352032301112997,AvgH/AvgD/AvgA,0.039107183452195216,-0.5,1.94,AvgAHH/AvgAHA,2.5,1.55,2.47,AvgO/AvgU
2324,E0,2023-08-26,Brentford,Crystal Palace,1,1,H,0.449033414604458,AvgH/AvgD/AvgA,0.040656896408904686,-0.25,1.84,AvgAHH/AvgAHA,2.5,2.13,1.74,AvgO/AvgU
2324,E0,2023-08-26,Brighton,West Ham,1,3,H,0.6271012465111048,AvgH/AvgD/AvgA,0.04224760336249167,-1.0,1.85,AvgAHH/AvgAHA,2.5,1.49,2.63,AvgO/AvgU
2324,E0,2023-08-26,Everton,Wolves,0,1,H,0.4137436150676687,AvgH/AvgD/AvgA,0.04179126169264036,-0.25,1.98,AvgAHH/AvgAHA,2.5,2.12,1.74,AvgO/AvgU
2324,E0,2023-08-26,Man United,Nott'm Forest,3,2,H,0.7308976324538861,AvgH/AvgD/AvgA,0.04441271216474507,-1.5,1.88,AvgAHH/AvgAHA,2.5,1.52,2.56,AvgO/AvgU
2324,E0,2023-08-27,Burnley,Aston Villa,1,3,A,0.4441862543569577,AvgH/AvgD/AvgA,0.04227215142708096,-0.25,1.85,AvgAHH/AvgAHA,2.5,1.85,1.99,AvgO/AvgU
2324,E0,2023-08-27,Newcastle,Liverpool,1,2,H,0.4366478217492517,AvgH/AvgD/AvgA,0.040988714256041,-0.25,1.92,AvgAHH/AvgAHA,2.5,1.49,2.64,AvgO/AvgU
2324,E0,2023-08-27,Sheffield United,Man City,1,2,A,0.8143921480106242,AvgH/AvgD/AvgA,0.04060142179512827,-2.0,1.94,AvgAHH/AvgAHA,2.5,1.57,2.41,AvgO/AvgU
2324,E0,2023-09-01,Luton,West Ham,1,2,A,0.5519259886264739,AvgH/AvgD/AvgA,0.041285707723954124,-0.75,1.93,AvgAHH/AvgAHA,2.5,1.82,2.03,AvgO/AvgU
2324,E0,2023-09-02,Brentford,Bournemouth,2,2,H,0.5580501415713537,AvgH/AvgD/AvgA,0.041833529869055086,-0.75,1.91,AvgAHH/AvgAHA,2.5,1.74,2.12,AvgO/AvgU
2324,E0,2023-09-02,Brighton,Newcastle,3,1,H,0.3760932944606414,AvgH/AvgD/AvgA,0.042711658306733735,0.0,1.92,AvgAHH/AvgAHA,2.5,1.49,2.65,AvgO/AvgU
2324,E0,2023-09-02,Burnley,Tottenham,2,5,A,0.5096737183698926,AvgH/AvgD/AvgA,0.04363806577718665,-0.5,1.88,AvgAHH/AvgAHA,2.5,1.64,2.31,AvgO/AvgU
2324,E0,2023-09-02,Chelsea,Nott'm Forest,0,1,H,0.6938555947164486,AvgH/AvgD/AvgA,0.04436382249760662,-1.25,1.84,AvgAHH/AvgAHA,2.5,1.64,2.3,AvgO/AvgU
2324,E0,2023-09-02,Man City,Fulham,5,1,H,0.833233522561359,AvgH/AvgD/AvgA,0.04360325628553907,-2.25,1.98,AvgAHH/AvgAHA,2.5,1.4,2.95,AvgO/AvgU
2324,E0,2023-09-02,Sheffield United,Everton,2,2,A,0.38394221693921965,AvgH/AvgD/AvgA,0.04182343684107659,-0.0,1.78,AvgAHH/AvgAHA,2.5,2.26,1.66,AvgO/AvgU
2324,E0,2023-09-03,Arsenal,Man United,3,1,H,0.5428208573374317,AvgH/AvgD/AvgA,0.04080700617078192,-0.75,1.97,AvgAHH/AvgAHA,2.5,1.55,2.47,AvgO/AvgU
2324,E0,2023-09-03,Crystal Palace,Wolves,3,2,H,0.49137709137709146,AvgH/AvgD/AvgA,0.0436394407059677,-0.5,1.95,AvgAHH/AvgAHA,2.5,2.23,1.68,AvgO/AvgU
2324,E0,2023-09-03,Liverpool,Aston Villa,3,0,H,0.5770510336371486,AvgH/AvgD/AvgA,0.04394516851868935,-1.0,2.07,AvgAHH/AvgAHA,2.5,1.41,2.94,AvgO/AvgU
2324,E0,2023-09-16,Aston Villa,Crystal Palace,3,1,H,0.5049627791563275,AvgH/AvgD/AvgA,0.0422863054442002,-0.5,1.89,AvgAHH/AvgAHA,2.5,1.87,1.97,AvgO/AvgU
2324,E0,2023-09-16,Fulham,Luton,1,0,H,0.5718969555035128,AvgH/AvgD/AvgA,0.04081354081354083,-0.75,1.85,AvgAHH/AvgAHA,2.5,1.88,1.96,AvgO/AvgU
2324,E0,2023-09-16,Man United,Brighton,1,3,H,0.4344241136948617,AvgH/AvgD/AvgA,0.04158280702767847,-0.25,1.94,AvgAHH/AvgAHA,2.5,1.42,2.87,AvgO/AvgU
2324,E0,2023-09-16,Newcastle,Brentford,1,0,H,0.6249553092599213,AvgH/AvgD/AvgA,0.04582641599736781,-1.0,1.87,AvgAHH/AvgAHA,2.5,1.67,2.24,AvgO/AvgU
2324,E0,2023-09-16,Tottenham,Sheffield United,2,1,H,0.751027554373777,AvgH/AvgD/AvgA,0.04024146045004051,-1.75,1.99,AvgAHH/AvgAHA,2.5,1.48,2.66,AvgO/AvgU
2324,E0,2023-09-16,West Ham,Man City,1,3,A,0.648431539549127,AvgH/AvgD/AvgA,0.04201543951037956,-1.25,2.05,AvgAHH/AvgAHA,2.5,1.62,2.34,AvgO/AvgU
2324,E0,2023-09-16,Wolves,Liverpool,1,3,A,0.6616807754637785,AvgH/AvgD/AvgA,0.04227778407254945,-1.25,1.96,AvgAHH/AvgAHA,2.5,1.48,2.66,AvgO/AvgU
2324,E0,2023-09-17,Bournemouth,Chelsea,0,0,A,0.5363475785965284,AvgH/AvgD/AvgA,0.04159921694612634,-0.75,1.99,AvgAHH/AvgAHA,2.5,1.64,2.3,AvgO/AvgU
2324,E0,2023-09-17,Everton,Arsenal,0,1,A,0.631122760272298,AvgH/AvgD/AvgA,0.04241960242133658,-1.0,1.85,AvgAHH/AvgAHA,2.5,1.65,2.27,AvgO/AvgU
2324,E0,2023-09-18,Nott'm Forest,Burnley,1,1,H,0.4284804415901492,AvgH/AvgD/AvgA,0.04188786254003629,-0.25,1.93,AvgAHH/AvgAHA,2.5,1.91,1.92,AvgO/AvgU
2324,E0,2023-09-23,Brentford,Everton,1,3,H,0.5327419628227583,AvgH/AvgD/AvgA,0.042822969326310245,-0.75,2.03,AvgAHH/AvgAHA,2.5,1.92,1.92,AvgO/AvgU
2324,E0,2023-09-23,Burnley,Man United,0,1,A,0.5474335996775779,AvgH/AvgD/AvgA,0.043831748298105655,-0.75,1.93,AvgAHH/AvgAHA,2.5,1.61,2.36,AvgO/AvgU
2324,E0,2023-09-23,Crystal Palace,Fulham,0,0,H,0.49204651784520786,AvgH/AvgD/AvgA,0.04221957522691033,-0.5,1.95,AvgAHH/AvgAHA,2.5,2.05,1.8,AvgO/AvgU
2324,E0,2023-09-23,Luton,Wolves,1,1,A,0.42994047912971145,AvgH/AvgD/AvgA,0.043005985808218794,-0.25,1.91,AvgAHH/AvgAHA,2.5,1.99,1.85,AvgO/AvgU
2324,E0,2023-09-23,Man City,Nott'm Forest,2,0,H,0.8347219264741954,AvgH/AvgD/AvgA,0.04174239325937501,-2.25,1.98,AvgAHH/AvgAHA,2.5,1.41,2.94,AvgO/AvgU
2324,E0,2023-09-24,Arsenal,Tottenham,2,2,H,0.56571131999308,AvgH/AvgD/AvgA,0.03981531450500686,-0.75,1.86,AvgAHH/AvgAHA,2.5,1.51,2.58,AvgO/AvgU
2324,E0,2023-09-24,Brighton,Bournemouth,3,1,H,0.6935077018505117,AvgH/AvgD/AvgA,0.04488771966892857,-1.5,1.98,AvgAHH/AvgAHA,2.5,1.37,3.11,AvgO/AvgU
2324,E0,2023-09-24,Chelsea,Aston Villa,0,1,H,0.5026024888091295,AvgH/AvgD/AvgA,0.04169840198088082,-0.5,1.9,AvgAHH/AvgAHA,2.5,1.7,2.2,AvgO/AvgU
2324,E0,2023-09-24,Liverpool,West Ham,3,1,H,0.6888530749984418,AvgH/AvgD/AvgA,0.044380124794074716,-1.5,2.03,AvgAHH/AvgAHA,2.5,1.4,2.96,AvgO/AvgU
2324,E0,2023-09-24,Sheffield United,Newcastle,0,8,A,0.6621663014072205,AvgH/AvgD/AvgA,0.041513545688075526,-1.25,1.97,AvgAHH/AvgAHA,2.5,1.66,2.25,AvgO/AvgU
2324,E0,2023-09-30,Aston Villa,Brighton,6,1,A,0.3778427061056056,AvgH/AvgD/AvgA,0.03788390356142468,-0.0,1.93,AvgAHH/AvgAHA,2.5,1.43,2.84,AvgO/AvgU
2324,E0,2023-09-30,Bournemouth,Arsenal,0,4,A,0.6281060939102766,AvgH/AvgD/AvgA,0.04058021022033653,-1.0,1.85,AvgAHH/AvgAHA,2.5,1.54,2.49,AvgO/AvgU
2324,E0,2023-09-30,Everton,Luton,1,2,H,0.5972623848070362,AvgH/AvgD/AvgA,0.03994162067150997,-1.0,2.07,AvgAHH/AvgAHA,2.5,2.02,1.82,AvgO/AvgU
2324,E0,2023-09-30,Man United,Crystal Palace,0,1,H,0.6128691140778167,AvgH/AvgD/AvgA,0.03928010162111417,-1.0,1.95,AvgAHH/AvgAHA,2.5,1.77,2.08,AvgO/AvgU
2324,E0,2023-09-30,Newcastle,Burnley,2,0,H,0.7241620267883098,AvgH/AvgD/AvgA,0.038275512156774605,-1.5,1.92,AvgAHH/AvgAHA,2.5,1.53,2.52,AvgO/AvgU
2324,E0,2023-09-30,Tottenham,Liverpool,2,1,A,0.43572819222185294,AvgH/AvgD/AvgA,0.03846548343702039,-0.25,1.93,AvgAHH/AvgAHA,2.5,1.39,3.02,AvgO/AvgU
2324,E0,2023-09-30,West Ham,Sheffield United,2,0,H,0.6635967180167612,AvgH/AvgD/AvgA,0.039268510059710326,-1.25,1.98,AvgAHH/AvgAHA,2.5,1.64,2.29,AvgO/AvgU
2324,E0,2023-09-30,Wolves,Man City,2,1,A,0.7246568753877359,AvgH/AvgD/AvgA,0.03756650186451127,-1.5,1.92,AvgAHH/AvgAHA,2.5,1.53,2.51,AvgO/AvgU
2324,E0,2023-10-01,Nott'm Forest,Brentford,1,1,A,0.3631796748706557,AvgH/AvgD/AvgA,0.03904077424055119,-0.0,1.87,AvgAHH/AvgAHA,2.5,2.09,1.76,AvgO/AvgU
2324,E0,2023-10-02,Fulham,Chelsea,0,2,A,0.4667364624303984,AvgH/AvgD/AvgA,0.040066359238590143,-0.5,2.05,AvgAHH/AvgAHA,2.5,1.93,1.89,AvgO/AvgU
2324,E0,2023-10-03,Luton,Burnley,1,2,A,0.36660533941868084,AvgH/AvgD/AvgA,0.03715929911181837,-0.0,1.83,AvgAHH/AvgAHA,2.5,2.24,1.67,AvgO/AvgU
2324,E0,2023-10-07,Burnley,Chelsea,1,4,A,0.5467142203050823,AvgH/AvgD/AvgA,0.03926658038043418,-0.75,1.94,AvgAHH/AvgAHA,2.5,1.8,2.04,AvgO/AvgU
2324,E0,2023-10-07,Crystal Palace,Nott'm Forest,0,0,H,0.42898854391624847,AvgH/AvgD/AvgA,0.04065383041027726,-0.25,1.89,AvgAHH/AvgAHA,2.5,2.28,1.65,AvgO/AvgU
2324,E0,2023-10-07,Everton,Bournemouth,3,0,H,0.48792559800911683,AvgH/AvgD/AvgA,0.040351675069289605,-0.5,1.96,AvgAHH/AvgAHA,2.5,1.83,2.01,AvgO/AvgU
2324,E0,2023-10-07,Fulham,Sheffield United,3,1,H,0.5874176190873446,AvgH/AvgD/AvgA,0.03802827451505064,-1.0,2.11,AvgAHH/AvgAHA,2.5,1.93,1.9,AvgO/AvgU
2324,E0,2023-10-07,Luton,Tottenham,0,1,A,0.6501615770253859,AvgH/AvgD/AvgA,0.03924270450896472,-1.25,2.01,AvgAHH/AvgAHA,2.5,1.55,2.46,AvgO/AvgU
2324,E0,2023-10-07,Man United,Brentford,2,1,H,0.569496371857643,AvgH/AvgD/AvgA,0.03901623534710108,-0.75,1.85,AvgAHH/AvgAHA,2.5,1.64,2.23,AvgO/AvgU
2324,E0,2023-10-08,Arsenal,Man City,1,0,A,0.39451515996159686,AvgH/AvgD/AvgA,0.038834770287826226,-0.25,2.07,AvgAHH/AvgAHA,2.5,1.78,2.05,AvgO/AvgU
2324,E0,2023-10-08,Brighton,Liverpool,2,2,A,0.4439270145586137,AvgH/AvgD/AvgA,0.038074904150065425,-0.25,1.87,AvgAHH/AvgAHA,2.5,1.35,3.22,AvgO/AvgU
2324,E0,2023-10-08,West Ham,Newcastle,2,2,A,0.45164121467439,AvgH/AvgD/AvgA,0.03950559165330114,-0.25,1.83,AvgAHH/AvgAHA,2.5,1.72,2.15,AvgO/AvgU
2324,E0,2023-10-08,Wolves,Aston Villa,1,1,A,0.44933479602129234,AvgH/AvgD/AvgA,0.03995889871841807,-0.25,1.84,AvgAHH/AvgAHA,2.5,1.8,2.04,AvgO/AvgU
2324,E0,2023-10-21,Bournemouth,Wolves,1,2,H,0.3984892653218074,AvgH/AvgD/AvgA,0.04127713202263772,-0.25,2.06,AvgAHH/AvgAHA,2.5,1.82,2.02,AvgO/AvgU
2324,E0,2023-10-21,Brentford,Burnley,3,0,H,0.524875447337029,AvgH/AvgD/AvgA,0.04110049384880621,-0.5,1.84,AvgAHH/AvgAHA,2.5,1.92,1.92,AvgO/AvgU
2324,E0,2023-10-21,Chelsea,Arsenal,2,2,A,0.42574429894650745,AvgH/AvgD/AvgA,0.039304289455182495,-0.25,1.93,AvgAHH/AvgAHA,2.5,1.92,1.9,AvgO/AvgU
2324,E0,2023-10-21,Liverpool,Everton,2,0,H,0.7091844236779616,AvgH/AvgD/AvgA,0.03681650794540503,-1.5,1.95,AvgAHH/AvgAHA,2.5,1.41,2.92,AvgO/AvgU
2324,E0,2023-10-21,Man City,Brighton,2,1,H,0.6805027074151389,AvgH/AvgD/AvgA,0.042199906668954235,-1.25,1.84,AvgAHH/AvgAHA,2.5,1.37,3.09,AvgO/AvgU
2324,E0,2023-10-21,Newcastle,Crystal Palace,4,0,H,0.6585305806633137,AvgH/AvgD/AvgA,0.040090660876232365,-1.25,2.02,AvgAHH/AvgAHA,2.5,1.82,2.03,AvgO/AvgU
2324,E0,2023-10-21,Nott'm Forest,Luton,2,2,H,0.5683492397575933,AvgH/AvgD/AvgA,0.04111334183139537,-0.75,1.88,AvgAHH/AvgAHA,2.5,2.03,1.8,AvgO/AvgU
2324,E0,2023-10-21,Sheffield United,Man United,1,2,A,0.6777813124635678,AvgH/AvgD/AvgA,0.0390155927329876,-1.25,1.88,AvgAHH/AvgAHA,2.5,1.55,2.47,AvgO/AvgU
2324,E0,2023-10-22,Aston Villa,West Ham,4,1,H,0.5045615642729122,AvgH/AvgD/AvgA,0.04311510574952426,-0.5,1.89,AvgAHH/AvgAHA,2.5,1.58,2.39,AvgO/AvgU
2324,E0,2023-10-23,Tottenham,Fulham,2,0,H,0.6355810714100268,AvgH/AvgD/AvgA,0.04196252125624822,-1.0,1.81,AvgAHH/AvgAHA,2.5,1.51,2.55,AvgO/AvgU
2324,E0,2023-10-27,Crystal Palace,Tottenham,1,2,A,0.5396249905108935,AvgH/AvgD/AvgA,0.03527306500053062,-0.75,1.99,AvgAHH/AvgAHA,2.5,1.89,1.96,AvgO/AvgU
2324,E0,2023-10-28,Arsenal,Sheffield United,5,0,H,0.854773427967747,AvgH/AvgD/AvgA,0.035310321141360124,-2.5,2.05,AvgAHH/AvgAHA,2.5,1.36,3.13,AvgO/AvgU
2324,E0,2023-10-28,Bournemouth,Burnley,2,1,H,0.45204998903749183,AvgH/AvgD/AvgA,0.03856559995664477,-0.25,1.84,AvgAHH/AvgAHA,2.5,1.8,2.05,AvgO/AvgU
2324,E0,2023-10-28,Chelsea,Brentford,0,2,H,0.5837120450432334,AvgH/AvgD/AvgA,0.03828696222247285,-0.75,1.82,AvgAHH/AvgAHA,2.5,1.81,2.04,AvgO/AvgU
2324,E0,2023-10-28,Wolves,Newcastle,2,2,A,0.5293360749832852,AvgH/AvgD/AvgA,0.037999440087092884,-0.75,2.03,AvgAHH/AvgAHA,2.5,1.77,2.1,AvgO/AvgU
2324,E0,2023-10-29,Aston Villa,Luton,3,1,H,0.7544815277126671,AvgH/AvgD/AvgA,0.03547929446130493,-1.75,1.97,AvgAHH/AvgAHA,2.5,1.51,2.59,AvgO/AvgU
2324,E0,2023-10-29,Brighton,Fulham,1,1,H,0.6146457873146103,AvgH/AvgD/AvgA,0.04291879039191726,-1.0,1.92,AvgAHH/AvgAHA,2.5,1.5,2.59,AvgO/AvgU
2324,E0,2023-10-29,Liverpool,Nott'm Forest,3,0,H,0.7568347032234567,AvgH/AvgD/AvgA,0.04038777747572175,-1.75,1.93,AvgAHH/AvgAHA,2.5,1.41,2.91,AvgO/AvgU
2324,E0,2023-10-29,Man United,Man City,0,3,A,0.5691538468053631,AvgH/AvgD/AvgA,0.039641530409814774,-0.75,1.85,AvgAHH/AvgAHA,2.5,1.73,2.15,AvgO/AvgU
2324,E0,2023-10-29,West Ham,Everton,0,1,H,0.44677767590429146,AvgH/AvgD/AvgA,0.041046373072150644,-0.25,1.86,AvgAHH/AvgAHA,2.5,1.74,2.12,AvgO/AvgU
2324,E0,2023-11-04,Brentford,West Ham,3,2,H,0.461273003349244,AvgH/AvgD/AvgA,0.042266135842390806,-0.25,1.79,AvgAHH/AvgAHA,2.5,1.75,2.11,AvgO/AvgU
2324,E0,2023-11-04,Burnley,Crystal Palace,0,2,A,0.3653570620616847,AvgH/AvgD/AvgA,0.04070285308439958,-0.0,1.86,AvgAHH/AvgAHA,2.5,2.23,1.68,AvgO/AvgU
2324,E0,2023-11-04,Everton,Brighton,1,1,A,0.4367952984651002,AvgH/AvgD/AvgA,0.0406372416157601,-0.25,1.92,AvgAHH/AvgAHA,2.5,1.59,2.41,AvgO/AvgU
2324,E0,2023-11-04,Fulham,Man United,0,1,A,0.43698069221113034,AvgH/AvgD/AvgA,0.0401957401034041,-0.25,1.89,AvgAHH/AvgAHA,2.5,1.79,2.05,AvgO/AvgU
2324,E0,2023-11-04,Man City,Bournemouth,6,1,H,0.8782895288893809,AvgH/AvgD/AvgA,0.03506973405509828,-2.5,1.86,AvgAHH/AvgAHA,2.5,1.3,3.53,AvgO/AvgU
2324,E0,2023-11-04,Newcastle,Arsenal,1,0,A,0.3755214593791982,AvgH/AvgD/AvgA,0.04022017981547732,-0.0,1.84,AvgAHH/AvgAHA,2.5,1.92,1.91,AvgO/AvgU
2324,E0,2023-11-04,Sheffield United,Wolves,2,1,A,0.4852184687349905,AvgH/AvgD/AvgA,0.04087238551990513,-0.5,1.98,AvgAHH/AvgAHA,2.5,1.89,1.94,AvgO/AvgU
2324,E0,2023-11-05,Luton,Liverpool,1,1,A,0.7748601974338374,AvgH/AvgD/AvgA,0.04077047133665168,-1.75,1.82,AvgAHH/AvgAHA,2.5,1.37,3.09,AvgO/AvgU
2324,E0,2023-11-05,Nott'm Forest,Aston Villa,2,0,A,0.5093130567767806,AvgH/AvgD/AvgA,0.03885129599656212,-0.5,1.88,AvgAHH/AvgAHA,2.5,1.76,2.1,AvgO/AvgU
2324,E0,2023-11-06,Tottenham,Chelsea,1,4,H,0.45076273770124486,AvgH/AvgD/AvgA,0.0415314506015807,-0.25,1.85,AvgAHH/AvgAHA,2.5,1.71,2.16,AvgO/AvgU
2324,E0,2023-11-11,Arsenal,Burnley,3,1,H,0.8057432272473316,AvgH/AvgD/AvgA,0.04293291713370029,-2.0,1.98,AvgAHH/AvgAHA,2.5,1.49,2.62,AvgO/AvgU
2324,E0,2023-11-11,Bournemouth,Newcastle,2,0,A,0.5556388779815242,AvgH/AvgD/AvgA,0.040306402209935754,-0.75,1.92,AvgAHH/AvgAHA,2.5,1.69,2.2,AvgO/AvgU
2324,E0,2023-11-11,Crystal Palace,Everton,2,3,H,0.39297509437527306,AvgH/AvgD/AvgA,0.04290595368467809,-0.25,2.07,AvgAHH/AvgAHA,2.5,2.29,1.64,AvgO/AvgU
2324,E0,2023-11-11,Man United,Luton,1,0,H,0.7233073366001794,AvgH/AvgD/AvgA,0.03950238190897082,-1.5,1.92,AvgAHH/AvgAHA,2.5,1.53,2.52,AvgO/AvgU
2324,E0,2023-11-11,Wolves,Tottenham,2,1,A,0.43505431238471426,AvgH/AvgD/AvgA,0.0400740204194876,-0.25,1.92,AvgAHH/AvgAHA,2.5,1.63,2.32,AvgO/AvgU
2324,E0,2023-11-12,Aston Villa,Fulham,3,1,H,0.6051751962307704,AvgH/AvgD/AvgA,0.039254122652828904,-1.0,1.99,AvgAHH/AvgAHA,2.5,1.69,2.19,AvgO/AvgU
2324,E0,2023-11-12,Brighton,Sheffield United,1,1,H,0.7751084594964883,AvgH/AvgD/AvgA,0.04043711950595674,-1.75,1.84,AvgAHH/AvgAHA,2.5,1.41,2.94,AvgO/AvgU
2324,E0,2023-11-12,Chelsea,Man City,4,4,A,0.553327101215263,AvgH/AvgD/AvgA,0.038649006014578324,-0.75,1.93,AvgAHH/AvgAHA,2.5,1.84,2.0,AvgO/AvgU
2324,E0,2023-11-12,Liverpool,Brentford,3,0,H,0.6772258648229026,AvgH/AvgD/AvgA,0.039867773356284886,-1.25,1.88,AvgAHH/AvgAHA,2.5,1.46,2.73,AvgO/AvgU
2324,E0,2023-11-12,West Ham,Nott'm Forest,3,2,H,0.5093130567767806,AvgH/AvgD/AvgA,0.03885129599656212,-0.5,1.88,AvgAHH/AvgAHA,2.5,1.79,2.05,AvgO/AvgU
2324,E0,2023-11-25,Brentford,Arsenal,0,1,A,0.5427694107325632,AvgH/AvgD/AvgA,0.04090565945840652,-0.75,1.97,AvgAHH/AvgAHA,2.5,1.88,1.96,AvgO/AvgU
2324,E0,2023-11-25,Burnley,West Ham,1,2,A,0.45760353218896627,AvgH/AvgD/AvgA,0.04061800815347394,-0.25,1.8,AvgAHH/AvgAHA,2.5,1.78,2.08,AvgO/AvgU
2324,E0,2023-11-25,Luton,Crystal Palace,2,1,A,0.45106927395250856,AvgH/AvgD/AvgA,0.04082364990470966,-0.25,1.81,AvgAHH/AvgAHA,2.5,2.16,1.72,AvgO/AvgU
2324,E0,2023-11-25,Man City,Liverpool,1,1,H,0.5512807134189427,AvgH/AvgD/AvgA,0.03654736601372344,-0.75,1.92,AvgAHH/AvgAHA,2.5,1.5,2.62,AvgO/AvgU
2324,E0,2023-11-25,Newcastle,Chelsea,4,1,H,0.366813183375307,AvgH/AvgD/AvgA,0.04052800338547158,0.0,1.91,AvgAHH/AvgAHA,2.5,1.84,2.01,AvgO/AvgU
2324,E0,2023-11-25,Nott'm Forest,Brighton,2,3,A,0.43713450292397665,AvgH/AvgD/AvgA,0.03982973548190927,-0.25,1.89,AvgAHH/AvgAHA,2.5,1.74,2.13,AvgO/AvgU
2324,E0,2023-11-25,Sheffield United,Bournemouth,1,3,A,0.43519986209946077,AvgH/AvgD/AvgA,0.03972617454413041,-0.25,1.88,AvgAHH/AvgAHA,2.5,1.83,2.02,AvgO/AvgU
2324,E0,2023-11-26,Everton,Man United,0,3,A,0.3757167788581401,AvgH/AvgD/AvgA,0.039679412740544207,-0.0,1.87,AvgAHH/AvgAHA,2.5,1.82,2.03,AvgO/AvgU
2324,E0,2023-11-26,Tottenham,Aston Villa,1,2,H,0.4092659740357337,AvgH/AvgD/AvgA,0.03974418077683417,-0.25,2.05,AvgAHH/AvgAHA,2.5,1.5,2.59,AvgO/AvgU
2324,E0,2023-11-27,Fulham,Wolves,3,2,H,0.39491652833025326,AvgH/AvgD/AvgA,0.0420496591642161,-0.25,2.07,AvgAHH/AvgAHA,2.5,2.1,1.76,AvgO/AvgU
2324,E0,2023-12-02,Arsenal,Wolves,2,1,H,0.7557909308598452,AvgH/AvgD/AvgA,0.04182458753155682,-1.5,1.82,AvgAHH/AvgAHA,2.5,1.65,2.27,AvgO/AvgU
2324,E0,2023-12-02,Brentford,Luton,3,1,H,0.6515631264164683,AvgH/AvgD/AvgA,0.037007234267267375,-1.25,2.03,AvgAHH/AvgAHA,2.5,1.72,2.13,AvgO/AvgU
2324,E0,2023-12-02,Burnley,Sheffield United,5,0,H,0.5264597593452581,AvgH/AvgD/AvgA,0.0379674376466963,-0.75,2.06,AvgAHH/AvgAHA,2.5,2.0,1.84,AvgO/AvgU
2324,E0,2023-12-02,Newcastle,Man United,1,0,H,0.49740932642487046,AvgH/AvgD/AvgA,0.03629725085910662,-0.5,1.93,AvgAHH/AvgAHA,2.5,1.71,2.19,AvgO/AvgU
2324,E0,2023-12-02,Nott'm Forest,Everton,0,1,A,0.36794414152904714,AvgH/AvgD/AvgA,0.03732970914240141,-0.0,1.86,AvgAHH/AvgAHA,2.5,2.04,1.8,AvgO/AvgU
2324,E0,2023-12-03,Bournemouth,Aston Villa,2,2,A,0.4795913048011261,AvgH/AvgD/AvgA,0.0373675102747133,-0.5,1.97,AvgAHH/AvgAHA,2.5,1.52,2.54,AvgO/AvgU
2324,E0,2023-12-03,Chelsea,Brighton,3,2,H,0.5515131130511396,AvgH/AvgD/AvgA,0.03611057997742506,-0.75,1.92,AvgAHH/AvgAHA,2.5,1.53,2.44,AvgO/AvgU
2324,E0,2023-12-03,Liverpool,Fulham,4,3,H,0.7635624877121698,AvgH/AvgD/AvgA,0.039405165160452116,-1.75,1.9,AvgAHH/AvgAHA,2.5,1.41,2.93,AvgO/AvgU
2324,E0,2023-12-03,Man City,Tottenham,3,3,H,0.7404153354632588,AvgH/AvgD/AvgA,0.0389179321218156,-1.75,1.95,AvgAHH/AvgAHA,2.5,1.36,3.14,AvgO/AvgU
2324,E0,2023-12-03,West Ham,Crystal Palace,1,1,H,0.4765809032929479,AvgH/AvgD/AvgA,0.03875229059733165,-0.5,2.02,AvgAHH/AvgAHA,2.5,2.0,1.84,AvgO/AvgU
2324,E0,2023-12-05,Luton,Arsenal,3,4,A,0.7932942254956349,AvgH/AvgD/AvgA,0.04179036532805713,-1.75,1.86,AvgAHH/AvgAHA,2.5,1.64,2.28,AvgO/AvgU
2324,E0,2023-12-05,Wolves,Burnley,1,0,H,0.5100441649041023,AvgH/AvgD/AvgA,0.03736218450810003,-0.5,1.89,AvgAHH/AvgAHA,2.5,2.0,1.85,AvgO/AvgU
2324,E0,2023-12-06,Aston Villa,Man City,1,0,A,0.5571442426664864,AvgH/AvgD/AvgA,0.03749556724207914,-0.75,1.9,AvgAHH/AvgAHA,2.5,1.51,2.57,AvgO/AvgU
2324,E0,2023-12-06,Brighton,Brentford,2,1,H,0.4986182098629712,AvgH/AvgD/AvgA,0.03914118011915191,-0.5,1.92,AvgAHH/AvgAHA,2.5,1.63,2.32,AvgO/AvgU
2324,E0,2023-12-06,Crystal Palace,Bournemouth,0,2,H,0.4243703044868762,AvgH/AvgD/AvgA,0.03807601451730935,-0.25,1.95,AvgAHH/AvgAHA,2.5,1.98,1.86,AvgO/AvgU
2324,E0,2023-12-06,Fulham,Nott'm Forest,5,0,H,0.4695451617151379,AvgH/AvgD/AvgA,0.0388880938884435,-0.5,2.04,AvgAHH/AvgAHA,2.5,2.05,1.81,AvgO/AvgU
2324,E0,2023-12-06,Man United,Chelsea,2,1,A,0.39565483123263023,AvgH/AvgD/AvgA,0.040105165562596135,-0.25,2.08,AvgAHH/AvgAHA,2.5,1.65,2.28,AvgO/AvgU
2324,E0,2023-12-06,Sheffield United,Liverpool,0,2,A,0.8031612373340923,AvgH/AvgD/AvgA,0.037566673535428974,-2.0,1.86,AvgAHH/AvgAHA,2.5,1.32,3.4,AvgO/AvgU
2324,E0,2023-12-07,Everton,Newcastle,3,0,A,0.4129271762932737,AvgH/AvgD/AvgA,0.039371041666201645,-0.25,1.98,AvgAHH/AvgAHA,2.5,1.92,1.91,AvgO/AvgU
2324,E0,2023-12-07,Tottenham,West Ham,1,2,H,0.5367985882910465,AvgH/AvgD/AvgA,0.040724081737330886,-0.75,1.99,AvgAHH/AvgAHA,2.5,1.5,2.61,AvgO/AvgU
2324,E0,2023-12-09,Aston Villa,Arsenal,1,0,A,0.45552461284094264,AvgH/AvgD/AvgA,0.040412824969755956,-0.25,1.82,AvgAHH/AvgAHA,2.5,1.72,2.15,AvgO/AvgU
2324,E0,2023-12-09,Brighton,Burnley,1,1,H,0.6399803926763996,AvgH/AvgD/AvgA,0.0416985806059853,-1.0,1.79,AvgAHH/AvgAHA,2.5,1.59,2.4,AvgO/AvgU
2324,E0,2023-12-09,Crystal Palace,Liverpool,1,2,A,0.6316449940892971,AvgH/AvgD/AvgA,0.04155774683317959,-1.0,1.84,AvgAHH/AvgAHA,2.5,1.65,2.28,AvgO/AvgU
2324,E0,2023-12-09,Man United,Bournemouth,0,3,H,0.6199179410667661,AvgH/AvgD/AvgA,0.04072046892589576,-1.0,1.89,AvgAHH/AvgAHA,2.5,1.51,2.56,AvgO/AvgU
2324,E0,2023-12-09,Sheffield United,Brentford,1,0,A,0.5339057079392018,AvgH/AvgD/AvgA,0.04054994598188322,-0.75,2.02,AvgAHH/AvgAHA,2.5,1.91,1.93,AvgO/AvgU
2324,E0,2023-12-09,Wolves,Nott'm Forest,1,1,H,0.5142414437406005,AvgH/AvgD/AvgA,0.03989937955782352,-0.5,1.87,AvgAHH/AvgAHA,2.5,2.0,1.83,AvgO/AvgU
2324,E0,2023-12-10,Everton,Chelsea,2,0,A,0.415221229448238,AvgH/AvgD/AvgA,0.04257779274842877,-0.25,1.99,AvgAHH/AvgAHA,2.5,1.78,2.05,AvgO/AvgU
2324,E0,2023-12-10,Fulham,West Ham,5,0,H,0.4008042947627409,AvgH/AvgD/AvgA,0.04392604397785993,-0.25,2.05,AvgAHH/AvgAHA,2.5,1.85,1.98,AvgO/AvgU
2324,E0,2023-12-10,Luton,Man City,1,2,A,0.8386072457038628,AvgH/AvgD/AvgA,0.0369159363289997,-2.25,1.95,AvgAHH/AvgAHA,2.5,1.38,2.99,AvgO/AvgU
2324,E0,2023-12-10,Tottenham,Newcastle,4,1,H,0.43587644212876814,AvgH/AvgD/AvgA,0.04283097367113764,-0.25,1.92,AvgAHH/AvgAHA,2.5,1.53,2.49,AvgO/AvgU
2324,E0,2023-12-15,Nott'm Forest,Tottenham,0,2,A,0.5536291542353479,AvgH/AvgD/AvgA,0.03808233233658509,-0.75,1.93,AvgAHH/AvgAHA,2.5,1.63,2.32,AvgO/AvgU
2324,E0,2023-12-16,Burnley,Everton,0,2,A,0.44982095308052517,AvgH/AvgD/AvgA,0.03883493293500684,-0.25,1.82,AvgAHH/AvgAHA,2.5,2.02,1.81,AvgO/AvgU
2324,E0,2023-12-16,Chelsea,Sheffield United,2,0,H,0.7739696228100843,AvgH/AvgD/AvgA,0.04196804258958875,-1.75,1.9,AvgAHH/AvgAHA,2.5,1.52,2.54,AvgO/AvgU
2324,E0,2023-12-16,Man City,Crystal Palace,2,2,H,0.8160996065546324,AvgH/AvgD/AvgA,0.038424256441437876,-2.0,1.88,AvgAHH/AvgAHA,2.5,1.46,2.71,AvgO/AvgU
2324,E0,2023-12-16,Newcastle,Fulham,3,0,H,0.5148586346719991,AvgH/AvgD/AvgA,0.03865279180847181,-0.5,1.87,AvgAHH/AvgAHA,2.5,1.72,2.16,AvgO/AvgU
2324,E0,2023-12-17,Arsenal,Brighton,2,0,H,0.6491025094267124,AvgH/AvgD/AvgA,0.04093832000808728,-1.25,2.03,AvgAHH/AvgAHA,2.5,1.58,2.36,AvgO/AvgU
2324,E0,2023-12-17,Brentford,Aston Villa,1,2,A,0.44547657809633945,AvgH/AvgD/AvgA,0.03925320819637301,-0.25,1.87,AvgAHH/AvgAHA,2.5,1.69,2.18,AvgO/AvgU
2324,E0,2023-12-17,Liverpool,Man United,0,0,H,0.728840191597746,AvgH/AvgD/AvgA,0.03942642887876158,-1.5,1.82,AvgAHH/AvgAHA,2.5,1.32,3.39,AvgO/AvgU
2324,E0,2023-12-17,West Ham,Wolves,3,0,H,0.4456834798020825,AvgH/AvgD/AvgA,0.038770750866856885,-0.25,1.85,AvgAHH/AvgAHA,2.5,1.9,1.93,AvgO/AvgU
2324,E0,2023-12-21,Crystal Palace,Brighton,1,1,A,0.4398304448945907,AvgH/AvgD/AvgA,0.04293734473112809,-0.25,1.88,AvgAHH/AvgAHA,2.5,1.92,1.92,AvgO/AvgU
2324,E0,2023-12-22,Aston Villa,Sheffield United,1,1,H,0.7740597394507717,AvgH/AvgD/AvgA,0.04184673585457066,-1.75,1.9,AvgAHH/AvgAHA,2.5,1.46,2.74,AvgO/AvgU
2324,E0,2023-12-23,Fulham,Burnley,0,2,H,0.5647186048108394,AvgH/AvgD/AvgA,0.04164319911982539,-0.75,1.89,AvgAHH/AvgAHA,2.5,1.87,1.97,AvgO/AvgU
2324,E0,2023-12-23,Liverpool,Arsenal,1,1,H,0.3955573011124074,AvgH/AvgD/AvgA,0.04036161786813186,-0.25,2.08,AvgAHH/AvgAHA,2.5,1.69,2.2,AvgO/AvgU
2324,E0,2023-12-23,Luton,Newcastle,1,0,A,0.5813713767368985,AvgH/AvgD/AvgA,0.04246722544594883,-0.75,1.81,AvgAHH/AvgAHA,2.5,1.77,2.06,AvgO/AvgU
2324,E0,2023-12-23,Nott'm Forest,Bournemouth,2,3,A,0.3776315892642919,AvgH/AvgD/AvgA,0.04255257927068312,-0.0,1.86,AvgAHH/AvgAHA,2.5,1.89,1.95,AvgO/AvgU
2324,E0,2023-12-23,Tottenham,Everton,2,1,H,0.533655297313613,AvgH/AvgD/AvgA,0.04103821015585729,-0.75,1.99,AvgAHH/AvgAHA,2.5,1.54,2.48,AvgO/AvgU
2324,E0,2023-12-23,West Ham,Man United,2,0,A,0.36920841003778704,AvgH/AvgD/AvgA,0.041729749807217775,-0.0,1.92,AvgAHH/AvgAHA,2.5,1.68,2.22,AvgO/AvgU
2324,E0,2023-12-24,Wolves,Chelsea,2,1,A,0.48504551365409626,AvgH/AvgD/AvgA,0.04124353454112173,-0.5,1.97,AvgAHH/AvgAHA,2.5,1.83,2.02,AvgO/AvgU
2324,E0,2023-12-26,Bournemouth,Fulham,3,0,H,0.43346155573184053,AvgH/AvgD/AvgA,0.03919354437310241,-0.25,1.91,AvgAHH/AvgAHA,2.5,1.76,2.08,AvgO/AvgU
2324,E0,2023-12-26,Burnley,Liverpool,0,2,A,0.6927655919549143,AvgH/AvgD/AvgA,0.038481802194465065,-1.5,2.04,AvgAHH/AvgAHA,2.5,1.45,2.73,AvgO/AvgU
2324,E0,2023-12-26,Man United,Aston Villa,3,2,A,0.3688126557339051,AvgH/AvgD/AvgA,0.038851992998148344,-0.0,1.93,AvgAHH/AvgAHA,2.5,1.63,2.33,AvgO/AvgU
2324,E0,2023-12-26,Newcastle,Nott'm Forest,1,3,H,0.6360367479996049,AvgH/AvgD/AvgA,0.04121602676572156,-1.0,1.86,AvgAHH/AvgAHA,2.5,1.78,2.02,AvgO/AvgU
2324,E0,2023-12-26,Sheffield United,Luton,2,3,H,0.3982604142652281,AvgH/AvgD/AvgA,0.04187547763600952,-0.25,2.05,AvgAHH/AvgAHA,2.5,2.11,1.75,AvgO/AvgU
2324,E0,2023-12-27,Brentford,Wolves,1,4,H,0.4902768843374074,AvgH/AvgD/AvgA,0.040644782431822346,-0.5,1.96,AvgAHH/AvgAHA,2.5,1.97,1.86,AvgO/AvgU
2324,E0,2023-12-27,Chelsea,Crystal Palace,2,1,H,0.5638796639968743,AvgH/AvgD/AvgA,0.04319295707196802,-0.75,1.89,AvgAHH/AvgAHA,2.5,1.89,1.94,AvgO/AvgU
2324,E0,2023-12-27,Everton,Man City,1,3,A,0.6047575412168756,AvgH/AvgD/AvgA,0.03997184779960983,-1.0,1.99,AvgAHH/AvgAHA,2.5,1.74,2.11,AvgO/AvgU
2324,E0,2023-12-28,Arsenal,West Ham,0,2,H,0.7108766434488727,AvgH/AvgD/AvgA,0.04201023843880991,-1.5,2.0,AvgAHH/AvgAHA,2.5,1.58,2.4,AvgO/AvgU
2324,E0,2023-12-28,Brighton,Tottenham,4,2,H,0.38070603249846163,AvgH/AvgD/AvgA,0.04234071160141206,0.0,1.91,AvgAHH/AvgAHA,2.5,1.45,2.76,AvgO/AvgU
2324,E0,2023-12-30,Aston Villa,Burnley,3,2,H,0.7002505873395516,AvgH/AvgD/AvgA,0.042379714485449416,-1.5,2.03,AvgAHH/AvgAHA,2.5,1.57,2.43,AvgO/AvgU
2324,E0,2023-12-30,Crystal Palace,Brentford,3,1,H,0.4310687746021203,AvgH/AvgD/AvgA,0.040275983078216004,-0.25,1.89,AvgAHH/AvgAHA,2.5,2.17,1.71,AvgO/AvgU
2324,E0,2023-12-30,Luton,Chelsea,2,3,A,0.6285119667013529,AvgH/AvgD/AvgA,0.0399082370254944,-1.0,1.86,AvgAHH/AvgAHA,2.5,1.66,2.27,AvgO/AvgU
2324,E0,2023-12-30,Man City,Sheffield United,2,0,H,0.8922346606206604,AvgH/AvgD/AvgA,0.037760543041254424,-2.75,1.97,AvgAHH/AvgAHA,2.5,1.32,3.42,AvgO/AvgU
2324,E0,2023-12-30,Nott'm Forest,Man United,2,1,A,0.44493743899192467,AvgH/AvgD/AvgA,0.040512490951262414,-0.25,1.86,AvgAHH/AvgAHA,2.5,1.76,2.1,AvgO/AvgU
2324,E0,2023-12-30,Wolves,Everton,3,0,H,0.3643559682115036,AvgH/AvgD/AvgA,0.03960937060319436,0.0,1.9,AvgAHH/AvgAHA,2.5,2.03,1.81,AvgO/AvgU
2324,E0,2023-12-31,Fulham,Arsenal,2,1,A,0.6099470668810083,AvgH/AvgD/AvgA,0.04425893613403309,-1.0,1.97,AvgAHH/AvgAHA,2.5,1.76,2.1,AvgO/AvgU
2324,E0,2023-12-31,Tottenham,Bournemouth,3,1,H,0.540050259633611,AvgH/AvgD/AvgA,0.04026938750132647,-0.75,1.95,AvgAHH/AvgAHA,2.5,1.4,2.96,AvgO/AvgU
2324,E0,2024-01-01,Liverpool,Newcastle,4,2,H,0.657141918744047,AvgH/AvgD/AvgA,0.0422885640264441,-1.25,1.95,AvgAHH/AvgAHA,2.5,1.45,2.78,AvgO/AvgU
2324,E0,2024-01-02,West Ham,Brighton,0,0,H,0.3887526892480112,AvgH/AvgD/AvgA,0.04142893616577825,0.0,1.85,AvgAHH/AvgAHA,2.5,1.62,2.34,AvgO/AvgU
2324,E0,2024-01-12,Burnley,Luton,1,1,H,0.47397411571464987,AvgH/AvgD/AvgA,0.03932012552135622,-0.5,2.03,AvgAHH/AvgAHA,2.5,1.92,1.88,AvgO/AvgU
2324,E0,2024-01-13,Chelsea,Fulham,1,0,H,0.587273290135252,AvgH/AvgD/AvgA,0.03828338152505739,-1.0,2.07,AvgAHH/AvgAHA,2.5,1.64,2.3,AvgO/AvgU
2324,E0,2024-01-13,Newcastle,Man City,2,3,A,0.6109911302528214,AvgH/AvgD/AvgA,0.04247450350985593,-1.0,1.94,AvgAHH/AvgAHA,2.5,1.61,2.35,AvgO/AvgU
2324,E0,2024-01-14,Everton,Aston Villa,0,0,A,0.3913998829652422,AvgH/AvgD/AvgA,0.04282929829687476,-0.25,2.11,AvgAHH/AvgAHA,2.5,1.71,2.17,AvgO/AvgU
2324,E0,2024-01-14,Man United,Tottenham,2,2,H,0.4360852197070572,AvgH/AvgD/AvgA,0.0423317140874393,-0.25,1.92,AvgAHH/AvgAHA,2.5,1.47,2.72,AvgO/AvgU
2324,E0,2024-01-20,Arsenal,Crystal Palace,5,0,H,0.7462574198068324,AvgH/AvgD/AvgA,0.038775331239279565,-1.5,1.89,AvgAHH/AvgAHA,2.5,1.75,2.1,AvgO/AvgU
2324,E0,2024-01-20,Brentford,Nott'm Forest,3,2,H,0.505373897447566,AvgH/AvgD/AvgA,0.04143841249397129,-0.5,1.89,AvgAHH/AvgAHA,2.5,1.84,2.0,AvgO/AvgU
2324,E0,2024-01-21,Bournemouth,Liverpool,0,4,A,0.5612568945345144,AvgH/AvgD/AvgA,0.04193877586561201,-0.75,1.87,AvgAHH/AvgAHA,2.5,1.47,2.68,AvgO/AvgU
2324,E0,2024-01-21,Sheffield United,West Ham,2,2,A,0.44030808729139925,AvgH/AvgD/AvgA,0.04180597533902142,-0.25,1.85,AvgAHH/AvgAHA,2.5,2.05,1.79,AvgO/AvgU
2324,E0,2024-01-22,Brighton,Wolves,0,0,H,0.582089552238806,AvgH/AvgD/AvgA,0.041181041181041156,-1.0,2.07,AvgAHH/AvgAHA,2.5,1.63,2.29,AvgO/AvgU
2324,E0,2024-01-30,Aston Villa,Newcastle,1,3,H,0.5177344089720208,AvgH/AvgD/AvgA,0.03843669511872272,-0.5,1.86,AvgAHH/AvgAHA,2.5,1.51,2.57,AvgO/AvgU
2324,E0,2024-01-30,Crystal Palace,Sheffield United,3,2,H,0.5879587332546323,AvgH/AvgD/AvgA,0.0370729492964319,-0.75,1.81,AvgAHH/AvgAHA,2.5,2.09,1.77,AvgO/AvgU
2324,E0,2024-01-30,Fulham,Everton,0,0,H,0.3922046618641979,AvgH/AvgD/AvgA,0.040689479227685066,-0.25,2.08,AvgAHH/AvgAHA,2.5,2.03,1.8,AvgO/AvgU
2324,E0,2024-01-30,Luton,Brighton,4,0,A,0.5419037733544999,AvgH/AvgD/AvgA,0.036711276858880204,-0.75,1.96,AvgAHH/AvgAHA,2.5,1.65,2.28,AvgO/AvgU
2324,E0,2024-01-30,Nott'm Forest,Arsenal,1,2,A,0.6923928721602474,AvgH/AvgD/AvgA,0.03904082401522935,-1.25,1.85,AvgAHH/AvgAHA,2.5,1.65,2.29,AvgO/AvgU
2324,E0,2024-01-31,Liverpool,Chelsea,4,1,H,0.6062335460378987,AvgH/AvgD/AvgA,0.04400588938292893,-1.0,1.93,AvgAHH/AvgAHA,2.5,1.45,2.77,AvgO/AvgU
2324,E0,2024-01-31,Man City,Burnley,3,1,H,0.8742111078986502,AvgH/AvgD/AvgA,0.0398986021535459,-2.5,1.89,AvgAHH/AvgAHA,2.5,1.34,3.31,AvgO/AvgU
2324,E0,2024-01-31,Tottenham,Brentford,3,2,H,0.575913597595215,AvgH/AvgD/AvgA,0.03974345754283348,-0.75,1.83,AvgAHH/AvgAHA,2.5,1.5,2.59,AvgO/AvgU
2324,E0,2024-02-01,West Ham,Bournemouth,1,1,H,0.39446006175996673,AvgH/AvgD/AvgA,0.043255512126527895,-0.25,2.09,AvgAHH/AvgAHA,2.5,1.65,2.27,AvgO/AvgU
2324,E0,2024-02-01,Wolves,Man United,3,4,A,0.3773246100276377,AvgH/AvgD/AvgA,0.04340076671049253,-0.0,1.89,AvgAHH/AvgAHA,2.5,1.76,2.09,AvgO/AvgU
2324,E0,2024-02-03,Brighton,Crystal Palace,4,1,H,0.5648480869785549,AvgH/AvgD/AvgA,0.04140441948594242,-0.75,1.89,AvgAHH/AvgAHA,2.5,1.73,2.14,AvgO/AvgU
2324,E0,2024-02-03,Burnley,Fulham,2,2,A,0.3951197279388563,AvgH/AvgD/AvgA,0.041513760630392804,-0.25,2.06,AvgAHH/AvgAHA,2.5,1.93,1.9,AvgO/AvgU
2324,E0,2024-02-03,Everton,Tottenham,2,2,A,0.4115116755428103,AvgH/AvgD/AvgA,0.03848919179929644,-0.25,2.01,AvgAHH/AvgAHA,2.5,1.64,2.29,AvgO/AvgU
2324,E0,2024-02-03,Newcastle,Luton,4,4,H,0.6704974142453843,AvgH/AvgD/AvgA,0.04295808521160649,-1.25,1.93,AvgAHH/AvgAHA,2.5,1.58,2.43,AvgO/AvgU
2324,E0,2024-02-03,Sheffield United,Aston Villa,0,5,A,0.5883871592348465,AvgH/AvgD/AvgA,0.042675596988119624,-1.0,2.07,AvgAHH/AvgAHA,2.5,1.63,2.31,AvgO/AvgU
2324,E0,2024-02-04,Arsenal,Liverpool,3,1,H,0.42626144923369114,AvgH/AvgD/AvgA,0.04265690749994322,-0.25,1.93,AvgAHH/AvgAHA,2.5,1.67,2.23,AvgO/AvgU
2324,E0,2024-02-04,Bournemouth,Nott'm Forest,1,1,H,0.5633073049697147,AvgH/AvgD/AvgA,0.04425291298019407,-0.75,1.87,AvgAHH/AvgAHA,2.5,1.65,2.26,AvgO/AvgU
2324,E0,2024-02-04,Chelsea,Wolves,2,4,H,0.5891624880770318,AvgH/AvgD/AvgA,0.041303451816375736,-1.0,2.05,AvgAHH/AvgAHA,2.5,1.69,2.19,AvgO/AvgU
2324,E0,2024-02-04,Man United,West Ham,3,0,H,0.5783191669324311,AvgH/AvgD/AvgA,0.04165601453185186,-0.75,1.8,AvgAHH/AvgAHA,2.5,1.62,2.33,AvgO/AvgU
2324,E0,2024-02-05,Brentford,Man City,1,3,A,0.6744832266639017,AvgH/AvgD/AvgA,0.044096167662883934,-1.25,1.89,AvgAHH/AvgAHA,2.5,1.57,2.42,AvgO/AvgU
2324,E0,2024-02-10,Fulham,Bournemouth,3,1,H,0.39940498326515433,AvgH/AvgD/AvgA,0.043218497827436364,-0.25,2.07,AvgAHH/AvgAHA,2.5,1.74,2.12,AvgO/AvgU
2324,E0,2024-02-10,Liverpool,Burnley,3,1,H,0.8254141997114284,AvgH/AvgD/AvgA,0.04440772380536684,-2.25,1.97,AvgAHH/AvgAHA,2.5,1.33,3.37,AvgO/AvgU
2324,E0,2024-02-10,Luton,Sheffield United,1,3,H,0.5429452061058927,AvgH/AvgD/AvgA,0.0405686339225928,-0.75,1.98,AvgAHH/AvgAHA,2.5,1.83,2.02,AvgO/AvgU
2324,E0,2024-02-10,Man City,Everton,2,0,H,0.798638903389208,AvgH/AvgD/AvgA,0.04344194829088788,-2.0,2.01,AvgAHH/AvgAHA,2.5,1.44,2.78,AvgO/AvgU
2324,E0,2024-02-10,Nott'm Forest,Newcastle,2,3,A,0.4505359843675826,AvgH/AvgD/AvgA,0.042055650081161744,-0.25,1.84,AvgAHH/AvgAHA,2.5,1.71,2.16,AvgO/AvgU
2324,E0,2024-02-10,Tottenham,Brighton,2,1,H,0.5273615988070126,AvgH/AvgD/AvgA,0.041885777602134855,-0.75,2.02,AvgAHH/AvgAHA,2.5,1.38,3.02,AvgO/AvgU
2324,E0,2024-02-10,Wolves,Brentford,0,2,H,0.45321590292940983,AvgH/AvgD/AvgA,0.04078014508907457,-0.25,1.82,AvgAHH/AvgAHA,2.5,1.76,2.09,AvgO/AvgU
2324,E0,2024-02-11,Aston Villa,Man United,1,2,H,0.44163196903352103,AvgH/AvgD/AvgA,0.04346950719181164,-0.25,1.89,AvgAHH/AvgAHA,2.5,1.55,2.46,AvgO/AvgU
2324,E0,2024-02-11,West Ham,Arsenal,0,6,A,0.617031542857697,AvgH/AvgD/AvgA,0.04558883219260479,-1.0,1.91,AvgAHH/AvgAHA,2.5,1.67,2.22,AvgO/AvgU
2324,E0,2024-02-12,Crystal Palace,Chelsea,1,3,A,0.5202086049543677,AvgH/AvgD/AvgA,0.04473139370164536,-0.5,1.84,AvgAHH/AvgAHA,2.5,1.83,2.0,AvgO/AvgU
2324,E0,2024-02-17,Brentford,Liverpool,1,4,A,0.6041547628764998,AvgH/AvgD/AvgA,0.041009450319648755,-1.0,1.95,AvgAHH/AvgAHA,2.5,1.5,2.61,AvgO/AvgU
2324,E0,2024-02-17,Burnley,Arsenal,0,5,A,0.7350714148358561,AvgH/AvgD/AvgA,0.03848247016436446,-1.5,1.89,AvgAHH/AvgAHA,2.5,1.6,2.37,AvgO/AvgU
2324,E0,2024-02-17,Fulham,Aston Villa,1,2,A,0.4190520119320824,AvgH/AvgD/AvgA,0.04206926651911269,-0.25,1.99,AvgAHH/AvgAHA,2.5,1.62,2.33,AvgO/AvgU
2324,E0,2024-02-17,Man City,Chelsea,1,1,H,0.7124560869685486,AvgH/AvgD/AvgA,0.0397002064962928,-1.5,1.94,AvgAHH/AvgAHA,2.5,1.46,2.73,AvgO/AvgU
2324,E0,2024-02-17,Newcastle,Bournemouth,2,2,H,0.5187420843060073,AvgH/AvgD/AvgA,0.042021761669281066,-0.5,1.85,AvgAHH/AvgAHA,2.5,1.47,2.68,AvgO/AvgU
2324,E0,2024-02-17,Nott'm Forest,West Ham,2,0,H,0.3952196246986057,AvgH/AvgD/AvgA,0.041250504852037295,-0.25,2.08,AvgAHH/AvgAHA,2.5,1.85,1.99,AvgO/AvgU
2324,E0,2024-02-17,Tottenham,Wolves,1,2,H,0.6192117688470269,AvgH/AvgD/AvgA,0.041907345404419205,-1.0,1.86,AvgAHH/AvgAHA,2.5,1.43,2.82,AvgO/AvgU
2324,E0,2024-02-18,Luton,Man United,1,2,A,0.5298686333990114,AvgH/AvgD/AvgA,0.04268521105166201,-0.75,1.99,AvgAHH/AvgAHA,2.5,1.58,2.41,AvgO/AvgU
2324,E0,2024-02-18,Sheffield United,Brighton,0,5,A,0.581704198630702,AvgH/AvgD/AvgA,0.041870778115814966,-1.0,2.06,AvgAHH/AvgAHA,2.5,1.57,2.42,AvgO/AvgU
2324,E0,2024-02-19,Everton,Crystal Palace,1,1,H,0.5530975529566484,AvgH/AvgD/AvgA,0.045086312515707494,-0.75,1.92,AvgAHH/AvgAHA,2.5,2.16,1.7,AvgO/AvgU
2324,E0,2024-02-20,Man City,Brentford,1,0,H,0.8175567976537097,AvgH/AvgD/AvgA,0.036573397164265886,-2.0,1.81,AvgAHH/AvgAHA,2.5,1.34,3.26,AvgO/AvgU
2324,E0,2024-02-21,Liverpool,Luton,4,1,H,0.8020760195077519,AvgH/AvgD/AvgA,0.038970512850845074,-2.0,1.87,AvgAHH/AvgAHA,2.5,1.3,3.51,AvgO/AvgU
2324,E0,2024-02-24,Arsenal,Newcastle,4,1,H,0.6936285164255108,AvgH/AvgD/AvgA,0.04470572359641389,-1.5,2.04,AvgAHH/AvgAHA,2.5,1.48,2.67,AvgO/AvgU
2324,E0,2024-02-24,Aston Villa,Nott'm Forest,4,2,H,0.6185360942993972,AvgH/AvgD/AvgA,0.04304550093126136,-1.0,1.91,AvgAHH/AvgAHA,2.5,1.57,2.42,AvgO/AvgU
2324,E0,2024-02-24,Bournemouth,Man City,0,1,A,0.6760334312175289,AvgH/AvgD/AvgA,0.04170196264461934,-1.25,1.88,AvgAHH/AvgAHA,2.5,1.49,2.64,AvgO/AvgU
2324,E0,2024-02-24,Brighton,Everton,1,1,H,0.5216555189360338,AvgH/AvgD/AvgA,0.04183362610260688,-0.5,1.83,AvgAHH/AvgAHA,2.5,1.67,2.24,AvgO/AvgU
2324,E0,2024-02-24,Crystal Palace,Burnley,3,0,H,0.47762791844208896,AvgH/AvgD/AvgA,0.04163181966773433,-0.5,2.0,AvgAHH/AvgAHA,2.5,2.12,1.74,AvgO/AvgU
2324,E0,2024-02-24,Man United,Fulham,1,2,H,0.6060962983126044,AvgH/AvgD/AvgA,0.044242299725494316,-1.0,1.96,AvgAHH/AvgAHA,2.5,1.57,2.43,AvgO/AvgU
2324,E0,2024-02-25,Wolves,Sheffield United,1,0,H,0.6561126020670359,AvgH/AvgD/AvgA,0.04392371780619242,-1.25,2.01,AvgAHH/AvgAHA,2.5,1.66,2.26,AvgO/AvgU
2324,E0,2024-02-26,West Ham,Brentford,4,2,H,0.38311308618874984,AvgH/AvgD/AvgA,0.044078144078144144,0.0,1.86,AvgAHH/AvgAHA,2.5,1.72,2.12,AvgO/AvgU
2324,E0,2024-03-02,Brentford,Chelsea,2,2,A,0.4384594607594655,AvgH/AvgD/AvgA,0.04142126110196487,-0.25,1.89,AvgAHH/AvgAHA,2.5,1.54,2.48,AvgO/AvgU
2324,E0,2024-03-02,Everton,West Ham,1,3,H,0.4588873267724443,AvgH/AvgD/AvgA,0.04267185343036739,-0.25,1.8,AvgAHH/AvgAHA,2.5,1.87,1.95,AvgO/AvgU
2324,E0,2024-03-02,Fulham,Brighton,3,0,H,0.3703582884793128,AvgH/AvgD/AvgA,0.04250505013863792,0.0,1.92,AvgAHH/AvgAHA,2.5,1.64,2.31,AvgO/AvgU
2324,E0,2024-03-02,Luton,Aston Villa,2,3,A,0.5524112404772171,AvgH/AvgD/AvgA,0.040371016313277774,-0.75,1.9,AvgAHH/AvgAHA,2.5,1.46,2.73,AvgO/AvgU
2324,E0,2024-03-02,Newcastle,Wolves,3,0,H,0.5047923322683707,AvgH/AvgD/AvgA,0.04263824117255144,-0.5,1.89,AvgAHH/AvgAHA,2.5,1.59,2.39,AvgO/AvgU
2324,E0,2024-03-02,Nott'm Forest,Liverpool,0,1,A,0.6237139447882887,AvgH/AvgD/AvgA,0.041103305091347186,-1.0,1.86,AvgAHH/AvgAHA,2.5,1.48,2.65,AvgO/AvgU
2324,E0,2024-03-02,Tottenham,Crystal Palace,3,1,H,0.6419467281657658,AvgH/AvgD/AvgA,0.04547762322111404,-1.25,2.04,AvgAHH/AvgAHA,2.5,1.52,2.48,AvgO/AvgU
2324,E0,2024-03-03,Burnley,Bournemouth,0,2,A,0.4889018691588784,AvgH/AvgD/AvgA,0.04357155048399308,-0.5,1.95,AvgAHH/AvgAHA,2.5,1.71,2.18,AvgO/AvgU
2324,E0,2024-03-03,Man City,Man United,3,1,H,0.75365080341937,AvgH/AvgD/AvgA,0.044783036428343026,-1.75,1.9,AvgAHH/AvgAHA,2.5,1.38,3.04,AvgO/AvgU
2324,E0,2024-03-04,Sheffield United,Arsenal,0,6,A,0.8186765063347793,AvgH/AvgD/AvgA,0.0440031539775787,-2.0,1.83,AvgAHH/AvgAHA,2.5,1.42,2.85,AvgO/AvgU
2324,E0,2024-03-09,Arsenal,Brentford,2,1,H,0.7799375039131203,AvgH/AvgD/AvgA,0.042401636031422774,-1.75,1.85,AvgAHH/AvgAHA,2.5,1.44,2.78,AvgO/AvgU
2324,E0,2024-03-09,Bournemouth,Sheffield United,2,2,H,0.714606598908042,AvgH/AvgD/AvgA,0.04430697653332216,-1.5,1.96,AvgAHH/AvgAHA,2.5,1.53,2.52,AvgO/AvgU
2324,E0,2024-03-09,Crystal Palace,Luton,1,1,H,0.5393684860650043,AvgH/AvgD/AvgA,0.041584310769838595,-0.75,1.99,AvgAHH/AvgAHA,2.5,1.79,2.05,AvgO/AvgU
2324,E0,2024-03-09,Man United,Everton,2,0,H,0.5186987947093707,AvgH/AvgD/AvgA,0.04210872678701283,-0.5,1.85,AvgAHH/AvgAHA,2.5,1.68,2.23,AvgO/AvgU
2324,E0,2024-03-09,Wolves,Fulham,2,1,H,0.37783953743066756,AvgH/AvgD/AvgA,0.04197879893344325,0.0,1.83,AvgAHH/AvgAHA,2.5,1.9,1.94,AvgO/AvgU
2324,E0,2024-03-10,Aston Villa,Tottenham,0,4,H,0.3973297253899107,AvgH/AvgD/AvgA,0.040000569024531085,0.0,1.86,AvgAHH/AvgAHA,2.5,1.36,3.19,AvgO/AvgU
2324,E0,2024-03-10,Brighton,Nott'm Forest,1,0,H,0.5378028077253165,AvgH/AvgD/AvgA,0.0446166229312952,-0.75,1.99,AvgAHH/AvgAHA,2.5,1.62,2.32,AvgO/AvgU
2324,E0,2024-03-10,Liverpool,Man City,1,1,A,0.4254994633475813,AvgH/AvgD/AvgA,0.04452410103602733,-0.25,1.95,AvgAHH/AvgAHA,2.5,1.5,2.59,AvgO/AvgU
2324,E0,2024-03-10,West Ham,Burnley,2,2,H,0.5729576079861887,AvgH/AvgD/AvgA,0.04510767788603176,-0.75,1.84,AvgAHH/AvgAHA,2.5,1.72,2.15,AvgO/AvgU
2324,E0,2024-03-11,Chelsea,Newcastle,3,2,H,0.49419010470129343,AvgH/AvgD/AvgA,0.043047832447674184,-0.5,1.95,AvgAHH/AvgAHA,2.5,1.46,2.71,AvgO/AvgU
2324,E0,2024-03-13,Bournemouth,Luton,4,3,H,0.6391959798994974,AvgH/AvgD/AvgA,0.042976939203354325,-1.25,2.03,AvgAHH/AvgAHA,2.5,1.47,2.71,AvgO/AvgU
2324,E0,2024-03-16,Burnley,Brentford,2,1,A,0.44430337454059476,AvgH/AvgD/AvgA,0.04199740423232656,-0.25,1.87,AvgAHH/AvgAHA,2.5,1.75,2.1,AvgO/AvgU
2324,E0,2024-03-16,Fulham,Tottenham,3,0,A,0.4755955622470663,AvgH/AvgD/AvgA,0.04608301107842028,-0.5,2.0,AvgAHH/AvgAHA,2.5,1.49,2.62,AvgO/AvgU
2324,E0,2024-03-16,Luton,Nott'm Forest,1,1,A,0.3955889253871422,AvgH/AvgD/AvgA,0.044577120280776095,-0.25,2.08,AvgAHH/AvgAHA,2.5,1.68,2.22,AvgO/AvgU
2324,E0,2024-03-17,West Ham,Aston Villa,1,1,A,0.381665978075781,AvgH/AvgD/AvgA,0.043861379813338264,-0.0,1.88,AvgAHH/AvgAHA,2.5,1.56,2.44,AvgO/AvgU
2324,E0,2024-03-30,Aston Villa,Wolves,2,0,H,0.5841538512200745,AvgH/AvgD/AvgA,0.04382791671650854,-1.0,2.07,AvgAHH/AvgAHA,2.5,1.56,2.44,AvgO/AvgU
2324,E0,2024-03-30,Bournemouth,Everton,2,1,H,0.4365796400369922,AvgH/AvgD/AvgA,0.04115128801457635,-0.25,1.9,AvgAHH/AvgAHA,2.5,1.73,2.13,AvgO/AvgU
2324,E0,2024-03-30,Brentford,Man United,1,1,A,0.4360401520957817,AvgH/AvgD/AvgA,0.042439445910494866,-0.25,1.91,AvgAHH/AvgAHA,2.5,1.54,2.48,AvgO/AvgU
2324,E0,2024-03-30,Chelsea,Burnley,2,2,H,0.7375541409289692,AvgH/AvgD/AvgA,0.04294820751992856,-1.75,2.07,AvgAHH/AvgAHA,2.5,1.48,2.67,AvgO/AvgU
2324,E0,2024-03-30,Newcastle,West Ham,4,3,H,0.5214417122276059,AvgH/AvgD/AvgA,0.042260809070718164,-0.75,2.05,AvgAHH/AvgAHA,2.5,1.51,2.59,AvgO/AvgU
2324,E0,2024-03-30,Nott'm Forest,Crystal Palace,1,1,H,0.424556608311256,AvgH/AvgD/AvgA,0.042211727350619954,-0.25,1.93,AvgAHH/AvgAHA,2.5,2.09,1.76,AvgO/AvgU
2324,E0,2024-03-30,Sheffield United,Fulham,3,3,A,0.554900395568916,AvgH/AvgD/AvgA,0.04169088127661236,-0.75,1.9,AvgAHH/AvgAHA,2.5,1.68,2.22,AvgO/AvgU
2324,E0,2024-03-30,Tottenham,Luton,2,1,H,0.7866650278917627,AvgH/AvgD/AvgA,0.04195826951178483,-2.0,1.9,AvgAHH/AvgAHA,2.5,1.25,3.94,AvgO/AvgU
2324,E0,2024-03-31,Liverpool,Brighton,2,1,H,0.6996784316502846,AvgH/AvgD/AvgA,0.04323211103941005,-1.5,1.97,AvgAHH/AvgAHA,2.5,1.36,3.16,AvgO/AvgU
2324,E0,2024-03-31,Man City,Arsenal,0,0,H,0.49933277050028596,AvgH/AvgD/AvgA,0.04305858558312892,-0.5,1.92,AvgAHH/AvgAHA,2.5,1.74,2.12,AvgO/AvgU
2324,E0,2024-04-02,Bournemouth,Crystal Palace,1,0,H,0.48343025585455,AvgH/AvgD/AvgA,0.03947271964968113,-0.5,1.99,AvgAHH/AvgAHA,2.5,1.72,2.16,AvgO/AvgU
2324,E0,2024-04-02,Burnley,Wolves,1,1,H,0.38044515041443294,AvgH/AvgD/AvgA,0.03893272542830295,0.0,1.85,AvgAHH/AvgAHA,2.5,1.81,2.03,AvgO/AvgU
2324,E0,2024-04-02,Newcastle,Everton,1,1,H,0.47792575780536883,AvgH/AvgD/AvgA,0.04098268336805777,-0.5,2.01,AvgAHH/AvgAHA,2.5,1.67,2.24,AvgO/AvgU
2324,E0,2024-04-02,Nott'm Forest,Fulham,3,1,A,0.3679844680743447,AvgH/AvgD/AvgA,0.0372160306392757,-0.0,1.89,AvgAHH/AvgAHA,2.5,1.81,2.03,AvgO/AvgU
2324,E0,2024-04-02,West Ham,Tottenham,1,1,A,0.47795116041026925,AvgH/AvgD/AvgA,0.04092735622586385,-0.5,2.01,AvgAHH/AvgAHA,2.5,1.35,3.26,AvgO/AvgU
2324,E0,2024-04-03,Arsenal,Luton,2,0,H,0.8724694249728325,AvgH/AvgD/AvgA,0.04197451861332202,-2.5,1.84,AvgAHH/AvgAHA,2.5,1.26,3.86,AvgO/AvgU
2324,E0,2024-04-03,Brentford,Brighton,0,0,H,0.4015549669378966,AvgH/AvgD/AvgA,0.04197451480089476,0.0,1.79,AvgAHH/AvgAHA,2.5,1.56,2.44,AvgO/AvgU
2324,E0,2024-04-03,Man City,Aston Villa,4,1,H,0.736754816308843,AvgH/AvgD/AvgA,0.04407972937948523,-1.5,1.84,AvgAHH/AvgAHA,2.5,1.41,2.95,AvgO/AvgU
2324,E0,2024-04-04,Chelsea,Man United,4,3,H,0.4741499750642847,AvgH/AvgD/AvgA,0.04407788882278618,-0.5,2.03,AvgAHH/AvgAHA,2.5,1.41,2.92,AvgO/AvgU
2324,E0,2024-04-04,Liverpool,Sheffield United,3,1,H,0.8863268990294977,AvgH/AvgD/AvgA,0.044677676983275516,-2.75,1.84,AvgAHH/AvgAHA,2.5,1.2,4.54,AvgO/AvgU
2324,E0,2024-04-06,Aston Villa,Brentford,3,3,H,0.56560773480663,AvgH/AvgD/AvgA,0.04000574588809869,-0.75,1.87,AvgAHH/AvgAHA,2.5,1.52,2.56,AvgO/AvgU
2324,E0,2024-04-06,Brighton,Arsenal,0,3,A,0.5867411905049124,AvgH/AvgD/AvgA,0.039224972489587895,-1.0,2.06,AvgAHH/AvgAHA,2.5,1.63,2.32,AvgO/AvgU
2324,E0,2024-04-06,Crystal Palace,Man City,2,4,A,0.734467024437162,AvgH/AvgD/AvgA,0.039337033832026025,-1.5,1.93,AvgAHH/AvgAHA,2.5,1.66,2.25,AvgO/AvgU
2324,E0,2024-04-06,Everton,Burnley,1,0,H,0.5741620365834885,AvgH/AvgD/AvgA,0.042915339322525003,-0.75,1.84,AvgAHH/AvgAHA,2.5,1.78,2.06,AvgO/AvgU
2324,E0,2024-04-06,Fulham,Newcastle,0,1,H,0.40587129877151923,AvgH/AvgD/AvgA,0.03959291910308038,-0.25,2.07,AvgAHH/AvgAHA,2.5,1.48,2.65,AvgO/AvgU
2324,E0,2024-04-06,Luton,Bournemouth,2,1,A,0.5020599478596804,AvgH/AvgD/AvgA,0.042824092334113883,-0.5,1.91,AvgAHH/AvgAHA,2.5,1.49,2.62,AvgO/AvgU
2324,E0,2024-04-06,Wolves,West Ham,1,2,H,0.38257821577489093,AvgH/AvgD/AvgA,0.04137234707690318,0.0,1.83,AvgAHH/AvgAHA,2.5,1.77,2.08,AvgO/AvgU
2324,E0,2024-04-07,Man United,Liverpool,2,2,A,0.5888984600096672,AvgH/AvgD/AvgA,0.041770312160888334,-1.0,1.98,AvgAHH/AvgAHA,2.5,1.34,3.25,AvgO/AvgU
2324,E0,2024-04-07,Sheffield United,Chelsea,2,2,A,0.6793536804308797,AvgH/AvgD/AvgA,0.04396263475927009,-1.25,1.84,AvgAHH/AvgAHA,2.5,1.4,2.95,AvgO/AvgU
2324,E0,2024-04-07,Tottenham,Nott'm Forest,3,1,H,0.6859705340040457,AvgH/AvgD/AvgA,0.04127754601409972,-1.25,1.82,AvgAHH/AvgAHA,2.5,1.42,2.88,AvgO/AvgU
2324,E0,2024-04-13,Bournemouth,Man United,2,2,H,0.39652471373540304,AvgH/AvgD/AvgA,0.042111944557401415,0.0,1.84,AvgAHH/AvgAHA,2.5,1.43,2.84,AvgO/AvgU
2324,E0,2024-04-13,Brentford,Sheffield United,2,0,H,0.6714122820679961,AvgH/AvgD/AvgA,0.04153694827685461,-1.25,1.9,AvgAHH/AvgAHA,2.5,1.52,2.55,AvgO/AvgU
2324,E0,2024-04-13,Burnley,Brighton,1,1,A,0.47422092276973543,AvgH/AvgD/AvgA,0.04392168540162289,-0.5,2.03,AvgAHH/AvgAHA,2.5,1.65,2.26,AvgO/AvgU
2324,E0,2024-04-13,Man City,Luton,5,1,H,0.8768530973942226,AvgH/AvgD/AvgA,0.03676535076683751,-2.5,1.86,AvgAHH/AvgAHA,2.5,1.26,3.77,AvgO/AvgU
2324,E0,2024-04-13,Newcastle,Tottenham,4,0,A,0.41101543678058355,AvgH/AvgD/AvgA,0.03974300989226376,-0.25,2.04,AvgAHH/AvgAHA,2.5,1.36,3.18,AvgO/AvgU
2324,E0,2024-04-13,Nott'm Forest,Wolves,2,2,H,0.4445629433645353,AvgH/AvgD/AvgA,0.04138900885254371,-0.25,1.85,AvgAHH/AvgAHA,2.5,1.83,2.0,AvgO/AvgU
2324,E0,2024-04-14,Arsenal,Aston Villa,0,2,H,0.746681155796931,AvgH/AvgD/AvgA,0.046296660809892476,-1.75,2.02,AvgAHH/AvgAHA,2.5,1.48,2.66,AvgO/AvgU
2324,E0,2024-04-14,Liverpool,Crystal Palace,0,1,H,0.7969297112360453,AvgH/AvgD/AvgA,0.037037858345009944,-2.0,1.96,AvgAHH/AvgAHA,2.5,1.39,3.0,AvgO/AvgU
2324,E0,2024-04-14,West Ham,Fulham,0,2,H,0.4034790084979311,AvgH/AvgD/AvgA,0.04136289218883915,-0.25,2.05,AvgAHH/AvgAHA,2.5,1.66,2.26,AvgO/AvgU
2324,E0,2024-04-15,Chelsea,Everton,6,0,H,0.5603414000583137,AvgH/AvgD/AvgA,0.043641111609044714,-0.75,1.88,AvgAHH/AvgAHA,2.5,1.54,2.48,AvgO/AvgU
2324,E0,2024-04-20,Luton,Brentford,1,5,A,0.44227110384191726,AvgH/AvgD/AvgA,0.04196156855925581,-0.25,1.88,AvgAHH/AvgAHA,2.5,1.56,2.43,AvgO/AvgU
2324,E0,2024-04-20,Sheffield United,Burnley,1,4,A,0.38829397607171506,AvgH/AvgD/AvgA,0.04265923383876369,-0.0,1.83,AvgAHH/AvgAHA,2.5,1.66,2.25,AvgO/AvgU
2324,E0,2024-04-20,Wolves,Arsenal,0,2,A,0.690646687563178,AvgH/AvgD/AvgA,0.04166786489632468,-1.25,1.85,AvgAHH/AvgAHA,2.5,1.62,2.32,AvgO/AvgU
2324,E0,2024-04-21,Aston Villa,Bournemouth,3,1,H,0.5122089458245638,AvgH/AvgD/AvgA,0.04402580753037055,-0.5,1.86,AvgAHH/AvgAHA,2.5,1.44,2.77,AvgO/AvgU
2324,E0,2024-04-21,Crystal Palace,West Ham,5,2,H,0.44591132052316645,AvgH/AvgD/AvgA,0.043069008707984135,-0.25,1.84,AvgAHH/AvgAHA,2.5,1.79,2.04,AvgO/AvgU
2324,E0,2024-04-21,Everton,Nott'm Forest,2,0,H,0.46332415938733995,AvgH/AvgD/AvgA,0.04266479019443459,-0.25,1.78,AvgAHH/AvgAHA,2.5,1.87,1.95,AvgO/AvgU
2324,E0,2024-04-21,Fulham,Liverpool,1,3,A,0.6102423365015421,AvgH/AvgD/AvgA,0.043753664832177686,-1.0,1.9,AvgAHH/AvgAHA,2.5,1.41,2.91,AvgO/AvgU
2324,E0,2024-04-23,Arsenal,Chelsea,5,0,H,0.6631379092112075,AvgH/AvgD/AvgA,0.039987554374816936,-1.25,1.94,AvgAHH/AvgAHA,2.5,1.53,2.53,AvgO/AvgU
2324,E0,2024-04-24,Crystal Palace,Newcastle,2,0,A,0.3935828877005347,AvgH/AvgD/AvgA,0.045580604759348775,-0.0,1.81,AvgAHH/AvgAHA,2.5,1.61,2.35,AvgO/AvgU
2324,E0,2024-04-24,Everton,Liverpool,2,0,A,0.6734644968388378,AvgH/AvgD/AvgA,0.04567554105409588,-1.25,1.9,AvgAHH/AvgAHA,2.5,1.51,2.56,AvgO/AvgU
2324,E0,2024-04-24,Man United,Sheffield United,4,2,H,0.7301317166202503,AvgH/AvgD/AvgA,0.04550831206115857,-1.5,1.84,AvgAHH/AvgAHA,2.5,1.36,3.18,AvgO/AvgU
2324,E0,2024-04-24,Wolves,Bournemouth,0,1,A,0.3807390817469205,AvgH/AvgD/AvgA,0.042250233426703865,-0.0,1.87,AvgAHH/AvgAHA,2.5,1.66,2.24,AvgO/AvgU
2324,E0,2024-04-25,Brighton,Man City,0,4,A,0.6633717239503039,AvgH/AvgD/AvgA,0.04684058631427046,-1.25,1.94,AvgAHH/AvgAHA,2.5,1.49,2.63,AvgO/AvgU
2324,E0,2024-04-27,Aston Villa,Chelsea,2,2,H,0.44139186010385695,AvgH/AvgD/AvgA,0.044037135118728976,-0.25,1.9,AvgAHH/AvgAHA,2.5,1.44,2.77,AvgO/AvgU
2324,E0,2024-04-27,Everton,Brentford,1,0,H,0.40503892581884493,AvgH/AvgD/AvgA,0.04614343597394455,-0.25,2.03,AvgAHH/AvgAHA,2.5,1.83,2.01,AvgO/AvgU
2324,E0,2024-04-27,Fulham,Crystal Palace,1,1,H,0.4539120047780211,AvgH/AvgD/AvgA,0.04410908788559076,-0.25,1.82,AvgAHH/AvgAHA,2.5,1.7,2.18,AvgO/AvgU
2324,E0,2024-04-27,Man United,Burnley,1,1,H,0.6290828078389911,AvgH/AvgD/AvgA,0.04579989890693126,-1.25,2.05,AvgAHH/AvgAHA,2.5,1.36,3.15,AvgO/AvgU
2324,E0,2024-04-27,Newcastle,Sheffield United,5,1,H,0.7778912600715535,AvgH/AvgD/AvgA,0.04514367471684544,-2.0,2.01,AvgAHH/AvgAHA,2.5,1.33,3.31,AvgO/AvgU
2324,E0,2024-04-27,West Ham,Liverpool,2,2,A,0.6341156120223236,AvgH/AvgD/AvgA,0.04437052656231555,-1.0,1.78,AvgAHH/AvgAHA,2.5,1.37,3.1,AvgO/AvgU
2324,E0,2024-04-27,Wolves,Luton,2,1,H,0.48308154119338204,AvgH/AvgD/AvgA,0.045476719733177795,-0.5,1.98,AvgAHH/AvgAHA,2.5,1.63,2.31,AvgO/AvgU
2324,E0,2024-04-28,Bournemouth,Brighton,3,0,H,0.4231112996318796,AvgH/AvgD/AvgA,0.04577182526480539,-0.25,1.96,AvgAHH/AvgAHA,2.5,1.47,2.68,AvgO/AvgU
2324,E0,2024-04-28,Nott'm Forest,Man City,0,2,A,0.7315740015240002,AvgH/AvgD/AvgA,0.043447111345865874,-1.5,1.9,AvgAHH/AvgAHA,2.5,1.53,2.5,AvgO/AvgU
2324,E0,2024-04-28,Tottenham,Arsenal,2,3,A,0.5321544632883112,AvgH/AvgD/AvgA,0.043974247857742954,-0.75,1.98,AvgAHH/AvgAHA,2.5,1.48,2.63,AvgO/AvgU
2324,E0,2024-05-02,Chelsea,Tottenham,2,0,H,0.4349294215333518,AvgH/AvgD/AvgA,0.04510164647621684,-0.25,1.93,AvgAHH/AvgAHA,2.5,1.31,3.44,AvgO/AvgU
2324,E0,2024-05-03,Luton,Everton,1,1,A,0.36807928384792593,AvgH/AvgD/AvgA,0.03694884787558461,-0.0,1.91,AvgAHH/AvgAHA,2.5,1.74,2.12,AvgO/AvgU
2324,E0,2024-05-04,Arsenal,Bournemouth,3,0,H,0.7985343447906809,AvgH/AvgD/AvgA,0.04357857463447523,-2.0,1.93,AvgAHH/AvgAHA,2.5,1.34,3.23,AvgO/AvgU
2324,E0,2024-05-04,Brentford,Fulham,0,0,H,0.45244724501758504,AvgH/AvgD/AvgA,0.04254831563669681,-0.25,1.84,AvgAHH/AvgAHA,2.5,1.59,2.38,AvgO/AvgU
2324,E0,2024-05-04,Burnley,Newcastle,1,4,A,0.4750208336275936,AvgH/AvgD/AvgA,0.04216377452321063,-0.25,1.76,AvgAHH/AvgAHA,2.5,1.48,2.64,AvgO/AvgU
2324,E0,2024-05-04,Man City,Wolves,5,1,H,0.8789414293892835,AvgH/AvgD/AvgA,0.04379104452729088,-2.5,1.86,AvgAHH/AvgAHA,2.5,1.3,3.52,AvgO/AvgU
2324,E0,2024-05-04,Sheffield United,Nott'm Forest,1,3,A,0.5685830019696012,AvgH/AvgD/AvgA,0.04068530765363354,-0.75,1.85,AvgAHH/AvgAHA,2.5,1.57,2.43,AvgO/AvgU
2324,E0,2024-05-05,Brighton,Aston Villa,1,0,A,0.3940196195211546,AvgH/AvgD/AvgA,0.04442168195830565,-0.0,1.82,AvgAHH/AvgAHA,2.5,1.48,2.63,AvgO/AvgU
2324,E0,2024-05-05,Chelsea,West Ham,5,0,H,0.5804169509936357,AvgH/AvgD/AvgA,0.04418143719453771,-1.0,2.05,AvgAHH/AvgAHA,2.5,1.4,2.93,AvgO/AvgU
2324,E0,2024-05-05,Liverpool,Tottenham,4,2,H,0.6471723520819717,AvgH/AvgD/AvgA,0.04404286354633036,-1.25,1.94,AvgAHH/AvgAHA,2.5,1.26,3.82,AvgO/AvgU
2324,E0,2024-05-06,Crystal Palace,Man United,4,0,H,0.402248517987377,AvgH/AvgD/AvgA,0.04454845310350186,-0.25,2.07,AvgAHH/AvgAHA,2.5,1.53,2.48,AvgO/AvgU
2324,E0,2024-05-11,Bournemouth,Brentford,1,2,H,0.48497666277712953,AvgH/AvgD/AvgA,0.04139135718083087,-0.5,1.98,AvgAHH/AvgAHA,2.5,1.46,2.71,AvgO/AvgU
2324,E0,2024-05-11,Everton,Sheffield United,1,0,H,0.68466324840149,AvgH/AvgD/AvgA,0.043265745537510725,-1.25,1.86,AvgAHH/AvgAHA,2.5,1.54,2.48,AvgO/AvgU
2324,E0,2024-05-11,Fulham,Man City,0,4,A,0.7860172948278675,AvgH/AvgD/AvgA,0.04281691578687674,-2.0,2.02,AvgAHH/AvgAHA,2.5,1.34,3.18,AvgO/AvgU
2324,E0,2024-05-11,Newcastle,Brighton,1,1,H,0.6027459681699673,AvgH/AvgD/AvgA,0.04344259575820475,-1.0,1.92,AvgAHH/AvgAHA,2.5,1.33,3.32,AvgO/AvgU
2324,E0,2024-05-11,Nott'm Forest,Chelsea,2,3,A,0.47302604784587327,AvgH/AvgD/AvgA,0.04140319477487164,-0.5,2.02,AvgAHH/AvgAHA,2.5,1.48,2.64,AvgO/AvgU
2324,E0,2024-05-11,Tottenham,Burnley,2,1,H,0.7098238383044133,AvgH/AvgD/AvgA,0.04355573984409977,-1.5,1.85,AvgAHH/AvgAHA,2.5,1.24,4.05,AvgO/AvgU
2324,E0,2024-05-11,West Ham,Luton,3,1,H,0.5275599568635061,AvgH/AvgD/AvgA,0.04149403741176472,-0.75,2.0,AvgAHH/AvgAHA,2.5,1.42,2.84,AvgO/AvgU
2324,E0,2024-05-11,Wolves,Crystal Palace,1,3,A,0.38950819672131143,AvgH/AvgD/AvgA,0.0394089341457764,-0.0,1.77,AvgAHH/AvgAHA,2.5,1.79,2.04,AvgO/AvgU
2324,E0,2024-05-12,Man United,Arsenal,0,1,A,0.6901049512460523,AvgH/AvgD/AvgA,0.04248558010294401,-1.5,1.99,AvgAHH/AvgAHA,2.5,1.37,3.09,AvgO/AvgU
2324,E0,2024-05-13,Aston Villa,Liverpool,3,3,A,0.5593240421214769,AvgH/AvgD/AvgA,0.04553939683933339,-0.75,1.87,AvgAHH/AvgAHA,2.5,1.33,3.28,AvgO/AvgU
2324,E0,2024-05-14,Tottenham,Man City,0,2,A,0.6981534816267337,AvgH/AvgD/AvgA,0.037934637912249825,-1.5,1.94,AvgAHH/AvgAHA,2.5,1.27,3.79,AvgO/AvgU
2324,E0,2024-05-15,Brighton,Chelsea,1,2,A,0.4749077295283169,AvgH/AvgD/AvgA,0.04241197641104555,-0.5,2.01,AvgAHH/AvgAHA,2.5,1.4,2.98,AvgO/AvgU
2324,E0,2024-05-15,Man United,Newcastle,3,2,A,0.4104499274310595,AvgH/AvgD/AvgA,0.04117554612604124,-0.25,2.05,AvgAHH/AvgAHA,2.5,1.33,3.33,AvgO/AvgU
2324,E0,2024-05-19,Arsenal,Everton,2,1,H,0.8185686038770704,AvgH/AvgD/AvgA,0.04414077287187346,-2.0,1.82,AvgAHH/AvgAHA,2.5,1.38,3.04,AvgO/AvgU
2324,E0,2024-05-19,Brentford,Newcastle,2,4,A,0.431833355588196,AvgH/AvgD/AvgA,0.04311175739747153,-0.25,1.93,AvgAHH/AvgAHA,2.5,1.38,3.04,AvgO/AvgU
2324,E0,2024-05-19,Brighton,Man United,0,2,H,0.44177928707546454,AvgH/AvgD/AvgA,0.04312154636810517,-0.25,1.91,AvgAHH/AvgAHA,2.5,1.32,3.38,AvgO/AvgU
2324,E0,2024-05-19,Burnley,Nott'm Forest,1,2,A,0.41316836058329653,AvgH/AvgD/AvgA,0.043241748109902334,-0.25,2.01,AvgAHH/AvgAHA,2.5,1.51,2.55,AvgO/AvgU
2324,E0,2024-05-19,Chelsea,Bournemouth,2,1,H,0.6602287724561443,AvgH/AvgD/AvgA,0.04457000540612377,-1.25,1.88,AvgAHH/AvgAHA,2.5,1.27,3.71,AvgO/AvgU
2324,E0,2024-05-19,Crystal Palace,Aston Villa,5,0,H,0.5137551064463057,AvgH/AvgD/AvgA,0.040883782134551794,-0.5,1.85,AvgAHH/AvgAHA,2.5,1.39,2.96,AvgO/AvgU
2324,E0,2024-05-19,Liverpool,Wolves,2,0,H,0.8244666490146189,AvgH/AvgD/AvgA,0.045608050425767876,-2.25,1.88,AvgAHH/AvgAHA,2.5,1.22,4.23,AvgO/AvgU
2324,E0,2024-05-19,Luton,Fulham,2,4,A,0.4295061089368104,AvgH/AvgD/AvgA,0.04406080366022547,-0.25,1.95,AvgAHH/AvgAHA,2.5,1.44,2.76,AvgO/AvgU
2324,E0,2024-05-19,Man City,West Ham,3,1,H,0.8739026353162879,AvgH/AvgD/AvgA,0.04026566845388402,-2.75,1.96,AvgAHH/AvgAHA,2.5,1.2,4.45,AvgO/AvgU
2324,E0,2024-05-19,Sheffield United,Tottenham,0,3,A,0.7102594748814436,AvgH/AvgD/AvgA,0.04291567650594885,-1.5,1.85,AvgAHH/AvgAHA,2.5,1.22,4.14,AvgO/AvgU
2425,E0,2024-08-16,Man United,Fulham,1,0,H,0.5930766345661143,AvgH/AvgD/AvgA,0.04081650606397491,-1.0,2.03,AvgAHH/AvgAHA,2.5,1.53,2.52,AvgO/AvgU
2425,E0,2024-08-17,Arsenal,Wolves,2,0,H,0.816672297164586,AvgH/AvgD/AvgA,0.037696062497702076,-2.0,1.9,AvgAHH/AvgAHA,2.5,1.46,2.7,AvgO/AvgU
2425,E0,2024-08-17,Everton,Brighton,0,3,H,0.3598080246937884,AvgH/AvgD/AvgA,0.040921295529010804,0.0,1.94,AvgAHH/AvgAHA,2.5,1.81,2.04,AvgO/AvgU
2425,E0,2024-08-17,Ipswich,Liverpool,0,2,A,0.7171159467359531,AvgH/AvgD/AvgA,0.04065271468743248,-1.5,1.9,AvgAHH/AvgAHA,2.5,1.41,2.94,AvgO/AvgU
2425,E0,2024-08-17,Newcastle,Southampton,1,0,H,0.7107925801011804,AvgH/AvgD/AvgA,0.042133473924695686,-1.5,1.93,AvgAHH/AvgAHA,2.5,1.4,3.01,AvgO/AvgU
2425,E0,2024-08-17,Nott'm Forest,Bournemouth,1,1,H,0.3921942987350829,AvgH/AvgD/AvgA,0.04071697784119532,0.0,1.8,AvgAHH/AvgAHA,2.5,1.77,2.08,AvgO/AvgU
2425,E0,2024-08-17,West Ham,Aston Villa,1,2,H,0.3943530871858517,AvgH/AvgD/AvgA,0.039261714668971104,-0.25,2.1,AvgAHH/AvgAHA,2.5,1.57,2.43,AvgO/AvgU
2425,E0,2024-08-18,Brentford,Crystal Palace,2,1,H,0.39010808527944185,AvgH/AvgD/AvgA,0.042029325666151696,-0.25,2.1,AvgAHH/AvgAHA,2.5,1.81,2.03,AvgO/AvgU
2425,E0,2024-08-18,Chelsea,Man City,0,2,A,0.523737937054459,AvgH/AvgD/AvgA,0.043361667678607496,-0.5,1.83,AvgAHH/AvgAHA,2.5,1.5,2.59,AvgO/AvgU
2425,E0,2024-08-19,Leicester,Tottenham,1,1,A,0.5888078186057644,AvgH/AvgD/AvgA,0.041930682863611235,-1.0,2.03,AvgAHH/AvgAHA,2.5,1.52,2.54,AvgO/AvgU
2425,E0,2024-08-24,Aston Villa,Arsenal,0,2,A,0.5382972230698809,AvgH/AvgD/AvgA,0.043657163239827934,-0.75,1.98,AvgAHH/AvgAHA,2.5,1.73,2.13,AvgO/AvgU
2425,E0,2024-08-24,Brighton,Man United,2,1,H,0.38440676403475754,AvgH/AvgD/AvgA,0.04056441619698603,0.0,1.88,AvgAHH/AvgAHA,2.5,1.58,2.42,AvgO/AvgU
2425,E0,2024-08-24,Crystal Palace,West Ham,0,2,H,0.44140591384774247,AvgH/AvgD/AvgA,0.04400389444377728,-0.25,1.88,AvgAHH/AvgAHA,2.5,1.76,2.1,AvgO/AvgU
2425,E0,2024-08-24,Fulham,Leicester,2,1,H,0.5239923409250545,AvgH/AvgD/AvgA,0.04285510446010732,-0.75,2.06,AvgAHH/AvgAHA,2.5,1.87,1.97,AvgO/AvgU
2425,E0,2024-08-24,Man City,Ipswich,4,1,H,0.884971588419669,AvgH/AvgD/AvgA,0.03667869643006938,-2.75,2.01,AvgAHH/AvgAHA,2.5,1.29,3.54,AvgO/AvgU
2425,E0,2024-08-24,Southampton,Nott'm Forest,0,1,H,0.37326999208234357,AvgH/AvgD/AvgA,0.042422553699205334,0.0,1.83,AvgAHH/AvgAHA,2.5,1.97,1.87,AvgO/AvgU
2425,E0,2024-08-24,Tottenham,Everton,4,0,H,0.6647864625302176,AvgH/AvgD/AvgA,0.04461279461279455,-1.25,1.94,AvgAHH/AvgAHA,2.5,1.51,2.55,AvgO/AvgU
2425,E0,2024-08-25,Bournemouth,Newcastle,1,1,A,0.4265095065598078,AvgH/AvgD/AvgA,0.04205049971640351,-0.25,1.94,AvgAHH/AvgAHA,2.5,1.56,2.44,AvgO/AvgU
2425,E0,2024-08-25,Liverpool,Brentford,2,0,H,0.7663388416510348,AvgH/AvgD/AvgA,0.043924640797853964,-1.75,1.85,AvgAHH/AvgAHA,2.5,1.35,3.2,AvgO/AvgU
2425,E0,2024-08-25,Wolves,Chelsea,2,6,A,0.5412619329987087,AvgH/AvgD/AvgA,0.04380470335750952,-0.75,1.98,AvgAHH/AvgAHA,2.5,1.64,2.29,AvgO/AvgU
2425,E0,2024-08-31,Arsenal,Brighton,1,1,H,0.7117553932962332,AvgH/AvgD/AvgA,0.04072374823922664,-1.5,2.0,AvgAHH/AvgAHA,2.5,1.53,2.52,AvgO/AvgU
2425,E0,2024-08-31,Brentford,Southampton,3,1,H,0.5426805160095993,AvgH/AvgD/AvgA,0.04107616681494375,-0.75,1.97,AvgAHH/AvgAHA,2.5,1.73,2.15,AvgO/AvgU
2425,E0,2024-08-31,Everton,Bournemouth,2,3,A,0.3712752669081082,AvgH/AvgD/AvgA,0.03993026337503691,-0.0,1.87,AvgAHH/AvgAHA,2.5,1.87,1.95,AvgO/AvgU
2425,E0,2024-08-31,Ipswich,Fulham,1,1,A,0.4157725321888412,AvgH/AvgD/AvgA,0.041195363776008964,-0.25,1.98,AvgAHH/AvgAHA,2.5,1.82,2.03,AvgO/AvgU
2425,E0,2024-08-31,Leicester,Aston Villa,1,2,A,0.5526513122656669,AvgH/AvgD/AvgA,0.03991907903384995,-0.75,1.91,AvgAHH/AvgAHA,2.5,1.69,2.21,AvgO/AvgU
2425,E0,2024-08-31,Nott'm Forest,Wolves,1,1,H,0.4737519637708657,AvgH/AvgD/AvgA,0.039807483893996576,-0.5,2.02,AvgAHH/AvgAHA,2.5,1.83,2.02,AvgO/AvgU
2425,E0,2024-08-31,West Ham,Man City,1,3,A,0.6975131792937812,AvgH/AvgD/AvgA,0.03888743993784072,-1.5,2.02,AvgAHH/AvgAHA,2.5,1.46,2.73,AvgO/AvgU
2425,E0,2024-09-01,Chelsea,Crystal Palace,1,1,H,0.5896908429925393,AvgH/AvgD/AvgA,0.040370458191258285,-1.0,2.03,AvgAHH/AvgAHA,2.5,1.52,2.56,AvgO/AvgU
2425,E0,2024-09-01,Man United,Liverpool,0,3,A,0.5195427609209545,AvgH/AvgD/AvgA,0.040415883347820536,-0.5,1.84,AvgAHH/AvgAHA,2.5,1.43,2.84,AvgO/AvgU
2425,E0,2024-09-01,Newcastle,Tottenham,2,1,H,0.38274427100005654,AvgH/AvgD/AvgA,0.04092054326773509,0.0,1.93,AvgAHH/AvgAHA,2.5,1.38,3.07,AvgO/AvgU
2425,E0,2024-09-14,Aston Villa,Everton,3,2,H,0.6348303808106139,AvgH/AvgD/AvgA,0.04319464796803052,-1.0,1.84,AvgAHH/AvgAHA,2.5,1.67,2.23,AvgO/AvgU
2425,E0,2024-09-14,Bournemouth,Chelsea,0,1,A,0.46875899798445153,AvgH/AvgD/AvgA,0.04063043087433327,-0.5,2.03,AvgAHH/AvgAHA,2.5,1.45,2.76,AvgO/AvgU
2425,E0,2024-09-14,Brighton,Ipswich,0,0,H,0.6933145326916593,AvgH/AvgD/AvgA,0.045178843065866614,-1.5,2.07,AvgAHH/AvgAHA,2.5,1.56,2.46,AvgO/AvgU
2425,E0,2024-09-14,Crystal Palace,Leicester,2,2,H,0.5893815425976693,AvgH/AvgD/AvgA,0.04091643218309948,-1.0,2.07,AvgAHH/AvgAHA,2.5,1.76,2.1,AvgO/AvgU
2425,E0,2024-09-14,Fulham,West Ham,1,1,H,0.39616992077849167,AvgH/AvgD/AvgA,0.04304521575960574,-0.25,2.07,AvgAHH/AvgAHA,2.5,1.72,2.16,AvgO/AvgU
2425,E0,2024-09-14,Liverpool,Nott'm Forest,0,1,H,0.7862073692735889,AvgH/AvgD/AvgA,0.04256480310642674,-2.0,2.03,AvgAHH/AvgAHA,2.5,1.41,2.91,AvgO/AvgU
2425,E0,2024-09-14,Man City,Brentford,2,1,H,0.8184709700539154,AvgH/AvgD/AvgA,0.04426532641048064,-2.0,1.85,AvgAHH/AvgAHA,2.5,1.35,3.22,AvgO/AvgU
2425,E0,2024-09-14,Southampton,Man United,0,3,A,0.5517935446768744,AvgH/AvgD/AvgA,0.04153564176744351,-0.75,1.92,AvgAHH/AvgAHA,2.5,1.61,2.36,AvgO/AvgU
2425,E0,2024-09-15,Tottenham,Arsenal,0,1,A,0.4118125491550133,AvgH/AvgD/AvgA,0.04218424192476644,-0.25,2.0,AvgAHH/AvgAHA,2.5,1.58,2.41,AvgO/AvgU
2425,E0,2024-09-15,Wolves,Newcastle,1,2,A,0.4545884526965341,AvgH/AvgD/AvgA,0.0425554069352474,-0.25,1.82,AvgAHH/AvgAHA,2.5,1.56,2.47,AvgO/AvgU
2425,E0,2024-09-21,Aston Villa,Wolves,3,1,H,0.6026336113883678,AvgH/AvgD/AvgA,0.043637138262352604,-1.0,1.98,AvgAHH/AvgAHA,2.5,1.58,2.41,AvgO/AvgU
2425,E0,2024-09-21,Crystal Palace,Man United,0,0,A,0.4060948703805847,AvgH/AvgD/AvgA,0.04342321084285339,-0.25,2.03,AvgAHH/AvgAHA,2.5,1.6,2.39,AvgO/AvgU
2425,E0,2024-09-21,Fulham,Newcastle,3,1,A,0.39144319967557145,AvgH/AvgD/AvgA,0.04271389985675711,-0.25,2.09,AvgAHH/AvgAHA,2.5,1.68,2.22,AvgO/AvgU
2425,E0,2024-09-21,Leicester,Everton,1,1,H,0.38078191238813,AvgH/AvgD/AvgA,0.04213300032201572,0.0,1.82,AvgAHH/AvgAHA,2.5,1.86,1.98,AvgO/AvgU
2425,E0,2024-09-21,Liverpool,Bournemouth,3,0,H,0.7449314961256264,AvgH/AvgD/AvgA,0.04062427549563896,-1.75,1.96,AvgAHH/AvgAHA,2.5,1.36,3.12,AvgO/AvgU
2425,E0,2024-09-21,Southampton,Ipswich,1,1,H,0.4257160189081641,AvgH/AvgD/AvgA,0.043992766784564985,-0.25,1.92,AvgAHH/AvgAHA,2.5,1.77,2.06,AvgO/AvgU
2425,E0,2024-09-21,Tottenham,Brentford,3,1,H,0.6192348078289486,AvgH/AvgD/AvgA,0.041868580651224896,-1.0,1.86,AvgAHH/AvgAHA,2.5,1.42,2.81,AvgO/AvgU
2425,E0,2024-09-21,West Ham,Chelsea,0,3,A,0.47786511040165575,AvgH/AvgD/AvgA,0.0411147978407036,-0.5,2.0,AvgAHH/AvgAHA,2.5,1.52,2.54,AvgO/AvgU
2425,E0,2024-09-22,Brighton,Nott'm Forest,2,2,H,0.5188215723308891,AvgH/AvgD/AvgA,0.03626070555767713,-0.75,1.98,AvgAHH/AvgAHA,2.5,1.83,2.02,AvgO/AvgU
2425,E0,2024-09-22,Man City,Arsenal,2,2,H,0.5234527458043546,AvgH/AvgD/AvgA,0.04393011940744307,-0.75,2.06,AvgAHH/AvgAHA,2.5,2.02,1.82,AvgO/AvgU
2425,E0,2024-09-28,Arsenal,Leicester,4,2,H,0.8137110515898687,AvgH/AvgD/AvgA,0.04147243110787269,-2.0,1.95,AvgAHH/AvgAHA,2.5,1.49,2.55,AvgO/AvgU
2425,E0,2024-09-28,Brentford,West Ham,1,1,H,0.43071547446025016,AvgH/AvgD/AvgA,0.041129283398726235,-0.25,1.91,AvgAHH/AvgAHA,2.5,1.66,2.27,AvgO/AvgU
2425,E0,2024-09-28,Chelsea,Brighton,4,2,H,0.5520751761942051,AvgH/AvgD/AvgA,0.0410043205347681,-0.75,1.92,AvgAHH/AvgAHA,2.5,1.5,2.58,AvgO/AvgU
2425,E0,2024-09-28,Everton,Crystal Palace,2,1,A,0.3650726026910925,AvgH/AvgD/AvgA,0.041513753919958596,-0.0,1.9,AvgAHH/AvgAHA,2.5,1.87,1.97,AvgO/AvgU
2425,E0,2024-09-28,Newcastle,Man City,1,1,A,0.5964859387739586,AvgH/AvgD/AvgA,0.04129531317876722,-1.0,1.98,AvgAHH/AvgAHA,2.5,1.49,2.64,AvgO/AvgU
2425,E0,2024-09-28,Nott'm Forest,Fulham,0,1,H,0.39994851352300126,AvgH/AvgD/AvgA,0.0418007632942583,-0.25,2.04,AvgAHH/AvgAHA,2.5,2.0,1.85,AvgO/AvgU
2425,E0,2024-09-28,Wolves,Liverpool,1,2,A,0.7087447947650208,AvgH/AvgD/AvgA,0.04514452340539288,-1.5,1.95,AvgAHH/AvgAHA,2.5,1.45,2.77,AvgO/AvgU
2425,E0,2024-09-29,Ipswich,Aston Villa,2,2,A,0.5137099872274337,AvgH/AvgD/AvgA,0.04097520310037717,-0.5,1.87,AvgAHH/AvgAHA,2.5,1.73,2.14,AvgO/AvgU
2425,E0,2024-09-29,Man United,Tottenham,0,3,H,0.40672406569307246,AvgH/AvgD/AvgA,0.04180905262459178,-0.25,2.05,AvgAHH/AvgAHA,2.5,1.42,2.87,AvgO/AvgU
2425,E0,2024-09-30,Bournemouth,Southampton,3,1,H,0.581170900482564,AvgH/AvgD/AvgA,0.0428268269408798,-0.75,1.79,AvgAHH/AvgAHA,2.5,1.49,2.6,AvgO/AvgU
2425,E0,2024-10-05,Arsenal,Southampton,3,1,H,0.8438073238671105,AvgH/AvgD/AvgA,0.03956549990112168,-2.25,1.88,AvgAHH/AvgAHA,2.5,1.36,3.13,AvgO/AvgU
2425,E0,2024-10-05,Brentford,Wolves,5,3,H,0.45945719825250003,AvgH/AvgD/AvgA,0.04137861228715156,-0.25,1.8,AvgAHH/AvgAHA,2.5,1.78,2.08,AvgO/AvgU
2425,E0,2024-10-05,Crystal Palace,Liverpool,0,1,A,0.6432080802281047,AvgH/AvgD/AvgA,0.04342740744069129,-1.0,1.79,AvgAHH/AvgAHA,2.5,1.59,2.4,AvgO/AvgU
2425,E0,2024-10-05,Everton,Newcastle,0,0,A,0.43030026301787544,AvgH/AvgD/AvgA,0.0421339046565119,-0.25,1.92,AvgAHH/AvgAHA,2.5,1.69,2.21,AvgO/AvgU
2425,E0,2024-10-05,Leicester,Bournemouth,1,0,A,0.4419597933764172,AvgH/AvgD/AvgA,0.042695512112046474,-0.25,1.87,AvgAHH/AvgAHA,2.5,1.69,2.21,AvgO/AvgU
2425,E0,2024-10-05,Man City,Fulham,3,2,H,0.7736147494406546,AvgH/AvgD/AvgA,0.04244601526316982,-1.75,1.88,AvgAHH/AvgAHA,2.5,1.45,2.74,AvgO/AvgU
2425,E0,2024-10-05,West Ham,Ipswich,4,1,H,0.5324601366742596,AvgH/AvgD/AvgA,0.04337492572786705,-0.75,2.02,AvgAHH/AvgAHA,2.5,1.69,2.21,AvgO/AvgU
2425,E0,2024-10-06,Aston Villa,Man United,0,0,H,0.43463969658659923,AvgH/AvgD/AvgA,0.04106617811576241,-0.25,1.91,AvgAHH/AvgAHA,2.5,1.53,2.52,AvgO/AvgU
2425,E0,2024-10-06,Brighton,Tottenham,3,2,A,0.4300936079561215,AvgH/AvgD/AvgA,0.04263463808393042,-0.25,1.94,AvgAHH/AvgAHA,2.5,1.39,3.0,AvgO/AvgU
2425,E0,2024-10-06,Chelsea,Nott'm Forest,1,1,H,0.6463816500748147,AvgH/AvgD/AvgA,0.045320014263199315,-1.25,2.02,AvgAHH/AvgAHA,2.5,1.55,2.46,AvgO/AvgU
2425,E0,2024-10-19,Bournemouth,Arsenal,2,0,A,0.5711547703180212,AvgH/AvgD/AvgA,0.04216602254177859,-0.75,1.84,AvgAHH/AvgAHA,2.5,1.72,2.15,AvgO/AvgU
2425,E0,2024-10-19,Fulham,Aston Villa,1,3,H,0.3934787175277944,AvgH/AvgD/AvgA,0.041571112533731025,-0.25,2.08,AvgAHH/AvgAHA,2.5,1.73,2.14,AvgO/AvgU
2425,E0,2024-10-19,Ipswich,Everton,0,2,H,0.40014459966882016,AvgH/AvgD/AvgA,0.04129024110664248,-0.25,2.05,AvgAHH/AvgAHA,2.5,1.83,2.01,AvgO/AvgU
2425,E0,2024-10-19,Man United,Brentford,2,1,H,0.5614100837383615,AvgH/AvgD/AvgA,0.041654467164796705,-0.75,1.87,AvgAHH/AvgAHA,2.5,1.49,2.58,AvgO/AvgU
2425,E0,2024-10-19,Newcastle,Brighton,0,1,H,0.47831080297969636,AvgH/AvgD/AvgA,0.04014468147411687,-0.5,2.0,AvgAHH/AvgAHA,2.5,1.51,2.56,AvgO/AvgU
2425,E0,2024-10-19,Southampton,Leicester,2,3,H,0.4120026273032115,AvgH/AvgD/AvgA,0.04170342836276797,-0.25,1.99,AvgAHH/AvgAHA,2.5,1.76,2.08,AvgO/AvgU
2425,E0,2024-10-19,Tottenham,West Ham,4,1,H,0.6380484552425143,AvgH/AvgD/AvgA,0.04485272425473541,-1.25,2.01,AvgAHH/AvgAHA,2.5,1.37,3.08,AvgO/AvgU
2425,E0,2024-10-20,Liverpool,Chelsea,2,1,H,0.5866369710467706,AvgH/AvgD/AvgA,0.04578634282227223,-1.0,2.02,AvgAHH/AvgAHA,2.5,1.4,2.93,AvgO/AvgU
2425,E0,2024-10-20,Wolves,Man City,1,2,A,0.7291530690876322,AvgH/AvgD/AvgA,0.04691156217873771,-1.5,1.86,AvgAHH/AvgAHA,2.5,1.45,2.75,AvgO/AvgU
2425,E0,2024-10-21,Nott'm Forest,Crystal Palace,1,0,H,0.40455801267817637,AvgH/AvgD/AvgA,0.04738702554482832,-0.25,2.01,AvgAHH/AvgAHA,2.5,2.14,1.73,AvgO/AvgU
2425,E0,2024-10-25,Leicester,Nott'm Forest,1,3,A,0.39906795451804755,AvgH/AvgD/AvgA,0.039767174082463885,-0.25,2.04,AvgAHH/AvgAHA,2.5,2.06,1.79,AvgO/AvgU
2425,E0,2024-10-26,Aston Villa,Bournemouth,1,1,H,0.5162548764629389,AvgH/AvgD/AvgA,0.04141274613363666,-0.5,1.84,AvgAHH/AvgAHA,2.5,1.6,2.39,AvgO/AvgU
2425,E0,2024-10-26,Brentford,Ipswich,4,3,H,0.5764612089679522,AvgH/AvgD/AvgA,0.038755749552734864,-0.75,1.81,AvgAHH/AvgAHA,2.5,1.65,2.28,AvgO/AvgU
2425,E0,2024-10-26,Brighton,Wolves,2,2,H,0.5842440701723647,AvgH/AvgD/AvgA,0.04366672884002787,-1.0,2.07,AvgAHH/AvgAHA,2.5,1.56,2.43,AvgO/AvgU
2425,E0,2024-10-26,Everton,Fulham,1,1,A,0.36852198167929245,AvgH/AvgD/AvgA,0.0436701302396052,-0.0,1.87,AvgAHH/AvgAHA,2.5,1.89,1.95,AvgO/AvgU
2425,E0,2024-10-26,Man City,Southampton,1,0,H,0.8663865754977692,AvgH/AvgD/AvgA,0.039837096256139404,-2.5,1.91,AvgAHH/AvgAHA,2.5,1.27,3.73,AvgO/AvgU
2425,E0,2024-10-27,Arsenal,Liverpool,2,2,H,0.3845467431603801,AvgH/AvgD/AvgA,0.04436309199299626,0.0,1.81,AvgAHH/AvgAHA,2.5,1.89,1.94,AvgO/AvgU
2425,E0,2024-10-27,Chelsea,Newcastle,2,1,H,0.5442941324975525,AvgH/AvgD/AvgA,0.0438874576410635,-0.75,1.92,AvgAHH/AvgAHA,2.5,1.44,2.78,AvgO/AvgU
2425,E0,2024-10-27,Crystal Palace,Tottenham,1,0,A,0.5176010430247717,AvgH/AvgD/AvgA,0.044318878072026724,-0.5,1.85,AvgAHH/AvgAHA,2.5,1.59,2.4,AvgO/AvgU
2425,E0,2024-10-27,West Ham,Man United,2,1,A,0.4108023402388515,AvgH/AvgD/AvgA,0.044747089577639176,-0.25,2.01,AvgAHH/AvgAHA,2.5,1.51,2.53,AvgO/AvgU
2425,E0,2024-11-02,Bournemouth,Man City,2,1,A,0.6035074809909247,AvgH/AvgD/AvgA,0.04212596764731824,-1.0,1.97,AvgAHH/AvgAHA,2.5,1.57,2.42,AvgO/AvgU
2425,E0,2024-11-02,Ipswich,Leicester,1,1,H,0.42311266542506987,AvgH/AvgD/AvgA,0.041161540079796666,-0.25,1.95,AvgAHH/AvgAHA,2.5,1.71,2.18,AvgO/AvgU
2425,E0,2024-11-02,Liverpool,Brighton,2,1,H,0.6884055376109205,AvgH/AvgD/AvgA,0.04505908381908719,-1.5,2.03,AvgAHH/AvgAHA,2.5,1.39,2.99,AvgO/AvgU
2425,E0,2024-11-02,Newcastle,Arsenal,1,0,A,0.48501678747372046,AvgH/AvgD/AvgA,0.04130520446752595,-0.5,1.97,AvgAHH/AvgAHA,2.5,1.82,2.02,AvgO/AvgU
2425,E0,2024-11-02,Nott'm Forest,West Ham,3,0,H,0.44690388323999386,AvgH/AvgD/AvgA,0.0407523776650498,-0.25,1.84,AvgAHH/AvgAHA,2.5,1.86,1.98,AvgO/AvgU
2425,E0,2024-11-02,Southampton,Everton,1,0,H,0.36261644168318463,AvgH/AvgD/AvgA,0.040654662029178334,0.0,1.94,AvgAHH/AvgAHA,2.5,1.83,2.02,AvgO/AvgU
2425,E0,2024-11-02,Wolves,Crystal Palace,2,2,H,0.3799627487501226,AvgH/AvgD/AvgA,0.040251757037327085,0.0,1.82,AvgAHH/AvgAHA,2.5,1.89,1.95,AvgO/AvgU
2425,E0,2024-11-03,Man United,Chelsea,1,1,A,0.37460244295920725,AvgH/AvgD/AvgA,0.04277216377507065,-0.0,1.92,AvgAHH/AvgAHA,2.5,1.44,2.79,AvgO/AvgU
2425,E0,2024-11-03,Tottenham,Aston Villa,4,1,H,0.49557367321669277,AvgH/AvgD/AvgA,0.045525101571223026,-0.5,1.94,AvgAHH/AvgAHA,2.5,1.44,2.78,AvgO/AvgU
2425,E0,2024-11-04,Fulham,Brentford,2,1,H,0.47148895217096215,AvgH/AvgD/AvgA,0.04479826127464115,-0.5,2.03,AvgAHH/AvgAHA,2.5,1.67,2.23,AvgO/AvgU
2425,E0,2024-11-09,Brentford,Bournemouth,3,2,H,0.37952357447403917,AvgH/AvgD/AvgA,0.041455507853003004,0.0,1.86,AvgAHH/AvgAHA,2.5,1.6,2.39,AvgO/AvgU
2425,E0,2024-11-09,Brighton,Man City,2,1,A,0.5485794309236351,AvgH/AvgD/AvgA,0.04165147144956838,-0.75,1.93,AvgAHH/AvgAHA,2.5,1.53,2.5,AvgO/AvgU
2425,E0,2024-11-09,Crystal Palace,Fulham,0,2,A,0.3680981595092025,AvgH/AvgD/AvgA,0.040868454661558085,-0.0,1.91,AvgAHH/AvgAHA,2.5,1.93,1.91,AvgO/AvgU
2425,E0,2024-11-09,Liverpool,Aston Villa,2,0,H,0.6748083300781998,AvgH/AvgD/AvgA,0.043593151897024285,-1.25,1.87,AvgAHH/AvgAHA,2.5,1.43,2.83,AvgO/AvgU
2425,E0,2024-11-09,West Ham,Everton,0,0,H,0.4399060821556095,AvgH/AvgD/AvgA,0.042758022536301565,-0.25,1.85,AvgAHH/AvgAHA,2.5,1.81,2.03,AvgO/AvgU
2425,E0,2024-11-09,Wolves,Southampton,2,0,H,0.4891227388207855,AvgH/AvgD/AvgA,0.043100312332017277,-0.5,1.96,AvgAHH/AvgAHA,2.5,1.66,2.26,AvgO/AvgU
2425,E0,2024-11-10,Chelsea,Arsenal,1,1,A,0.37808207305975655,AvgH/AvgD/AvgA,0.04542623192180928,-0.0,1.86,AvgAHH/AvgAHA,2.5,1.71,2.17,AvgO/AvgU
2425,E0,2024-11-10,Man United,Leicester,3,0,H,0.6914959050122235,AvgH/AvgD/AvgA,0.0403886056547762,-1.5,2.03,AvgAHH/AvgAHA,2.5,1.46,2.72,AvgO/AvgU
2425,E0,2024-11-10,Nott'm Forest,Newcastle,1,3,H,0.3569313230705799,AvgH/AvgD/AvgA,0.041509074344817876,0.0,1.93,AvgAHH/AvgAHA,2.5,1.94,1.9,AvgO/AvgU
2425,E0,2024-11-10,Tottenham,Ipswich,1,2,H,0.7618217378146555,AvgH/AvgD/AvgA,0.041780188535236906,-1.75,1.83,AvgAHH/AvgAHA,2.5,1.3,3.49,AvgO/AvgU
2425,E0,2024-11-23,Arsenal,Nott'm Forest,3,0,H,0.6995029643440568,AvgH/AvgD/AvgA,0.04349380132183245,-1.25,1.85,AvgAHH/AvgAHA,2.5,1.81,2.03,AvgO/AvgU
2425,E0,2024-11-23,Aston Villa,Crystal Palace,2,2,H,0.5897352187729548,AvgH/AvgD/AvgA,0.040292173480537485,-1.0,2.06,AvgAHH/AvgAHA,2.5,1.75,2.11,AvgO/AvgU
2425,E0,2024-11-23,Bournemouth,Brighton,1,2,H,0.3986599922988062,AvgH/AvgD/AvgA,0.04083120290910136,-0.25,2.06,AvgAHH/AvgAHA,2.5,1.57,2.41,AvgO/AvgU
2425,E0,2024-11-23,Everton,Brentford,0,0,H,0.39090866554370207,AvgH/AvgD/AvgA,0.039895251427228384,-0.25,2.08,AvgAHH/AvgAHA,2.5,1.84,2.01,AvgO/AvgU
2425,E0,2024-11-23,Fulham,Wolves,1,4,H,0.5817638371767291,AvgH/AvgD/AvgA,0.04176397247685237,-0.75,1.81,AvgAHH/AvgAHA,2.5,1.68,2.21,AvgO/AvgU
2425,E0,2024-11-23,Leicester,Chelsea,1,2,A,0.6579680657248642,AvgH/AvgD/AvgA,0.04097986289767119,-1.25,1.94,AvgAHH/AvgAHA,2.5,1.48,2.64,AvgO/AvgU
2425,E0,2024-11-23,Man City,Tottenham,0,4,H,0.6455384601990646,AvgH/AvgD/AvgA,0.039660656919427995,-1.25,1.94,AvgAHH/AvgAHA,2.5,1.31,3.46,AvgO/AvgU
2425,E0,2024-11-24,Ipswich,Man United,1,1,A,0.5853463305518701,AvgH/AvgD/AvgA,0.048092215657910886,-1.0,2.05,AvgAHH/AvgAHA,2.5,1.56,2.44,AvgO/AvgU
2425,E0,2024-11-24,Southampton,Liverpool,2,3,A,0.7474724087365903,AvgH/AvgD/AvgA,0.045189081053174984,-1.75,1.98,AvgAHH/AvgAHA,2.5,1.44,2.8,AvgO/AvgU
2425,E0,2024-11-25,Newcastle,West Ham,0,2,H,0.6370345928255409,AvgH/AvgD/AvgA,0.0465156432238536,-1.0,1.79,AvgAHH/AvgAHA,2.5,1.55,2.45,AvgO/AvgU
2425,E0,2024-11-29,Brighton,Southampton,1,1,H,0.6913814922816885,AvgH/AvgD/AvgA,0.04056077355704035,-1.5,2.01,AvgAHH/AvgAHA,2.5,1.43,2.84,AvgO/AvgU
2425,E0,2024-11-30,Brentford,Leicester,4,1,H,0.5772432725585245,AvgH/AvgD/AvgA,0.043597504192897985,-0.75,1.82,AvgAHH/AvgAHA,2.5,1.58,2.41,AvgO/AvgU
2425,E0,2024-11-30,Crystal Palace,Newcastle,1,1,A,0.41620773467064576,AvgH/AvgD/AvgA,0.044628853521199385,-0.25,1.99,AvgAHH/AvgAHA,2.5,1.79,2.08,AvgO/AvgU
2425,E0,2024-11-30,Nott'm Forest,Ipswich,1,0,H,0.5484080766544883,AvgH/AvgD/AvgA,0.04197694336399538,-0.75,1.94,AvgAHH/AvgAHA,2.5,1.89,1.94,AvgO/AvgU
2425,E0,2024-11-30,West Ham,Arsenal,2,5,A,0.6588094207531361,AvgH/AvgD/AvgA,0.03965044407883056,-1.25,1.99,AvgAHH/AvgAHA,2.5,1.7,2.19,AvgO/AvgU
2425,E0,2024-11-30,Wolves,Bournemouth,2,4,A,0.3930465847052761,AvgH/AvgD/AvgA,0.04271626194407441,-0.0,1.81,AvgAHH/AvgAHA,2.5,1.65,2.27,AvgO/AvgU
2425,E0,2024-12-01,Chelsea,Aston Villa,3,0,H,0.56011953401793,AvgH/AvgD/AvgA,0.04405450287100132,-0.75,1.87,AvgAHH/AvgAHA,2.5,1.53,2.51,AvgO/AvgU
2425,E0,2024-12-01,Liverpool,Man City,2,0,H,0.4576569169728357,AvgH/AvgD/AvgA,0.045475074836311746,-0.25,1.8,AvgAHH/AvgAHA,2.5,1.54,2.42,AvgO/AvgU
2425,E0,2024-12-01,Man United,Everton,4,0,H,0.6215242529120965,AvgH/AvgD/AvgA,0.044771215778265816,-1.0,1.9,AvgAHH/AvgAHA,2.5,1.75,2.11,AvgO/AvgU
2425,E0,2024-12-01,Tottenham,Fulham,1,1,H,0.555227762592267,AvgH/AvgD/AvgA,0.0471294629122474,-0.75,1.89,AvgAHH/AvgAHA,2.5,1.42,2.84,AvgO/AvgU
2425,E0,2024-12-03,Ipswich,Crystal Palace,0,1,A,0.4038025290734874,AvgH/AvgD/AvgA,0.04052856774065683,-0.25,2.02,AvgAHH/AvgAHA,2.5,1.98,1.86,AvgO/AvgU
2425,E0,2024-12-03,Leicester,West Ham,3,1,A,0.3891433074060493,AvgH/AvgD/AvgA,0.040383560220643044,-0.25,2.09,AvgAHH/AvgAHA,2.5,1.79,2.06,AvgO/AvgU
2425,E0,2024-12-04,Arsenal,Man United,2,0,H,0.6580459423489061,AvgH/AvgD/AvgA,0.04085666785580422,-1.25,1.98,AvgAHH/AvgAHA,2.5,1.63,2.31,AvgO/AvgU
2425,E0,2024-12-04,Aston Villa,Brentford,3,1,H,0.5337870929663071,AvgH/AvgD/AvgA,0.04078117076282051,-0.75,2.01,AvgAHH/AvgAHA,2.5,1.57,2.42,AvgO/AvgU
2425,E0,2024-12-04,Everton,Wolves,4,0,H,0.4487960266662725,AvgH/AvgD/AvgA,0.04120734556691552,-0.25,1.82,AvgAHH/AvgAHA,2.5,1.98,1.86,AvgO/AvgU
2425,E0,2024-12-04,Man City,Nott'm Forest,3,0,H,0.6997820024193011,AvgH/AvgD/AvgA,0.04307770816590173,-1.5,2.03,AvgAHH/AvgAHA,2.5,1.59,2.4,AvgO/AvgU
2425,E0,2024-12-04,Newcastle,Liverpool,3,3,A,0.5383707938806463,AvgH/AvgD/AvgA,0.04351454275496236,-0.75,1.98,AvgAHH/AvgAHA,2.5,1.59,2.38,AvgO/AvgU
2425,E0,2024-12-04,Southampton,Chelsea,1,5,A,0.7156645966866203,AvgH/AvgD/AvgA,0.042763132578428564,-1.5,1.91,AvgAHH/AvgAHA,2.5,1.43,2.83,AvgO/AvgU
2425,E0,2024-12-05,Bournemouth,Tottenham,1,0,A,0.3951703097301369,AvgH/AvgD/AvgA,0.04568367187823208,-0.0,1.84,AvgAHH/AvgAHA,2.5,1.41,2.9,AvgO/AvgU
2425,E0,2024-12-05,Fulham,Brighton,3,1,H,0.410458251335395,AvgH/AvgD/AvgA,0.04562290552060677,-0.25,2.02,AvgAHH/AvgAHA,2.5,1.62,2.33,AvgO/AvgU
2425,E0,2024-12-07,Aston Villa,Southampton,1,0,H,0.6996298210940474,AvgH/AvgD/AvgA,0.04330459521843344,-1.5,1.99,AvgAHH/AvgAHA,2.5,1.44,2.81,AvgO/AvgU
2425,E0,2024-12-07,Brentford,Newcastle,4,2,A,0.4071344833361246,AvgH/AvgD/AvgA,0.0407588423540568,-0.25,2.04,AvgAHH/AvgAHA,2.5,1.57,2.45,AvgO/AvgU
2425,E0,2024-12-07,Crystal Palace,Man City,2,2,A,0.6001100520175775,AvgH/AvgD/AvgA,0.04147563917441843,-1.0,1.99,AvgAHH/AvgAHA,2.5,1.64,2.31,AvgO/AvgU
2425,E0,2024-12-07,Man United,Nott'm Forest,2,3,H,0.5752027051392653,AvgH/AvgD/AvgA,0.04102847545649446,-0.75,1.83,AvgAHH/AvgAHA,2.5,1.79,2.05,AvgO/AvgU
2425,E0,2024-12-08,Fulham,Arsenal,1,1,A,0.5959954602721754,AvgH/AvgD/AvgA,0.04215225421131885,-1.0,2.04,AvgAHH/AvgAHA,2.5,1.78,2.06,AvgO/AvgU
2425,E0,2024-12-08,Ipswich,Bournemouth,1,2,A,0.47452257671378834,AvgH/AvgD/AvgA,0.0432580645137306,-0.5,2.01,AvgAHH/AvgAHA,2.5,1.72,2.16,AvgO/AvgU
2425,E0,2024-12-08,Leicester,Brighton,2,2,A,0.5476606070926816,AvgH/AvgD/AvgA,0.04339907604832982,-0.75,1.92,AvgAHH/AvgAHA,2.5,1.59,2.39,AvgO/AvgU
2425,E0,2024-12-08,Tottenham,Chelsea,3,4,A,0.4635561322423943,AvgH/AvgD/AvgA,0.04214301966564005,-0.5,2.04,AvgAHH/AvgAHA,2.5,1.35,3.26,AvgO/AvgU
2425,E0,2024-12-09,West Ham,Wolves,2,1,H,0.5006467775460679,AvgH/AvgD/AvgA,0.0457676607653934,-0.5,1.91,AvgAHH/AvgAHA,2.5,1.6,2.36,AvgO/AvgU
2425,E0,2024-12-14,Arsenal,Everton,0,0,H,0.7773760772147534,AvgH/AvgD/AvgA,0.045836312578865,-1.75,1.92,AvgAHH/AvgAHA,2.5,1.66,2.23,AvgO/AvgU
2425,E0,2024-12-14,Liverpool,Fulham,2,2,H,0.7256648349074348,AvgH/AvgD/AvgA,0.043974740311611304,-1.5,1.89,AvgAHH/AvgAHA,2.5,1.47,2.66,AvgO/AvgU
2425,E0,2024-12-14,Newcastle,Leicester,4,0,H,0.7304746200073134,AvgH/AvgD/AvgA,0.04501752383718882,-1.5,1.84,AvgAHH/AvgAHA,2.5,1.45,2.75,AvgO/AvgU
2425,E0,2024-12-14,Nott'm Forest,Aston Villa,2,1,H,0.361816009557945,AvgH/AvgD/AvgA,0.046907457883550885,0.0,1.91,AvgAHH/AvgAHA,2.5,1.87,1.96,AvgO/AvgU
2425,E0,2024-12-14,Wolves,Ipswich,1,2,H,0.5026161056668087,AvgH/AvgD/AvgA,0.047152654958069196,-0.5,1.9,AvgAHH/AvgAHA,2.5,1.72,2.15,AvgO/AvgU
2425,E0,2024-12-15,Brighton,Crystal Palace,1,3,H,0.5052087572230813,AvgH/AvgD/AvgA,0.04729089022282751,-0.5,1.89,AvgAHH/AvgAHA,2.5,1.72,2.13,AvgO/AvgU
2425,E0,2024-12-15,Chelsea,Brentford,2,1,H,0.7192121055502914,AvgH/AvgD/AvgA,0.045421362412739086,-1.5,1.85,AvgAHH/AvgAHA,2.5,1.32,3.32,AvgO/AvgU
2425,E0,2024-12-15,Man City,Man United,1,2,H,0.6032386763670499,AvgH/AvgD/AvgA,0.049189014565038436,-1.0,1.93,AvgAHH/AvgAHA,2.5,1.43,2.78,AvgO/AvgU
2425,E0,2024-12-15,Southampton,Tottenham,0,5,A,0.5643291633191783,AvgH/AvgD/AvgA,0.04852985596403259,-0.75,1.84,AvgAHH/AvgAHA,2.5,1.3,3.46,AvgO/AvgU
2425,E0,2024-12-16,Bournemouth,West Ham,1,1,H,0.5573766061395896,AvgH/AvgD/AvgA,0.049192440435812834,-0.75,1.88,AvgAHH/AvgAHA,2.5,1.51,2.54,AvgO/AvgU
2425,E0,2024-12-21,Aston Villa,Man City,2,1,A,0.45130315500685875,AvgH/AvgD/AvgA,0.04519125996444329,-0.25,1.83,AvgAHH/AvgAHA,2.5,1.59,2.39,AvgO/AvgU
2425,E0,2024-12-21,Brentford,Nott'm Forest,0,2,H,0.40756990779644736,AvgH/AvgD/AvgA,0.0440709845196432,-0.25,2.01,AvgAHH/AvgAHA,2.5,1.72,2.13,AvgO/AvgU
2425,E0,2024-12-21,Crystal Palace,Arsenal,1,5,A,0.6096747513241971,AvgH/AvgD/AvgA,0.044725361802852026,-1.0,1.96,AvgAHH/AvgAHA,2.5,1.83,2.01,AvgO/AvgU
2425,E0,2024-12-21,Ipswich,Newcastle,0,4,A,0.5500711396542401,AvgH/AvgD/AvgA,0.0447969403364985,-0.75,1.91,AvgAHH/AvgAHA,2.5,1.63,2.3,AvgO/AvgU
2425,E0,2024-12-21,West Ham,Brighton,1,1,A,0.40246847330292457,AvgH/AvgD/AvgA,0.04397759103641463,-0.25,2.05,AvgAHH/AvgAHA,2.5,1.51,2.56,AvgO/AvgU
2425,E0,2024-12-22,Everton,Chelsea,0,0,A,0.5850194291839743,AvgH/AvgD/AvgA,0.04867787617085728,-0.75,1.78,AvgAHH/AvgAHA,2.5,1.66,2.25,AvgO/AvgU
2425,E0,2024-12-22,Fulham,Southampton,0,0,H,0.6742001772147126,AvgH/AvgD/AvgA,0.04453451053959223,-1.25,1.89,AvgAHH/AvgAHA,2.5,1.54,2.46,AvgO/AvgU
2425,E0,2024-12-22,Leicester,Wolves,0,3,H,0.3753405006682632,AvgH/AvgD/AvgA,0.04480295104550325,0.0,1.89,AvgAHH/AvgAHA,2.5,1.66,2.24,AvgO/AvgU
2425,E0,2024-12-22,Man United,Bournemouth,0,3,H,0.5177726555865582,AvgH/AvgD/AvgA,0.043972745003672875,-0.5,1.84,AvgAHH/AvgAHA,2.5,1.6,2.36,AvgO/AvgU
2425,E0,2024-12-22,Tottenham,Liverpool,3,6,A,0.5561237167722988,AvgH/AvgD/AvgA,0.04544246415453257,-0.75,1.86,AvgAHH/AvgAHA,2.5,1.29,3.52,AvgO/AvgU
2425,E0,2024-12-26,Bournemouth,Crystal Palace,0,0,H,0.5012695020597198,AvgH/AvgD/AvgA,0.04996571168014219,-0.5,1.9,AvgAHH/AvgAHA,2.5,1.72,2.13,AvgO/AvgU
2425,E0,2024-12-26,Chelsea,Fulham,1,2,H,0.6492436091299071,AvgH/AvgD/AvgA,0.0477917676466828,-1.25,1.96,AvgAHH/AvgAHA,2.5,1.45,2.72,AvgO/AvgU
2425,E0,2024-12-26,Liverpool,Leicester,3,1,H,0.8851905043507646,AvgH/AvgD/AvgA,0.04601881897167237,-2.75,1.83,AvgAHH/AvgAHA,2.5,1.19,4.41,AvgO/AvgU
2425,E0,2024-12-26,Man City,Everton,1,1,H,0.71356369544976,AvgH/AvgD/AvgA,0.04583327525658931,-1.5,1.95,AvgAHH/AvgAHA,2.5,1.55,2.44,AvgO/AvgU
2425,E0,2024-12-26,Newcastle,Aston Villa,3,0,H,0.4948220478757431,AvgH/AvgD/AvgA,0.04711323444507842,-0.5,1.92,AvgAHH/AvgAHA,2.5,1.61,2.34,AvgO/AvgU
2425,E0,2024-12-26,Nott'm Forest,Tottenham,1,0,H,0.4062273714699493,AvgH/AvgD/AvgA,0.04752152311601621,-0.25,2.02,AvgAHH/AvgAHA,2.5,1.48,2.64,AvgO/AvgU
2425,E0,2024-12-26,Southampton,West Ham,0,1,A,0.4375986402816559,AvgH/AvgD/AvgA,0.04825644804341156,-0.25,1.87,AvgAHH/AvgAHA,2.5,1.66,2.23,AvgO/AvgU
2425,E0,2024-12-26,Wolves,Man United,2,0,A,0.49143656064313185,AvgH/AvgD/AvgA,0.04889208253288557,-0.5,1.94,AvgAHH/AvgAHA,2.5,1.67,2.22,AvgO/AvgU
2425,E0,2024-12-27,Arsenal,Ipswich,1,0,H,0.8294601069996307,AvgH/AvgD/AvgA,0.03931335364103927,-2.25,1.98,AvgAHH/AvgAHA,2.5,1.39,2.99,AvgO/AvgU
2425,E0,2024-12-27,Brighton,Brentford,0,0,H,0.5865970691220335,AvgH/AvgD/AvgA,0.03948030029131333,-1.0,2.02,AvgAHH/AvgAHA,2.5,1.44,2.78,AvgO/AvgU
2425,E0,2024-12-29,Crystal Palace,Southampton,2,1,H,0.5921450311673467,AvgH/AvgD/AvgA,0.04892885987390039,-1.0,2.03,AvgAHH/AvgAHA,2.5,1.75,2.09,AvgO/AvgU
2425,E0,2024-12-29,Everton,Nott'm Forest,0,2,H,0.3612318430789614,AvgH/AvgD/AvgA,0.04860046544977448,0.0,1.86,AvgAHH/AvgAHA,2.5,2.23,1.66,AvgO/AvgU
2425,E0,2024-12-29,Fulham,Bournemouth,2,2,H,0.405846672873822,AvgH/AvgD/AvgA,0.0485041355160134,-0.25,2.0,AvgAHH/AvgAHA,2.5,1.67,2.21,AvgO/AvgU
2425,E0,2024-12-29,Leicester,Man City,0,2,A,0.7104159351358252,AvgH/AvgD/AvgA,0.05046722603954246,-1.5,1.89,AvgAHH/AvgAHA,2.5,1.36,3.07,AvgO/AvgU
2425,E0,2024-12-29,Tottenham,Wolves,2,2,H,0.5915072404650213,AvgH/AvgD/AvgA,0.05005986390641626,-1.0,1.97,AvgAHH/AvgAHA,2.5,1.31,3.33,AvgO/AvgU
2425,E0,2024-12-29,West Ham,Liverpool,0,5,A,0.6813949513639639,AvgH/AvgD/AvgA,0.04826974848567955,-1.5,2.03,AvgAHH/AvgAHA,2.5,1.39,2.92,AvgO/AvgU
2425,E0,2024-12-30,Aston Villa,Brighton,2,2,H,0.490199251400107,AvgH/AvgD/AvgA,0.05153958528803404,-0.5,1.94,AvgAHH/AvgAHA,2.5,1.59,2.36,AvgO/AvgU
2425,E0,2024-12-30,Ipswich,Chelsea,2,0,A,0.6728946798485141,AvgH/AvgD/AvgA,0.05398345297616558,-1.25,1.86,AvgAHH/AvgAHA,2.5,1.43,2.75,AvgO/AvgU
2425,E0,2024-12-30,Man United,Newcastle,0,2,A,0.38285236204235057,AvgH/AvgD/AvgA,0.04898510632248909,-0.0,1.85,AvgAHH/AvgAHA,2.5,1.63,2.28,AvgO/AvgU
2425,E0,2025-01-01,Brentford,Arsenal,1,3,A,0.6596775788744931,AvgH/AvgD/AvgA,0.052702815259037195,-1.25,1.94,AvgAHH/AvgAHA,2.5,1.54,2.46,AvgO/AvgU
2425,E0,2025-01-04,Aston Villa,Leicester,2,1,H,0.7227160776676785,AvgH/AvgD/AvgA,0.0482342665194011,-1.5,1.9,AvgAHH/AvgAHA,2.5,1.5,2.58,AvgO/AvgU
2425,E0,2025-01-04,Bournemouth,Everton,1,0,H,0.5465481155660593,AvgH/AvgD/AvgA,0.045522901193691734,-0.75,1.95,AvgAHH/AvgAHA,2.5,1.86,1.96,AvgO/AvgU
2425,E0,2025-01-04,Brighton,Arsenal,1,1,A,0.5311188010483194,AvgH/AvgD/AvgA,0.04600995946481845,-0.75,2.01,AvgAHH/AvgAHA,2.5,1.73,2.12,AvgO/AvgU
2425,E0,2025-01-04,Crystal Palace,Chelsea,1,1,A,0.4909604617704668,AvgH/AvgD/AvgA,0.04452507432312558,-0.5,1.93,AvgAHH/AvgAHA,2.5,1.58,2.39,AvgO/AvgU
2425,E0,2025-01-04,Man City,West Ham,4,1,H,0.7283649793437553,AvgH/AvgD/AvgA,0.048044318816272025,-1.5,1.83,AvgAHH/AvgAHA,2.5,1.34,3.23,AvgO/AvgU
2425,E0,2025-01-04,Southampton,Brentford,0,5,A,0.38570555128788,AvgH/AvgD/AvgA,0.04542391237365506,-0.25,2.09,AvgAHH/AvgAHA,2.5,1.66,2.24,AvgO/AvgU
2425,E0,2025-01-04,Tottenham,Newcastle,1,2,A,0.42620192307692306,AvgH/AvgD/AvgA,0.04745790024977836,-0.25,1.95,AvgAHH/AvgAHA,2.5,1.32,3.31,AvgO/AvgU
2425,E0,2025-01-05,Fulham,Ipswich,2,2,H,0.6119595654677973,AvgH/AvgD/AvgA,0.047496725597588885,-1.0,1.92,AvgAHH/AvgAHA,2.5,1.7,2.15,AvgO/AvgU
2425,E0,2025-01-05,Liverpool,Man United,2,2,H,0.7412042948008742,AvgH/AvgD/AvgA,0.0458571326247772,-1.75,2.0,AvgAHH/AvgAHA,2.5,1.41,2.86,AvgO/AvgU
2425,E0,2025-01-06,Wolves,Nott'm Forest,0,3,A,0.4086294416243655,AvgH/AvgD/AvgA,0.0503025617785835,-0.25,1.96,AvgAHH/AvgAHA,2.5,2.04,1.78,AvgO/AvgU
2425,E0,2025-01-14,Brentford,Man City,2,2,A,0.5843073069994288,AvgH/AvgD/AvgA,0.04355377770685953,-1.0,2.0,AvgAHH/AvgAHA,2.5,1.38,3.04,AvgO/AvgU
2425,E0,2025-01-14,Chelsea,Bournemouth,2,2,H,0.6388842769384028,AvgH/AvgD/AvgA,0.04348579348579351,-1.25,2.0,AvgAHH/AvgAHA,2.5,1.42,2.87,AvgO/AvgU
2425,E0,2025-01-14,Nott'm Forest,Liverpool,1,1,A,0.5836699932304065,AvgH/AvgD/AvgA,0.044693242128470256,-1.0,2.06,AvgAHH/AvgAHA,2.5,1.63,2.3,AvgO/AvgU
2425,E0,2025-01-14,West Ham,Fulham,3,2,A,0.397761127011335,AvgH/AvgD/AvgA,0.04318328554080919,-0.25,2.04,AvgAHH/AvgAHA,2.5,1.83,2.01,AvgO/AvgU
2425,E0,2025-01-15,Arsenal,Tottenham,2,1,H,0.6808594468230412,AvgH/AvgD/AvgA,0.04909422586209744,-1.25,1.83,AvgAHH/AvgAHA,2.5,1.43,2.8,AvgO/AvgU
2425,E0,2025-01-15,Everton,Aston Villa,0,1,A,0.4065563485216846,AvgH/AvgD/AvgA,0.04667389020225898,-0.25,1.98,AvgAHH/AvgAHA,2.5,2.06,1.78,AvgO/AvgU
2425,E0,2025-01-15,Leicester,Crystal Palace,0,2,A,0.4976137754610846,AvgH/AvgD/AvgA,0.04666180684152832,-0.5,1.91,AvgAHH/AvgAHA,2.5,1.74,2.11,AvgO/AvgU
2425,E0,2025-01-15,Newcastle,Wolves,3,0,H,0.7088370266444128,AvgH/AvgD/AvgA,0.045008532140819346,-1.5,1.91,AvgAHH/AvgAHA,2.5,1.42,2.82,AvgO/AvgU
2425,E0,2025-01-16,Ipswich,Brighton,0,2,A,0.4924571436512845,AvgH/AvgD/AvgA,0.046718327007923666,-0.5,1.93,AvgAHH/AvgAHA,2.5,1.71,2.15,AvgO/AvgU
2425,E0,2025-01-16,Man United,Southampton,3,1,H,0.7337710487643752,AvgH/AvgD/AvgA,0.04832531962947573,-1.5,1.87,AvgAHH/AvgAHA,2.5,1.52,2.52,AvgO/AvgU
2425,E0,2025-01-18,Arsenal,Aston Villa,2,2,H,0.6324170808398418,AvgH/AvgD/AvgA,0.04717547279032597,-1.0,1.87,AvgAHH/AvgAHA,2.5,1.82,2.01,AvgO/AvgU
2425,E0,2025-01-18,Brentford,Liverpool,0,2,A,0.6666378118086157,AvgH/AvgD/AvgA,0.04899645191662305,-1.25,1.85,AvgAHH/AvgAHA,2.5,1.35,3.16,AvgO/AvgU
2425,E0,2025-01-18,Leicester,Fulham,0,2,A,0.5197001069644662,AvgH/AvgD/AvgA,0.045753605947833176,-0.5,1.82,AvgAHH/AvgAHA,2.5,1.71,2.14,AvgO/AvgU
2425,E0,2025-01-18,Newcastle,Bournemouth,1,4,H,0.583412684870735,AvgH/AvgD/AvgA,0.04515399368815132,-0.75,1.77,AvgAHH/AvgAHA,2.5,1.54,2.47,AvgO/AvgU
2425,E0,2025-01-18,West Ham,Crystal Palace,0,2,H,0.3646565877821021,AvgH/AvgD/AvgA,0.04668173317369728,0.0,1.91,AvgAHH/AvgAHA,2.5,1.79,2.04,AvgO/AvgU
2425,E0,2025-01-19,Everton,Tottenham,3,2,A,0.3976477733266371,AvgH/AvgD/AvgA,0.043480655920233424,-0.25,2.03,AvgAHH/AvgAHA,2.5,1.69,2.19,AvgO/AvgU
2425,E0,2025-01-19,Ipswich,Man City,0,6,A,0.699351000540833,AvgH/AvgD/AvgA,0.051394960582639815,-1.5,1.98,AvgAHH/AvgAHA,2.5,1.44,2.74,AvgO/AvgU
2425,E0,2025-01-19,Man United,Brighton,1,3,H,0.4575892283577871,AvgH/AvgD/AvgA,0.0456297261163201,-0.25,1.8,AvgAHH/AvgAHA,2.5,1.66,2.23,AvgO/AvgU
2425,E0,2025-01-19,Nott'm Forest,Southampton,3,2,H,0.6853497099726218,AvgH/AvgD/AvgA,0.049718778549412646,-1.25,1.87,AvgAHH/AvgAHA,2.5,1.75,2.09,AvgO/AvgU
2425,E0,2025-01-20,Chelsea,Wolves,3,1,H,0.6962284954658514,AvgH/AvgD/AvgA,0.048401511935920905,-1.5,1.96,AvgAHH/AvgAHA,2.5,1.37,3.06,AvgO/AvgU
2425,E0,2025-01-25,Bournemouth,Nott'm Forest,5,0,H,0.4576058108674396,AvgH/AvgD/AvgA,0.04559183506551934,-0.25,1.8,AvgAHH/AvgAHA,2.5,1.82,2.02,AvgO/AvgU
2425,E0,2025-01-25,Brighton,Everton,0,1,H,0.5738961572729354,AvgH/AvgD/AvgA,0.043398509679862585,-0.75,1.85,AvgAHH/AvgAHA,2.5,1.9,1.93,AvgO/AvgU
2425,E0,2025-01-25,Liverpool,Ipswich,4,1,H,0.8677957317693248,AvgH/AvgD/AvgA,0.047586287659411086,-2.5,1.86,AvgAHH/AvgAHA,2.5,1.25,3.82,AvgO/AvgU
2425,E0,2025-01-25,Man City,Chelsea,3,1,H,0.47153277402972443,AvgH/AvgD/AvgA,0.04470116303595595,-0.5,2.04,AvgAHH/AvgAHA,2.5,1.41,2.88,AvgO/AvgU
2425,E0,2025-01-25,Southampton,Newcastle,1,3,A,0.67240925115252,AvgH/AvgD/AvgA,0.0473165723190494,-1.25,1.86,AvgAHH/AvgAHA,2.5,1.44,2.75,AvgO/AvgU
2425,E0,2025-01-25,Wolves,Arsenal,0,1,A,0.654828596392044,AvgH/AvgD/AvgA,0.045970671750029224,-1.25,2.01,AvgAHH/AvgAHA,2.5,1.72,2.14,AvgO/AvgU
2425,E0,2025-01-26,Aston Villa,West Ham,1,1,H,0.6173386032980039,AvgH/AvgD/AvgA,0.045068762711321986,-1.0,1.9,AvgAHH/AvgAHA,2.5,1.67,2.21,AvgO/AvgU
2425,E0,2025-01-26,Crystal Palace,Brentford,1,2,H,0.4643727317027048,AvgH/AvgD/AvgA,0.045360461679011976,-0.5,2.05,AvgAHH/AvgAHA,2.5,1.74,2.12,AvgO/AvgU
2425,E0,2025-01-26,Fulham,Man United,0,1,H,0.4137920330288615,AvgH/AvgD/AvgA,0.04617875248032788,-0.25,1.96,AvgAHH/AvgAHA,2.5,1.85,1.98,AvgO/AvgU
2425,E0,2025-01-26,Tottenham,Leicester,1,2,H,0.654403971603377,AvgH/AvgD/AvgA,0.04664937343082043,-1.25,1.93,AvgAHH/AvgAHA,2.5,1.33,3.27,AvgO/AvgU
2425,E0,2025-02-01,Bournemouth,Liverpool,0,2,A,0.5690515806988352,AvgH/AvgD/AvgA,0.046017822333611846,-0.75,1.83,AvgAHH/AvgAHA,2.5,1.46,2.69,AvgO/AvgU
2425,E0,2025-02-01,Everton,Leicester,4,0,H,0.5344632415997506,AvgH/AvgD/AvgA,0.045271544222426296,-0.75,2.0,AvgAHH/AvgAHA,2.5,2.01,1.83,AvgO/AvgU
2425,E0,2025-02-01,Ipswich,Southampton,1,2,H,0.4833436628447475,AvgH/AvgD/AvgA,0.04490974822758753,-0.5,1.97,AvgAHH/AvgAHA,2.5,1.76,2.09,AvgO/AvgU
2425,E0,2025-02-01,Newcastle,Fulham,1,2,H,0.5595657112510879,AvgH/AvgD/AvgA,0.04508784201578431,-0.75,1.87,AvgAHH/AvgAHA,2.5,1.64,2.28,AvgO/AvgU
2425,E0,2025-02-01,Nott'm Forest,Brighton,7,0,H,0.3922348529423302,AvgH/AvgD/AvgA,0.04487416785990761,-0.25,2.08,AvgAHH/AvgAHA,2.5,1.92,1.91,AvgO/AvgU
2425,E0,2025-02-01,Wolves,Aston Villa,2,0,A,0.4474933408729037,AvgH/AvgD/AvgA,0.04423837618376325,-0.25,1.83,AvgAHH/AvgAHA,2.5,1.7,2.17,AvgO/AvgU
2425,E0,2025-02-02,Arsenal,Man City,5,1,H,0.48434602301026874,AvgH/AvgD/AvgA,0.048040427880642333,-0.5,1.96,AvgAHH/AvgAHA,2.5,1.75,2.1,AvgO/AvgU
2425,E0,2025-02-02,Brentford,Tottenham,0,2,H,0.4520527315268855,AvgH/AvgD/AvgA,0.04840346321613298,-0.25,1.83,AvgAHH/AvgAHA,2.5,1.33,3.25,AvgO/AvgU
2425,E0,2025-02-02,Man United,Crystal Palace,0,2,H,0.4681489861630841,AvgH/AvgD/AvgA,0.0470941792461943,-0.5,2.02,AvgAHH/AvgAHA,2.5,1.83,1.99,AvgO/AvgU
2425,E0,2025-02-03,Chelsea,West Ham,2,1,H,0.7018002419931679,AvgH/AvgD/AvgA,0.047725654181545396,-1.5,1.95,AvgAHH/AvgAHA,2.5,1.38,2.99,AvgO/AvgU
2425,E0,2025-02-12,Everton,Liverpool,2,2,A,0.6660518306741676,AvgH/AvgD/AvgA,0.04262823471491428,-1.25,1.95,AvgAHH/AvgAHA,2.5,1.71,2.18,AvgO/AvgU
2425,E0,2025-02-14,Brighton,Chelsea,3,0,A,0.39562727745965637,AvgH/AvgD/AvgA,0.04017760450508989,-0.25,2.08,AvgAHH/AvgAHA,2.5,1.58,2.42,AvgO/AvgU
2425,E0,2025-02-15,Aston Villa,Ipswich,1,1,H,0.6786397086506728,AvgH/AvgD/AvgA,0.04506094930129789,-1.25,1.88,AvgAHH/AvgAHA,2.5,1.58,2.41,AvgO/AvgU
2425,E0,2025-02-15,Crystal Palace,Everton,1,2,H,0.5288110981138047,AvgH/AvgD/AvgA,0.044770410106642844,-0.5,1.8,AvgAHH/AvgAHA,2.5,2.23,1.67,AvgO/AvgU
2425,E0,2025-02-15,Fulham,Nott'm Forest,2,1,H,0.4314894393087962,AvgH/AvgD/AvgA,0.04394316387448072,-0.25,1.89,AvgAHH/AvgAHA,2.5,2.1,1.76,AvgO/AvgU
2425,E0,2025-02-15,Leicester,Arsenal,0,2,A,0.7167908623342285,AvgH/AvgD/AvgA,0.041124679360720284,-1.5,1.99,AvgAHH/AvgAHA,2.5,1.71,2.17,AvgO/AvgU
2425,E0,2025-02-15,Man City,Newcastle,4,0,H,0.4862148599607577,AvgH/AvgD/AvgA,0.04401213331681997,-0.5,1.96,AvgAHH/AvgAHA,2.5,1.45,2.77,AvgO/AvgU
2425,E0,2025-02-15,Southampton,Bournemouth,1,3,A,0.629601355503007,AvgH/AvgD/AvgA,0.04493856484234193,-1.0,1.82,AvgAHH/AvgAHA,2.5,1.49,2.62,AvgO/AvgU
2425,E0,2025-02-15,West Ham,Brentford,0,1,H,0.39734607136497707,AvgH/AvgD/AvgA,0.044272963139388555,0.0,1.78,AvgAHH/AvgAHA,2.5,1.6,2.37,AvgO/AvgU
2425,E0,2025-02-16,Liverpool,Wolves,2,1,H,0.803683129065001,AvgH/AvgD/AvgA,0.04560628942332334,-2.0,1.9,AvgAHH/AvgAHA,2.5,1.37,3.12,AvgO/AvgU
2425,E0,2025-02-16,Tottenham,Man United,1,0,H,0.38946616620152386,AvgH/AvgD/AvgA,0.04800699194734159,0.0,1.84,AvgAHH/AvgAHA,2.5,1.48,2.67,AvgO/AvgU
2425,E0,2025-02-19,Aston Villa,Liverpool,2,2,A,0.517266909066978,AvgH/AvgD/AvgA,0.044993466749192024,-0.5,1.84,AvgAHH/AvgAHA,2.5,1.56,2.45,AvgO/AvgU
2425,E0,2025-02-21,Leicester,Brentford,0,4,A,0.4907971243590978,AvgH/AvgD/AvgA,0.039541709415876536,-0.5,1.96,AvgAHH/AvgAHA,2.5,1.58,2.42,AvgO/AvgU
2425,E0,2025-02-22,Arsenal,West Ham,0,1,H,0.7638873439378772,AvgH/AvgD/AvgA,0.047274845366543694,-1.75,2.01,AvgAHH/AvgAHA,2.5,1.68,2.22,AvgO/AvgU
2425,E0,2025-02-22,Aston Villa,Chelsea,2,1,A,0.374673407232194,AvgH/AvgD/AvgA,0.04257465958324724,-0.0,1.89,AvgAHH/AvgAHA,2.5,1.56,2.45,AvgO/AvgU
2425,E0,2025-02-22,Bournemouth,Wolves,0,1,H,0.6119208940670551,AvgH/AvgD/AvgA,0.047562923967418236,-1.0,1.92,AvgAHH/AvgAHA,2.5,1.59,2.39,AvgO/AvgU
2425,E0,2025-02-22,Everton,Man United,2,2,H,0.37617156473391583,AvgH/AvgD/AvgA,0.04249470058293592,0.0,1.79,AvgAHH/AvgAHA,2.5,2.19,1.7,AvgO/AvgU
2425,E0,2025-02-22,Fulham,Crystal Palace,0,2,H,0.46790000071900556,AvgH/AvgD/AvgA,0.042540879032245904,-0.5,2.03,AvgAHH/AvgAHA,2.5,1.98,1.87,AvgO/AvgU
2425,E0,2025-02-22,Ipswich,Tottenham,1,4,A,0.5065257547769737,AvgH/AvgD/AvgA,0.0445678706574264,-0.5,1.89,AvgAHH/AvgAHA,2.5,1.52,2.56,AvgO/AvgU
2425,E0,2025-02-22,Southampton,Brighton,0,4,A,0.6086917116055648,AvgH/AvgD/AvgA,0.04641259773219586,-1.0,1.93,AvgAHH/AvgAHA,2.5,1.58,2.42,AvgO/AvgU
2425,E0,2025-02-23,Man City,Liverpool,0,2,A,0.422868281479019,AvgH/AvgD/AvgA,0.04637281982604469,-0.25,1.97,AvgAHH/AvgAHA,2.5,1.41,2.89,AvgO/AvgU
2425,E0,2025-02-23,Newcastle,Nott'm Forest,4,3,H,0.527020332034855,AvgH/AvgD/AvgA,0.048320442803646335,-0.75,2.03,AvgAHH/AvgAHA,2.5,1.66,2.25,AvgO/AvgU
2425,E0,2025-02-25,Brighton,Bournemouth,2,1,H,0.46701354765623043,AvgH/AvgD/AvgA,0.03944927430930667,-0.25,1.8,AvgAHH/AvgAHA,2.5,1.62,2.35,AvgO/AvgU
2425,E0,2025-02-25,Chelsea,Southampton,4,0,H,0.8220384409219695,AvgH/AvgD/AvgA,0.03973343842929311,-2.25,1.95,AvgAHH/AvgAHA,2.5,1.28,3.72,AvgO/AvgU
2425,E0,2025-02-25,Crystal Palace,Aston Villa,4,1,H,0.37657720789420845,AvgH/AvgD/AvgA,0.041371741370142656,0.0,1.84,AvgAHH/AvgAHA,2.5,1.9,1.95,AvgO/AvgU
2425,E0,2025-02-25,Wolves,Fulham,1,2,A,0.35739697305920026,AvgH/AvgD/AvgA,0.04015209953760168,-0.0,1.93,AvgAHH/AvgAHA,2.5,2.01,1.84,AvgO/AvgU
2425,E0,2025-02-26,Brentford,Everton,1,1,H,0.47357742520593915,AvgH/AvgD/AvgA,0.045340167418703725,-0.5,2.01,AvgAHH/AvgAHA,2.5,1.85,1.99,AvgO/AvgU
2425,E0,2025-02-26,Liverpool,Newcastle,2,0,H,0.6296587557927258,AvgH/AvgD/AvgA,0.04484330725113339,-1.0,1.81,AvgAHH/AvgAHA,2.5,1.44,2.79,AvgO/AvgU
2425,E0,2025-02-26,Man United,Ipswich,3,2,H,0.6270432416716111,AvgH/AvgD/AvgA,0.04920154324325132,-1.0,1.85,AvgAHH/AvgAHA,2.5,1.64,2.29,AvgO/AvgU
2425,E0,2025-02-26,Nott'm Forest,Arsenal,0,0,A,0.4827411381976425,AvgH/AvgD/AvgA,0.04621393348857028,-0.5,1.98,AvgAHH/AvgAHA,2.5,2.17,1.71,AvgO/AvgU
2425,E0,2025-02-26,Tottenham,Man City,0,1,A,0.4689732285932014,AvgH/AvgD/AvgA,0.045253862148665114,-0.5,2.04,AvgAHH/AvgAHA,2.5,1.34,3.29,AvgO/AvgU
2425,E0,2025-02-27,West Ham,Leicester,2,0,H,0.5854624240390099,AvgH/AvgD/AvgA,0.047884385615940994,-1.0,2.07,AvgAHH/AvgAHA,2.5,1.71,2.17,AvgO/AvgU
2425,E0,2025-03-08,Brentford,Aston Villa,0,1,H,0.4235783109767618,AvgH/AvgD/AvgA,0.04461882169049436,-0.25,1.96,AvgAHH/AvgAHA,2.5,1.52,2.54,AvgO/AvgU
2425,E0,2025-03-08,Brighton,Fulham,2,1,H,0.48133034722344686,AvgH/AvgD/AvgA,0.04400764612664254,-0.5,1.98,AvgAHH/AvgAHA,2.5,1.75,2.11,AvgO/AvgU
2425,E0,2025-03-08,Crystal Palace,Ipswich,1,0,H,0.6473081420628924,AvgH/AvgD/AvgA,0.04382384797815053,-1.25,2.06,AvgAHH/AvgAHA,2.5,1.75,2.07,AvgO/AvgU
2425,E0,2025-03-08,Liverpool,Southampton,3,1,H,0.8548667803469683,AvgH/AvgD/AvgA,0.04444009684731842,-2.5,1.95,AvgAHH/AvgAHA,2.5,1.27,3.77,AvgO/AvgU
2425,E0,2025-03-08,Nott'm Forest,Man City,1,0,A,0.506848901052773,AvgH/AvgD/AvgA,0.043901896603775636,-0.5,1.89,AvgAHH/AvgAHA,2.5,1.57,2.42,AvgO/AvgU
2425,E0,2025-03-08,Wolves,Everton,1,1,H,0.3631140175919994,AvgH/AvgD/AvgA,0.04713153021087613,0.0,1.83,AvgAHH/AvgAHA,2.5,2.27,1.64,AvgO/AvgU
2425,E0,2025-03-09,Chelsea,Leicester,1,0,H,0.7976399757963524,AvgH/AvgD/AvgA,0.044748706960612505,-2.0,1.92,AvgAHH/AvgAHA,2.5,1.35,3.22,AvgO/AvgU
2425,E0,2025-03-09,Man United,Arsenal,1,1,A,0.5560570303124264,AvgH/AvgD/AvgA,0.04556784132474023,-0.75,1.92,AvgAHH/AvgAHA,2.5,2.18,1.7,AvgO/AvgU
2425,E0,2025-03-09,Tottenham,Bournemouth,2,2,A,0.3993346195330183,AvgH/AvgD/AvgA,0.04340231546645379,-0.0,1.81,AvgAHH/AvgAHA,2.5,1.39,3.02,AvgO/AvgU
2425,E0,2025-03-10,West Ham,Newcastle,0,1,A,0.43559919263795294,AvgH/AvgD/AvgA,0.048259529134915935,-0.25,1.87,AvgAHH/AvgAHA,2.5,1.69,2.18,AvgO/AvgU
2425,E0,2025-03-15,Bournemouth,Brentford,1,2,H,0.5443081621594996,AvgH/AvgD/AvgA,0.043860551213492416,-0.75,1.94,AvgAHH/AvgAHA,2.5,1.48,2.66,AvgO/AvgU
2425,E0,2025-03-15,Everton,West Ham,1,1,H,0.4547385710375035,AvgH/AvgD/AvgA,0.042211238443666144,-0.25,1.78,AvgAHH/AvgAHA,2.5,2.3,1.64,AvgO/AvgU
2425,E0,2025-03-15,Ipswich,Nott'm Forest,2,4,A,0.4812315463822972,AvgH/AvgD/AvgA,0.04422198958433854,-0.5,1.98,AvgAHH/AvgAHA,2.5,1.85,1.99,AvgO/AvgU
2425,E0,2025-03-15,Man City,Brighton,2,2,H,0.5775122420206131,AvgH/AvgD/AvgA,0.043111461060101774,-0.75,1.81,AvgAHH/AvgAHA,2.5,1.47,2.68,AvgO/AvgU
2425,E0,2025-03-15,Southampton,Wolves,1,2,A,0.4641690073115553,AvgH/AvgD/AvgA,0.045819271768080316,-0.5,2.05,AvgAHH/AvgAHA,2.5,1.81,2.03,AvgO/AvgU
2425,E0,2025-03-16,Arsenal,Chelsea,1,0,H,0.5286488344995766,AvgH/AvgD/AvgA,0.04509109221491414,-0.75,2.03,AvgAHH/AvgAHA,2.5,1.88,1.94,AvgO/AvgU
2425,E0,2025-03-16,Fulham,Tottenham,2,0,H,0.47595845621233496,AvgH/AvgD/AvgA,0.04528542631669241,-0.5,2.0,AvgAHH/AvgAHA,2.5,1.57,2.42,AvgO/AvgU
2425,E0,2025-03-16,Leicester,Man United,0,3,A,0.5190985885933155,AvgH/AvgD/AvgA,0.04696539888947715,-0.5,1.83,AvgAHH/AvgAHA,2.5,1.79,2.04,AvgO/AvgU
2425,E0,2025-04-01,Arsenal,Fulham,2,1,H,0.6477343463202081,AvgH/AvgD/AvgA,0.04313701985112073,-1.0,1.82,AvgAHH/AvgAHA,2.5,2.12,1.74,AvgO/AvgU
2425,E0,2025-04-01,Nott'm Forest,Man United,1,0,H,0.41329544489316855,AvgH/AvgD/AvgA,0.04292096146870783,-0.25,1.97,AvgAHH/AvgAHA,2.5,1.94,1.89,AvgO/AvgU
2425,E0,2025-04-01,Wolves,West Ham,1,0,H,0.37268071664459723,AvgH/AvgD/AvgA,0.044070811790416275,0.0,1.82,AvgAHH/AvgAHA,2.5,2.18,1.7,AvgO/AvgU
2425,E0,2025-04-02,Bournemouth,Ipswich,1,2,H,0.6931838081536089,AvgH/AvgD/AvgA,0.04537594882603102,-1.5,2.04,AvgAHH/AvgAHA,2.5,1.51,2.52,AvgO/AvgU
2425,E0,2025-04-02,Brighton,Aston Villa,0,3,H,0.4571010313363345,AvgH/AvgD/AvgA,0.046746488676097986,-0.25,1.82,AvgAHH/AvgAHA,2.5,1.58,2.37,AvgO/AvgU
2425,E0,2025-04-02,Liverpool,Everton,1,0,H,0.7013538371449121,AvgH/AvgD/AvgA,0.048392521298965985,-1.25,1.81,AvgAHH/AvgAHA,2.5,1.76,2.06,AvgO/AvgU
2425,E0,2025-04-02,Man City,Leicester,2,0,H,0.7971548286814895,AvgH/AvgD/AvgA,0.04538453930171116,-2.0,1.93,AvgAHH/AvgAHA,2.5,1.38,2.99,AvgO/AvgU
2425,E0,2025-04-02,Newcastle,Brentford,2,1,H,0.5517793989302016,AvgH/AvgD/AvgA,0.04758293477724518,-0.75,1.9,AvgAHH/AvgAHA,2.5,1.46,2.68,AvgO/AvgU
2425,E0,2025-04-02,Southampton,Crystal Palace,1,1,A,0.588742485558391,AvgH/AvgD/AvgA,0.04847869103895697,-1.0,2.04,AvgAHH/AvgAHA,2.5,1.78,2.03,AvgO/AvgU
2425,E0,2025-04-03,Chelsea,Tottenham,1,0,H,0.5802797984187269,AvgH/AvgD/AvgA,0.05079670052718033,-1.0,2.04,AvgAHH/AvgAHA,2.5,1.39,2.92,AvgO/AvgU
2425,E0,2025-04-05,Aston Villa,Nott'm Forest,2,1,H,0.4800409525739333,AvgH/AvgD/AvgA,0.0468118607790573,-0.5,1.98,AvgAHH/AvgAHA,2.5,1.78,2.05,AvgO/AvgU
2425,E0,2025-04-05,Crystal Palace,Brighton,2,1,H,0.3923103970038045,AvgH/AvgD/AvgA,0.04897203053444721,-0.25,2.08,AvgAHH/AvgAHA,2.5,1.78,2.04,AvgO/AvgU
2425,E0,2025-04-05,Everton,Arsenal,1,1,A,0.5367476413522309,AvgH/AvgD/AvgA,0.04667018450914684,-0.75,2.04,AvgAHH/AvgAHA,2.5,2.36,1.59,AvgO/AvgU
2425,E0,2025-04-05,Ipswich,Wolves,1,2,A,0.36034995709737694,AvgH/AvgD/AvgA,0.04720004299616054,-0.0,1.88,AvgAHH/AvgAHA,2.5,2.07,1.75,AvgO/AvgU
2425,E0,2025-04-05,West Ham,Bournemouth,2,2,A,0.40915049918160595,AvgH/AvgD/AvgA,0.04448223381182581,-0.25,1.97,AvgAHH/AvgAHA,2.5,1.8,2.02,AvgO/AvgU
2425,E0,2025-04-06,Brentford,Chelsea,0,0,A,0.4447839615434779,AvgH/AvgD/AvgA,0.04571279381507565,-0.25,1.83,AvgAHH/AvgAHA,2.5,1.53,2.46,AvgO/AvgU
2425,E0,2025-04-06,Fulham,Liverpool,3,2,A,0.5150969911086012,AvgH/AvgD/AvgA,0.04375373547619432,-0.5,1.85,AvgAHH/AvgAHA,2.5,1.8,2.02,AvgO/AvgU
2425,E0,2025-04-06,Man United,Man City,0,0,A,0.44849739772790864,AvgH/AvgD/AvgA,0.04679217862472518,-0.25,1.8,AvgAHH/AvgAHA,2.5,1.66,2.23,AvgO/AvgU
2425,E0,2025-04-06,Tottenham,Southampton,3,1,H,0.6865760377016495,AvgH/AvgD/AvgA,0.047843823445931966,-1.5,2.01,AvgAHH/AvgAHA,2.5,1.38,2.97,AvgO/AvgU
2425,E0,2025-04-07,Leicester,Newcastle,0,3,A,0.6360461993016384,AvgH/AvgD/AvgA,0.048141891891891886,-1.25,2.04,AvgAHH/AvgAHA,2.5,1.6,2.33,AvgO/AvgU
2425,E0,2025-04-12,Arsenal,Brentford,1,1,H,0.5924332727306606,AvgH/AvgD/AvgA,0.04841851565744282,-1.0,2.05,AvgAHH/AvgAHA,2.5,1.77,2.06,AvgO/AvgU
2425,E0,2025-04-12,Brighton,Leicester,2,2,H,0.7511542200608383,AvgH/AvgD/AvgA,0.04825554296876011,-1.5,1.8,AvgAHH/AvgAHA,2.5,1.61,2.33,AvgO/AvgU
2425,E0,2025-04-12,Man City,Crystal Palace,5,2,H,0.6364360491579426,AvgH/AvgD/AvgA,0.047499851004231486,-1.0,1.8,AvgAHH/AvgAHA,2.5,1.53,2.48,AvgO/AvgU
2425,E0,2025-04-12,Nott'm Forest,Everton,0,1,H,0.45278258388876336,AvgH/AvgD/AvgA,0.0467135136220973,-0.25,1.8,AvgAHH/AvgAHA,2.5,2.22,1.67,AvgO/AvgU
2425,E0,2025-04-12,Southampton,Aston Villa,0,3,A,0.6153789288222465,AvgH/AvgD/AvgA,0.048396784656461245,-1.0,1.88,AvgAHH/AvgAHA,2.5,1.59,2.37,AvgO/AvgU
2425,E0,2025-04-13,Chelsea,Ipswich,2,2,H,0.7580784260079817,AvgH/AvgD/AvgA,0.05529978502722477,-1.75,1.92,AvgAHH/AvgAHA,2.5,1.43,2.77,AvgO/AvgU
2425,E0,2025-04-13,Liverpool,West Ham,2,1,H,0.736225653913561,AvgH/AvgD/AvgA,0.04483016197786993,-1.5,1.86,AvgAHH/AvgAHA,2.5,1.52,2.51,AvgO/AvgU
2425,E0,2025-04-13,Newcastle,Man United,4,1,H,0.5744613334179545,AvgH/AvgD/AvgA,0.055006787758265396,-0.75,1.81,AvgAHH/AvgAHA,2.5,1.64,2.27,AvgO/AvgU
2425,E0,2025-04-13,Wolves,Tottenham,4,2,H,0.42765013024779697,AvgH/AvgD/AvgA,0.04859197169823082,-0.25,1.92,AvgAHH/AvgAHA,2.5,1.66,2.23,AvgO/AvgU
2425,E0,2025-04-14,Bournemouth,Fulham,1,0,H,0.4440351800345787,AvgH/AvgD/AvgA,0.04747619103861789,-0.25,1.85,AvgAHH/AvgAHA,2.5,1.74,2.1,AvgO/AvgU
2425,E0,2025-04-16,Newcastle,Crystal Palace,5,0,H,0.5580923389142567,AvgH/AvgD/AvgA,0.04784688995215314,-0.75,1.89,AvgAHH/AvgAHA,2.5,1.69,2.18,AvgO/AvgU
2425,E0,2025-04-19,Aston Villa,Newcastle,4,1,H,0.40351739389897145,AvgH/AvgD/AvgA,0.0500881002056901,-0.25,2.03,AvgAHH/AvgAHA,2.5,1.63,2.28,AvgO/AvgU
2425,E0,2025-04-19,Brentford,Brighton,4,2,H,0.3819058067549565,AvgH/AvgD/AvgA,0.04737868061967787,0.0,1.85,AvgAHH/AvgAHA,2.5,1.59,2.37,AvgO/AvgU
2425,E0,2025-04-19,Crystal Palace,Bournemouth,0,0,H,0.3756923950952388,AvgH/AvgD/AvgA,0.04793387500370039,0.0,1.86,AvgAHH/AvgAHA,2.5,1.78,2.04,AvgO/AvgU
2425,E0,2025-04-19,Everton,Man City,0,2,A,0.4871452655240236,AvgH/AvgD/AvgA,0.04733457910922123,-0.5,1.95,AvgAHH/AvgAHA,2.5,1.83,2.0,AvgO/AvgU
2425,E0,2025-04-19,West Ham,Southampton,1,1,H,0.6397072650565361,AvgH/AvgD/AvgA,0.049137591923395396,-1.0,1.79,AvgAHH/AvgAHA,2.5,1.68,2.19,AvgO/AvgU
2425,E0,2025-04-20,Fulham,Chelsea,1,2,A,0.391842921768788,AvgH/AvgD/AvgA,0.050223471913779294,-0.25,2.04,AvgAHH/AvgAHA,2.5,1.81,2.01,AvgO/AvgU
2425,E0,2025-04-20,Ipswich,Arsenal,0,4,A,0.6803370045684206,AvgH/AvgD/AvgA,0.04989984300329131,-1.25,1.9,AvgAHH/AvgAHA,2.5,1.72,2.13,AvgO/AvgU
2425,E0,2025-04-20,Leicester,Liverpool,0,1,A,0.775126381246365,AvgH/AvgD/AvgA,0.04887170628101156,-1.75,1.82,AvgAHH/AvgAHA,2.5,1.44,2.74,AvgO/AvgU
2425,E0,2025-04-20,Man United,Wolves,0,1,H,0.4770324096627217,AvgH/AvgD/AvgA,0.04814681323962278,-0.5,1.99,AvgAHH/AvgAHA,2.5,1.93,1.89,AvgO/AvgU
2425,E0,2025-04-21,Tottenham,Nott'm Forest,1,2,H,0.38545454545454544,AvgH/AvgD/AvgA,0.05033992819494304,0.0,1.86,AvgAHH/AvgAHA,2.5,1.58,2.38,AvgO/AvgU
2425,E0,2025-04-22,Man City,Aston Villa,2,1,H,0.5191021983062922,AvgH/AvgD/AvgA,0.04129888546840377,-0.5,1.84,AvgAHH/AvgAHA,2.5,1.51,2.56,AvgO/AvgU
2425,E0,2025-04-23,Arsenal,Crystal Palace,2,2,H,0.6775036346761518,AvgH/AvgD/AvgA,0.04681336284644,-1.25,1.92,AvgAHH/AvgAHA,2.5,1.87,1.95,AvgO/AvgU
2425,E0,2025-04-26,Brighton,West Ham,3,2,H,0.5700532841183243,AvgH/AvgD/AvgA,0.05043232254283292,-0.75,1.85,AvgAHH/AvgAHA,2.5,1.67,2.21,AvgO/AvgU
2425,E0,2025-04-26,Chelsea,Everton,1,0,H,0.6043762688923979,AvgH/AvgD/AvgA,0.047214169353406055,-1.0,1.99,AvgAHH/AvgAHA,2.5,1.85,1.97,AvgO/AvgU
2425,E0,2025-04-26,Newcastle,Ipswich,3,0,H,0.8116240416972038,AvgH/AvgD/AvgA,0.04415047310144726,-2.0,1.81,AvgAHH/AvgAHA,2.5,1.34,3.18,AvgO/AvgU
2425,E0,2025-04-26,Southampton,Fulham,1,2,A,0.5826685934753577,AvgH/AvgD/AvgA,0.04648869767298258,-1.0,2.07,AvgAHH/AvgAHA,2.5,1.71,2.13,AvgO/AvgU
2425,E0,2025-04-26,Wolves,Leicester,3,0,H,0.6302245465487901,AvgH/AvgD/AvgA,0.05081856816865438,-1.0,1.85,AvgAHH/AvgAHA,2.5,1.75,2.09,AvgO/AvgU
2425,E0,2025-04-27,Bournemouth,Man United,1,1,H,0.5699749154445058,AvgH/AvgD/AvgA,0.0505767516849287,-0.75,1.85,AvgAHH/AvgAHA,2.5,1.68,2.2,AvgO/AvgU
2425,E0,2025-04-27,Liverpool,Tottenham,5,1,H,0.7601618899996639,AvgH/AvgD/AvgA,0.052407402323673136,-1.75,1.83,AvgAHH/AvgAHA,2.5,1.31,3.38,AvgO/AvgU
2425,E0,2025-05-01,Nott'm Forest,Brentford,0,2,H,0.439584366799329,AvgH/AvgD/AvgA,0.04833003148614479,-0.25,1.87,AvgAHH/AvgAHA,2.5,1.79,2.04,AvgO/AvgU
2425,E0,2025-05-02,Man City,Wolves,1,0,H,0.6852650203095019,AvgH/AvgD/AvgA,0.04234959193321308,-1.25,1.84,AvgAHH/AvgAHA,2.5,1.52,2.51,AvgO/AvgU
2425,E0,2025-05-03,Arsenal,Bournemouth,1,2,H,0.4593052328146601,AvgH/AvgD/AvgA,0.046731446587354286,-0.25,1.79,AvgAHH/AvgAHA,2.5,1.84,1.99,AvgO/AvgU
2425,E0,2025-05-03,Aston Villa,Fulham,1,0,H,0.5331365539001768,AvgH/AvgD/AvgA,0.04787265812146302,-0.75,2.02,AvgAHH/AvgAHA,2.5,1.72,2.12,AvgO/AvgU
2425,E0,2025-05-03,Everton,Ipswich,2,2,H,0.6485035095655726,AvgH/AvgD/AvgA,0.04898755181640624,-1.0,1.78,AvgAHH/AvgAHA,2.5,1.89,1.93,AvgO/AvgU
2425,E0,2025-05-03,Leicester,Southampton,2,0,H,0.4100262485455059,AvgH/AvgD/AvgA,0.046724571606520104,-0.25,2.01,AvgAHH/AvgAHA,2.5,1.74,2.09,AvgO/AvgU
2425,E0,2025-05-04,Brentford,Man United,4,3,H,0.5695726376650064,AvgH/AvgD/AvgA,0.051318753064408806,-0.75,1.85,AvgAHH/AvgAHA,2.5,1.67,2.21,AvgO/AvgU
2425,E0,2025-05-04,Brighton,Newcastle,1,1,A,0.4131506849315068,AvgH/AvgD/AvgA,0.04780277194070304,-0.25,1.97,AvgAHH/AvgAHA,2.5,1.55,2.47,AvgO/AvgU
2425,E0,2025-05-04,Chelsea,Liverpool,3,1,H,0.4382373299626821,AvgH/AvgD/AvgA,0.04672871288563418,-0.25,1.88,AvgAHH/AvgAHA,2.5,1.54,2.45,AvgO/AvgU
2425,E0,2025-05-04,West Ham,Tottenham,1,1,H,0.4550742159135726,AvgH/AvgD/AvgA,0.04640179456116211,-0.25,1.8,AvgAHH/AvgAHA,2.5,1.56,2.4,AvgO/AvgU
2425,E0,2025-05-05,Crystal Palace,Nott'm Forest,1,1,H,0.41588706558805033,AvgH/AvgD/AvgA,0.04999952833342158,-0.25,1.95,AvgAHH/AvgAHA,2.5,1.96,1.86,AvgO/AvgU
2425,E0,2025-05-10,Bournemouth,Aston Villa,0,1,H,0.38913232637357914,AvgH/AvgD/AvgA,0.04890608577780542,0.0,1.83,AvgAHH/AvgAHA,2.5,1.61,2.33,AvgO/AvgU
2425,E0,2025-05-10,Fulham,Everton,1,3,H,0.5103001706990007,AvgH/AvgD/AvgA,0.04793098061532186,-0.5,1.86,AvgAHH/AvgAHA,2.5,2.04,1.79,AvgO/AvgU
2425,E0,2025-05-10,Ipswich,Brentford,0,1,A,0.5790839822490162,AvgH/AvgD/AvgA,0.046584993953414866,-1.0,2.05,AvgAHH/AvgAHA,2.5,1.51,2.52,AvgO/AvgU
2425,E0,2025-05-10,Southampton,Man City,0,0,A,0.802569944510042,AvgH/AvgD/AvgA,0.04705657145782505,-2.0,1.88,AvgAHH/AvgAHA,2.5,1.33,3.22,AvgO/AvgU
2425,E0,2025-05-10,Wolves,Brighton,0,2,A,0.3756021743698728,AvgH/AvgD/AvgA,0.04818559174228687,-0.0,1.87,AvgAHH/AvgAHA,2.5,1.73,2.12,AvgO/AvgU
2425,E0,2025-05-11,Liverpool,Arsenal,2,2,H,0.46318775564058584,AvgH/AvgD/AvgA,0.048034813728025316,-0.5,2.04,AvgAHH/AvgAHA,2.5,1.71,2.14,AvgO/AvgU
2425,E0,2025-05-11,Man United,West Ham,0,2,H,0.4956790381163112,AvgH/AvgD/AvgA,0.05074714337853381,-0.5,1.92,AvgAHH/AvgAHA,2.5,1.76,2.07,AvgO/AvgU
2425,E0,2025-05-11,Newcastle,Chelsea,2,0,H,0.447167059351509,AvgH/AvgD/AvgA,0.049906423688659496,-0.25,1.85,AvgAHH/AvgAHA,2.5,1.55,2.43,AvgO/AvgU
2425,E0,2025-05-11,Nott'm Forest,Leicester,2,2,H,0.7144456751158742,AvgH/AvgD/AvgA,0.05239589997682437,-1.5,1.99,AvgAHH/AvgAHA,2.5,1.66,2.22,AvgO/AvgU
2425,E0,2025-05-11,Tottenham,Crystal Palace,0,2,A,0.3812800563005826,AvgH/AvgD/AvgA,0.04909762100082027,-0.0,1.87,AvgAHH/AvgAHA,2.5,1.53,2.46,AvgO/AvgU
2425,E0,2025-05-16,Aston Villa,Tottenham,2,0,H,0.7256568834748973,AvgH/AvgD/AvgA,0.04398617973278607,-1.5,1.87,AvgAHH/AvgAHA,2.5,1.37,3.06,AvgO/AvgU
2425,E0,2025-05-16,Chelsea,Man United,1,0,H,0.6569311498097105,AvgH/AvgD/AvgA,0.042622970531562165,-1.25,1.96,AvgAHH/AvgAHA,2.5,1.49,2.6,AvgO/AvgU
2425,E0,2025-05-18,Arsenal,Newcastle,1,0,H,0.4754813698502644,AvgH/AvgD/AvgA,0.04633424011464182,-0.5,2.0,AvgAHH/AvgAHA,2.5,1.77,2.06,AvgO/AvgU
2425,E0,2025-05-18,Brentford,Fulham,2,3,H,0.49380482951976135,AvgH/AvgD/AvgA,0.049270246161437825,-0.5,1.93,AvgAHH/AvgAHA,2.5,1.61,2.32,AvgO/AvgU
2425,E0,2025-05-18,Everton,Southampton,2,0,H,0.6808184583287777,AvgH/AvgD/AvgA,0.04915738630102573,-1.25,1.91,AvgAHH/AvgAHA,2.5,1.79,2.04,AvgO/AvgU
2425,E0,2025-05-18,Leicester,Ipswich,2,0,H,0.4095772133723976,AvgH/AvgD/AvgA,0.047872135811418026,-0.25,2.01,AvgAHH/AvgAHA,2.5,1.74,2.11,AvgO/AvgU
2425,E0,2025-05-18,West Ham,Nott'm Forest,1,2,A,0.3776878520987067,AvgH/AvgD/AvgA,0.04651742119772817,-0.0,1.84,AvgAHH/AvgAHA,2.5,1.94,1.89,AvgO/AvgU
2425,E0,2025-05-19,Brighton,Liverpool,3,2,A,0.38769603605828595,AvgH/AvgD/AvgA,0.048512306634821645,-0.0,1.87,AvgAHH/AvgAHA,2.5,1.45,2.7,AvgO/AvgU
2425,E0,2025-05-20,Crystal Palace,Wolves,4,2,H,0.42015854160358385,AvgH/AvgD/AvgA,0.048481919896010695,-0.25,1.93,AvgAHH/AvgAHA,2.5,1.99,1.83,AvgO/AvgU
2425,E0,2025-05-20,Man City,Bournemouth,3,1,H,0.6150015275745842,AvgH/AvgD/AvgA,0.04904014282198488,-1.0,1.89,AvgAHH/AvgAHA,2.5,1.51,2.52,AvgO/AvgU
2425,E0,2025-05-25,Bournemouth,Leicester,2,0,H,0.7161486799479593,AvgH/AvgD/AvgA,0.04989329771962647,-1.5,1.9,AvgAHH/AvgAHA,2.5,1.46,2.67,AvgO/AvgU
2425,E0,2025-05-25,Fulham,Man City,0,2,A,0.5921400805387879,AvgH/AvgD/AvgA,0.04893762951699765,-1.0,1.99,AvgAHH/AvgAHA,2.5,1.51,2.52,AvgO/AvgU
2425,E0,2025-05-25,Ipswich,West Ham,1,3,A,0.43230972025582187,AvgH/AvgD/AvgA,0.04667710805818226,-0.25,1.9,AvgAHH/AvgAHA,2.5,1.5,2.57,AvgO/AvgU
2425,E0,2025-05-25,Liverpool,Crystal Palace,1,1,H,0.6797758738138869,AvgH/AvgD/AvgA,0.05076649790203591,-1.5,2.02,AvgAHH/AvgAHA,2.5,1.3,3.43,AvgO/AvgU
2425,E0,2025-05-25,Man United,Aston Villa,2,0,A,0.5519536314257001,AvgH/AvgD/AvgA,0.04725224941062045,-0.75,1.9,AvgAHH/AvgAHA,2.5,1.6,2.35,AvgO/AvgU
2425,E0,2025-05-25,Newcastle,Everton,0,1,H,0.7213823655560191,AvgH/AvgD/AvgA,0.050172271666000245,-1.5,1.9,AvgAHH/AvgAHA,2.5,1.5,2.55,AvgO/AvgU
2425,E0,2025-05-25,Nott'm Forest,Chelsea,0,1,A,0.43414612037708483,AvgH/AvgD/AvgA,0.04698725431578543,-0.25,1.87,AvgAHH/AvgAHA,2.5,1.67,2.21,AvgO/AvgU
2425,E0,2025-05-25,Southampton,Arsenal,1,2,A,0.73649784037634,AvgH/AvgD/AvgA,0.05254049089064439,-1.5,1.82,AvgAHH/AvgAHA,2.5,1.47,2.64,AvgO/AvgU
2425,E0,2025-05-25,Tottenham,Brighton,1,4,A,0.5585781354795439,AvgH/AvgD/AvgA,0.04693557533428194,-0.75,1.85,AvgAHH/AvgAHA,2.5,1.32,3.34,AvgO/AvgU
2425,E0,2025-05-25,Wolves,Brentford,1,1,A,0.3932432067367251,AvgH/AvgD/AvgA,0.04648377059026698,-0.0,1.82,AvgAHH/AvgAHA,2.5,1.5,2.55,AvgO/AvgU
2526,E0,2025-08-15,Liverpool,Bournemouth,4,2,H,0.7259844066296011,AvgH/AvgD/AvgA,0.051480956966919456,-1.5,1.78,AvgAHH/AvgAHA,2.5,1.35,3.13,AvgO/AvgU
2526,E0,2025-08-16,Aston Villa,Newcastle,0,0,H,0.41179710737948727,AvgH/AvgD/AvgA,0.05581753952191537,-0.25,1.9,AvgAHH/AvgAHA,2.5,1.61,2.25,AvgO/AvgU
2526,E0,2025-08-16,Brighton,Fulham,1,1,H,0.49469799173767465,AvgH/AvgD/AvgA,0.052830902959310144,-0.5,1.87,AvgAHH/AvgAHA,2.5,1.71,2.08,AvgO/AvgU
2526,E0,2025-08-16,Sunderland,West Ham,3,0,A,0.4198905853215036,AvgH/AvgD/AvgA,0.053793277521086535,-0.25,1.81,AvgAHH/AvgAHA,2.5,1.88,1.88,AvgO/AvgU
2526,E0,2025-08-16,Tottenham,Burnley,3,0,H,0.6894284181563327,AvgH/AvgD/AvgA,0.05874226834344687,-1.25,1.75,AvgAHH/AvgAHA,2.5,1.66,2.16,AvgO/AvgU
2526,E0,2025-08-16,Wolves,Man City,0,4,A,0.6585849265443683,AvgH/AvgD/AvgA,0.0544493450347141,-1.25,1.86,AvgAHH/AvgAHA,2.5,1.61,2.25,AvgO/AvgU
2526,E0,2025-08-17,Chelsea,Crystal Palace,0,0,H,0.5884596229883033,AvgH/AvgD/AvgA,0.05549809733454891,-0.75,1.72,AvgAHH/AvgAHA,2.5,1.63,2.22,AvgO/AvgU
2526,E0,2025-08-17,Man United,Arsenal,0,1,A,0.4700061019581739,AvgH/AvgD/AvgA,0.05852335903336692,-0.5,1.96,AvgAHH/AvgAHA,2.5,1.8,1.97,AvgO/AvgU
2526,E0,2025-08-17,Nott'm Forest,Brentford,3,1,H,0.44116937752887275,AvgH/AvgD/AvgA,0.05428051619318808,-0.25,1.77,AvgAHH/AvgAHA,2.5,1.92,1.83,AvgO/AvgU
2526,E0,2025-08-18,Leeds,Everton,1,0,H,0.39465227205492004,AvgH/AvgD/AvgA,0.06019924745999683,-0.25,1.94,AvgAHH/AvgAHA,2.5,2.07,1.72,AvgO/AvgU
2526,E0,2025-08-22,West Ham,Chelsea,1,5,A,0.5536772777167946,AvgH/AvgD/AvgA,0.05620249407552724,-0.75,1.86,AvgAHH/AvgAHA,2.5,1.72,2.09,AvgO/AvgU
2526,E0,2025-08-23,Arsenal,Leeds,5,0,H,0.7497018103478064,AvgH/AvgD/AvgA,0.05028634576439561,-1.75,1.95,AvgAHH/AvgAHA,2.5,1.55,2.38,AvgO/AvgU
2526,E0,2025-08-23,Bournemouth,Wolves,1,0,H,0.5309236429355192,AvgH/AvgD/AvgA,0.05224023324375526,-0.75,1.96,AvgAHH/AvgAHA,2.5,1.72,2.06,AvgO/AvgU
2526,E0,2025-08-23,Brentford,Aston Villa,1,0,A,0.4279588503354423,AvgH/AvgD/AvgA,0.05731821512310398,-0.25,1.8,AvgAHH/AvgAHA,2.5,1.77,2.0,AvgO/AvgU
2526,E0,2025-08-23,Burnley,Sunderland,2,0,H,0.4219551619931126,AvgH/AvgD/AvgA,0.05329780146568952,-0.25,1.81,AvgAHH/AvgAHA,2.5,2.26,1.6,AvgO/AvgU
2526,E0,2025-08-23,Man City,Tottenham,0,2,H,0.6417189156171963,AvgH/AvgD/AvgA,0.05291531733301058,-1.25,1.91,AvgAHH/AvgAHA,2.5,1.46,2.62,AvgO/AvgU
2526,E0,2025-08-24,Crystal Palace,Nott'm Forest,1,1,H,0.40219902988703454,AvgH/AvgD/AvgA,0.05801328017408691,-0.25,1.92,AvgAHH/AvgAHA,2.5,2.05,1.73,AvgO/AvgU
2526,E0,2025-08-24,Everton,Brighton,2,0,A,0.40712019739161087,AvgH/AvgD/AvgA,0.05874011046424843,-0.25,1.86,AvgAHH/AvgAHA,2.5,2.01,1.76,AvgO/AvgU
2526,E0,2025-08-24,Fulham,Man United,1,1,A,0.44350311790403085,AvgH/AvgD/AvgA,0.05858008460880404,-0.25,1.75,AvgAHH/AvgAHA,2.5,1.77,1.99,AvgO/AvgU
2526,E0,2025-08-25,Newcastle,Liverpool,2,3,A,0.4673909827820839,AvgH/AvgD/AvgA,0.05917641372492333,-0.25,1.68,AvgAHH/AvgAHA,2.5,1.53,2.43,AvgO/AvgU
2526,E0,2025-08-30,Chelsea,Fulham,2,0,H,0.6123295418839941,AvgH/AvgD/AvgA,0.05361777636527365,-1.0,1.89,AvgAHH/AvgAHA,2.5,1.67,2.16,AvgO/AvgU
2526,E0,2025-08-30,Leeds,Newcastle,0,0,A,0.4471212150012356,AvgH/AvgD/AvgA,0.054966969541455635,-0.25,1.73,AvgAHH/AvgAHA,2.5,1.76,2.01,AvgO/AvgU
2526,E0,2025-08-30,Man United,Burnley,3,2,H,0.7016660496112551,AvgH/AvgD/AvgA,0.055688444882197485,-1.5,1.98,AvgAHH/AvgAHA,2.5,1.65,2.17,AvgO/AvgU
2526,E0,2025-08-30,Sunderland,Brentford,2,1,A,0.38539219722471124,AvgH/AvgD/AvgA,0.05478021601882466,-0.0,1.79,AvgAHH/AvgAHA,2.5,2.04,1.73,AvgO/AvgU
2526,E0,2025-08-30,Tottenham,Bournemouth,0,1,H,0.5466357425093133,AvgH/AvgD/AvgA,0.05744033390036973,-0.75,1.91,AvgAHH/AvgAHA,2.5,1.54,2.38,AvgO/AvgU
2526,E0,2025-08-30,Wolves,Everton,2,3,H,0.3565496198152922,AvgH/AvgD/AvgA,0.054382977098146545,0.0,1.82,AvgAHH/AvgAHA,2.5,2.17,1.65,AvgO/AvgU
2526,E0,2025-08-31,Aston Villa,Crystal Palace,0,3,H,0.5025109594362133,AvgH/AvgD/AvgA,0.0585140157217614,-0.5,1.84,AvgAHH/AvgAHA,2.5,1.95,1.81,AvgO/AvgU
2526,E0,2025-08-31,Brighton,Man City,2,1,A,0.5073080713821376,AvgH/AvgD/AvgA,0.06550747175747174,-0.5,1.82,AvgAHH/AvgAHA,2.5,1.57,2.32,AvgO/AvgU
2526,E0,2025-08-31,Liverpool,Arsenal,1,0,H,0.430222474557948,AvgH/AvgD/AvgA,0.05653581908406413,-0.25,1.85,AvgAHH/AvgAHA,2.5,1.73,2.06,AvgO/AvgU
2526,E0,2025-08-31,Nott'm Forest,West Ham,0,3,H,0.5593292401920704,AvgH/AvgD/AvgA,0.05790281253340002,-0.75,1.86,AvgAHH/AvgAHA,2.5,1.94,1.82,AvgO/AvgU
2526,E0,2025-09-13,Arsenal,Nott'm Forest,3,0,H,0.6879217379514617,AvgH/AvgD/AvgA,0.05337226777757276,-1.25,1.81,AvgAHH/AvgAHA,2.5,1.69,2.11,AvgO/AvgU
2526,E0,2025-09-13,Bournemouth,Brighton,2,1,H,0.3985225505443235,AvgH/AvgD/AvgA,0.05431440869030535,-0.25,2.02,AvgAHH/AvgAHA,2.5,1.67,2.14,AvgO/AvgU
2526,E0,2025-09-13,Brentford,Chelsea,2,2,A,0.5487318315522036,AvgH/AvgD/AvgA,0.05340104007786817,-0.75,1.89,AvgAHH/AvgAHA,2.5,1.7,2.11,AvgO/AvgU
2526,E0,2025-09-13,Crystal Palace,Sunderland,0,0,H,0.5721601437475434,AvgH/AvgD/AvgA,0.05286893038117779,-0.75,1.83,AvgAHH/AvgAHA,2.5,2.08,1.71,AvgO/AvgU
2526,E0,2025-09-13,Everton,Aston Villa,0,0,H,0.3886066719573949,AvgH/AvgD/AvgA,0.0546295139747448,-0.25,2.04,AvgAHH/AvgAHA,2.5,2.02,1.76,AvgO/AvgU
2526,E0,2025-09-13,Fulham,Leeds,1,0,H,0.4849047691766787,AvgH/AvgD/AvgA,0.05217377527329781,-0.5,1.91,AvgAHH/AvgAHA,2.5,1.98,1.78,AvgO/AvgU
2526,E0,2025-09-13,Newcastle,Wolves,1,0,H,0.6660139205210617,AvgH/AvgD/AvgA,0.049979103670378944,-1.25,1.92,AvgAHH/AvgAHA,2.5,1.74,2.04,AvgO/AvgU
2526,E0,2025-09-13,West Ham,Tottenham,0,3,A,0.4514901712111604,AvgH/AvgD/AvgA,0.05470840021401813,-0.25,1.76,AvgAHH/AvgAHA,2.5,1.76,2.02,AvgO/AvgU
2526,E0,2025-09-14,Burnley,Liverpool,0,1,A,0.7144966408039426,AvgH/AvgD/AvgA,0.05232083163066337,-1.5,1.88,AvgAHH/AvgAHA,2.5,1.52,2.44,AvgO/AvgU
2526,E0,2025-09-14,Man City,Man United,3,0,H,0.537302064284314,AvgH/AvgD/AvgA,0.057471869084731786,-0.75,1.94,AvgAHH/AvgAHA,2.5,1.55,2.38,AvgO/AvgU
2526,E0,2025-09-20,Brighton,Tottenham,2,2,H,0.4213597899037059,AvgH/AvgD/AvgA,0.05478608802708518,-0.25,1.93,AvgAHH/AvgAHA,2.5,1.64,2.2,AvgO/AvgU
2526,E0,2025-09-20,Burnley,Nott'm Forest,1,1,A,0.435598162695329,AvgH/AvgD/AvgA,0.05307054899383323,-0.25,1.8,AvgAHH/AvgAHA,2.5,1.94,1.82,AvgO/AvgU
2526,E0,2025-09-20,Fulham,Brentford,3,1,H,0.46995015480555985,AvgH/AvgD/AvgA,0.05340853681667568,-0.5,1.96,AvgAHH/AvgAHA,2.5,1.91,1.86,AvgO/AvgU
2526,E0,2025-09-20,Liverpool,Everton,2,1,H,0.6543449724337096,AvgH/AvgD/AvgA,0.053962667197936964,-1.25,1.91,AvgAHH/AvgAHA,2.5,1.59,2.28,AvgO/AvgU
2526,E0,2025-09-20,Man United,Chelsea,2,1,A,0.38884869455803717,AvgH/AvgD/AvgA,0.053973103959079616,-0.0,1.78,AvgAHH/AvgAHA,2.5,1.57,2.32,AvgO/AvgU
2526,E0,2025-09-20,West Ham,Crystal Palace,1,2,A,0.39989456279504443,AvgH/AvgD/AvgA,0.0551304456877475,-0.25,1.93,AvgAHH/AvgAHA,2.5,1.98,1.79,AvgO/AvgU
2526,E0,2025-09-20,Wolves,Leeds,1,3,H,0.35468674471763195,AvgH/AvgD/AvgA,0.055951035058159126,0.0,1.8,AvgAHH/AvgAHA,2.5,2.22,1.62,AvgO/AvgU
2526,E0,2025-09-21,Arsenal,Man City,1,1,H,0.49825113676110533,AvgH/AvgD/AvgA,0.05632631948421407,-0.5,1.86,AvgAHH/AvgAHA,2.5,1.77,2.0,AvgO/AvgU
2526,E0,2025-09-21,Bournemouth,Newcastle,0,0,H,0.3868555432757077,AvgH/AvgD/AvgA,0.059403368253365896,0.0,1.81,AvgAHH/AvgAHA,2.5,1.8,1.97,AvgO/AvgU
2526,E0,2025-09-21,Sunderland,Aston Villa,1,1,A,0.45072857121196036,AvgH/AvgD/AvgA,0.056490550199761014,-0.25,1.73,AvgAHH/AvgAHA,2.5,2.09,1.7,AvgO/AvgU
2526,E0,2025-09-27,Brentford,Man United,3,1,A,0.46949973261444466,AvgH/AvgD/AvgA,0.05441914139923898,-0.5,1.98,AvgAHH/AvgAHA,2.5,1.64,2.22,AvgO/AvgU
2526,E0,2025-09-27,Chelsea,Brighton,1,3,H,0.5092348284960422,AvgH/AvgD/AvgA,0.055769123628057304,-0.5,1.82,AvgAHH/AvgAHA,2.5,1.59,2.29,AvgO/AvgU
2526,E0,2025-09-27,Crystal Palace,Liverpool,2,1,A,0.4966622162883846,AvgH/AvgD/AvgA,0.054157518437200736,-0.5,1.87,AvgAHH/AvgAHA,2.5,1.72,2.07,AvgO/AvgU
2526,E0,2025-09-27,Leeds,Bournemouth,2,2,A,0.39350749952839464,AvgH/AvgD/AvgA,0.05445959691591229,-0.25,1.95,AvgAHH/AvgAHA,2.5,1.96,1.81,AvgO/AvgU
2526,E0,2025-09-27,Man City,Burnley,5,1,H,0.8118816030441579,AvgH/AvgD/AvgA,0.05274075862311167,-2.0,1.82,AvgAHH/AvgAHA,2.5,1.43,2.74,AvgO/AvgU
2526,E0,2025-09-27,Nott'm Forest,Sunderland,0,1,H,0.536551398188263,AvgH/AvgD/AvgA,0.05296855682443735,-0.75,1.96,AvgAHH/AvgAHA,2.5,1.97,1.8,AvgO/AvgU
2526,E0,2025-09-27,Tottenham,Wolves,1,1,H,0.6443006114498233,AvgH/AvgD/AvgA,0.05583030149974566,-1.25,1.99,AvgAHH/AvgAHA,2.5,1.68,2.14,AvgO/AvgU
2526,E0,2025-09-28,Aston Villa,Fulham,3,1,H,0.41462674927429494,AvgH/AvgD/AvgA,0.053191149562177964,-0.25,1.93,AvgAHH/AvgAHA,2.5,2.11,1.69,AvgO/AvgU
2526,E0,2025-09-28,Newcastle,Arsenal,1,2,A,0.4459223657625665,AvgH/AvgD/AvgA,0.05780321738494054,-0.25,1.74,AvgAHH/AvgAHA,2.5,2.08,1.71,AvgO/AvgU
2526,E0,2025-09-29,Everton,West Ham,1,1,H,0.5487774462621355,AvgH/AvgD/AvgA,0.05943739633842959,-0.75,1.91,AvgAHH/AvgAHA,2.5,1.91,1.85,AvgO/AvgU
2526,E0,2025-10-03,Bournemouth,Fulham,3,1,H,0.4820333041191937,AvgH/AvgD/AvgA,0.053068758652514925,-0.5,1.93,AvgAHH/AvgAHA,2.5,1.93,1.85,AvgO/AvgU
2526,E0,2025-10-04,Arsenal,West Ham,2,0,H,0.7985535835722176,AvgH/AvgD/AvgA,0.05232278927940626,-2.0,1.92,AvgAHH/AvgAHA,2.5,1.52,2.47,AvgO/AvgU
2526,E0,2025-10-04,Chelsea,Liverpool,2,1,A,0.41482737337198133,AvgH/AvgD/AvgA,0.057298817247469325,-0.25,1.91,AvgAHH/AvgAHA,2.5,1.53,2.43,AvgO/AvgU
2526,E0,2025-10-04,Leeds,Tottenham,1,2,A,0.38093674808530736,AvgH/AvgD/AvgA,0.054260130379637284,-0.0,1.8,AvgAHH/AvgAHA,2.5,1.89,1.89,AvgO/AvgU
2526,E0,2025-10-04,Man United,Sunderland,2,0,H,0.632708585247884,AvgH/AvgD/AvgA,0.05367096671444482,-1.0,1.78,AvgAHH/AvgAHA,2.5,1.64,2.21,AvgO/AvgU
2526,E0,2025-10-05,Aston Villa,Burnley,2,1,H,0.5975351674343334,AvgH/AvgD/AvgA,0.052541928721173914,-1.0,1.98,AvgAHH/AvgAHA,2.5,1.9,1.87,AvgO/AvgU
2526,E0,2025-10-05,Brentford,Man City,0,1,A,0.5777681787104765,AvgH/AvgD/AvgA,0.05536462551795962,-0.75,1.77,AvgAHH/AvgAHA,2.5,1.56,2.35,AvgO/AvgU
2526,E0,2025-10-05,Everton,Crystal Palace,2,1,H,0.37543251894989466,AvgH/AvgD/AvgA,0.05280415799250093,0.0,1.72,AvgAHH/AvgAHA,2.5,2.2,1.65,AvgO/AvgU
2526,E0,2025-10-05,Newcastle,Nott'm Forest,2,0,H,0.6007181459916582,AvgH/AvgD/AvgA,0.05359126676664783,-1.0,1.93,AvgAHH/AvgAHA,2.5,1.69,2.12,AvgO/AvgU
2526,E0,2025-10-05,Wolves,Brighton,1,1,A,0.47732420978854234,AvgH/AvgD/AvgA,0.05276990462454556,-0.5,1.94,AvgAHH/AvgAHA,2.5,1.83,1.94,AvgO/AvgU
2526,E0,2025-10-18,Brighton,Newcastle,2,1,H,0.364141765114663,AvgH/AvgD/AvgA,0.05217747360416469,0.0,1.89,AvgAHH/AvgAHA,2.5,1.84,1.92,AvgO/AvgU
2526,E0,2025-10-18,Burnley,Leeds,2,0,A,0.420126919460984,AvgH/AvgD/AvgA,0.053200486828805404,-0.25,1.83,AvgAHH/AvgAHA,2.5,2.2,1.64,AvgO/AvgU
2526,E0,2025-10-18,Crystal Palace,Bournemouth,3,3,H,0.42186980582334427,AvgH/AvgD/AvgA,0.0535109133421916,-0.25,1.9,AvgAHH/AvgAHA,2.5,1.92,1.85,AvgO/AvgU
2526,E0,2025-10-18,Fulham,Arsenal,0,1,A,0.6158789527371643,AvgH/AvgD/AvgA,0.05434784946737681,-1.0,1.9,AvgAHH/AvgAHA,2.5,1.89,1.87,AvgO/AvgU
2526,E0,2025-10-18,Man City,Everton,2,0,H,0.6873086011592545,AvgH/AvgD/AvgA,0.05431196399580118,-1.25,1.81,AvgAHH/AvgAHA,2.5,1.69,2.12,AvgO/AvgU
2526,E0,2025-10-18,Nott'm Forest,Chelsea,0,3,A,0.4924387392163817,AvgH/AvgD/AvgA,0.05218106083695839,-0.5,1.88,AvgAHH/AvgAHA,2.5,1.68,2.13,AvgO/AvgU
2526,E0,2025-10-18,Sunderland,Wolves,2,0,H,0.386511457658752,AvgH/AvgD/AvgA,0.05172578195482558,-0.25,2.03,AvgAHH/AvgAHA,2.5,2.43,1.53,AvgO/AvgU
2526,E0,2025-10-19,Liverpool,Man United,1,2,H,0.5914238592633315,AvgH/AvgD/AvgA,0.05677170477783977,-1.0,1.93,AvgAHH/AvgAHA,2.5,1.43,2.71,AvgO/AvgU
2526,E0,2025-10-19,Tottenham,Aston Villa,1,2,H,0.45850719288996006,AvgH/AvgD/AvgA,0.05873343042709145,-0.5,2.01,AvgAHH/AvgAHA,2.5,1.78,1.99,AvgO/AvgU
2526,E0,2025-10-20,West Ham,Brentford,0,2,H,0.38427386093454313,AvgH/AvgD/AvgA,0.05784989916317507,0.0,1.71,AvgAHH/AvgAHA,2.5,1.85,1.91,AvgO/AvgU
2526,E0,2025-10-24,Leeds,West Ham,2,1,H,0.5259453265673596,AvgH/AvgD/AvgA,0.0504631564105078,-0.5,1.76,AvgAHH/AvgAHA,2.5,2.04,1.76,AvgO/AvgU
2526,E0,2025-10-25,Brentford,Liverpool,3,2,A,0.5485187288406459,AvgH/AvgD/AvgA,0.05381029249933578,-0.75,1.89,AvgAHH/AvgAHA,2.5,1.54,2.41,AvgO/AvgU
2526,E0,2025-10-25,Chelsea,Sunderland,1,2,H,0.694728747367557,AvgH/AvgD/AvgA,0.05066475234411305,-1.5,2.0,AvgAHH/AvgAHA,2.5,1.69,2.12,AvgO/AvgU
2526,E0,2025-10-25,Man United,Brighton,4,2,H,0.4757592669271068,AvgH/AvgD/AvgA,0.05095167820789337,-0.5,1.94,AvgAHH/AvgAHA,2.5,1.53,2.43,AvgO/AvgU
2526,E0,2025-10-25,Newcastle,Fulham,2,1,H,0.5862164436361662,AvgH/AvgD/AvgA,0.05299664879479171,-0.75,1.77,AvgAHH/AvgAHA,2.5,1.85,1.92,AvgO/AvgU
2526,E0,2025-10-26,Arsenal,Crystal Palace,1,0,H,0.6719424135412511,AvgH/AvgD/AvgA,0.05547714188529773,-1.25,1.88,AvgAHH/AvgAHA,2.5,1.74,2.05,AvgO/AvgU
2526,E0,2025-10-26,Aston Villa,Man City,1,0,A,0.5181056261779685,AvgH/AvgD/AvgA,0.05470402138422226,-0.5,1.79,AvgAHH/AvgAHA,2.5,1.73,2.07,AvgO/AvgU
2526,E0,2025-10-26,Bournemouth,Nott'm Forest,2,0,H,0.5292279549382696,AvgH/AvgD/AvgA,0.0556116937213913,-0.75,1.98,AvgAHH/AvgAHA,2.5,1.84,1.92,AvgO/AvgU
2526,E0,2025-10-26,Everton,Tottenham,0,3,H,0.40302763232930683,AvgH/AvgD/AvgA,0.05583806359441468,-0.25,1.97,AvgAHH/AvgAHA,2.5,1.91,1.85,AvgO/AvgU
2526,E0,2025-10-26,Wolves,Burnley,2,3,H,0.4802632522260299,AvgH/AvgD/AvgA,0.05694993494748424,-0.5,1.92,AvgAHH/AvgAHA,2.5,2.22,1.63,AvgO/AvgU
2526,E0,2025-11-01,Brighton,Leeds,3,0,H,0.5141985488678292,AvgH/AvgD/AvgA,0.051229222118015505,-0.5,1.8,AvgAHH/AvgAHA,2.5,1.79,1.97,AvgO/AvgU
2526,E0,2025-11-01,Burnley,Arsenal,0,2,A,0.7444738457325225,AvgH/AvgD/AvgA,0.04939885326836668,-1.5,1.81,AvgAHH/AvgAHA,2.5,1.73,2.05,AvgO/AvgU
2526,E0,2025-11-01,Crystal Palace,Brentford,2,0,H,0.49389333099024696,AvgH/AvgD/AvgA,0.0545461958133191,-0.5,1.88,AvgAHH/AvgAHA,2.5,1.74,2.04,AvgO/AvgU
2526,E0,2025-11-01,Fulham,Wolves,3,0,H,0.5155239284558003,AvgH/AvgD/AvgA,0.054225091932200487,-0.5,1.8,AvgAHH/AvgAHA,2.5,2.17,1.66,AvgO/AvgU
2526,E0,2025-11-01,Liverpool,Aston Villa,2,0,H,0.5826853350008834,AvgH/AvgD/AvgA,0.052878621897026745,-1.0,1.99,AvgAHH/AvgAHA,2.5,1.52,2.44,AvgO/AvgU
2526,E0,2025-11-01,Nott'm Forest,Man United,2,2,A,0.46301523935668387,AvgH/AvgD/AvgA,0.0535395740462874,-0.5,2.0,AvgAHH/AvgAHA,2.5,1.71,2.09,AvgO/AvgU
2526,E0,2025-11-01,Tottenham,Chelsea,0,1,A,0.37983292320679146,AvgH/AvgD/AvgA,0.05309459912780934,-0.0,1.82,AvgAHH/AvgAHA,2.5,1.7,2.1,AvgO/AvgU
2526,E0,2025-11-02,Man City,Bournemouth,3,1,H,0.6354600446604736,AvgH/AvgD/AvgA,0.05614970640035466,-1.25,2.0,AvgAHH/AvgAHA,2.5,1.52,2.45,AvgO/AvgU
2526,E0,2025-11-02,West Ham,Newcastle,3,1,A,0.5778282340920702,AvgH/AvgD/AvgA,0.05525493837986817,-0.75,1.78,AvgAHH/AvgAHA,2.5,1.74,2.04,AvgO/AvgU
2526,E0,2025-11-03,Sunderland,Everton,1,1,A,0.35332920024798514,AvgH/AvgD/AvgA,0.060008159368448055,-0.0,1.86,AvgAHH/AvgAHA,2.5,2.29,1.59,AvgO/AvgU
2526,E0,2025-11-08,Chelsea,Wolves,3,0,H,0.6977273864110045,AvgH/AvgD/AvgA,0.05384156042561461,-1.25,1.76,AvgAHH/AvgAHA,2.5,1.62,2.23,AvgO/AvgU
2526,E0,2025-11-08,Everton,Fulham,2,0,H,0.4314453729495512,AvgH/AvgD/AvgA,0.05354115038476581,-0.25,1.86,AvgAHH/AvgAHA,2.5,2.17,1.66,AvgO/AvgU
2526,E0,2025-11-08,Sunderland,Arsenal,2,2,A,0.6833784776060571,AvgH/AvgD/AvgA,0.052746734067292245,-1.25,1.89,AvgAHH/AvgAHA,2.5,2.0,1.78,AvgO/AvgU
2526,E0,2025-11-08,Tottenham,Man United,2,2,A,0.3766685459728586,AvgH/AvgD/AvgA,0.053513496329981924,-0.0,1.83,AvgAHH/AvgAHA,2.5,1.64,2.23,AvgO/AvgU
2526,E0,2025-11-08,West Ham,Burnley,3,2,H,0.48978242830822893,AvgH/AvgD/AvgA,0.052434484647094104,-0.5,1.89,AvgAHH/AvgAHA,2.5,1.96,1.8,AvgO/AvgU
2526,E0,2025-11-09,Aston Villa,Bournemouth,4,0,H,0.4331575592513184,AvgH/AvgD/AvgA,0.0541683847222858,-0.25,1.88,AvgAHH/AvgAHA,2.5,1.82,1.95,AvgO/AvgU
2526,E0,2025-11-09,Brentford,Newcastle,3,1,A,0.387107119948685,AvgH/AvgD/AvgA,0.054393588421284056,-0.0,1.73,AvgAHH/AvgAHA,2.5,1.81,1.95,AvgO/AvgU
2526,E0,2025-11-09,Crystal Palace,Brighton,0,0,H,0.41813066583307285,AvgH/AvgD/AvgA,0.05356691187319518,-0.25,1.94,AvgAHH/AvgAHA,2.5,1.71,2.08,AvgO/AvgU
2526,E0,2025-11-09,Man City,Liverpool,3,0,H,0.5037864131336024,AvgH/AvgD/AvgA,0.055834138734423,-0.5,1.83,AvgAHH/AvgAHA,2.5,1.48,2.58,AvgO/AvgU
2526,E0,2025-11-09,Nott'm Forest,Leeds,3,1,H,0.4267218814704848,AvgH/AvgD/AvgA,0.05560663750871386,-0.25,1.88,AvgAHH/AvgAHA,2.5,2.04,1.74,AvgO/AvgU
2526,E0,2025-11-22,Bournemouth,West Ham,2,2,H,0.5843636727523405,AvgH/AvgD/AvgA,0.056335257306275865,-0.75,1.76,AvgAHH/AvgAHA,2.5,1.65,2.19,AvgO/AvgU
2526,E0,2025-11-22,Brighton,Brentford,2,1,H,0.4919908788919543,AvgH/AvgD/AvgA,0.053138863453795704,-0.5,1.89,AvgAHH/AvgAHA,2.5,1.68,2.13,AvgO/AvgU
2526,E0,2025-11-22,Burnley,Chelsea,0,2,A,0.6417686010007299,AvgH/AvgD/AvgA,0.052833801189515084,-1.0,1.76,AvgAHH/AvgAHA,2.5,1.76,2.01,AvgO/AvgU
2526,E0,2025-11-22,Fulham,Sunderland,1,0,H,0.45256128714202487,AvgH/AvgD/AvgA,0.05221213064350305,-0.25,1.75,AvgAHH/AvgAHA,2.5,2.19,1.65,AvgO/AvgU
2526,E0,2025-11-22,Liverpool,Nott'm Forest,0,3,H,0.6684888145119275,AvgH/AvgD/AvgA,0.05345869194062769,-1.25,1.86,AvgAHH/AvgAHA,2.5,1.53,2.43,AvgO/AvgU
2526,E0,2025-11-22,Newcastle,Man City,2,1,A,0.4790827595166949,AvgH/AvgD/AvgA,0.05420304742338633,-0.5,1.93,AvgAHH/AvgAHA,2.5,1.68,2.13,AvgO/AvgU
2526,E0,2025-11-22,Wolves,Crystal Palace,0,2,A,0.4823415163589106,AvgH/AvgD/AvgA,0.05239585642520872,-0.5,1.91,AvgAHH/AvgAHA,2.5,1.99,1.78,AvgO/AvgU
2526,E0,2025-11-23,Arsenal,Tottenham,4,1,H,0.6796321757245423,AvgH/AvgD/AvgA,0.058549736355096416,-1.25,1.87,AvgAHH/AvgAHA,2.5,1.77,2.0,AvgO/AvgU
2526,E0,2025-11-23,Leeds,Aston Villa,1,2,A,0.39859121404912995,AvgH/AvgD/AvgA,0.05858060438340251,-0.25,1.94,AvgAHH/AvgAHA,2.5,2.12,1.69,AvgO/AvgU
2526,E0,2025-11-24,Man United,Everton,0,1,H,0.5429365242237201,AvgH/AvgD/AvgA,0.0585263986427762,-0.75,1.92,AvgAHH/AvgAHA,2.5,1.74,2.04,AvgO/AvgU
2526,E0,2025-11-29,Brentford,Burnley,3,1,H,0.654571668869398,AvgH/AvgD/AvgA,0.05359765051395016,-1.25,1.97,AvgAHH/AvgAHA,2.5,1.78,1.99,AvgO/AvgU
2526,E0,2025-11-29,Everton,Newcastle,1,4,A,0.3725267145087315,AvgH/AvgD/AvgA,0.05269460543857596,-0.0,5.19,AvgAHH/AvgAHA,2.5,1.96,1.8,AvgO/AvgU
2526,E0,2025-11-29,Man City,Leeds,3,2,H,0.7716031244643601,AvgH/AvgD/AvgA,0.05366101342018759,-1.75,1.84,AvgAHH/AvgAHA,2.5,1.52,2.46,AvgO/AvgU
2526,E0,2025-11-29,Sunderland,Bournemouth,3,2,A,0.4023905980506197,AvgH/AvgD/AvgA,0.05750958634497261,-0.25,4.16,AvgAHH/AvgAHA,2.5,1.96,1.81,AvgO/AvgU
2526,E0,2025-11-29,Tottenham,Fulham,1,2,H,0.43521356449728776,AvgH/AvgD/AvgA,0.05400114736803863,-0.25,1.84,AvgAHH/AvgAHA,2.5,1.87,1.9,AvgO/AvgU
2526,E0,2025-11-30,Aston Villa,Wolves,1,0,H,0.6400425181578719,AvgH/AvgD/AvgA,0.05567310999956798,-1.0,1.76,AvgAHH/AvgAHA,2.5,1.78,1.98,AvgO/AvgU
2526,E0,2025-11-30,Chelsea,Arsenal,1,1,A,0.4337640320554944,AvgH/AvgD/AvgA,0.0575233593171427,-0.25,4.04,AvgAHH/AvgAHA,2.5,1.92,1.84,AvgO/AvgU
2526,E0,2025-11-30,Crystal Palace,Man United,1,2,H,0.4077010596588319,AvgH/AvgD/AvgA,0.057231695986550646,-0.25,1.97,AvgAHH/AvgAHA,2.5,1.71,2.08,AvgO/AvgU
2526,E0,2025-11-30,Nott'm Forest,Brighton,0,2,A,0.37177818276490493,AvgH/AvgD/AvgA,0.05896689384415188,-0.0,5.18,AvgAHH/AvgAHA,2.5,1.88,1.88,AvgO/AvgU
2526,E0,2025-11-30,West Ham,Liverpool,0,2,A,0.5449254274281556,AvgH/AvgD/AvgA,0.05466292221045688,-0.75,4.42,AvgAHH/AvgAHA,2.5,1.51,2.47,AvgO/AvgU
2526,E0,2025-12-02,Bournemouth,Everton,0,1,H,0.43111242062169014,AvgH/AvgD/AvgA,0.05435481049228996,-0.25,1.88,AvgAHH/AvgAHA,2.5,1.92,1.86,AvgO/AvgU
2526,E0,2025-12-02,Fulham,Man City,4,5,A,0.561489319820814,AvgH/AvgD/AvgA,0.05383300348472009,-0.75,1.84,AvgAHH/AvgAHA,2.5,1.65,2.2,AvgO/AvgU
2526,E0,2025-12-02,Newcastle,Tottenham,2,2,H,0.5261167572677853,AvgH/AvgD/AvgA,0.05595487670959387,-0.5,1.76,AvgAHH/AvgAHA,2.5,1.72,2.09,AvgO/AvgU
2526,E0,2025-12-03,Arsenal,Brentford,2,0,H,0.7029202519209686,AvgH/AvgD/AvgA,0.053804807467724425,-1.5,1.94,AvgAHH/AvgAHA,2.5,1.73,2.06,AvgO/AvgU
2526,E0,2025-12-03,Brighton,Aston Villa,3,4,H,0.44180115059531294,AvgH/AvgD/AvgA,0.05277290120914824,-0.25,1.83,AvgAHH/AvgAHA,2.5,1.82,1.94,AvgO/AvgU
2526,E0,2025-12-03,Burnley,Crystal Palace,0,1,A,0.5363663109809145,AvgH/AvgD/AvgA,0.053331911132153076,-0.75,1.97,AvgAHH/AvgAHA,2.5,1.97,1.8,AvgO/AvgU
2526,E0,2025-12-03,Leeds,Chelsea,3,1,A,0.5339195457120816,AvgH/AvgD/AvgA,0.0522142471104452,-0.75,1.97,AvgAHH/AvgAHA,2.5,1.81,1.96,AvgO/AvgU
2526,E0,2025-12-03,Liverpool,Sunderland,1,1,H,0.7027899032074397,AvgH/AvgD/AvgA,0.05400026004940939,-1.5,1.92,AvgAHH/AvgAHA,2.5,1.55,2.38,AvgO/AvgU
2526,E0,2025-12-03,Wolves,Nott'm Forest,0,1,A,0.4234211679288978,AvgH/AvgD/AvgA,0.054336923239362234,-0.25,1.83,AvgAHH/AvgAHA,2.5,2.07,1.72,AvgO/AvgU
2526,E0,2025-12-04,Man United,West Ham,1,1,H,0.6603742924464426,AvgH/AvgD/AvgA,0.058945975486188074,-1.25,1.89,AvgAHH/AvgAHA,2.5,1.49,2.53,AvgO/AvgU
2526,E0,2025-12-06,Aston Villa,Arsenal,2,1,A,0.4960088838451175,AvgH/AvgD/AvgA,0.05554603249317891,-0.5,1.86,AvgAHH/AvgAHA,2.5,2.06,1.74,AvgO/AvgU
2526,E0,2025-12-06,Bournemouth,Chelsea,0,0,A,0.4392796968749762,AvgH/AvgD/AvgA,0.053913864575278136,-0.25,1.8,AvgAHH/AvgAHA,2.5,1.63,2.2,AvgO/AvgU
2526,E0,2025-12-06,Everton,Nott'm Forest,3,0,H,0.4377958661967249,AvgH/AvgD/AvgA,0.05261270987077449,-0.25,1.82,AvgAHH/AvgAHA,2.5,2.09,1.7,AvgO/AvgU
2526,E0,2025-12-06,Leeds,Liverpool,3,3,A,0.5160976917149653,AvgH/AvgD/AvgA,0.05305307424184691,-0.5,1.8,AvgAHH/AvgAHA,2.5,1.64,2.2,AvgO/AvgU
2526,E0,2025-12-06,Man City,Sunderland,3,0,H,0.7643389959355387,AvgH/AvgD/AvgA,0.055096779297701515,-1.75,1.86,AvgAHH/AvgAHA,2.5,1.48,2.57,AvgO/AvgU
2526,E0,2025-12-06,Newcastle,Burnley,2,1,H,0.7424061480345177,AvgH/AvgD/AvgA,0.05232156558552137,-1.75,1.98,AvgAHH/AvgAHA,2.5,1.58,2.29,AvgO/AvgU
2526,E0,2025-12-06,Tottenham,Brentford,2,0,H,0.41086527204569373,AvgH/AvgD/AvgA,0.05363111061936765,-0.25,1.96,AvgAHH/AvgAHA,2.5,1.8,1.97,AvgO/AvgU
2526,E0,2025-12-07,Brighton,West Ham,1,1,H,0.6119549819973279,AvgH/AvgD/AvgA,0.054262665232126084,-1.0,1.88,AvgAHH/AvgAHA,2.5,1.6,2.27,AvgO/AvgU
2526,E0,2025-12-07,Fulham,Crystal Palace,1,2,H,0.3684964219896097,AvgH/AvgD/AvgA,0.055926286244185386,0.0,1.8,AvgAHH/AvgAHA,2.5,2.02,1.76,AvgO/AvgU
2526,E0,2025-12-08,Wolves,Man United,1,4,A,0.5338237583683636,AvgH/AvgD/AvgA,0.058348832467235656,-0.75,1.94,AvgAHH/AvgAHA,2.5,1.67,2.14,AvgO/AvgU
2526,E0,2025-12-13,Arsenal,Wolves,2,1,H,0.8473627672239902,AvgH/AvgD/AvgA,0.053689372949669245,-2.25,1.88,AvgAHH/AvgAHA,2.5,1.51,2.48,AvgO/AvgU
2526,E0,2025-12-13,Burnley,Fulham,2,3,A,0.4862564397939267,AvgH/AvgD/AvgA,0.05462976086824467,-0.5,1.89,AvgAHH/AvgAHA,2.5,2.04,1.74,AvgO/AvgU
2526,E0,2025-12-13,Chelsea,Everton,2,0,H,0.5708509708291156,AvgH/AvgD/AvgA,0.05528354918844203,-0.75,1.82,AvgAHH/AvgAHA,2.5,1.84,1.91,AvgO/AvgU
2526,E0,2025-12-13,Liverpool,Brighton,2,0,H,0.567552519244536,AvgH/AvgD/AvgA,0.05506076513701563,-0.75,1.8,AvgAHH/AvgAHA,2.5,1.5,2.48,AvgO/AvgU
2526,E0,2025-12-14,Brentford,Leeds,1,1,H,0.48734874274108203,AvgH/AvgD/AvgA,0.057690052972247496,-0.5,1.88,AvgAHH/AvgAHA,2.5,1.86,1.89,AvgO/AvgU
2526,E0,2025-12-14,Crystal Palace,Man City,0,3,A,0.5154336409524295,AvgH/AvgD/AvgA,0.060171560439779004,-0.5,1.79,AvgAHH/AvgAHA,2.5,1.66,2.16,AvgO/AvgU
2526,E0,2025-12-14,Nott'm Forest,Tottenham,3,0,H,0.3701849943569361,AvgH/AvgD/AvgA,0.05935375210529603,0.0,1.81,AvgAHH/AvgAHA,2.5,1.95,1.8,AvgO/AvgU
2526,E0,2025-12-14,Sunderland,Newcastle,1,0,A,0.42595818815331005,AvgH/AvgD/AvgA,0.05749921700841942,-0.25,1.84,AvgAHH/AvgAHA,2.5,1.91,1.84,AvgO/AvgU
2526,E0,2025-12-14,West Ham,Aston Villa,2,3,A,0.4715280167867571,AvgH/AvgD/AvgA,0.060382378564196815,-0.5,1.96,AvgAHH/AvgAHA,2.5,1.78,1.97,AvgO/AvgU
2526,E0,2025-12-15,Man United,Bournemouth,4,4,H,0.5178007562102752,AvgH/AvgD/AvgA,0.06112349752425117,-0.5,1.79,AvgAHH/AvgAHA,2.5,1.55,2.36,AvgO/AvgU
2526,E0,2025-12-20,Bournemouth,Burnley,1,1,H,0.6434400543610922,AvgH/AvgD/AvgA,0.05724240235404343,-1.25,2.02,AvgAHH/AvgAHA,2.5,1.68,2.13,AvgO/AvgU
2526,E0,2025-12-20,Brighton,Sunderland,0,0,H,0.575543225041298,AvgH/AvgD/AvgA,0.0530236126350343,-0.75,1.8,AvgAHH/AvgAHA,2.5,1.8,1.96,AvgO/AvgU
2526,E0,2025-12-20,Everton,Arsenal,0,1,A,0.6009746074284353,AvgH/AvgD/AvgA,0.059849563169910525,-1.0,1.98,AvgAHH/AvgAHA,2.5,2.05,1.73,AvgO/AvgU
2526,E0,2025-12-20,Leeds,Crystal Palace,4,1,H,0.3646934460887949,AvgH/AvgD/AvgA,0.05462653288740249,0.0,1.83,AvgAHH/AvgAHA,2.5,2.05,1.73,AvgO/AvgU
2526,E0,2025-12-20,Man City,West Ham,3,0,H,0.7911057065925476,AvgH/AvgD/AvgA,0.05337798272580874,-2.0,1.87,AvgAHH/AvgAHA,2.5,1.34,3.13,AvgO/AvgU
2526,E0,2025-12-20,Newcastle,Chelsea,2,2,A,0.38336713995943206,AvgH/AvgD/AvgA,0.05605895079579293,-0.0,1.79,AvgAHH/AvgAHA,2.5,1.66,2.18,AvgO/AvgU
2526,E0,2025-12-20,Tottenham,Liverpool,1,2,A,0.4660560062810782,AvgH/AvgD/AvgA,0.06221033154528399,-0.5,1.97,AvgAHH/AvgAHA,2.5,1.63,2.2,AvgO/AvgU
2526,E0,2025-12-20,Wolves,Brentford,0,2,A,0.4629391515079651,AvgH/AvgD/AvgA,0.053712731921287116,-0.5,1.99,AvgAHH/AvgAHA,2.5,1.93,1.83,AvgO/AvgU
2526,E0,2025-12-21,Aston Villa,Man United,2,1,H,0.4502284075215128,AvgH/AvgD/AvgA,0.05766421717341963,-0.25,1.8,AvgAHH/AvgAHA,2.5,1.63,2.21,AvgO/AvgU
2526,E0,2025-12-22,Fulham,Nott'm Forest,1,0,H,0.3897116546200748,AvgH/AvgD/AvgA,0.06033046637702966,-0.25,2.06,AvgAHH/AvgAHA,2.5,1.99,1.76,AvgO/AvgU
2526,E0,2025-12-26,Man United,Newcastle,1,0,H,0.3824036549701753,AvgH/AvgD/AvgA,0.05871974373968181,0.0,1.83,AvgAHH/AvgAHA,2.5,1.62,2.22,AvgO/AvgU
2526,E0,2025-12-27,Arsenal,Brighton,2,1,H,0.6710529621991268,AvgH/AvgD/AvgA,0.05687613065863495,-1.25,1.86,AvgAHH/AvgAHA,2.5,1.64,2.2,AvgO/AvgU
2526,E0,2025-12-27,Brentford,Bournemouth,4,1,H,0.4192369985931644,AvgH/AvgD/AvgA,0.060126959061029384,-0.25,1.95,AvgAHH/AvgAHA,2.5,1.69,2.11,AvgO/AvgU
2526,E0,2025-12-27,Burnley,Everton,0,0,A,0.4819414268014581,AvgH/AvgD/AvgA,0.05864333974933045,-0.5,1.92,AvgAHH/AvgAHA,2.5,2.16,1.66,AvgO/AvgU
2526,E0,2025-12-27,Chelsea,Aston Villa,1,2,H,0.5140987830095937,AvgH/AvgD/AvgA,0.05714753434734998,-0.5,1.8,AvgAHH/AvgAHA,2.5,1.68,2.12,AvgO/AvgU
2526,E0,2025-12-27,Liverpool,Wolves,2,1,H,0.7652656963688756,AvgH/AvgD/AvgA,0.05381910718038729,-1.75,1.83,AvgAHH/AvgAHA,2.5,1.46,2.62,AvgO/AvgU
2526,E0,2025-12-27,Nott'm Forest,Man City,1,2,A,0.5951734970726832,AvgH/AvgD/AvgA,0.05671845386834695,-1.0,1.94,AvgAHH/AvgAHA,2.5,1.62,2.23,AvgO/AvgU
2526,E0,2025-12-27,West Ham,Fulham,0,1,A,0.36448054299747296,AvgH/AvgD/AvgA,0.05931686483210452,-0.0,1.87,AvgAHH/AvgAHA,2.5,1.78,1.98,AvgO/AvgU
2526,E0,2025-12-28,Crystal Palace,Tottenham,0,1,H,0.4199907483186848,AvgH/AvgD/AvgA,0.058224368569196105,-0.25,1.9,AvgAHH/AvgAHA,2.5,1.96,1.8,AvgO/AvgU
2526,E0,2025-12-28,Sunderland,Leeds,1,1,H,0.3677393775193286,AvgH/AvgD/AvgA,0.06223326594788858,0.0,1.79,AvgAHH/AvgAHA,2.5,2.19,1.64,AvgO/AvgU
2526,E0,2025-12-30,Arsenal,Aston Villa,4,1,H,0.6625766871165645,AvgH/AvgD/AvgA,0.0554260554260555,-1.25,1.91,AvgAHH/AvgAHA,2.5,1.67,2.17,AvgO/AvgU
2526,E0,2025-12-30,Burnley,Newcastle,1,3,A,0.5966757204057553,AvgH/AvgD/AvgA,0.05405800186133458,-1.0,1.97,AvgAHH/AvgAHA,2.5,1.77,2.0,AvgO/AvgU
2526,E0,2025-12-30,Chelsea,Bournemouth,2,2,H,0.6285208636302171,AvgH/AvgD/AvgA,0.05366694083009338,-1.0,1.78,AvgAHH/AvgAHA,2.5,1.49,2.58,AvgO/AvgU
2526,E0,2025-12-30,Man United,Wolves,1,1,H,0.6943982195352404,AvgH/AvgD/AvgA,0.051164860111261534,-1.25,1.77,AvgAHH/AvgAHA,2.5,1.58,2.32,AvgO/AvgU
2526,E0,2025-12-30,Nott'm Forest,Everton,0,2,H,0.44774600206588205,AvgH/AvgD/AvgA,0.05349486322859609,-0.25,1.79,AvgAHH/AvgAHA,2.5,2.28,1.6,AvgO/AvgU
2526,E0,2025-12-30,West Ham,Brighton,2,2,A,0.4642312643047121,AvgH/AvgD/AvgA,0.055930774428879504,-0.5,1.98,AvgAHH/AvgAHA,2.5,1.65,2.19,AvgO/AvgU
2526,E0,2026-01-01,Brentford,Tottenham,0,0,H,0.4475403749057377,AvgH/AvgD/AvgA,0.058974063265064824,-0.25,1.81,AvgAHH/AvgAHA,2.5,1.87,1.88,AvgO/AvgU
2526,E0,2026-01-01,Crystal Palace,Fulham,1,1,H,0.4370751833976091,AvgH/AvgD/AvgA,0.05434833775117154,-0.25,1.83,AvgAHH/AvgAHA,2.5,2.01,1.74,AvgO/AvgU
2526,E0,2026-01-01,Liverpool,Leeds,0,0,H,0.6213594344752583,AvgH/AvgD/AvgA,0.05187872747726874,-1.0,1.83,AvgAHH/AvgAHA,2.5,1.59,2.29,AvgO/AvgU
2526,E0,2026-01-01,Sunderland,Man City,0,0,A,0.6819613803648196,AvgH/AvgD/AvgA,0.054934313211100205,-1.25,1.82,AvgAHH/AvgAHA,2.5,1.62,2.22,AvgO/AvgU
2526,E0,2026-01-03,Aston Villa,Nott'm Forest,3,1,H,0.5381397294659044,AvgH/AvgD/AvgA,0.055825814506820004,-0.75,1.94,AvgAHH/AvgAHA,2.5,1.8,1.97,AvgO/AvgU
2526,E0,2026-01-03,Bournemouth,Arsenal,2,3,A,0.6388605727238934,AvgH/AvgD/AvgA,0.05762619345065323,-1.25,2.04,AvgAHH/AvgAHA,2.5,1.62,2.22,AvgO/AvgU
2526,E0,2026-01-03,Brighton,Burnley,2,0,H,0.6370794719580996,AvgH/AvgD/AvgA,0.0534650214588237,-1.0,1.77,AvgAHH/AvgAHA,2.5,1.7,2.1,AvgO/AvgU
2526,E0,2026-01-03,Wolves,West Ham,3,0,H,0.38235980462369146,AvgH/AvgD/AvgA,0.05457164057413744,0.0,1.77,AvgAHH/AvgAHA,2.5,1.91,1.85,AvgO/AvgU
2526,E0,2026-01-04,Everton,Brentford,2,4,H,0.39982372015169776,AvgH/AvgD/AvgA,0.059789082545063765,-0.25,1.98,AvgAHH/AvgAHA,2.5,2.19,1.64,AvgO/AvgU
2526,E0,2026-01-04,Fulham,Liverpool,2,2,A,0.4913743859248258,AvgH/AvgD/AvgA,0.05995214291250095,-0.5,1.88,AvgAHH/AvgAHA,2.5,1.77,2.0,AvgO/AvgU
2526,E0,2026-01-04,Leeds,Man United,1,1,A,0.3704513308473704,AvgH/AvgD/AvgA,0.054457002776813646,-0.0,1.84,AvgAHH/AvgAHA,2.5,1.8,1.96,AvgO/AvgU
2526,E0,2026-01-04,Man City,Chelsea,1,1,H,0.5810292284053179,AvgH/AvgD/AvgA,0.05587963999527146,-0.75,1.74,AvgAHH/AvgAHA,2.5,1.49,2.55,AvgO/AvgU
2526,E0,2026-01-04,Newcastle,Crystal Palace,2,0,H,0.5657600755574577,AvgH/AvgD/AvgA,0.058403413531019854,-0.75,1.81,AvgAHH/AvgAHA,2.5,1.75,2.02,AvgO/AvgU
2526,E0,2026-01-04,Tottenham,Sunderland,1,1,H,0.524920606190249,AvgH/AvgD/AvgA,0.05836111024036161,-0.5,1.76,AvgAHH/AvgAHA,2.5,2.0,1.77,AvgO/AvgU
2526,E0,2026-01-06,West Ham,Nott'm Forest,1,2,A,0.41107836890729527,AvgH/AvgD/AvgA,0.057663554157243,-0.25,1.88,AvgAHH/AvgAHA,2.5,1.91,1.86,AvgO/AvgU
2526,E0,2026-01-07,Bournemouth,Tottenham,3,2,H,0.4488062695021478,AvgH/AvgD/AvgA,0.05598714076526834,-0.25,1.83,AvgAHH/AvgAHA,2.5,1.69,2.11,AvgO/AvgU
2526,E0,2026-01-07,Brentford,Sunderland,3,0,H,0.5171246568405341,AvgH/AvgD/AvgA,0.056704762001325903,-0.5,1.79,AvgAHH/AvgAHA,2.5,1.98,1.79,AvgO/AvgU
2526,E0,2026-01-07,Burnley,Man United,2,2,A,0.5575293301565281,AvgH/AvgD/AvgA,0.055075064754886105,-0.75,1.87,AvgAHH/AvgAHA,2.5,1.71,2.08,AvgO/AvgU
2526,E0,2026-01-07,Crystal Palace,Aston Villa,0,0,A,0.41025641025641024,AvgH/AvgD/AvgA,0.05519480519480524,-0.25,1.88,AvgAHH/AvgAHA,2.5,1.9,1.86,AvgO/AvgU
2526,E0,2026-01-07,Everton,Wolves,1,1,H,0.538021655234911,AvgH/AvgD/AvgA,0.056057526037197825,-0.75,1.95,AvgAHH/AvgAHA,2.5,2.05,1.73,AvgO/AvgU
2526,E0,2026-01-07,Fulham,Chelsea,2,1,A,0.4568238204057662,AvgH/AvgD/AvgA,0.05750130763872008,-0.5,2.01,AvgAHH/AvgAHA,2.5,1.77,2.0,AvgO/AvgU
2526,E0,2026-01-07,Man City,Brighton,1,1,H,0.6894668985313824,AvgH/AvgD/AvgA,0.05868317805259515,-1.25,1.74,AvgAHH/AvgAHA,2.5,1.42,2.76,AvgO/AvgU
2526,E0,2026-01-07,Newcastle,Leeds,4,3,H,0.5668311270741123,AvgH/AvgD/AvgA,0.05640351527711429,-0.75,1.81,AvgAHH/AvgAHA,2.5,1.79,1.98,AvgO/AvgU
2526,E0,2026-01-08,Arsenal,Liverpool,0,0,H,0.5902991505601379,AvgH/AvgD/AvgA,0.058785192909280415,-1.0,2.02,AvgAHH/AvgAHA,2.5,1.71,2.07,AvgO/AvgU
2526,E0,2026-01-17,Chelsea,Brentford,2,0,H,0.5613303447311002,AvgH/AvgD/AvgA,0.05413146088657772,-0.75,1.85,AvgAHH/AvgAHA,2.5,1.63,2.21,AvgO/AvgU
2526,E0,2026-01-17,Leeds,Fulham,1,0,H,0.4370600167044506,AvgH/AvgD/AvgA,0.054384925352667146,-0.25,1.83,AvgAHH/AvgAHA,2.5,2.05,1.74,AvgO/AvgU
2526,E0,2026-01-17,Liverpool,Burnley,1,1,H,0.7759783549446008,AvgH/AvgD/AvgA,0.056307983237573245,-1.75,1.84,AvgAHH/AvgAHA,2.5,1.54,2.39,AvgO/AvgU
2526,E0,2026-01-17,Man United,Man City,2,0,A,0.48833588665389427,AvgH/AvgD/AvgA,0.05555199118738097,-0.5,1.88,AvgAHH/AvgAHA,2.5,1.48,2.56,AvgO/AvgU
2526,E0,2026-01-17,Nott'm Forest,Arsenal,0,0,A,0.6162753421863009,AvgH/AvgD/AvgA,0.05366969096477292,-1.0,1.89,AvgAHH/AvgAHA,2.5,1.86,1.89,AvgO/AvgU
2526,E0,2026-01-17,Sunderland,Crystal Palace,2,1,H,0.35264411585652355,AvgH/AvgD/AvgA,0.054171033005863345,0.0,1.88,AvgAHH/AvgAHA,2.5,2.2,1.64,AvgO/AvgU
2526,E0,2026-01-17,Tottenham,West Ham,1,2,H,0.5535043278594295,AvgH/AvgD/AvgA,0.05653251872304099,-0.75,1.88,AvgAHH/AvgAHA,2.5,1.71,2.08,AvgO/AvgU
2526,E0,2026-01-18,Aston Villa,Everton,0,1,H,0.5697777674932532,AvgH/AvgD/AvgA,0.057271225594722974,-0.75,1.82,AvgAHH/AvgAHA,2.5,1.88,1.87,AvgO/AvgU
2526,E0,2026-01-18,Wolves,Newcastle,0,0,A,0.5565756672949475,AvgH/AvgD/AvgA,0.056882879872508285,-0.75,1.87,AvgAHH/AvgAHA,2.5,1.66,2.16,AvgO/AvgU
2526,E0,2026-01-19,Brighton,Bournemouth,1,1,H,0.5088353900205956,AvgH/AvgD/AvgA,0.06230924802353366,-0.5,1.82,AvgAHH/AvgAHA,2.5,1.5,2.53,AvgO/AvgU
2526,E0,2026-01-24,Bournemouth,Liverpool,3,2,A,0.5012344135754242,AvgH/AvgD/AvgA,0.05559497666237512,-0.5,1.84,AvgAHH/AvgAHA,2.5,1.57,2.32,AvgO/AvgU
2526,E0,2026-01-24,Burnley,Tottenham,2,2,A,0.46127448964715473,AvgH/AvgD/AvgA,0.057515403511518404,-0.5,1.98,AvgAHH/AvgAHA,2.5,1.99,1.77,AvgO/AvgU
2526,E0,2026-01-24,Fulham,Brighton,2,1,H,0.37313997681010047,AvgH/AvgD/AvgA,0.05510213825718857,0.0,1.82,AvgAHH/AvgAHA,2.5,1.76,2.01,AvgO/AvgU
2526,E0,2026-01-24,Man City,Wolves,2,0,H,0.780048811437602,AvgH/AvgD/AvgA,0.0594802131274641,-1.75,1.77,AvgAHH/AvgAHA,2.5,1.39,2.87,AvgO/AvgU
2526,E0,2026-01-24,West Ham,Sunderland,3,1,H,0.37659207419279855,AvgH/AvgD/AvgA,0.057925542793090035,0.0,1.76,AvgAHH/AvgAHA,2.5,2.08,1.71,AvgO/AvgU
2526,E0,2026-01-25,Arsenal,Man United,2,3,H,0.6086205542906493,AvgH/AvgD/AvgA,0.06003861646526176,-1.0,1.89,AvgAHH/AvgAHA,2.5,1.69,2.1,AvgO/AvgU
2526,E0,2026-01-25,Brentford,Nott'm Forest,0,2,H,0.4957736723818678,AvgH/AvgD/AvgA,0.06160495966855506,-0.5,1.85,AvgAHH/AvgAHA,2.5,1.92,1.85,AvgO/AvgU
2526,E0,2026-01-25,Crystal Palace,Chelsea,1,3,A,0.4721710283818651,AvgH/AvgD/AvgA,0.05893832943013266,-0.5,1.93,AvgAHH/AvgAHA,2.5,1.74,2.04,AvgO/AvgU
2526,E0,2026-01-25,Newcastle,Aston Villa,0,2,H,0.4761211800502712,AvgH/AvgD/AvgA,0.0607604244725668,-0.5,1.92,AvgAHH/AvgAHA,2.5,1.64,2.19,AvgO/AvgU
2526,E0,2026-01-26,Everton,Leeds,1,1,H,0.3792739448118887,AvgH/AvgD/AvgA,0.063151877336588,-0.25,2.09,AvgAHH/AvgAHA,2.5,2.19,1.64,AvgO/AvgU
2526,E0,2026-01-31,Brighton,Everton,1,1,H,0.5083806905606959,AvgH/AvgD/AvgA,0.057542936985255144,-0.5,1.82,AvgAHH/AvgAHA,2.5,1.83,1.93,AvgO/AvgU
2526,E0,2026-01-31,Chelsea,West Ham,3,2,H,0.6348402967753592,AvgH/AvgD/AvgA,0.05718074767204229,-1.25,2.02,AvgAHH/AvgAHA,2.5,1.53,2.43,AvgO/AvgU
2526,E0,2026-01-31,Leeds,Arsenal,0,4,A,0.6151537884471119,AvgH/AvgD/AvgA,0.05559075071270181,-1.0,1.91,AvgAHH/AvgAHA,2.5,1.92,1.85,AvgO/AvgU
2526,E0,2026-01-31,Liverpool,Newcastle,4,1,H,0.5338399337522529,AvgH/AvgD/AvgA,0.05831676443041123,-0.75,1.97,AvgAHH/AvgAHA,2.5,1.61,2.24,AvgO/AvgU
2526,E0,2026-01-31,Wolves,Bournemouth,0,2,A,0.40932426807270716,AvgH/AvgD/AvgA,0.057597769462176096,-0.25,1.97,AvgAHH/AvgAHA,2.5,1.73,2.06,AvgO/AvgU
2526,E0,2026-02-01,Aston Villa,Brentford,0,1,H,0.45442571326919146,AvgH/AvgD/AvgA,0.057971009850039,-0.25,1.79,AvgAHH/AvgAHA,2.5,1.78,1.98,AvgO/AvgU
2526,E0,2026-02-01,Man United,Fulham,3,2,H,0.5989505567168636,AvgH/AvgD/AvgA,0.05670056619423702,-1.0,1.95,AvgAHH/AvgAHA,2.5,1.65,2.17,AvgO/AvgU
2526,E0,2026-02-01,Nott'm Forest,Crystal Palace,1,1,H,0.48474926762019643,AvgH/AvgD/AvgA,0.05790879342248001,-0.5,1.9,AvgAHH/AvgAHA,2.5,1.97,1.78,AvgO/AvgU
2526,E0,2026-02-01,Tottenham,Man City,2,2,A,0.5528107372106593,AvgH/AvgD/AvgA,0.05785810997115126,-0.75,1.87,AvgAHH/AvgAHA,2.5,1.61,2.26,AvgO/AvgU
2526,E0,2026-02-02,Sunderland,Burnley,3,0,H,0.5244208437882943,AvgH/AvgD/AvgA,0.059369706860527005,-0.75,2.02,AvgAHH/AvgAHA,2.5,2.21,1.63,AvgO/AvgU
2526,E0,2026-02-06,Leeds,Nott'm Forest,3,1,H,0.428504007644753,AvgH/AvgD/AvgA,0.05597305908498451,-0.25,1.87,AvgAHH/AvgAHA,2.5,2.08,1.72,AvgO/AvgU
2526,E0,2026-02-07,Arsenal,Sunderland,3,0,H,0.7811529607679875,AvgH/AvgD/AvgA,0.057982651924173956,-1.75,1.86,AvgAHH/AvgAHA,2.5,1.69,2.11,AvgO/AvgU
2526,E0,2026-02-07,Bournemouth,Aston Villa,1,1,A,0.38443148130438937,AvgH/AvgD/AvgA,0.05741617117663722,-0.0,1.8,AvgAHH/AvgAHA,2.5,1.66,2.16,AvgO/AvgU
2526,E0,2026-02-07,Burnley,West Ham,0,2,A,0.44172194603912396,AvgH/AvgD/AvgA,0.05788205412094172,-0.25,1.83,AvgAHH/AvgAHA,2.5,1.86,1.89,AvgO/AvgU
2526,E0,2026-02-07,Fulham,Everton,1,2,H,0.45062808077595806,AvgH/AvgD/AvgA,0.0567261484692676,-0.25,1.78,AvgAHH/AvgAHA,2.5,2.18,1.65,AvgO/AvgU
2526,E0,2026-02-07,Man United,Tottenham,2,0,H,0.601789595807385,AvgH/AvgD/AvgA,0.058414235800617,-1.0,1.91,AvgAHH/AvgAHA,2.5,1.46,2.65,AvgO/AvgU
2526,E0,2026-02-07,Newcastle,Brentford,2,3,H,0.46194025120888216,AvgH/AvgD/AvgA,0.055991281929235415,-0.25,1.75,AvgAHH/AvgAHA,2.5,1.67,2.14,AvgO/AvgU
2526,E0,2026-02-07,Wolves,Chelsea,1,3,A,0.5733477789815818,AvgH/AvgD/AvgA,0.05705581896058076,-0.75,1.8,AvgAHH/AvgAHA,2.5,1.68,2.12,AvgO/AvgU
2526,E0,2026-02-08,Brighton,Crystal Palace,0,1,H,0.48039316064298154,AvgH/AvgD/AvgA,0.06205525688536273,-0.5,1.92,AvgAHH/AvgAHA,2.5,1.79,1.96,AvgO/AvgU
2526,E0,2026-02-08,Liverpool,Man City,1,2,H,0.40262582056892776,AvgH/AvgD/AvgA,0.06140839836492029,-0.25,2.0,AvgAHH/AvgAHA,2.5,1.56,2.36,AvgO/AvgU
2526,E0,2026-02-10,Chelsea,Leeds,2,2,H,0.6112465242557744,AvgH/AvgD/AvgA,0.05548459536534667,-1.0,1.87,AvgAHH/AvgAHA,2.5,1.61,2.24,AvgO/AvgU
2526,E0,2026-02-10,Everton,Bournemouth,1,2,H,0.392529122089301,AvgH/AvgD/AvgA,0.05708783370651549,0.0,1.71,AvgAHH/AvgAHA,2.5,1.82,1.93,AvgO/AvgU
2526,E0,2026-02-10,Tottenham,Newcastle,1,2,A,0.43029115341545354,AvgH/AvgD/AvgA,0.056367185189566404,-0.25,1.88,AvgAHH/AvgAHA,2.5,1.7,2.11,AvgO/AvgU
2526,E0,2026-02-10,West Ham,Man United,1,1,A,0.5580981546822894,AvgH/AvgD/AvgA,0.05399971166812745,-0.75,1.82,AvgAHH/AvgAHA,2.5,1.47,2.6,AvgO/AvgU
2526,E0,2026-02-11,Aston Villa,Brighton,1,0,H,0.4926697954485079,AvgH/AvgD/AvgA,0.057165140110094326,-0.5,1.86,AvgAHH/AvgAHA,2.5,1.75,2.02,AvgO/AvgU
2526,E0,2026-02-11,Crystal Palace,Burnley,2,3,H,0.6096608203368993,AvgH/AvgD/AvgA,0.05822986946424358,-1.0,1.93,AvgAHH/AvgAHA,2.5,1.91,1.83,AvgO/AvgU
2526,E0,2026-02-11,Man City,Fulham,3,0,H,0.7055924555752525,AvgH/AvgD/AvgA,0.05764829374203417,-1.5,1.92,AvgAHH/AvgAHA,2.5,1.52,2.45,AvgO/AvgU
2526,E0,2026-02-11,Nott'm Forest,Wolves,0,0,H,0.5598086548780885,AvgH/AvgD/AvgA,0.05699683485640472,-0.75,1.87,AvgAHH/AvgAHA,2.5,1.94,1.81,AvgO/AvgU
2526,E0,2026-02-11,Sunderland,Liverpool,0,1,A,0.5497590685011006,AvgH/AvgD/AvgA,0.05754571802219477,-0.75,1.89,AvgAHH/AvgAHA,2.5,1.79,1.96,AvgO/AvgU
2526,E0,2026-02-12,Brentford,Arsenal,1,1,A,0.5593716152763735,AvgH/AvgD/AvgA,0.05782267131843444,-0.75,1.87,AvgAHH/AvgAHA,2.5,1.83,1.92,AvgO/AvgU
2526,E0,2026-02-18,Wolves,Arsenal,2,2,A,0.7404234717570225,AvgH/AvgD/AvgA,0.05513943006979005,-1.5,1.81,AvgAHH/AvgAHA,2.5,1.69,2.11,AvgO/AvgU
2526,E0,2026-02-21,Aston Villa,Leeds,1,1,H,0.5148668956633748,AvgH/AvgD/AvgA,0.055570411395990726,-0.5,1.8,AvgAHH/AvgAHA,2.5,1.81,1.95,AvgO/AvgU
2526,E0,2026-02-21,Brentford,Brighton,0,2,H,0.47039964623293357,AvgH/AvgD/AvgA,0.0576377805449837,-0.5,1.96,AvgAHH/AvgAHA,2.5,1.74,2.02,AvgO/AvgU
2526,E0,2026-02-21,Chelsea,Burnley,1,1,H,0.7859953366365492,AvgH/AvgD/AvgA,0.06022681622941195,-2.0,1.96,AvgAHH/AvgAHA,2.5,1.42,2.73,AvgO/AvgU
2526,E0,2026-02-21,Man City,Newcastle,2,1,H,0.6461588453518914,AvgH/AvgD/AvgA,0.060004845211564684,-1.25,1.95,AvgAHH/AvgAHA,2.5,1.41,2.77,AvgO/AvgU
2526,E0,2026-02-21,West Ham,Bournemouth,0,0,H,0.39222256147126583,AvgH/AvgD/AvgA,0.05791405211272593,0.0,1.77,AvgAHH/AvgAHA,2.5,1.54,2.38,AvgO/AvgU
2526,E0,2026-02-22,Crystal Palace,Wolves,1,0,H,0.5834306301497815,AvgH/AvgD/AvgA,0.0580245854743886,-0.75,1.78,AvgAHH/AvgAHA,2.5,1.89,1.86,AvgO/AvgU
2526,E0,2026-02-22,Nott'm Forest,Liverpool,0,1,A,0.5249084832086583,AvgH/AvgD/AvgA,0.05838555353412844,-0.75,1.98,AvgAHH/AvgAHA,2.5,1.68,2.13,AvgO/AvgU
2526,E0,2026-02-22,Sunderland,Fulham,1,3,H,0.35677246147622377,AvgH/AvgD/AvgA,0.0577007233255471,0.0,1.88,AvgAHH/AvgAHA,2.5,2.12,1.68,AvgO/AvgU
2526,E0,2026-02-22,Tottenham,Arsenal,1,4,A,0.602576154984808,AvgH/AvgD/AvgA,0.06380850905360225,-1.0,1.93,AvgAHH/AvgAHA,2.5,1.77,1.98,AvgO/AvgU
2526,E0,2026-02-23,Everton,Man United,0,1,A,0.48460774216557917,AvgH/AvgD/AvgA,0.0636724770890087,-0.5,1.91,AvgAHH/AvgAHA,2.5,1.68,2.12,AvgO/AvgU
2526,E0,2026-02-27,Wolves,Aston Villa,2,0,A,0.5136788813233523,AvgH/AvgD/AvgA,0.058011689072058115,-0.5,1.79,AvgAHH/AvgAHA,2.5,1.84,1.93,AvgO/AvgU
2526,E0,2026-02-28,Bournemouth,Sunderland,1,1,H,0.5337251373795299,AvgH/AvgD/AvgA,0.05854439269305045,-0.75,1.96,AvgAHH/AvgAHA,2.5,1.77,2.02,AvgO/AvgU
2526,E0,2026-02-28,Burnley,Brentford,3,4,A,0.5459118709818706,AvgH/AvgD/AvgA,0.058842485035686565,-0.75,1.91,AvgAHH/AvgAHA,2.5,1.81,1.94,AvgO/AvgU
2526,E0,2026-02-28,Leeds,Man City,0,1,A,0.5894590846047156,AvgH/AvgD/AvgA,0.06029411764705883,-1.0,1.98,AvgAHH/AvgAHA,2.5,1.61,2.24,AvgO/AvgU
2526,E0,2026-02-28,Liverpool,West Ham,5,2,H,0.6702617997785355,AvgH/AvgD/AvgA,0.058123644209419734,-1.25,1.82,AvgAHH/AvgAHA,2.5,1.42,2.73,AvgO/AvgU
2526,E0,2026-02-28,Newcastle,Everton,2,3,H,0.557722363550505,AvgH/AvgD/AvgA,0.06095077946032146,-0.75,1.86,AvgAHH/AvgAHA,2.5,1.73,2.05,AvgO/AvgU
2526,E0,2026-03-01,Arsenal,Chelsea,2,1,H,0.5864963829597213,AvgH/AvgD/AvgA,0.0656502208009746,-0.75,1.75,AvgAHH/AvgAHA,2.5,1.7,2.09,AvgO/AvgU
2526,E0,2026-03-01,Brighton,Nott'm Forest,2,1,H,0.4590290732062423,AvgH/AvgD/AvgA,0.06268841457370877,-0.5,1.98,AvgAHH/AvgAHA,2.5,1.79,1.97,AvgO/AvgU
2526,E0,2026-03-01,Fulham,Tottenham,2,1,H,0.45188833398540884,AvgH/AvgD/AvgA,0.06391157861746088,-0.25,1.8,AvgAHH/AvgAHA,2.5,1.72,2.07,AvgO/AvgU
2526,E0,2026-03-01,Man United,Crystal Palace,2,1,H,0.6143579111053518,AvgH/AvgD/AvgA,0.06386645215633902,-1.0,1.86,AvgAHH/AvgAHA,2.5,1.62,2.23,AvgO/AvgU
2526,E0,2026-03-03,Bournemouth,Brentford,0,0,H,0.38071208186100114,AvgH/AvgD/AvgA,0.05913582905107706,0.0,1.82,AvgAHH/AvgAHA,2.5,1.58,2.32,AvgO/AvgU
2526,E0,2026-03-03,Everton,Burnley,2,0,H,0.6055595930232558,AvgH/AvgD/AvgA,0.05856739520105858,-1.0,1.94,AvgAHH/AvgAHA,2.5,1.92,1.85,AvgO/AvgU
2526,E0,2026-03-03,Leeds,Sunderland,0,1,H,0.506629608940462,AvgH/AvgD/AvgA,0.06119815959144237,-0.5,1.83,AvgAHH/AvgAHA,2.5,2.08,1.72,AvgO/AvgU
2526,E0,2026-03-03,Wolves,Liverpool,2,1,A,0.6391972633979476,AvgH/AvgD/AvgA,0.05706909958251427,-1.25,2.0,AvgAHH/AvgAHA,2.5,1.57,2.34,AvgO/AvgU
2526,E0,2026-03-04,Aston Villa,Chelsea,1,4,A,0.3830795384671031,AvgH/AvgD/AvgA,0.06114794506457022,-0.0,1.82,AvgAHH/AvgAHA,2.5,1.67,2.15,AvgO/AvgU
2526,E0,2026-03-04,Brighton,Arsenal,0,1,A,0.5732593703845841,AvgH/AvgD/AvgA,0.06366529543495614,-0.75,1.81,AvgAHH/AvgAHA,2.5,1.89,1.85,AvgO/AvgU
2526,E0,2026-03-04,Fulham,West Ham,0,1,H,0.4657815310962102,AvgH/AvgD/AvgA,0.057600622933827283,-0.5,1.98,AvgAHH/AvgAHA,2.5,1.72,2.06,AvgO/AvgU
2526,E0,2026-03-04,Man City,Nott'm Forest,2,2,H,0.6868827034527794,AvgH/AvgD/AvgA,0.06266616356783805,-1.25,1.8,AvgAHH/AvgAHA,2.5,1.57,2.32,AvgO/AvgU
2526,E0,2026-03-04,Newcastle,Man United,2,1,A,0.37319865212576975,AvgH/AvgD/AvgA,0.059105960711894445,-0.0,1.85,AvgAHH/AvgAHA,2.5,1.52,2.44,AvgO/AvgU
2526,E0,2026-03-05,Tottenham,Crystal Palace,1,3,H,0.40117173196631273,AvgH/AvgD/AvgA,0.06525558332787251,-0.25,1.99,AvgAHH/AvgAHA,2.5,1.78,1.97,AvgO/AvgU
2526,E0,2026-03-14,Arsenal,Everton,2,0,H,0.6870059427631545,AvgH/AvgD/AvgA,0.06247553603901301,-1.25,1.87,AvgAHH/AvgAHA,2.5,1.9,1.84,AvgO/AvgU
2526,E0,2026-03-14,Burnley,Bournemouth,0,0,A,0.5186904553356062,AvgH/AvgD/AvgA,0.05930337410014719,-0.5,1.78,AvgAHH/AvgAHA,2.5,1.68,2.1,AvgO/AvgU
2526,E0,2026-03-14,Chelsea,Newcastle,0,1,H,0.5268158238205344,AvgH/AvgD/AvgA,0.06044502199199009,-0.75,1.97,AvgAHH/AvgAHA,2.5,1.47,2.58,AvgO/AvgU
2526,E0,2026-03-14,Sunderland,Brighton,0,1,A,0.4226531494205478,AvgH/AvgD/AvgA,0.06098935708472819,-0.25,1.9,AvgAHH/AvgAHA,2.5,2.04,1.73,AvgO/AvgU
2526,E0,2026-03-14,West Ham,Man City,1,1,A,0.5590593801980861,AvgH/AvgD/AvgA,0.058413466064560104,-0.75,1.83,AvgAHH/AvgAHA,2.5,1.52,2.45,AvgO/AvgU
2526,E0,2026-03-15,Crystal Palace,Leeds,0,0,H,0.378472094138478,AvgH/AvgD/AvgA,0.061125593993909266,0.0,1.75,AvgAHH/AvgAHA,2.5,2.03,1.73,AvgO/AvgU
2526,E0,2026-03-15,Liverpool,Tottenham,1,1,H,0.7295363021210374,AvgH/AvgD/AvgA,0.06258426920748339,-1.5,1.77,AvgAHH/AvgAHA,2.5,1.42,2.72,AvgO/AvgU
2526,E0,2026-03-15,Man United,Aston Villa,3,1,H,0.5507262695642382,AvgH/AvgD/AvgA,0.061862042826004604,-0.75,1.89,AvgAHH/AvgAHA,2.5,1.64,2.19,AvgO/AvgU
2526,E0,2026-03-15,Nott'm Forest,Fulham,0,0,H,0.43102638745422106,AvgH/AvgD/AvgA,0.05938062693367563,-0.25,1.88,AvgAHH/AvgAHA,2.5,1.86,1.88,AvgO/AvgU
2526,E0,2026-03-16,Brentford,Wolves,2,2,H,0.6089351127093117,AvgH/AvgD/AvgA,0.0663708428005052,-1.0,1.91,AvgAHH/AvgAHA,2.5,1.68,2.11,AvgO/AvgU
2526,E0,2026-03-20,Bournemouth,Man United,2,2,A,0.45591546856054044,AvgH/AvgD/AvgA,0.05960824045930435,-0.25,1.82,AvgAHH/AvgAHA,2.5,1.53,2.44,AvgO/AvgU
2526,E0,2026-03-21,Brighton,Liverpool,2,1,A,0.42364777289539407,AvgH/AvgD/AvgA,0.06326641911009023,-0.25,1.89,AvgAHH/AvgAHA,2.5,1.68,2.12,AvgO/AvgU
2526,E0,2026-03-21,Everton,Chelsea,3,0,A,0.452556196538691,AvgH/AvgD/AvgA,0.06234150464919708,-0.25,1.77,AvgAHH/AvgAHA,2.5,1.78,1.98,AvgO/AvgU
2526,E0,2026-03-21,Fulham,Burnley,3,1,H,0.6172596271664309,AvgH/AvgD/AvgA,0.05886525292800693,-1.0,1.88,AvgAHH/AvgAHA,2.5,1.76,1.98,AvgO/AvgU
2526,E0,2026-03-21,Leeds,Brentford,0,0,H,0.38352603964244075,AvgH/AvgD/AvgA,0.05991255618427349,0.0,1.75,AvgAHH/AvgAHA,2.5,1.84,1.9,AvgO/AvgU
2526,E0,2026-03-22,Aston Villa,West Ham,2,0,H,0.4819788503055363,AvgH/AvgD/AvgA,0.06398965949527757,-0.5,1.9,AvgAHH/AvgAHA,2.5,1.74,2.02,AvgO/AvgU
2526,E0,2026-03-22,Newcastle,Sunderland,1,2,H,0.5709243712161584,AvgH/AvgD/AvgA,0.061542713213664335,-0.75,1.81,AvgAHH/AvgAHA,2.5,1.83,1.91,AvgO/AvgU
2526,E0,2026-03-22,Tottenham,Nott'm Forest,0,3,H,0.41998733214090805,AvgH/AvgD/AvgA,0.06295723052616298,-0.25,1.97,AvgAHH/AvgAHA,2.5,1.86,1.88,AvgO/AvgU
2526,E0,2026-04-10,West Ham,Wolves,4,0,H,0.5302018684262103,AvgH/AvgD/AvgA,0.05959217849715248,-0.5,1.73,AvgAHH/AvgAHA,2.5,1.79,1.98,AvgO/AvgU
2526,E0,2026-04-11,Arsenal,Bournemouth,1,2,H,0.659267362130146,AvgH/AvgD/AvgA,0.06072397857100409,-1.25,1.93,AvgAHH/AvgAHA,2.5,1.62,2.24,AvgO/AvgU
2526,E0,2026-04-11,Brentford,Everton,2,2,H,0.44230255284042713,AvgH/AvgD/AvgA,0.06145344416426313,-0.25,2.09,AvgAHH/AvgAHA,2.5,1.95,1.8,AvgO/AvgU
2526,E0,2026-04-11,Burnley,Brighton,0,2,A,0.5489716758752292,AvgH/AvgD/AvgA,0.05906256076014649,-0.75,1.9,AvgAHH/AvgAHA,2.5,1.71,2.08,AvgO/AvgU
2526,E0,2026-04-11,Liverpool,Fulham,2,0,H,0.5803953360011039,AvgH/AvgD/AvgA,0.06355773785216945,-0.75,1.77,AvgAHH/AvgAHA,2.5,1.53,2.42,AvgO/AvgU
2526,E0,2026-04-12,Chelsea,Man City,0,3,A,0.44753747323340476,AvgH/AvgD/AvgA,0.06402369560264276,-0.25,1.83,AvgAHH/AvgAHA,2.5,1.54,2.4,AvgO/AvgU
2526,E0,2026-04-12,Crystal Palace,Newcastle,2,1,A,0.42419385402520293,AvgH/AvgD/AvgA,0.061897635187537325,-0.25,1.89,AvgAHH/AvgAHA,2.5,1.71,2.07,AvgO/AvgU
2526,E0,2026-04-12,Nott'm Forest,Aston Villa,1,1,H,0.361181714369912,AvgH/AvgD/AvgA,0.06080055331844525,0.0,1.88,AvgAHH/AvgAHA,2.5,1.91,1.84,AvgO/AvgU
2526,E0,2026-04-12,Sunderland,Tottenham,1,0,H,0.3596308790776889,AvgH/AvgD/AvgA,0.061308723799896825,0.0,1.88,AvgAHH/AvgAHA,2.5,1.92,1.83,AvgO/AvgU
2526,E0,2026-04-13,Man United,Leeds,1,2,H,0.5914837959598896,AvgH/AvgD/AvgA,0.06331030859332731,-1.0,1.99,AvgAHH/AvgAHA,2.5,1.68,2.11,AvgO/AvgU
2526,E0,2026-04-18,Brentford,Fulham,0,0,H,0.4510880959369366,AvgH/AvgD/AvgA,0.060699459443111614,-0.25,1.79,AvgAHH/AvgAHA,2.5,1.73,2.04,AvgO/AvgU
2526,E0,2026-04-18,Chelsea,Man United,0,1,H,0.4265914059954702,AvgH/AvgD/AvgA,0.060707462511821575,-0.25,1.89,AvgAHH/AvgAHA,2.5,1.53,2.4,AvgO/AvgU
2526,E0,2026-04-18,Leeds,Wolves,3,0,H,0.5889164373484456,AvgH/AvgD/AvgA,0.06127110802683333,-1.0,2.02,AvgAHH/AvgAHA,2.5,1.86,1.89,AvgO/AvgU
2526,E0,2026-04-18,Newcastle,Bournemouth,1,2,H,0.4813120752744381,AvgH/AvgD/AvgA,0.060027595072783324,-0.5,1.92,AvgAHH/AvgAHA,2.5,1.47,2.58,AvgO/AvgU
2526,E0,2026-04-18,Tottenham,Brighton,2,2,A,0.39069707995670455,AvgH/AvgD/AvgA,0.0620446904340346,-0.0,1.77,AvgAHH/AvgAHA,2.5,1.66,2.16,AvgO/AvgU
2526,E0,2026-04-19,Aston Villa,Sunderland,4,3,H,0.57116953762466,AvgH/AvgD/AvgA,0.06108706108706108,-0.75,1.81,AvgAHH/AvgAHA,2.5,1.89,1.86,AvgO/AvgU
2526,E0,2026-04-19,Everton,Liverpool,1,2,A,0.41786532624734574,AvgH/AvgD/AvgA,0.0636069004236206,-0.25,1.92,AvgAHH/AvgAHA,2.5,1.86,1.9,AvgO/AvgU
2526,E0,2026-04-19,Man City,Arsenal,2,1,H,0.5171190049683982,AvgH/AvgD/AvgA,0.06252244487538605,-0.5,1.76,AvgAHH/AvgAHA,2.5,1.92,1.82,AvgO/AvgU
2526,E0,2026-04-19,Nott'm Forest,Burnley,4,1,H,0.6303788140147809,AvgH/AvgD/AvgA,0.06466290534564001,-1.0,1.79,AvgAHH/AvgAHA,2.5,1.74,2.03,AvgO/AvgU
2526,E0,2026-04-20,Crystal Palace,West Ham,0,0,H,0.4061092737457439,AvgH/AvgD/AvgA,0.06597032101134026,-0.25,1.98,AvgAHH/AvgAHA,2.5,1.88,1.87,AvgO/AvgU
2526,E0,2026-04-22,Bournemouth,Leeds,2,2,H,0.46700059256940324,AvgH/AvgD/AvgA,0.06006183466870718,-0.5,1.94,AvgAHH/AvgAHA,2.5,1.71,2.06,AvgO/AvgU
2526,E0,2026-04-22,Burnley,Man City,0,1,A,0.8289709326353493,AvgH/AvgD/AvgA,0.058170977922579636,-2.5,2.03,AvgAHH/AvgAHA,2.5,1.32,3.22,AvgO/AvgU
2526,E0,2026-04-24,Sunderland,Nott'm Forest,0,5,A,0.35301601556653195,AvgH/AvgD/AvgA,0.06493709363508415,-0.0,1.87,AvgAHH/AvgAHA,2.5,2.13,1.69,AvgO/AvgU
2526,E0,2026-04-25,Arsenal,Newcastle,1,0,H,0.6475518976256222,AvgH/AvgD/AvgA,0.06501915127196911,-1.25,1.96,AvgAHH/AvgAHA,2.5,1.58,2.29,AvgO/AvgU
2526,E0,2026-04-25,Fulham,Aston Villa,1,0,A,0.38011136917376115,AvgH/AvgD/AvgA,0.06510442051541987,-0.0,1.8,AvgAHH/AvgAHA,2.5,1.72,2.07,AvgO/AvgU
2526,E0,2026-04-25,Liverpool,Crystal Palace,3,1,H,0.6532829886637491,AvgH/AvgD/AvgA,0.06300708344616246,-1.25,1.95,AvgAHH/AvgAHA,2.5,1.55,2.36,AvgO/AvgU
2526,E0,2026-04-25,West Ham,Everton,2,1,H,0.3947475669595553,AvgH/AvgD/AvgA,0.06439685103857773,-0.25,2.01,AvgAHH/AvgAHA,2.5,1.83,1.92,AvgO/AvgU
2526,E0,2026-04-25,Wolves,Tottenham,0,1,A,0.5538541621480936,AvgH/AvgD/AvgA,0.06207614624797286,-0.75,1.86,AvgAHH/AvgAHA,2.5,1.66,2.15,AvgO/AvgU
2526,E0,2026-04-27,Man United,Brentford,2,1,H,0.5099849808088113,AvgH/AvgD/AvgA,0.06567503224827376,-0.5,1.8,AvgAHH/AvgAHA,2.5,1.55,2.35,AvgO/AvgU
2526,E0,2026-05-01,Leeds,Burnley,3,1,H,0.7044135149057661,AvgH/AvgD/AvgA,0.05941842529277852,-1.25,1.81,AvgAHH/AvgAHA,2.5,1.65,2.18,AvgO/AvgU
2526,E0,2026-05-02,Arsenal,Fulham,3,0,H,0.6520041755425235,AvgH/AvgD/AvgA,0.06509202010340953,-1.25,1.99,AvgAHH/AvgAHA,2.5,1.77,1.97,AvgO/AvgU
2526,E0,2026-05-02,Brentford,West Ham,3,0,H,0.4915803085479229,AvgH/AvgD/AvgA,0.06505529273665611,-0.5,1.86,AvgAHH/AvgAHA,2.5,1.59,2.28,AvgO/AvgU
2526,E0,2026-05-02,Newcastle,Brighton,3,1,H,0.3765084473049075,AvgH/AvgD/AvgA,0.062393162393162394,0.0,1.83,AvgAHH/AvgAHA,2.5,1.68,2.13,AvgO/AvgU
2526,E0,2026-05-02,Wolves,Sunderland,1,1,A,0.43036930714268723,AvgH/AvgD/AvgA,0.0658650343254843,-0.25,1.86,AvgAHH/AvgAHA,2.5,2.03,1.74,AvgO/AvgU
2526,E0,2026-05-03,Aston Villa,Tottenham,1,2,H,0.4465952821085185,AvgH/AvgD/AvgA,0.0662684879746811,-0.25,1.82,AvgAHH/AvgAHA,2.5,1.68,2.11,AvgO/AvgU
2526,E0,2026-05-03,Bournemouth,Crystal Palace,3,0,H,0.593946316390634,AvgH/AvgD/AvgA,0.06560370009737082,-1.0,1.95,AvgAHH/AvgAHA,2.5,1.65,2.17,AvgO/AvgU
2526,E0,2026-05-03,Man United,Liverpool,3,2,H,0.4092237119835909,AvgH/AvgD/AvgA,0.06709657803244218,-0.25,1.98,AvgAHH/AvgAHA,2.5,1.47,2.58,AvgO/AvgU
2526,E0,2026-05-04,Chelsea,Nott'm Forest,1,3,H,0.5590429778915779,AvgH/AvgD/AvgA,0.06474478488760682,-0.75,1.85,AvgAHH/AvgAHA,2.5,1.67,2.14,AvgO/AvgU
2526,E0,2026-05-04,Everton,Man City,3,3,A,0.6507364441840076,AvgH/AvgD/AvgA,0.06716697773895941,-1.25,1.95,AvgAHH/AvgAHA,2.5,1.58,2.28,AvgO/AvgU
2526,E0,2026-05-09,Brighton,Wolves,3,0,H,0.7444680975228546,AvgH/AvgD/AvgA,0.057670002815636945,-1.75,1.92,AvgAHH/AvgAHA,2.5,1.5,2.5,AvgO/AvgU
2526,E0,2026-05-09,Fulham,Bournemouth,0,1,A,0.3929587282764589,AvgH/AvgD/AvgA,0.06476841391505994,-0.0,1.76,AvgAHH/AvgAHA,2.5,1.54,2.39,AvgO/AvgU
2526,E0,2026-05-09,Liverpool,Chelsea,1,1,H,0.5158761444775424,AvgH/AvgD/AvgA,0.06508229801362453,-0.5,1.78,AvgAHH/AvgAHA,2.5,1.41,2.8,AvgO/AvgU
2526,E0,2026-05-09,Man City,Brentford,3,0,H,0.6984551943236149,AvgH/AvgD/AvgA,0.0605415304528949,-1.5,1.87,AvgAHH/AvgAHA,2.5,1.37,2.97,AvgO/AvgU
2526,E0,2026-05-09,Sunderland,Man United,0,0,A,0.5060766789174741,AvgH/AvgD/AvgA,0.06235760508107213,-0.5,1.81,AvgAHH/AvgAHA,2.5,1.72,2.05,AvgO/AvgU
2526,E0,2026-05-10,Burnley,Aston Villa,2,2,A,0.5944637996733805,AvgH/AvgD/AvgA,0.06467608751417186,-1.0,1.97,AvgAHH/AvgAHA,2.5,1.7,2.09,AvgO/AvgU
2526,E0,2026-05-10,Crystal Palace,Everton,2,2,A,0.3663103599830831,AvgH/AvgD/AvgA,0.06637715629456897,-0.0,1.81,AvgAHH/AvgAHA,2.5,1.99,1.76,AvgO/AvgU
2526,E0,2026-05-10,Nott'm Forest,Newcastle,1,1,A,0.3665850073493386,AvgH/AvgD/AvgA,0.06557822106388667,-0.0,1.84,AvgAHH/AvgAHA,2.5,1.71,2.07,AvgO/AvgU
2526,E0,2026-05-10,West Ham,Arsenal,0,1,A,0.593477157708502,AvgH/AvgD/AvgA,0.06644608673537222,-1.0,1.96,AvgAHH/AvgAHA,2.5,1.65,2.17,AvgO/AvgU
2526,E0,2026-05-11,Tottenham,Leeds,1,1,H,0.5152712207341748,AvgH/AvgD/AvgA,0.0663326949789178,-0.5,1.78,AvgAHH/AvgAHA,2.5,1.7,2.09,AvgO/AvgU
2526,E0,2026-05-13,Man City,Crystal Palace,3,0,H,0.7920115365549564,AvgH/AvgD/AvgA,0.06101501767136441,-2.0,1.87,AvgAHH/AvgAHA,2.5,1.4,2.84,AvgO/AvgU
2526,E0,2026-05-15,Aston Villa,Liverpool,4,2,A,0.38657350857477885,AvgH/AvgD/AvgA,0.0645391487431708,-0.0,1.77,AvgAHH/AvgAHA,2.5,1.68,2.13,AvgO/AvgU
2526,E0,2026-05-17,Brentford,Crystal Palace,2,2,H,0.5469966228243195,AvgH/AvgD/AvgA,0.06910225262075764,-0.75,1.88,AvgAHH/AvgAHA,2.5,1.65,2.18,AvgO/AvgU
2526,E0,2026-05-17,Everton,Sunderland,1,3,H,0.5176956276975042,AvgH/AvgD/AvgA,0.06720273126998144,-0.5,1.78,AvgAHH/AvgAHA,2.5,1.88,1.86,AvgO/AvgU
2526,E0,2026-05-17,Leeds,Brighton,1,0,A,0.43630085786494854,AvgH/AvgD/AvgA,0.07102635991335116,-0.25,1.86,AvgAHH/AvgAHA,2.5,1.65,2.16,AvgO/AvgU
2526,E0,2026-05-17,Man United,Nott'm Forest,3,2,H,0.5905417015215573,AvgH/AvgD/AvgA,0.07174716158797678,-1.0,1.94,AvgAHH/AvgAHA,2.5,1.57,2.32,AvgO/AvgU
2526,E0,2026-05-17,Newcastle,West Ham,3,1,H,0.4559710494571773,AvgH/AvgD/AvgA,0.06981546005936257,-0.25,1.79,AvgAHH/AvgAHA,2.5,1.47,2.58,AvgO/AvgU
2526,E0,2026-05-17,Wolves,Fulham,1,1,A,0.4992857296684206,AvgH/AvgD/AvgA,0.0710487532738171,-0.5,1.84,AvgAHH/AvgAHA,2.5,1.68,2.11,AvgO/AvgU
2526,E0,2026-05-18,Arsenal,Burnley,1,0,H,0.8654098218757148,AvgH/AvgD/AvgA,0.06992768341714295,-2.5,1.79,AvgAHH/AvgAHA,2.5,1.33,3.19,AvgO/AvgU
2526,E0,2026-05-19,Bournemouth,Man City,1,1,A,0.5667891936045744,AvgH/AvgD/AvgA,0.06284601991634564,-0.75,1.79,AvgAHH/AvgAHA,2.5,1.42,2.8,AvgO/AvgU
2526,E0,2026-05-19,Chelsea,Tottenham,2,1,H,0.49326759507539714,AvgH/AvgD/AvgA,0.06699851100746956,-0.5,1.87,AvgAHH/AvgAHA,2.5,1.69,2.12,AvgO/AvgU
2526,E0,2026-05-24,Brighton,Man United,0,3,H,0.503299187566231,AvgH/AvgD/AvgA,0.06822029894773318,-0.5,1.82,AvgAHH/AvgAHA,2.5,1.46,2.6,AvgO/AvgU
2526,E0,2026-05-24,Burnley,Wolves,1,1,H,0.39584030834306433,AvgH/AvgD/AvgA,0.0704539295985176,-0.25,2.01,AvgAHH/AvgAHA,2.5,1.71,2.07,AvgO/AvgU
2526,E0,2026-05-24,Crystal Palace,Arsenal,1,2,A,0.5313189486805181,AvgH/AvgD/AvgA,0.06937992630009848,-0.75,1.94,AvgAHH/AvgAHA,2.5,1.63,2.21,AvgO/AvgU
2526,E0,2026-05-24,Fulham,Newcastle,2,0,A,0.41233999712354374,AvgH/AvgD/AvgA,0.06836260715509468,-0.25,1.94,AvgAHH/AvgAHA,2.5,1.6,2.25,AvgO/AvgU
2526,E0,2026-05-24,Liverpool,Brentford,1,1,H,0.5201096424687284,AvgH/AvgD/AvgA,0.06815084780697633,-0.75,1.97,AvgAHH/AvgAHA,2.5,1.48,2.56,AvgO/AvgU
2526,E0,2026-05-24,Man City,Aston Villa,1,2,H,0.730772902795587,AvgH/AvgD/AvgA,0.06907357540394798,-1.75,1.9,AvgAHH/AvgAHA,2.5,1.29,3.38,AvgO/AvgU
2526,E0,2026-05-24,Nott'm Forest,Bournemouth,1,1,A,0.4558490797970214,AvgH/AvgD/AvgA,0.07010170617430722,-0.25,1.79,AvgAHH/AvgAHA,2.5,1.56,2.34,AvgO/AvgU
2526,E0,2026-05-24,Sunderland,Chelsea,2,1,A,0.46996797036221033,AvgH/AvgD/AvgA,0.06924853288784227,-0.5,1.94,AvgAHH/AvgAHA,2.5,1.73,2.04,AvgO/AvgU
2526,E0,2026-05-24,Tottenham,Everton,1,0,H,0.4948875255623722,AvgH/AvgD/AvgA,0.06913288731470568,-0.5,1.85,AvgAHH/AvgAHA,2.5,1.73,2.03,AvgO/AvgU
2526,E0,2026-05-24,West Ham,Leeds,3,0,H,0.5122950819672131,AvgH/AvgD/AvgA,0.07252747252747249,-0.5,1.79,AvgAHH/AvgAHA,2.5,1.64,2.19,AvgO/AvgU
